molecule_chembl_id,canonical_smiles,target_chembl_id,assay_chembl_id,assay_type,assay_description,document_chembl_id,standard_type,standard_relation,standard_value,standard_units,pchembl_value
CHEMBLSYN00001,COCc1ccc2ccccc2c1,CHEMBL_SYNTH,A1,B,synthetic binding assay,DOC1,IC50,=,5294.070476469122,nM,5.28
CHEMBLSYN00002,CCc1ccccc1CNCCc1cccnc1,CHEMBL_SYNTH,A2,B,synthetic binding assay,DOC2,IC50,=,38581.13041768046,nM,4.41
CHEMBLSYN00002,CCc1ccccc1CNCCc1cccnc1,CHEMBL_SYNTH,A2,B,synthetic binding assay,DOC2,IC50,=,24370.92058683065,nM,4.61
CHEMBLSYN00002,CCc1ccccc1CNCCc1cccnc1,CHEMBL_SYNTH,A2,B,synthetic binding assay,DOC2,IC50,=,17258.12009458591,nM,4.76
CHEMBLSYN00003,CCCC1CCCCC1,CHEMBL_SYNTH,A3,B,synthetic binding assay,DOC3,IC50,=,51948.04540450209,nM,4.28
CHEMBLSYN00003,CCCC1CCCCC1,CHEMBL_SYNTH,A3,B,synthetic binding assay,DOC3,IC50,=,25071.122034682303,nM,4.6
CHEMBLSYN00004,BrCC1CCCNC1,CHEMBL_SYNTH,A4,B,synthetic binding assay,DOC4,IC50,=,25139.4721336954,nM,4.6
CHEMBLSYN00005,NCCCCc1cccs1,CHEMBL_SYNTH,A5,B,synthetic binding assay,DOC5,IC50,=,126441.5242290187,nM,3.9
CHEMBLSYN00006,CCCOCCCNC1CCCCC1,CHEMBL_SYNTH,A6,B,synthetic binding assay,DOC6,IC50,=,9838.679144277574,nM,5.01
CHEMBLSYN00007,CC(C)CCN(C)COCc1ccccc1,CHEMBL_SYNTH,A7,B,synthetic binding assay,DOC7,IC50,=,14447.762492269505,nM,4.84
CHEMBLSYN00008,CN(C)Cc1cccs1,CHEMBL_SYNTH,A8,B,synthetic binding assay,DOC8,IC50,=,44686.01115395493,nM,4.35
CHEMBLSYN00008,CN(C)Cc1cccs1,CHEMBL_SYNTH,A8,B,synthetic binding assay,DOC8,IC50,=,29418.417323114365,nM,4.53
CHEMBLSYN00008,CN(C)Cc1cccs1,CHEMBL_SYNTH,A8,B,synthetic binding assay,DOC8,IC50,=,15771.763288761897,nM,4.8
CHEMBLSYN00009,CCCc1ccc2ccccc2c1,CHEMBL_SYNTH,A9,B,synthetic binding assay,DOC9,IC50,=,31955.275495496262,nM,4.5
CHEMBLSYN00009,CCCc1ccc2ccccc2c1,CHEMBL_SYNTH,A9,B,synthetic binding assay,DOC9,IC50,=,31412.292404197713,nM,4.5
CHEMBLSYN00009,CCCc1ccc2ccccc2c1,CHEMBL_SYNTH,A9,B,synthetic binding assay,DOC9,IC50,=,95784.79299387353,nM,4.02
CHEMBLSYN00010,OCCOCCNc1ccccc1,CHEMBL_SYNTH,A10,B,synthetic binding assay,DOC10,IC50,=,15071.895532495091,nM,4.82
CHEMBLSYN00011,O=C(CF)c1ccccc1,CHEMBL_SYNTH,A11,B,synthetic binding assay,DOC11,IC50,=,22410.29832503986,nM,4.65
CHEMBLSYN00012,CN(CCS(=O)(=O)NCS(N)(=O)=O)Cc1cccnc1,CHEMBL_SYNTH,A12,B,synthetic binding assay,DOC12,IC50,=,49.00225099650652,nM,7.31
CHEMBLSYN00012,CN(CCS(=O)(=O)NCS(N)(=O)=O)Cc1cccnc1,CHEMBL_SYNTH,A12,B,synthetic binding assay,DOC12,IC50,=,257.40075281798977,nM,6.59
CHEMBLSYN00013,CC(C)CNCCCCCC(=O)c1ccccc1,CHEMBL_SYNTH,A13,B,synthetic binding assay,DOC13,IC50,=,5491.868421557922,nM,5.26
CHEMBLSYN00014,NS(=O)(=O)COCNc1ccccc1,CHEMBL_SYNTH,A14,B,synthetic binding assay,DOC14,IC50,=,54.735083609327305,nM,7.26
CHEMBLSYN00014,NS(=O)(=O)COCNc1ccccc1,CHEMBL_SYNTH,A14,B,synthetic binding assay,DOC14,IC50,=,90.12722041081226,nM,7.05
CHEMBLSYN00015,NS(=O)(=O)CNS(=O)(=O)CCCCc1ccccc1,CHEMBL_SYNTH,A15,B,synthetic binding assay,DOC15,IC50,=,9.735788073448644,nM,8.01
CHEMBLSYN00016,O=C(O)C1CCCO1,CHEMBL_SYNTH,A16,B,synthetic binding assay,DOC16,IC50,=,26191.140598995004,nM,4.58
CHEMBLSYN00016,O=C(O)C1CCCO1,CHEMBL_SYNTH,A16,B,synthetic binding assay,DOC16,IC50,=,95558.97432998178,nM,4.02
CHEMBLSYN00017,CN(C)CCCCCCOc1ccccc1,CHEMBL_SYNTH,A17,B,synthetic binding assay,DOC17,IC50,=,36483.05031717628,nM,4.44
CHEMBLSYN00017,CN(C)CCCCCCOc1ccccc1,CHEMBL_SYNTH,A17,B,synthetic binding assay,DOC17,IC50,=,206693.12945853238,nM,3.68
CHEMBLSYN00017,CN(C)CCCCCCOc1ccccc1,CHEMBL_SYNTH,A17,B,synthetic binding assay,DOC17,IC50,=,9555.235170903337,nM,5.02
CHEMBLSYN00018,COCCN(C)CNC1CCCCC1,CHEMBL_SYNTH,A18,B,synthetic binding assay,DOC18,IC50,=,36862.91946172841,nM,4.43
CHEMBLSYN00019,FCc1ccccc1Cc1ccccc1,CHEMBL_SYNTH,A19,B,synthetic binding assay,DOC19,IC50,=,49776.16232930144,nM,4.3
CHEMBLSYN00019,FCc1ccccc1Cc1ccccc1,CHEMBL_SYNTH,A19,B,synthetic binding assay,DOC19,IC50,=,9354.314073578298,nM,5.03
CHEMBLSYN00019,FCc1ccccc1Cc1ccccc1,CHEMBL_SYNTH,A19,B,synthetic binding assay,DOC19,IC50,=,114929.16085774655,nM,3.94
CHEMBLSYN00020,ClCCCc1cccnc1,CHEMBL_SYNTH,A20,B,synthetic binding assay,DOC0,IC50,=,15340.10235743356,nM,4.81
CHEMBLSYN00021,FCCCCc1cccc2[nH]ccc12,CHEMBL_SYNTH,A21,B,synthetic binding assay,DOC1,IC50,=,168176.73672683458,nM,3.77
CHEMBLSYN00021,FCCCCc1cccc2[nH]ccc12,CHEMBL_SYNTH,A21,B,synthetic binding assay,DOC1,IC50,=,46223.596759724955,nM,4.34
CHEMBLSYN00022,CC(C)COCOC(=O)C1CCCNC1,CHEMBL_SYNTH,A22,B,synthetic binding assay,DOC2,IC50,=,76153.16157883634,nM,4.12
CHEMBLSYN00022,CC(C)COCOC(=O)C1CCCNC1,CHEMBL_SYNTH,A22,B,synthetic binding assay,DOC2,IC50,=,6534.4606815072,nM,5.18
CHEMBLSYN00022,CC(C)COCOC(=O)C1CCCNC1,CHEMBL_SYNTH,A22,B,synthetic binding assay,DOC2,IC50,=,4937.824484521187,nM,5.31
CHEMBLSYN00023,COCc1ccccc1CCC(C)CC(=O)c1ccccc1,CHEMBL_SYNTH,A23,B,synthetic binding assay,DOC3,IC50,=,34022.44344009837,nM,4.47
CHEMBLSYN00024,FCc1cccc2ccccc12,CHEMBL_SYNTH,A24,B,synthetic binding assay,DOC4,IC50,=,11579.950505206885,nM,4.94
CHEMBLSYN00025,CC(C)Cc1ccccc1,CHEMBL_SYNTH,A25,B,synthetic binding assay,DOC5,IC50,=,29647.942555122103,nM,4.53
CHEMBLSYN00025,CC(C)Cc1ccccc1,CHEMBL_SYNTH,A25,B,synthetic binding assay,DOC5,IC50,=,14885.905069156961,nM,4.83
CHEMBLSYN00025,CC(C)Cc1ccccc1,CHEMBL_SYNTH,A25,B,synthetic binding assay,DOC5,IC50,=,50249.862597848034,nM,4.3
CHEMBLSYN00026,CCOCNS(=O)(=O)Cc1ccc2ccccc2c1,CHEMBL_SYNTH,A26,B,synthetic binding assay,DOC6,IC50,=,304.3236339762542,nM,6.52
CHEMBLSYN00026,CCOCNS(=O)(=O)Cc1ccc2ccccc2c1,CHEMBL_SYNTH,A26,B,synthetic binding assay,DOC6,IC50,=,332.0775095852423,nM,6.48
CHEMBLSYN00027,COCCOCCOCc1cccc2[nH]ccc12,CHEMBL_SYNTH,A27,B,synthetic binding assay,DOC7,IC50,=,17650.266180765964,nM,4.75
CHEMBLSYN00027,COCCOCCOCc1cccc2[nH]ccc12,CHEMBL_SYNTH,A27,B,synthetic binding assay,DOC7,IC50,=,3169.2899894751213,nM,5.5
CHEMBLSYN00028,CCCOCc1cccnc1,CHEMBL_SYNTH,A28,B,synthetic binding assay,DOC8,IC50,=,19599.064754228297,nM,4.71
CHEMBLSYN00029,OCCc1cccnc1,CHEMBL_SYNTH,A29,B,synthetic binding assay,DOC9,IC50,=,40723.19536222522,nM,4.39
CHEMBLSYN00030,NCCCCc1cccnc1,CHEMBL_SYNTH,A30,B,synthetic binding assay,DOC10,IC50,=,4317.103443668309,nM,5.36
CHEMBLSYN00031,ClCCCCCc1ccc2ccccc2c1,CHEMBL_SYNTH,A31,B,synthetic binding assay,DOC11,IC50,=,20187.347612527985,nM,4.69
CHEMBLSYN00031,ClCCCCCc1ccc2ccccc2c1,CHEMBL_SYNTH,A31,B,synthetic binding assay,DOC11,IC50,=,22878.43988364567,nM,4.64
CHEMBLSYN00031,ClCCCCCc1ccc2ccccc2c1,CHEMBL_SYNTH,A31,B,synthetic binding assay,DOC11,IC50,=,19905.3081766642,nM,4.7
CHEMBLSYN00032,O=C(O)C1CCCNC1,CHEMBL_SYNTH,A32,B,synthetic binding assay,DOC12,IC50,=,28375.980631350445,nM,4.55
CHEMBLSYN00033,NS(=O)(=O)COCCc1cccnc1,CHEMBL_SYNTH,A33,B,synthetic binding assay,DOC13,IC50,=,83.9055205755778,nM,7.08
CHEMBLSYN00033,NS(=O)(=O)COCCc1cccnc1,CHEMBL_SYNTH,A33,B,synthetic binding assay,DOC13,IC50,=,236.58400879346573,nM,6.63
CHEMBLSYN00034,O=C(CO)c1ccccc1,CHEMBL_SYNTH,A34,B,synthetic binding assay,DOC14,IC50,=,15825.241662765942,nM,4.8
CHEMBLSYN00035,NS(=O)(=O)COC(=O)Oc1ccccc1,CHEMBL_SYNTH,A35,B,synthetic binding assay,DOC15,IC50,=,68.850988552677,nM,7.16
CHEMBLSYN00036,ClCc1cccs1,CHEMBL_SYNTH,A36,B,synthetic binding assay,DOC16,IC50,=,8370.7742767983,nM,5.08
CHEMBLSYN00036,ClCc1cccs1,CHEMBL_SYNTH,A36,B,synthetic binding assay,DOC16,IC50,=,35279.90340492591,nM,4.45
CHEMBLSYN00036,ClCc1cccs1,CHEMBL_SYNTH,A36,B,synthetic binding assay,DOC16,IC50,=,145394.49100117848,nM,3.84
CHEMBLSYN00037,Cc1ccc2ccccc2c1,CHEMBL_SYNTH,A37,B,synthetic binding assay,DOC17,IC50,=,27532.411554095776,nM,4.56
CHEMBLSYN00037,Cc1ccc2ccccc2c1,CHEMBL_SYNTH,A37,B,synthetic binding assay,DOC17,IC50,=,5250.311627185804,nM,5.28
CHEMBLSYN00037,Cc1ccc2ccccc2c1,CHEMBL_SYNTH,A37,B,synthetic binding assay,DOC17,IC50,=,35757.673056466236,nM,4.45
CHEMBLSYN00038,O=C(CCCC(=O)c1ccccc1)OCc1ccccc1,CHEMBL_SYNTH,A38,B,synthetic binding assay,DOC18,IC50,=,57008.91091314721,nM,4.24
CHEMBLSYN00039,NS(=O)(=O)Cc1ccc2ccccc2c1,CHEMBL_SYNTH,A39,B,synthetic binding assay,DOC19,IC50,=,189.4247701320998,nM,6.72
CHEMBLSYN00040,Cc1ccccc1Cc1cccs1,CHEMBL_SYNTH,A40,B,synthetic binding assay,DOC0,IC50,=,66070.36779817771,nM,4.18
CHEMBLSYN00041,O=C(O)NS(=O)(=O)CNc1ccccc1,CHEMBL_SYNTH,A41,B,synthetic binding assay,DOC1,IC50,=,83.19122027647158,nM,7.08
CHEMBLSYN00042,c1ccc(COCCc2ccccc2COc2ccccc2)cc1,CHEMBL_SYNTH,A42,B,synthetic binding assay,DOC2,IC50,=,74471.96914895148,nM,4.13
CHEMBLSYN00043,NCCc1cccnc1,CHEMBL_SYNTH,A43,B,synthetic binding assay,DOC3,IC50,=,6323.308255099581,nM,5.2
CHEMBLSYN00044,NS(=O)(=O)Cc1ccco1,CHEMBL_SYNTH,A44,B,synthetic binding assay,DOC4,IC50,=,81.85667400259983,nM,7.09
CHEMBLSYN00045,O=S(=O)(CCc1ccco1)NCc1ccccc1,CHEMBL_SYNTH,A45,B,synthetic binding assay,DOC5,IC50,=,57.08745094161684,nM,7.24
CHEMBLSYN00046,ClCCOCNCCC1CCCO1,CHEMBL_SYNTH,A46,B,synthetic binding assay,DOC6,IC50,=,6678.8884763889255,nM,5.18
CHEMBLSYN00046,ClCCOCNCCC1CCCO1,CHEMBL_SYNTH,A46,B,synthetic binding assay,DOC6,IC50,=,6290.317863279443,nM,5.2
CHEMBLSYN00047,CC(C)Cc1cccc2[nH]ccc12,CHEMBL_SYNTH,A47,B,synthetic binding assay,DOC7,IC50,=,30555.76679657402,nM,4.51
CHEMBLSYN00048,COCOCCCOCc1cccnc1,CHEMBL_SYNTH,A48,B,synthetic binding assay,DOC8,IC50,=,18501.643727172654,nM,4.73
CHEMBLSYN00049,FCOc1ccccc1,CHEMBL_SYNTH,A49,B,synthetic binding assay,DOC9,IC50,=,12764.075554411476,nM,4.89
CHEMBLSYN00050,OCCc1ccccc1,CHEMBL_SYNTH,A0,B,synthetic binding assay,DOC10,IC50,=,30001.445787969467,nM,4.52
CHEMBLSYN00051,CCOCc1cccs1,CHEMBL_SYNTH,A1,B,synthetic binding assay,DOC11,IC50,=,129182.9331604012,nM,3.89
CHEMBLSYN00052,CC(CCCl)COCc1cccs1,CHEMBL_SYNTH,A2,B,synthetic binding assay,DOC12,IC50,=,13744.14469060868,nM,4.86
CHEMBLSYN00053,NS(=O)(=O)Cc1cccs1,CHEMBL_SYNTH,A3,B,synthetic binding assay,DOC13,IC50,=,27.68592754965041,nM,7.56
CHEMBLSYN00054,CC(C)COCCc1ccccc1Cc1cccc2[nH]ccc12,CHEMBL_SYNTH,A4,B,synthetic binding assay,DOC14,IC50,=,17131.640576560032,nM,4.77
CHEMBLSYN00054,CC(C)COCCc1ccccc1Cc1cccc2[nH]ccc12,CHEMBL_SYNTH,A4,B,synthetic binding assay,DOC14,IC50,=,58805.48858887217,nM,4.23
CHEMBLSYN00054,CC(C)COCCc1ccccc1Cc1cccc2[nH]ccc12,CHEMBL_SYNTH,A4,B,synthetic binding assay,DOC14,IC50,=,30089.219668266385,nM,4.52
CHEMBLSYN00055,OCCCOCc1cccc2ccccc12,CHEMBL_SYNTH,A5,B,synthetic binding assay,DOC15,IC50,=,43282.06047894409,nM,4.36
CHEMBLSYN00056,NS(=O)(=O)Cc1cccc2ccccc12,CHEMBL_SYNTH,A6,B,synthetic binding assay,DOC16,IC50,=,83.15425844171172,nM,7.08
CHEMBLSYN00056,NS(=O)(=O)Cc1cccc2ccccc12,CHEMBL_SYNTH,A6,B,synthetic binding assay,DOC16,IC50,=,19.109350353182045,nM,7.72
CHEMBLSYN00056,NS(=O)(=O)Cc1cccc2ccccc12,CHEMBL_SYNTH,A6,B,synthetic binding assay,DOC16,IC50,=,15.422974716918727,nM,7.81
CHEMBLSYN00057,CCOc1ccccc1,CHEMBL_SYNTH,A7,B,synthetic binding assay,DOC17,IC50,=,13559.158037328309,nM,4.87
CHEMBLSYN00058,CCNCCNS(=O)(=O)CNC1CCCCC1,CHEMBL_SYNTH,A8,B,synthetic binding assay,DOC18,IC50,=,38.0629068468031,nM,7.42
CHEMBLSYN00059,NCCCCC1CCCCC1,CHEMBL_SYNTH,A9,B,synthetic binding assay,DOC19,IC50,=,13469.40477161287,nM,4.87
CHEMBLSYN00059,NCCCCC1CCCCC1,CHEMBL_SYNTH,A9,B,synthetic binding assay,DOC19,IC50,=,25403.694107328854,nM,4.6
CHEMBLSYN00059,NCCCCC1CCCCC1,CHEMBL_SYNTH,A9,B,synthetic binding assay,DOC19,IC50,=,26931.800243683934,nM,4.57
CHEMBLSYN00060,OCCCCCCc1ccco1,CHEMBL_SYNTH,A10,B,synthetic binding assay,DOC0,IC50,=,46715.18520266088,nM,4.33
CHEMBLSYN00061,COCC1CCCNC1,CHEMBL_SYNTH,A11,B,synthetic binding assay,DOC1,IC50,=,26445.207560777613,nM,4.58
CHEMBLSYN00061,COCC1CCCNC1,CHEMBL_SYNTH,A11,B,synthetic binding assay,DOC1,IC50,=,3133.4387173738546,nM,5.5
CHEMBLSYN00062,BrCc1ccc2ccccc2c1,CHEMBL_SYNTH,A12,B,synthetic binding assay,DOC2,IC50,=,11281.952536361638,nM,4.95
CHEMBLSYN00062,BrCc1ccc2ccccc2c1,CHEMBL_SYNTH,A12,B,synthetic binding assay,DOC2,IC50,=,34422.84880964637,nM,4.46
CHEMBLSYN00063,CN(C)Cc1cccnc1,CHEMBL_SYNTH,A13,B,synthetic binding assay,DOC3,IC50,=,38794.54484116453,nM,4.41
CHEMBLSYN00064,c1ccc(Cc2cccc3[nH]ccc23)cc1,CHEMBL_SYNTH,A14,B,synthetic binding assay,DOC4,IC50,=,55692.40806857349,nM,4.25
CHEMBLSYN00065,O=C(CCO)c1ccccc1,CHEMBL_SYNTH,A15,B,synthetic binding assay,DOC5,IC50,=,17793.109855052087,nM,4.75
CHEMBLSYN00066,COCOc1ccccc1,CHEMBL_SYNTH,A16,B,synthetic binding assay,DOC6,IC50,=,17513.85390333313,nM,4.76
CHEMBLSYN00066,COCOc1ccccc1,CHEMBL_SYNTH,A16,B,synthetic binding assay,DOC6,IC50,=,94896.16521504633,nM,4.02
CHEMBLSYN00067,CC(C)CNS(=O)(=O)Cc1cccs1,CHEMBL_SYNTH,A17,B,synthetic binding assay,DOC7,IC50,=,40.31493102534606,nM,7.39
CHEMBLSYN00068,c1ccc(CCCCc2ccc3ccccc3c2)cc1,CHEMBL_SYNTH,A18,B,synthetic binding assay,DOC8,IC50,=,42441.32248638392,nM,4.37
CHEMBLSYN00069,COCCOCCc1ccc2ccccc2c1,CHEMBL_SYNTH,A19,B,synthetic binding assay,DOC9,IC50,=,6750.120680573718,nM,5.17
CHEMBLSYN00069,COCCOCCc1ccc2ccccc2c1,CHEMBL_SYNTH,A19,B,synthetic binding assay,DOC9,IC50,=,21740.143505721855,nM,4.66
CHEMBLSYN00070,CN(CCCCCCN)Cc1ccc2ccccc2c1,CHEMBL_SYNTH,A20,B,synthetic binding assay,DOC10,IC50,=,5163.069607208726,nM,5.29
CHEMBLSYN00071,CCCc1cccc2[nH]ccc12,CHEMBL_SYNTH,A21,B,synthetic binding assay,DOC11,IC50,=,38304.581092033644,nM,4.42
CHEMBLSYN00072,CC(C)CC(=O)c1ccccc1,CHEMBL_SYNTH,A22,B,synthetic binding assay,DOC12,IC50,=,32748.660923755808,nM,4.48
CHEMBLSYN00073,NS(=O)(=O)CC1CCCNC1,CHEMBL_SYNTH,A23,B,synthetic binding assay,DOC13,IC50,=,47.87145847311077,nM,7.32
CHEMBLSYN00074,FCCCc1cccnc1,CHEMBL_SYNTH,A24,B,synthetic binding assay,DOC14,IC50,=,9497.74882883709,nM,5.02
CHEMBLSYN00074,FCCCc1cccnc1,CHEMBL_SYNTH,A24,B,synthetic binding assay,DOC14,IC50,=,14915.815561744863,nM,4.83
CHEMBLSYN00075,O=C(O)c1cccc2[nH]ccc12,CHEMBL_SYNTH,A25,B,synthetic binding assay,DOC15,IC50,=,78236.52953337363,nM,4.11
CHEMBLSYN00076,O=C(O)NC1CCCCC1,CHEMBL_SYNTH,A26,B,synthetic binding assay,DOC16,IC50,=,21224.610023492365,nM,4.67
CHEMBLSYN00077,CC(CC(=O)O)Cc1ccccc1,CHEMBL_SYNTH,A27,B,synthetic binding assay,DOC17,IC50,=,24609.461156272962,nM,4.61
CHEMBLSYN00077,CC(CC(=O)O)Cc1ccccc1,CHEMBL_SYNTH,A27,B,synthetic binding assay,DOC17,IC50,=,37293.009982276686,nM,4.43
CHEMBLSYN00077,CC(CC(=O)O)Cc1ccccc1,CHEMBL_SYNTH,A27,B,synthetic binding assay,DOC17,IC50,=,45629.12252958106,nM,4.34
CHEMBLSYN00078,BrCc1cccc2ccccc12,CHEMBL_SYNTH,A28,B,synthetic binding assay,DOC18,IC50,=,5023.068541069752,nM,5.3
CHEMBLSYN00079,FCCCc1cccc2ccccc12,CHEMBL_SYNTH,A29,B,synthetic binding assay,DOC19,IC50,=,35987.74152189049,nM,4.44
CHEMBLSYN00080,CN(CCCl)Cc1cccc2[nH]ccc12,CHEMBL_SYNTH,A30,B,synthetic binding assay,DOC0,IC50,=,54748.10037908962,nM,4.26
CHEMBLSYN00081,O=C(O)Nc1ccccc1,CHEMBL_SYNTH,A31,B,synthetic binding assay,DOC1,IC50,=,13968.663866468978,nM,4.85
CHEMBLSYN00082,ClCc1ccccc1,CHEMBL_SYNTH,A32,B,synthetic binding assay,DOC2,IC50,=,22271.568772397353,nM,4.65
CHEMBLSYN00082,ClCc1ccccc1,CHEMBL_SYNTH,A32,B,synthetic binding assay,DOC2,IC50,=,26935.53130938657,nM,4.57
CHEMBLSYN00082,ClCc1ccccc1,CHEMBL_SYNTH,A32,B,synthetic binding assay,DOC2,IC50,=,12231.4874931572,nM,4.91
CHEMBLSYN00083,OCCc1ccco1,CHEMBL_SYNTH,A33,B,synthetic binding assay,DOC3,IC50,=,16015.844135317417,nM,4.8
CHEMBLSYN00084,COCNS(=O)(=O)CCC(C)CNC1CCCCC1,CHEMBL_SYNTH,A34,B,synthetic binding assay,DOC4,IC50,=,45.1984976557289,nM,7.34
CHEMBLSYN00084,COCNS(=O)(=O)CCC(C)CNC1CCCCC1,CHEMBL_SYNTH,A34,B,synthetic binding assay,DOC4,IC50,=,25.960903702707665,nM,7.59
CHEMBLSYN00084,COCNS(=O)(=O)CCC(C)CNC1CCCCC1,CHEMBL_SYNTH,A34,B,synthetic binding assay,DOC4,IC50,=,48.589835689821584,nM,7.31
CHEMBLSYN00085,c1ccc(CCOCOCC2CCCCC2)cc1,CHEMBL_SYNTH,A35,B,synthetic binding assay,DOC5,IC50,=,44337.25275255615,nM,4.35
CHEMBLSYN00086,CC1CCCO1,CHEMBL_SYNTH,A36,B,synthetic binding assay,DOC6,IC50,=,35068.152893716564,nM,4.46
CHEMBLSYN00087,CC(CCF)COC(=O)NC1CCCCC1,CHEMBL_SYNTH,A37,B,synthetic binding assay,DOC7,IC50,=,40587.18528640684,nM,4.39
CHEMBLSYN00088,CN(CCBr)CCOCc1cccnc1,CHEMBL_SYNTH,A38,B,synthetic binding assay,DOC8,IC50,=,20706.713624320008,nM,4.68
CHEMBLSYN00089,O=C(O)CC(=O)c1ccccc1,CHEMBL_SYNTH,A39,B,synthetic binding assay,DOC9,IC50,=,67794.42126822677,nM,4.17
CHEMBLSYN00090,OCCCCc1cccnc1,CHEMBL_SYNTH,A40,B,synthetic binding assay,DOC10,IC50,=,135822.08302046102,nM,3.87
CHEMBLSYN00090,OCCCCc1cccnc1,CHEMBL_SYNTH,A40,B,synthetic binding assay,DOC10,IC50,=,23159.972008497174,nM,4.64
CHEMBLSYN00091,CN(CCBr)Cc1ccccc1,CHEMBL_SYNTH,A41,B,synthetic binding assay,DOC11,IC50,=,86021.73940730526,nM,4.07
CHEMBLSYN00092,CN(C)COCOc1ccccc1,CHEMBL_SYNTH,A42,B,synthetic binding assay,DOC12,IC50,=,151632.13132673866,nM,3.82
CHEMBLSYN00092,CN(C)COCOc1ccccc1,CHEMBL_SYNTH,A42,B,synthetic binding assay,DOC12,IC50,=,17810.154482139005,nM,4.75
CHEMBLSYN00092,CN(C)COCOc1ccccc1,CHEMBL_SYNTH,A42,B,synthetic binding assay,DOC12,IC50,=,48352.76106595078,nM,4.32
CHEMBLSYN00093,CCNC1CCCCC1,CHEMBL_SYNTH,A43,B,synthetic binding assay,DOC13,IC50,=,15905.591746819995,nM,4.8
CHEMBLSYN00093,CCNC1CCCCC1,CHEMBL_SYNTH,A43,B,synthetic binding assay,DOC13,IC50,=,40958.26021003951,nM,4.39
CHEMBLSYN00093,CCNC1CCCCC1,CHEMBL_SYNTH,A43,B,synthetic binding assay,DOC13,IC50,=,70596.79015115519,nM,4.15
CHEMBLSYN00094,COCNC1CCCCC1,CHEMBL_SYNTH,A44,B,synthetic binding assay,DOC14,IC50,=,78959.97561551264,nM,4.1
CHEMBLSYN00094,COCNC1CCCCC1,CHEMBL_SYNTH,A44,B,synthetic binding assay,DOC14,IC50,=,40361.83373755533,nM,4.39
CHEMBLSYN00094,COCNC1CCCCC1,CHEMBL_SYNTH,A44,B,synthetic binding assay,DOC14,IC50,=,32311.202603560057,nM,4.49
CHEMBLSYN00095,c1ccc(Cc2ccccc2)cc1,CHEMBL_SYNTH,A45,B,synthetic binding assay,DOC15,IC50,=,53627.06559949273,nM,4.27
CHEMBLSYN00096,CCCC1CCCNC1,CHEMBL_SYNTH,A46,B,synthetic binding assay,DOC16,IC50,=,32541.91940336995,nM,4.49
CHEMBLSYN00096,CCCC1CCCNC1,CHEMBL_SYNTH,A46,B,synthetic binding assay,DOC16,IC50,=,103381.04516187383,nM,3.99
CHEMBLSYN00096,CCCC1CCCNC1,CHEMBL_SYNTH,A46,B,synthetic binding assay,DOC16,IC50,=,24785.884523850276,nM,4.61
CHEMBLSYN00097,NS(=O)(=O)CNC1CCCCC1,CHEMBL_SYNTH,A47,B,synthetic binding assay,DOC17,IC50,=,329.19974999284176,nM,6.48
CHEMBLSYN00098,CCCCCCc1ccccc1,CHEMBL_SYNTH,A48,B,synthetic binding assay,DOC18,IC50,=,30029.11456159826,nM,4.52
CHEMBLSYN00098,CCCCCCc1ccccc1,CHEMBL_SYNTH,A48,B,synthetic binding assay,DOC18,IC50,=,13215.46217747954,nM,4.88
CHEMBLSYN00098,CCCCCCc1ccccc1,CHEMBL_SYNTH,A48,B,synthetic binding assay,DOC18,IC50,=,9188.073889830477,nM,5.04
CHEMBLSYN00099,CCCOC(=O)NS(=O)(=O)Cc1cccnc1,CHEMBL_SYNTH,A49,B,synthetic binding assay,DOC19,IC50,=,13.009119445337914,nM,7.89
CHEMBLSYN00100,NS(=O)(=O)CCCCc1ccco1,CHEMBL_SYNTH,A0,B,synthetic binding assay,DOC0,IC50,=,264.5544424817925,nM,6.58
CHEMBLSYN00101,ClCNc1ccccc1,CHEMBL_SYNTH,A1,B,synthetic binding assay,DOC1,IC50,=,12488.489693905594,nM,4.9
CHEMBLSYN00102,COCCN(C)CC(=O)c1ccccc1,CHEMBL_SYNTH,A2,B,synthetic binding assay,DOC2,IC50,=,8269.649871407191,nM,5.08
CHEMBLSYN00102,COCCN(C)CC(=O)c1ccccc1,CHEMBL_SYNTH,A2,B,synthetic binding assay,DOC2,IC50,=,10180.689826499696,nM,4.99
CHEMBLSYN00103,NCCOC(=O)c1ccccc1,CHEMBL_SYNTH,A3,B,synthetic binding assay,DOC3,IC50,=,59119.33306175474,nM,4.23
CHEMBLSYN00104,CN(C)CCN(C)CNC1CCCCC1,CHEMBL_SYNTH,A4,B,synthetic binding assay,DOC4,IC50,=,17190.213379573357,nM,4.76
CHEMBLSYN00104,CN(C)CCN(C)CNC1CCCCC1,CHEMBL_SYNTH,A4,B,synthetic binding assay,DOC4,IC50,=,4528.743577153856,nM,5.34
CHEMBLSYN00105,ClCNCCc1ccco1,CHEMBL_SYNTH,A5,B,synthetic binding assay,DOC5,IC50,=,99749.20819073195,nM,4.0
CHEMBLSYN00106,CN(C)CCc1cccnc1,CHEMBL_SYNTH,A6,B,synthetic binding assay,DOC6,IC50,=,16198.131483384695,nM,4.79
CHEMBLSYN00106,CN(C)CCc1cccnc1,CHEMBL_SYNTH,A6,B,synthetic binding assay,DOC6,IC50,=,9017.451304306125,nM,5.04
CHEMBLSYN00107,COCOC(=O)OCCc1cccnc1,CHEMBL_SYNTH,A7,B,synthetic binding assay,DOC7,IC50,=,47712.96508214822,nM,4.32
CHEMBLSYN00108,O=C(OCc1ccccc1CO)Oc1ccccc1,CHEMBL_SYNTH,A8,B,synthetic binding assay,DOC8,IC50,=,14682.901274909847,nM,4.83
CHEMBLSYN00108,O=C(OCc1ccccc1CO)Oc1ccccc1,CHEMBL_SYNTH,A8,B,synthetic binding assay,DOC8,IC50,=,67353.00908865998,nM,4.17
CHEMBLSYN00108,O=C(OCc1ccccc1CO)Oc1ccccc1,CHEMBL_SYNTH,A8,B,synthetic binding assay,DOC8,IC50,=,53074.19705589252,nM,4.28
CHEMBLSYN00109,O=C(OCCNCc1ccccc1)C1CCCO1,CHEMBL_SYNTH,A9,B,synthetic binding assay,DOC9,IC50,=,53312.87443584581,nM,4.27
CHEMBLSYN00110,CCOCc1ccco1,CHEMBL_SYNTH,A10,B,synthetic binding assay,DOC10,IC50,=,21041.51085447787,nM,4.68
CHEMBLSYN00111,COCOCCc1ccccc1,CHEMBL_SYNTH,A11,B,synthetic binding assay,DOC11,IC50,=,27314.452916279977,nM,4.56
CHEMBLSYN00112,CC(C)COc1ccccc1,CHEMBL_SYNTH,A12,B,synthetic binding assay,DOC12,IC50,=,10431.671848736185,nM,4.98
CHEMBLSYN00113,NS(=O)(=O)CNCCC1CCCNC1,CHEMBL_SYNTH,A13,B,synthetic binding assay,DOC13,IC50,=,150.00704146123667,nM,6.82
CHEMBLSYN00114,NCCCOCc1ccc2ccccc2c1,CHEMBL_SYNTH,A14,B,synthetic binding assay,DOC14,IC50,=,28347.206018623307,nM,4.55
CHEMBLSYN00115,CN(C)COc1ccccc1,CHEMBL_SYNTH,A15,B,synthetic binding assay,DOC15,IC50,=,10365.00258053669,nM,4.98
CHEMBLSYN00116,CC(C)Cc1ccccc1CCCCC1CCCNC1,CHEMBL_SYNTH,A16,B,synthetic binding assay,DOC16,IC50,=,14986.117420831237,nM,4.82
CHEMBLSYN00117,BrCNC1CCCCC1,CHEMBL_SYNTH,A17,B,synthetic binding assay,DOC17,IC50,=,85085.69178789305,nM,4.07
CHEMBLSYN00118,COCCNc1ccccc1,CHEMBL_SYNTH,A18,B,synthetic binding assay,DOC18,IC50,=,13611.89298338947,nM,4.87
CHEMBLSYN00118,COCCNc1ccccc1,CHEMBL_SYNTH,A18,B,synthetic binding assay,DOC18,IC50,=,39027.17824483593,nM,4.41
CHEMBLSYN00118,COCCNc1ccccc1,CHEMBL_SYNTH,A18,B,synthetic binding assay,DOC18,IC50,=,17613.488689376765,nM,4.75
CHEMBLSYN00119,CCCc1cccs1,CHEMBL_SYNTH,A19,B,synthetic binding assay,DOC19,IC50,=,19042.66967651576,nM,4.72
CHEMBLSYN00120,CC(CCCOCO)Cc1cccc2[nH]ccc12,CHEMBL_SYNTH,A20,B,synthetic binding assay,DOC0,IC50,=,8170.947995477882,nM,5.09
CHEMBLSYN00121,OCc1ccco1,CHEMBL_SYNTH,A21,B,synthetic binding assay,DOC1,IC50,=,22561.918396528774,nM,4.65
CHEMBLSYN00122,CN(C)CNS(=O)(=O)Cc1ccco1,CHEMBL_SYNTH,A22,B,synthetic binding assay,DOC2,IC50,=,347.9544127694831,nM,6.46
CHEMBLSYN00123,O=C(OCOCCBr)C(=O)c1ccccc1,CHEMBL_SYNTH,A23,B,synthetic binding assay,DOC3,IC50,=,88704.1395696519,nM,4.05
CHEMBLSYN00124,FCNCCCOCc1ccco1,CHEMBL_SYNTH,A24,B,synthetic binding assay,DOC4,IC50,=,12809.678970794816,nM,4.89
CHEMBLSYN00125,NS(=O)(=O)Cc1cccnc1,CHEMBL_SYNTH,A25,B,synthetic binding assay,DOC5,IC50,=,80.04358530798939,nM,7.1
CHEMBLSYN00125,NS(=O)(=O)Cc1cccnc1,CHEMBL_SYNTH,A25,B,synthetic binding assay,DOC5,IC50,=,22.121184397788088,nM,7.66
CHEMBLSYN00125,NS(=O)(=O)Cc1cccnc1,CHEMBL_SYNTH,A25,B,synthetic binding assay,DOC5,IC50,=,49.048357979279096,nM,7.31
CHEMBLSYN00126,O=S(=O)(CC1CCCCC1)NCCO,CHEMBL_SYNTH,A26,B,synthetic binding assay,DOC6,IC50,=,125.78425862797093,nM,6.9
CHEMBLSYN00126,O=S(=O)(CC1CCCCC1)NCCO,CHEMBL_SYNTH,A26,B,synthetic binding assay,DOC6,IC50,=,23.28291196833795,nM,7.63
CHEMBLSYN00127,NS(=O)(=O)CCCCc1cccc2ccccc12,CHEMBL_SYNTH,A27,B,synthetic binding assay,DOC7,IC50,=,132.72693715705896,nM,6.88
CHEMBLSYN00128,CC(C)CCOCOc1ccccc1,CHEMBL_SYNTH,A28,B,synthetic binding assay,DOC8,IC50,=,166362.02700896317,nM,3.78
CHEMBLSYN00128,CC(C)CCOCOc1ccccc1,CHEMBL_SYNTH,A28,B,synthetic binding assay,DOC8,IC50,=,3753.892050332286,nM,5.43
CHEMBLSYN00128,CC(C)CCOCOc1ccccc1,CHEMBL_SYNTH,A28,B,synthetic binding assay,DOC8,IC50,=,145982.0812510199,nM,3.84
CHEMBLSYN00129,NS(=O)(=O)COC(=O)C1CCCCC1,CHEMBL_SYNTH,A29,B,synthetic binding assay,DOC9,IC50,=,35.11032555472692,nM,7.45
CHEMBLSYN00130,OCc1ccccc1Cc1ccco1,CHEMBL_SYNTH,A30,B,synthetic binding assay,DOC10,IC50,=,10579.35748201156,nM,4.98
CHEMBLSYN00130,OCc1ccccc1Cc1ccco1,CHEMBL_SYNTH,A30,B,synthetic binding assay,DOC10,IC50,=,21936.81914381882,nM,4.66
CHEMBLSYN00130,OCc1ccccc1Cc1ccco1,CHEMBL_SYNTH,A30,B,synthetic binding assay,DOC10,IC50,=,118401.91795860187,nM,3.93
CHEMBLSYN00131,COCc1cccc2[nH]ccc12,CHEMBL_SYNTH,A31,B,synthetic binding assay,DOC11,IC50,=,9862.659183970134,nM,5.01
CHEMBLSYN00131,COCc1cccc2[nH]ccc12,CHEMBL_SYNTH,A31,B,synthetic binding assay,DOC11,IC50,=,94758.34929834875,nM,4.02
CHEMBLSYN00132,CC(CCN(C)C)CNC1CCCCC1,CHEMBL_SYNTH,A32,B,synthetic binding assay,DOC12,IC50,=,86586.74742438192,nM,4.06
CHEMBLSYN00133,CC(C)Cc1cccc2ccccc12,CHEMBL_SYNTH,A33,B,synthetic binding assay,DOC13,IC50,=,35048.32965674134,nM,4.46
CHEMBLSYN00133,CC(C)Cc1cccc2ccccc12,CHEMBL_SYNTH,A33,B,synthetic binding assay,DOC13,IC50,=,12150.61248669903,nM,4.92
CHEMBLSYN00134,BrCOCCOCCC1CCCNC1,CHEMBL_SYNTH,A34,B,synthetic binding assay,DOC14,IC50,=,19052.608245545856,nM,4.72
CHEMBLSYN00135,OCC1CCCCC1,CHEMBL_SYNTH,A35,B,synthetic binding assay,DOC15,IC50,=,11903.99362672223,nM,4.92
CHEMBLSYN00135,OCC1CCCCC1,CHEMBL_SYNTH,A35,B,synthetic binding assay,DOC15,IC50,=,37797.017542408976,nM,4.42
CHEMBLSYN00135,OCC1CCCCC1,CHEMBL_SYNTH,A35,B,synthetic binding assay,DOC15,IC50,=,29435.628598967534,nM,4.53
CHEMBLSYN00136,OCCNC1CCCCC1,CHEMBL_SYNTH,A36,B,synthetic binding assay,DOC16,IC50,=,71590.38784941832,nM,4.15
CHEMBLSYN00137,Cc1cccs1,CHEMBL_SYNTH,A37,B,synthetic binding assay,DOC17,IC50,=,33631.495628957986,nM,4.47
CHEMBLSYN00138,CN(CCO)CCCC1CCCCC1,CHEMBL_SYNTH,A38,B,synthetic binding assay,DOC18,IC50,=,14546.17269437049,nM,4.84
CHEMBLSYN00139,CC(CCCNCCN)Cc1cccs1,CHEMBL_SYNTH,A39,B,synthetic binding assay,DOC19,IC50,=,33107.868501454,nM,4.48
CHEMBLSYN00140,CN(C)CCCC1CCCCC1,CHEMBL_SYNTH,A40,B,synthetic binding assay,DOC0,IC50,=,16211.237861486843,nM,4.79
CHEMBLSYN00140,CN(C)CCCC1CCCCC1,CHEMBL_SYNTH,A40,B,synthetic binding assay,DOC0,IC50,=,42590.202072254026,nM,4.37
CHEMBLSYN00141,BrCc1cccs1,CHEMBL_SYNTH,A41,B,synthetic binding assay,DOC1,IC50,=,43346.75959045221,nM,4.36
CHEMBLSYN00142,CCCCN(C)CC1CCCNC1,CHEMBL_SYNTH,A42,B,synthetic binding assay,DOC2,IC50,=,24228.83543176838,nM,4.62
CHEMBLSYN00143,CC(CCCCC(=O)O)Cc1ccco1,CHEMBL_SYNTH,A43,B,synthetic binding assay,DOC3,IC50,=,30057.48237523087,nM,4.52
CHEMBLSYN00144,BrCc1ccccc1CNC1CCCCC1,CHEMBL_SYNTH,A44,B,synthetic binding assay,DOC4,IC50,=,14556.129241438075,nM,4.84
CHEMBLSYN00144,BrCc1ccccc1CNC1CCCCC1,CHEMBL_SYNTH,A44,B,synthetic binding assay,DOC4,IC50,=,21314.92963834653,nM,4.67
CHEMBLSYN00145,CC(CCc1ccccc1)CNS(=O)(=O)Cc1ccccc1,CHEMBL_SYNTH,A45,B,synthetic binding assay,DOC5,IC50,=,12.701689204165024,nM,7.9
CHEMBLSYN00145,CC(CCc1ccccc1)CNS(=O)(=O)Cc1ccccc1,CHEMBL_SYNTH,A45,B,synthetic binding assay,DOC5,IC50,=,77.23209253199296,nM,7.11
CHEMBLSYN00146,CN(C)CC1CCCCC1,CHEMBL_SYNTH,A46,B,synthetic binding assay,DOC6,IC50,=,30967.137317401663,nM,4.51
CHEMBLSYN00146,CN(C)CC1CCCCC1,CHEMBL_SYNTH,A46,B,synthetic binding assay,DOC6,IC50,=,65471.52027238827,nM,4.18
CHEMBLSYN00146,CN(C)CC1CCCCC1,CHEMBL_SYNTH,A46,B,synthetic binding assay,DOC6,IC50,=,24597.377877224084,nM,4.61
CHEMBLSYN00147,O=C(O)c1ccco1,CHEMBL_SYNTH,A47,B,synthetic binding assay,DOC7,IC50,=,13392.708754784151,nM,4.87
CHEMBLSYN00148,OCCCc1ccco1,CHEMBL_SYNTH,A48,B,synthetic binding assay,DOC8,IC50,=,49672.75598644083,nM,4.3
CHEMBLSYN00148,OCCCc1ccco1,CHEMBL_SYNTH,A48,B,synthetic binding assay,DOC8,IC50,=,26294.74146506023,nM,4.58
CHEMBLSYN00149,Cc1ccccc1,CHEMBL_SYNTH,A49,B,synthetic binding assay,DOC9,IC50,=,12959.173249437012,nM,4.89
CHEMBLSYN00149,Cc1ccccc1,CHEMBL_SYNTH,A49,B,synthetic binding assay,DOC9,IC50,=,28233.431107579996,nM,4.55
CHEMBLSYN00149,Cc1ccccc1,CHEMBL_SYNTH,A49,B,synthetic binding assay,DOC9,IC50,=,40518.64564761578,nM,4.39
CHEMBLSYN00150,CCCCc1cccc2ccccc12,CHEMBL_SYNTH,A0,B,synthetic binding assay,DOC10,IC50,=,10250.917532655967,nM,4.99
CHEMBLSYN00151,NCCNS(=O)(=O)CC1CCCNC1,CHEMBL_SYNTH,A1,B,synthetic binding assay,DOC11,IC50,=,57.702173699405506,nM,7.24
CHEMBLSYN00152,NS(=O)(=O)Cc1cccc2[nH]ccc12,CHEMBL_SYNTH,A2,B,synthetic binding assay,DOC12,IC50,=,43.78992463057048,nM,7.36
CHEMBLSYN00153,CN(C)CCCOCCc1cccc2ccccc12,CHEMBL_SYNTH,A3,B,synthetic binding assay,DOC13,IC50,=,8539.700112891393,nM,5.07
CHEMBLSYN00153,CN(C)CCCOCCc1cccc2ccccc12,CHEMBL_SYNTH,A3,B,synthetic binding assay,DOC13,IC50,=,8747.292167792562,nM,5.06
CHEMBLSYN00154,O=S(=O)(CC1CCCO1)NCCO,CHEMBL_SYNTH,A4,B,synthetic binding assay,DOC14,IC50,=,86.87237063067751,nM,7.06
CHEMBLSYN00155,CCCc1cccnc1,CHEMBL_SYNTH,A5,B,synthetic binding assay,DOC15,IC50,=,40754.15452326833,nM,4.39
CHEMBLSYN00156,CC(CCCN)Cc1cccnc1,CHEMBL_SYNTH,A6,B,synthetic binding assay,DOC16,IC50,=,19331.983984035916,nM,4.71
CHEMBLSYN00156,CC(CCCN)Cc1cccnc1,CHEMBL_SYNTH,A6,B,synthetic binding assay,DOC16,IC50,=,28386.706933324036,nM,4.55
CHEMBLSYN00156,CC(CCCN)Cc1cccnc1,CHEMBL_SYNTH,A6,B,synthetic binding assay,DOC16,IC50,=,144525.51570042147,nM,3.84
CHEMBLSYN00157,COCNc1ccccc1,CHEMBL_SYNTH,A7,B,synthetic binding assay,DOC17,IC50,=,7759.88537501428,nM,5.11
CHEMBLSYN00158,CCCCC(C)CNc1ccccc1,CHEMBL_SYNTH,A8,B,synthetic binding assay,DOC18,IC50,=,24674.903847633697,nM,4.61
CHEMBLSYN00159,CC(C)CCNS(=O)(=O)Cc1ccc2ccccc2c1,CHEMBL_SYNTH,A9,B,synthetic binding assay,DOC19,IC50,=,32.02202655533711,nM,7.49
CHEMBLSYN00160,COCCCCOCNc1ccccc1,CHEMBL_SYNTH,A10,B,synthetic binding assay,DOC0,IC50,=,73988.90937687624,nM,4.13
CHEMBLSYN00161,CCc1ccco1,CHEMBL_SYNTH,A11,B,synthetic binding assay,DOC1,IC50,=,7668.643989918915,nM,5.12
CHEMBLSYN00162,O=S(=O)(CCCCC1CCCCC1)NCc1ccccc1,CHEMBL_SYNTH,A12,B,synthetic binding assay,DOC2,IC50,=,108.46887165080724,nM,6.96
CHEMBLSYN00163,NS(=O)(=O)COC(=O)CCc1ccc2ccccc2c1,CHEMBL_SYNTH,A13,B,synthetic binding assay,DOC3,IC50,=,69.67337194947031,nM,7.16
CHEMBLSYN00164,CCCC(=O)c1ccccc1,CHEMBL_SYNTH,A14,B,synthetic binding assay,DOC4,IC50,=,91320.83374786442,nM,4.04
CHEMBLSYN00165,NCCC1CCCO1,CHEMBL_SYNTH,A15,B,synthetic binding assay,DOC5,IC50,=,29294.08212076227,nM,4.53
CHEMBLSYN00165,NCCC1CCCO1,CHEMBL_SYNTH,A15,B,synthetic binding assay,DOC5,IC50,=,31039.990028920503,nM,4.51
CHEMBLSYN00166,O=C(O)COCOc1ccccc1,CHEMBL_SYNTH,A16,B,synthetic binding assay,DOC6,IC50,=,29795.056661347153,nM,4.53
CHEMBLSYN00166,O=C(O)COCOc1ccccc1,CHEMBL_SYNTH,A16,B,synthetic binding assay,DOC6,IC50,=,16772.511676784823,nM,4.78
CHEMBLSYN00167,NS(=O)(=O)COCC1CCCO1,CHEMBL_SYNTH,A17,B,synthetic binding assay,DOC7,IC50,=,59.684513864780435,nM,7.22
CHEMBLSYN00168,CN(CCOCBr)Cc1ccccc1,CHEMBL_SYNTH,A18,B,synthetic binding assay,DOC8,IC50,=,10225.55643555161,nM,4.99
CHEMBLSYN00169,c1ccc(COCCC2CCCO2)cc1,CHEMBL_SYNTH,A19,B,synthetic binding assay,DOC9,IC50,=,38660.12681231813,nM,4.41
CHEMBLSYN00169,c1ccc(COCCC2CCCO2)cc1,CHEMBL_SYNTH,A19,B,synthetic binding assay,DOC9,IC50,=,62864.629956498895,nM,4.2
CHEMBLSYN00169,c1ccc(COCCC2CCCO2)cc1,CHEMBL_SYNTH,A19,B,synthetic binding assay,DOC9,IC50,=,25564.809251805193,nM,4.59
CHEMBLSYN00170,CCCCCC1CCCCC1,CHEMBL_SYNTH,A20,B,synthetic binding assay,DOC10,IC50,=,14081.62535016188,nM,4.85
CHEMBLSYN00170,CCCCCC1CCCCC1,CHEMBL_SYNTH,A20,B,synthetic binding assay,DOC10,IC50,=,7982.580205078631,nM,5.1
CHEMBLSYN00171,FCOCCC1CCCNC1,CHEMBL_SYNTH,A21,B,synthetic binding assay,DOC11,IC50,=,11869.472696588615,nM,4.93
CHEMBLSYN00172,BrCOCCc1cccc2ccccc12,CHEMBL_SYNTH,A22,B,synthetic binding assay,DOC12,IC50,=,127695.6982067229,nM,3.89
CHEMBLSYN00172,BrCOCCc1cccc2ccccc12,CHEMBL_SYNTH,A22,B,synthetic binding assay,DOC12,IC50,=,17749.113098801387,nM,4.75
CHEMBLSYN00172,BrCOCCc1cccc2ccccc12,CHEMBL_SYNTH,A22,B,synthetic binding assay,DOC12,IC50,=,6544.120548580165,nM,5.18
CHEMBLSYN00173,CN(C)CCN(C)CNCCC1CCCO1,CHEMBL_SYNTH,A23,B,synthetic binding assay,DOC13,IC50,=,23712.069185754506,nM,4.63
CHEMBLSYN00174,BrCC1CCCCC1,CHEMBL_SYNTH,A24,B,synthetic binding assay,DOC14,IC50,=,40403.3150568378,nM,4.39
CHEMBLSYN00175,O=C(OCBr)c1cccnc1,CHEMBL_SYNTH,A25,B,synthetic binding assay,DOC15,IC50,=,18894.51109991879,nM,4.72
CHEMBLSYN00175,O=C(OCBr)c1cccnc1,CHEMBL_SYNTH,A25,B,synthetic binding assay,DOC15,IC50,=,39929.76862752435,nM,4.4
CHEMBLSYN00175,O=C(OCBr)c1cccnc1,CHEMBL_SYNTH,A25,B,synthetic binding assay,DOC15,IC50,=,13942.952043970829,nM,4.86
CHEMBLSYN00176,NCCc1cccs1,CHEMBL_SYNTH,A26,B,synthetic binding assay,DOC16,IC50,=,25421.301917067936,nM,4.59
CHEMBLSYN00176,NCCc1cccs1,CHEMBL_SYNTH,A26,B,synthetic binding assay,DOC16,IC50,=,6963.0569623340825,nM,5.16
CHEMBLSYN00177,CN(C)CCCc1cccc2[nH]ccc12,CHEMBL_SYNTH,A27,B,synthetic binding assay,DOC17,IC50,=,15856.19216906837,nM,4.8
CHEMBLSYN00178,ClCc1cccnc1,CHEMBL_SYNTH,A28,B,synthetic binding assay,DOC18,IC50,=,48927.595651174546,nM,4.31
CHEMBLSYN00178,ClCc1cccnc1,CHEMBL_SYNTH,A28,B,synthetic binding assay,DOC18,IC50,=,14392.872773638257,nM,4.84
CHEMBLSYN00178,ClCc1cccnc1,CHEMBL_SYNTH,A28,B,synthetic binding assay,DOC18,IC50,=,10607.06719068139,nM,4.97
CHEMBLSYN00179,OCCc1cccs1,CHEMBL_SYNTH,A29,B,synthetic binding assay,DOC19,IC50,=,42401.60948638046,nM,4.37
CHEMBLSYN00179,OCCc1cccs1,CHEMBL_SYNTH,A29,B,synthetic binding assay,DOC19,IC50,=,37180.717039744566,nM,4.43
CHEMBLSYN00179,OCCc1cccs1,CHEMBL_SYNTH,A29,B,synthetic binding assay,DOC19,IC50,=,209929.42171518563,nM,3.68
CHEMBLSYN00180,O=C(CCCNCc1ccccc1)c1ccccc1,CHEMBL_SYNTH,A30,B,synthetic binding assay,DOC0,IC50,=,10930.438987759,nM,4.96
CHEMBLSYN00181,O=S(=O)(Cc1ccccc1)NCO,CHEMBL_SYNTH,A31,B,synthetic binding assay,DOC1,IC50,=,108.41809038141824,nM,6.96
CHEMBLSYN00182,ClCCCC1CCCCC1,CHEMBL_SYNTH,A32,B,synthetic binding assay,DOC2,IC50,=,177394.35218600422,nM,3.75
CHEMBLSYN00183,CC(CCc1ccccc1)CC1CCCO1,CHEMBL_SYNTH,A33,B,synthetic binding assay,DOC3,IC50,=,128088.06946178297,nM,3.89
CHEMBLSYN00184,CCCNS(=O)(=O)Cc1ccccc1,CHEMBL_SYNTH,A34,B,synthetic binding assay,DOC4,IC50,=,77.47829635248748,nM,7.11
CHEMBLSYN00184,CCCNS(=O)(=O)Cc1ccccc1,CHEMBL_SYNTH,A34,B,synthetic binding assay,DOC4,IC50,=,31.313817189375587,nM,7.5
CHEMBLSYN00185,CC(CCN(C)C)COc1ccccc1,CHEMBL_SYNTH,A35,B,synthetic binding assay,DOC5,IC50,=,27266.27732012786,nM,4.56
CHEMBLSYN00186,CN(C)CC1CCCNC1,CHEMBL_SYNTH,A36,B,synthetic binding assay,DOC6,IC50,=,16266.304442160348,nM,4.79
CHEMBLSYN00186,CN(C)CC1CCCNC1,CHEMBL_SYNTH,A36,B,synthetic binding assay,DOC6,IC50,=,69278.7193094992,nM,4.16
CHEMBLSYN00186,CN(C)CC1CCCNC1,CHEMBL_SYNTH,A36,B,synthetic binding assay,DOC6,IC50,=,86406.46756219375,nM,4.06
CHEMBLSYN00187,CC(C)CCC(C)Cc1cccc2[nH]ccc12,CHEMBL_SYNTH,A37,B,synthetic binding assay,DOC7,IC50,=,11109.939074551046,nM,4.95
CHEMBLSYN00188,CC(C)CC1CCCNC1,CHEMBL_SYNTH,A38,B,synthetic binding assay,DOC8,IC50,=,15964.018276985846,nM,4.8
CHEMBLSYN00189,COCC1CCCO1,CHEMBL_SYNTH,A39,B,synthetic binding assay,DOC9,IC50,=,25834.70697293592,nM,4.59
CHEMBLSYN00189,COCC1CCCO1,CHEMBL_SYNTH,A39,B,synthetic binding assay,DOC9,IC50,=,7711.9277111514475,nM,5.11
CHEMBLSYN00189,COCC1CCCO1,CHEMBL_SYNTH,A39,B,synthetic binding assay,DOC9,IC50,=,60322.06263232593,nM,4.22
CHEMBLSYN00190,FCOCCc1cccc2[nH]ccc12,CHEMBL_SYNTH,A40,B,synthetic binding assay,DOC10,IC50,=,36991.890659732526,nM,4.43
CHEMBLSYN00191,OCc1ccccc1,CHEMBL_SYNTH,A41,B,synthetic binding assay,DOC11,IC50,=,9760.037081085113,nM,5.01
CHEMBLSYN00191,OCc1ccccc1,CHEMBL_SYNTH,A41,B,synthetic binding assay,DOC11,IC50,=,4622.556659841955,nM,5.34
CHEMBLSYN00192,NCCc1cccc2[nH]ccc12,CHEMBL_SYNTH,A42,B,synthetic binding assay,DOC12,IC50,=,24924.68968545178,nM,4.6
CHEMBLSYN00192,NCCc1cccc2[nH]ccc12,CHEMBL_SYNTH,A42,B,synthetic binding assay,DOC12,IC50,=,5348.010323880958,nM,5.27
CHEMBLSYN00193,CN(C)Cc1ccco1,CHEMBL_SYNTH,A43,B,synthetic binding assay,DOC13,IC50,=,43752.63827120678,nM,4.36
CHEMBLSYN00194,NS(=O)(=O)CC1CCCO1,CHEMBL_SYNTH,A44,B,synthetic binding assay,DOC14,IC50,=,46.569337616716865,nM,7.33
CHEMBLSYN00195,FCCCCCOCc1ccccc1,CHEMBL_SYNTH,A45,B,synthetic binding assay,DOC15,IC50,=,29480.132639563955,nM,4.53
CHEMBLSYN00196,COCc1cccs1,CHEMBL_SYNTH,A46,B,synthetic binding assay,DOC16,IC50,=,108467.43807750616,nM,3.96
CHEMBLSYN00197,BrCc1cccnc1,CHEMBL_SYNTH,A47,B,synthetic binding assay,DOC17,IC50,=,19806.642642748906,nM,4.7
CHEMBLSYN00198,NCCNS(=O)(=O)CCCc1ccccc1,CHEMBL_SYNTH,A48,B,synthetic binding assay,DOC18,IC50,=,26.723917523940692,nM,7.57
CHEMBLSYN00198,NCCNS(=O)(=O)CCCc1ccccc1,CHEMBL_SYNTH,A48,B,synthetic binding assay,DOC18,IC50,=,72.328058845945,nM,7.14
CHEMBLSYN00199,OCCOCCNC1CCCCC1,CHEMBL_SYNTH,A49,B,synthetic binding assay,DOC19,IC50,=,26802.91629697247,nM,4.57
CHEMBLSYN00200,NS(=O)(=O)Cc1ccccc1,CHEMBL_SYNTH,A0,B,synthetic binding assay,DOC0,IC50,=,17.491581309578276,nM,7.76
CHEMBLSYN00200,NS(=O)(=O)Cc1ccccc1,CHEMBL_SYNTH,A0,B,synthetic binding assay,DOC0,IC50,=,199.47360110613434,nM,6.7
CHEMBLSYN00201,FCOCCC1CCCCC1,CHEMBL_SYNTH,A1,B,synthetic binding assay,DOC1,IC50,=,99778.12243144686,nM,4.0
CHEMBLSYN00201,FCOCCC1CCCCC1,CHEMBL_SYNTH,A1,B,synthetic binding assay,DOC1,IC50,=,45879.18112952564,nM,4.34
CHEMBLSYN00202,CC(CCc1ccccc1)Cc1cccc2ccccc12,CHEMBL_SYNTH,A2,B,synthetic binding assay,DOC2,IC50,=,75622.16634638382,nM,4.12
CHEMBLSYN00203,CCCCNc1ccccc1,CHEMBL_SYNTH,A3,B,synthetic binding assay,DOC3,IC50,=,7269.161025803549,nM,5.14
CHEMBLSYN00204,CCCCCNS(=O)(=O)Cc1cccnc1,CHEMBL_SYNTH,A4,B,synthetic binding assay,DOC4,IC50,=,47.43777959908305,nM,7.32
CHEMBLSYN00204,CCCCCNS(=O)(=O)Cc1cccnc1,CHEMBL_SYNTH,A4,B,synthetic binding assay,DOC4,IC50,=,139.84187606889677,nM,6.85
CHEMBLSYN00204,CCCCCNS(=O)(=O)Cc1cccnc1,CHEMBL_SYNTH,A4,B,synthetic binding assay,DOC4,IC50,=,111.11985483928622,nM,6.95
CHEMBLSYN00205,NS(=O)(=O)CC1CCCCC1,CHEMBL_SYNTH,A5,B,synthetic binding assay,DOC5,IC50,=,4.524526369836517,nM,8.34
CHEMBLSYN00206,BrCNc1ccccc1,CHEMBL_SYNTH,A6,B,synthetic binding assay,DOC6,IC50,=,44059.14026670658,nM,4.36
CHEMBLSYN00207,O=C(OCF)C1CCCO1,CHEMBL_SYNTH,A7,B,synthetic binding assay,DOC7,IC50,=,50676.87976584182,nM,4.3
CHEMBLSYN00208,O=C(OCCOCO)c1cccc2[nH]ccc12,CHEMBL_SYNTH,A8,B,synthetic binding assay,DOC8,IC50,=,18979.16633589438,nM,4.72
CHEMBLSYN00209,FCc1ccccc1,CHEMBL_SYNTH,A9,B,synthetic binding assay,DOC9,IC50,=,13954.009558344069,nM,4.86
CHEMBLSYN00209,FCc1ccccc1,CHEMBL_SYNTH,A9,B,synthetic binding assay,DOC9,IC50,=,20479.87325509368,nM,4.69
CHEMBLSYN00210,COCNS(=O)(=O)COC(=O)c1cccc2ccccc12,CHEMBL_SYNTH,A10,B,synthetic binding assay,DOC10,IC50,=,145.69691181753183,nM,6.84
CHEMBLSYN00211,CCNCCNc1ccccc1,CHEMBL_SYNTH,A11,B,synthetic binding assay,DOC11,IC50,=,73059.18581167782,nM,4.14
CHEMBLSYN00212,O=C(O)NCCC1CCCO1,CHEMBL_SYNTH,A12,B,synthetic binding assay,DOC12,IC50,=,14505.869921726586,nM,4.84
CHEMBLSYN00212,O=C(O)NCCC1CCCO1,CHEMBL_SYNTH,A12,B,synthetic binding assay,DOC12,IC50,=,26404.386086704333,nM,4.58
CHEMBLSYN00212,O=C(O)NCCC1CCCO1,CHEMBL_SYNTH,A12,B,synthetic binding assay,DOC12,IC50,=,113912.97339143988,nM,3.94
CHEMBLSYN00213,O=C(O)c1ccccc1CNC1CCCCC1,CHEMBL_SYNTH,A13,B,synthetic binding assay,DOC13,IC50,=,8542.787483295708,nM,5.07
CHEMBLSYN00213,O=C(O)c1ccccc1CNC1CCCCC1,CHEMBL_SYNTH,A13,B,synthetic binding assay,DOC13,IC50,=,12298.960190962252,nM,4.91
CHEMBLSYN00214,NS(=O)(=O)Cc1ccccc1COCc1ccc2ccccc2c1,CHEMBL_SYNTH,A14,B,synthetic binding assay,DOC14,IC50,=,78.7737801144086,nM,7.1
CHEMBLSYN00215,FCc1ccco1,CHEMBL_SYNTH,A15,B,synthetic binding assay,DOC15,IC50,=,31923.137540667318,nM,4.5
CHEMBLSYN00215,FCc1ccco1,CHEMBL_SYNTH,A15,B,synthetic binding assay,DOC15,IC50,=,20296.263130062907,nM,4.69
CHEMBLSYN00215,FCc1ccco1,CHEMBL_SYNTH,A15,B,synthetic binding assay,DOC15,IC50,=,47293.74412435693,nM,4.33
CHEMBLSYN00216,CN(CCS(N)(=O)=O)COC(=O)C1CCCO1,CHEMBL_SYNTH,A16,B,synthetic binding assay,DOC16,IC50,=,218.4363867461885,nM,6.66
CHEMBLSYN00217,BrCOc1ccccc1,CHEMBL_SYNTH,A17,B,synthetic binding assay,DOC17,IC50,=,18663.491674016255,nM,4.73
CHEMBLSYN00218,CC(CCc1ccccc1)CCC(C)CC(=O)c1ccccc1,CHEMBL_SYNTH,A18,B,synthetic binding assay,DOC18,IC50,=,94544.14277570747,nM,4.02
CHEMBLSYN00219,CCCc1ccco1,CHEMBL_SYNTH,A19,B,synthetic binding assay,DOC19,IC50,=,17527.068285780417,nM,4.76
CHEMBLSYN00220,O=C(O)COCOC(=O)C1CCCO1,CHEMBL_SYNTH,A20,B,synthetic binding assay,DOC0,IC50,=,94729.00759281729,nM,4.02
CHEMBLSYN00221,NS(=O)(=O)COCCc1ccccc1Cc1ccccc1,CHEMBL_SYNTH,A21,B,synthetic binding assay,DOC1,IC50,=,69.13272760118367,nM,7.16
CHEMBLSYN00222,CCc1cccc2ccccc12,CHEMBL_SYNTH,A22,B,synthetic binding assay,DOC2,IC50,=,28461.502001881996,nM,4.55
CHEMBLSYN00223,NS(=O)(=O)CCCc1cccnc1,CHEMBL_SYNTH,A23,B,synthetic binding assay,DOC3,IC50,=,12.216542104835867,nM,7.91
CHEMBLSYN00223,NS(=O)(=O)CCCc1cccnc1,CHEMBL_SYNTH,A23,B,synthetic binding assay,DOC3,IC50,=,168.1718585589287,nM,6.77
CHEMBLSYN00223,NS(=O)(=O)CCCc1cccnc1,CHEMBL_SYNTH,A23,B,synthetic binding assay,DOC3,IC50,=,232.2620888252132,nM,6.63
CHEMBLSYN00224,CC(CCCO)Cc1ccccc1,CHEMBL_SYNTH,A24,B,synthetic binding assay,DOC4,IC50,=,45548.168888868335,nM,4.34
CHEMBLSYN00225,CCOC(=O)c1cccnc1,CHEMBL_SYNTH,A25,B,synthetic binding assay,DOC5,IC50,=,70711.97552657305,nM,4.15
CHEMBLSYN00226,CC(CNC1CCCCC1)CC(=O)OCN(C)C,CHEMBL_SYNTH,A26,B,synthetic binding assay,DOC6,IC50,=,43241.92173830695,nM,4.36
CHEMBLSYN00227,ClCc1cccc2[nH]ccc12,CHEMBL_SYNTH,A27,B,synthetic binding assay,DOC7,IC50,=,17048.24227183536,nM,4.77
CHEMBLSYN00228,CC(C)CCCc1ccco1,CHEMBL_SYNTH,A28,B,synthetic binding assay,DOC8,IC50,=,12336.984764343226,nM,4.91
CHEMBLSYN00229,NCCc1ccccc1,CHEMBL_SYNTH,A29,B,synthetic binding assay,DOC9,IC50,=,5447.227198069627,nM,5.26
CHEMBLSYN00230,CCCCCCCc1cccc2ccccc12,CHEMBL_SYNTH,A30,B,synthetic binding assay,DOC10,IC50,=,49507.34867026446,nM,4.31
CHEMBLSYN00231,BrCNCCCOCc1cccc2[nH]ccc12,CHEMBL_SYNTH,A31,B,synthetic binding assay,DOC11,IC50,=,2210.978295177808,nM,5.66
CHEMBLSYN00232,CCC1CCCCC1,CHEMBL_SYNTH,A32,B,synthetic binding assay,DOC12,IC50,=,4046.931634152613,nM,5.39
CHEMBLSYN00233,CN(CCCCC1CCCO1)CCS(N)(=O)=O,CHEMBL_SYNTH,A33,B,synthetic binding assay,DOC13,IC50,=,76.10456711491526,nM,7.12
CHEMBLSYN00234,ClCc1cccc2ccccc12,CHEMBL_SYNTH,A34,B,synthetic binding assay,DOC14,IC50,=,207285.05524748724,nM,3.68
CHEMBLSYN00235,CC(CC(=O)O)Cc1ccc2ccccc2c1,CHEMBL_SYNTH,A35,B,synthetic binding assay,DOC15,IC50,=,27117.20487884697,nM,4.57
CHEMBLSYN00236,CCCN(C)Cc1ccc2ccccc2c1,CHEMBL_SYNTH,A36,B,synthetic binding assay,DOC16,IC50,=,23496.161928155612,nM,4.63
CHEMBLSYN00237,CN(C)CNS(=O)(=O)Cc1cccc2[nH]ccc12,CHEMBL_SYNTH,A37,B,synthetic binding assay,DOC17,IC50,=,524.4445192767497,nM,6.28
CHEMBLSYN00237,CN(C)CNS(=O)(=O)Cc1cccc2[nH]ccc12,CHEMBL_SYNTH,A37,B,synthetic binding assay,DOC17,IC50,=,58.947753254929744,nM,7.23
CHEMBLSYN00237,CN(C)CNS(=O)(=O)Cc1cccc2[nH]ccc12,CHEMBL_SYNTH,A37,B,synthetic binding assay,DOC17,IC50,=,75.86853623849775,nM,7.12
CHEMBLSYN00238,c1ccc(CCNCc2ccccc2)cc1,CHEMBL_SYNTH,A38,B,synthetic binding assay,DOC18,IC50,=,51794.603618008536,nM,4.29
CHEMBLSYN00238,c1ccc(CCNCc2ccccc2)cc1,CHEMBL_SYNTH,A38,B,synthetic binding assay,DOC18,IC50,=,14104.19555602921,nM,4.85
CHEMBLSYN00239,ClCOc1ccccc1,CHEMBL_SYNTH,A39,B,synthetic binding assay,DOC19,IC50,=,9950.86072896751,nM,5.0
CHEMBLSYN00240,NCCNS(=O)(=O)Cc1ccccc1,CHEMBL_SYNTH,A40,B,synthetic binding assay,DOC0,IC50,=,98.73494532805623,nM,7.01
CHEMBLSYN00240,NCCNS(=O)(=O)Cc1ccccc1,CHEMBL_SYNTH,A40,B,synthetic binding assay,DOC0,IC50,=,51.07496712685301,nM,7.29
CHEMBLSYN00241,NS(=O)(=O)COc1ccccc1,CHEMBL_SYNTH,A41,B,synthetic binding assay,DOC1,IC50,=,115.32321649031918,nM,6.94
CHEMBLSYN00241,NS(=O)(=O)COc1ccccc1,CHEMBL_SYNTH,A41,B,synthetic binding assay,DOC1,IC50,=,130.20936149768903,nM,6.89
CHEMBLSYN00241,NS(=O)(=O)COc1ccccc1,CHEMBL_SYNTH,A41,B,synthetic binding assay,DOC1,IC50,=,58.640992450542605,nM,7.23
CHEMBLSYN00242,BrCC1CCCO1,CHEMBL_SYNTH,A42,B,synthetic binding assay,DOC2,IC50,=,15510.699226678062,nM,4.81
CHEMBLSYN00242,BrCC1CCCO1,CHEMBL_SYNTH,A42,B,synthetic binding assay,DOC2,IC50,=,42200.45597103283,nM,4.37
CHEMBLSYN00243,CCCc1cccc2ccccc12,CHEMBL_SYNTH,A43,B,synthetic binding assay,DOC3,IC50,=,192960.2728931351,nM,3.71
CHEMBLSYN00243,CCCc1cccc2ccccc12,CHEMBL_SYNTH,A43,B,synthetic binding assay,DOC3,IC50,=,14644.888278485994,nM,4.83
CHEMBLSYN00244,O=S(=O)(CNCCNc1ccccc1)NCc1ccccc1,CHEMBL_SYNTH,A44,B,synthetic binding assay,DOC4,IC50,=,274.5510603246228,nM,6.56
CHEMBLSYN00245,CC(C)CCCCC1CCCNC1,CHEMBL_SYNTH,A45,B,synthetic binding assay,DOC5,IC50,=,22449.18354233216,nM,4.65
CHEMBLSYN00246,CN(C)Cc1ccc2ccccc2c1,CHEMBL_SYNTH,A46,B,synthetic binding assay,DOC6,IC50,=,4879.659379599412,nM,5.31
CHEMBLSYN00247,O=S(=O)(Cc1ccc2ccccc2c1)NCOCCO,CHEMBL_SYNTH,A47,B,synthetic binding assay,DOC7,IC50,=,64.08137444651958,nM,7.19
CHEMBLSYN00247,O=S(=O)(Cc1ccc2ccccc2c1)NCOCCO,CHEMBL_SYNTH,A47,B,synthetic binding assay,DOC7,IC50,=,188.75566811674727,nM,6.72
CHEMBLSYN00247,O=S(=O)(Cc1ccc2ccccc2c1)NCOCCO,CHEMBL_SYNTH,A47,B,synthetic binding assay,DOC7,IC50,=,242.36595720636646,nM,6.62
CHEMBLSYN00248,O=C(COCO)c1ccccc1,CHEMBL_SYNTH,A48,B,synthetic binding assay,DOC8,IC50,=,8547.033178967647,nM,5.07
CHEMBLSYN00249,FCc1ccccc1COc1ccccc1,CHEMBL_SYNTH,A49,B,synthetic binding assay,DOC9,IC50,=,25514.049760556827,nM,4.59
CHEMBLSYN00250,O=C(O)c1ccc2ccccc2c1,CHEMBL_SYNTH,A0,B,synthetic binding assay,DOC10,IC50,=,15279.340287849122,nM,4.82
CHEMBLSYN00251,CN(C)Cc1cccc2ccccc12,CHEMBL_SYNTH,A1,B,synthetic binding assay,DOC11,IC50,=,10702.353232613777,nM,4.97
CHEMBLSYN00252,CCOCCC1CCCCC1,CHEMBL_SYNTH,A2,B,synthetic binding assay,DOC12,IC50,=,26278.520927047037,nM,4.58
CHEMBLSYN00253,O=C(COCCCBr)c1ccccc1,CHEMBL_SYNTH,A3,B,synthetic binding assay,DOC13,IC50,=,33376.569372107726,nM,4.48
CHEMBLSYN00253,O=C(COCCCBr)c1ccccc1,CHEMBL_SYNTH,A3,B,synthetic binding assay,DOC13,IC50,=,60108.94131036246,nM,4.22
CHEMBLSYN00254,NCCNC1CCCCC1,CHEMBL_SYNTH,A4,B,synthetic binding assay,DOC14,IC50,=,429538.3121711393,nM,3.37
CHEMBLSYN00254,NCCNC1CCCCC1,CHEMBL_SYNTH,A4,B,synthetic binding assay,DOC14,IC50,=,101671.7263027177,nM,3.99
CHEMBLSYN00255,NCCOC(=O)C1CCCNC1,CHEMBL_SYNTH,A5,B,synthetic binding assay,DOC15,IC50,=,26781.65447717998,nM,4.57
CHEMBLSYN00255,NCCOC(=O)C1CCCNC1,CHEMBL_SYNTH,A5,B,synthetic binding assay,DOC15,IC50,=,29519.215159146035,nM,4.53
CHEMBLSYN00256,CCNCCC1CCCO1,CHEMBL_SYNTH,A6,B,synthetic binding assay,DOC16,IC50,=,17321.123202497958,nM,4.76
CHEMBLSYN00257,FCc1cccs1,CHEMBL_SYNTH,A7,B,synthetic binding assay,DOC17,IC50,=,28227.650740153083,nM,4.55
CHEMBLSYN00258,OCCNCCc1cccs1,CHEMBL_SYNTH,A8,B,synthetic binding assay,DOC18,IC50,=,21689.872295659028,nM,4.66
CHEMBLSYN00258,OCCNCCc1cccs1,CHEMBL_SYNTH,A8,B,synthetic binding assay,DOC18,IC50,=,12158.513556265967,nM,4.92
CHEMBLSYN00258,OCCNCCc1cccs1,CHEMBL_SYNTH,A8,B,synthetic binding assay,DOC18,IC50,=,56756.80965440737,nM,4.25
CHEMBLSYN00259,O=S(=O)(CC1CCCCC1)NCCc1ccccc1,CHEMBL_SYNTH,A9,B,synthetic binding assay,DOC19,IC50,=,82.19836131807853,nM,7.09
CHEMBLSYN00259,O=S(=O)(CC1CCCCC1)NCCc1ccccc1,CHEMBL_SYNTH,A9,B,synthetic binding assay,DOC19,IC50,=,277.2586681569396,nM,6.56
CHEMBLSYN00259,O=S(=O)(CC1CCCCC1)NCCc1ccccc1,CHEMBL_SYNTH,A9,B,synthetic binding assay,DOC19,IC50,=,25.753892870070846,nM,7.59
CHEMBLSYN00260,ClCOCCc1ccc2ccccc2c1,CHEMBL_SYNTH,A10,B,synthetic binding assay,DOC0,IC50,=,24245.59417500222,nM,4.62
CHEMBLSYN00261,CCc1ccccc1CNCCC1CCCNC1,CHEMBL_SYNTH,A11,B,synthetic binding assay,DOC1,IC50,=,15998.200860848741,nM,4.8
CHEMBLSYN00262,CCCOCC(=O)c1ccccc1,CHEMBL_SYNTH,A12,B,synthetic binding assay,DOC2,IC50,=,6067.457457093407,nM,5.22
CHEMBLSYN00263,CC(CCc1ccccc1)Cc1cccnc1,CHEMBL_SYNTH,A13,B,synthetic binding assay,DOC3,IC50,=,9293.550470784778,nM,5.03
CHEMBLSYN00263,CC(CCc1ccccc1)Cc1cccnc1,CHEMBL_SYNTH,A13,B,synthetic binding assay,DOC3,IC50,=,26546.090901327025,nM,4.58
CHEMBLSYN00263,CC(CCc1ccccc1)Cc1cccnc1,CHEMBL_SYNTH,A13,B,synthetic binding assay,DOC3,IC50,=,12159.784081981667,nM,4.92
CHEMBLSYN00264,O=C(CBr)c1ccccc1,CHEMBL_SYNTH,A14,B,synthetic binding assay,DOC4,IC50,=,93903.47105302232,nM,4.03
CHEMBLSYN00265,CC(CCCOCN(C)C)CNC1CCCCC1,CHEMBL_SYNTH,A15,B,synthetic binding assay,DOC5,IC50,=,16843.65050328992,nM,4.77
CHEMBLSYN00265,CC(CCCOCN(C)C)CNC1CCCCC1,CHEMBL_SYNTH,A15,B,synthetic binding assay,DOC5,IC50,=,22102.223692649375,nM,4.66
CHEMBLSYN00265,CC(CCCOCN(C)C)CNC1CCCCC1,CHEMBL_SYNTH,A15,B,synthetic binding assay,DOC5,IC50,=,111508.40497520803,nM,3.95
CHEMBLSYN00266,CC(C)COC(=O)Oc1ccccc1,CHEMBL_SYNTH,A16,B,synthetic binding assay,DOC6,IC50,=,7329.460164914912,nM,5.13
CHEMBLSYN00267,CC(C)CNS(=O)(=O)Cc1ccc2ccccc2c1,CHEMBL_SYNTH,A17,B,synthetic binding assay,DOC7,IC50,=,120.6787687377961,nM,6.92
CHEMBLSYN00267,CC(C)CNS(=O)(=O)Cc1ccc2ccccc2c1,CHEMBL_SYNTH,A17,B,synthetic binding assay,DOC7,IC50,=,33.628578677658815,nM,7.47
CHEMBLSYN00267,CC(C)CNS(=O)(=O)Cc1ccc2ccccc2c1,CHEMBL_SYNTH,A17,B,synthetic binding assay,DOC7,IC50,=,92.89107152881446,nM,7.03
CHEMBLSYN00268,c1ccc(CNC2CCCCC2)cc1,CHEMBL_SYNTH,A18,B,synthetic binding assay,DOC8,IC50,=,10059.649379538241,nM,5.0
CHEMBLSYN00269,CCCOCc1cccc2[nH]ccc12,CHEMBL_SYNTH,A19,B,synthetic binding assay,DOC9,IC50,=,7500.587721176315,nM,5.12
CHEMBLSYN00270,O=S(=O)(CC1CCCO1)NCOCc1ccccc1,CHEMBL_SYNTH,A20,B,synthetic binding assay,DOC10,IC50,=,135.52511710775272,nM,6.87
CHEMBLSYN00270,O=S(=O)(CC1CCCO1)NCOCc1ccccc1,CHEMBL_SYNTH,A20,B,synthetic binding assay,DOC10,IC50,=,258.3208598156525,nM,6.59
CHEMBLSYN00270,O=S(=O)(CC1CCCO1)NCOCc1ccccc1,CHEMBL_SYNTH,A20,B,synthetic binding assay,DOC10,IC50,=,71.2137769303214,nM,7.15
CHEMBLSYN00271,NCCOC(=O)NC1CCCCC1,CHEMBL_SYNTH,A21,B,synthetic binding assay,DOC11,IC50,=,11492.998372126778,nM,4.94
CHEMBLSYN00271,NCCOC(=O)NC1CCCCC1,CHEMBL_SYNTH,A21,B,synthetic binding assay,DOC11,IC50,=,35361.026608003514,nM,4.45
CHEMBLSYN00271,NCCOC(=O)NC1CCCCC1,CHEMBL_SYNTH,A21,B,synthetic binding assay,DOC11,IC50,=,44198.69366865194,nM,4.35
CHEMBLSYN00272,OCc1ccccc1CNc1ccccc1,CHEMBL_SYNTH,A22,B,synthetic binding assay,DOC12,IC50,=,16020.906932432907,nM,4.8
CHEMBLSYN00273,CCCOc1ccccc1,CHEMBL_SYNTH,A23,B,synthetic binding assay,DOC13,IC50,=,319600.15938716853,nM,3.5
CHEMBLSYN00273,CCCOc1ccccc1,CHEMBL_SYNTH,A23,B,synthetic binding assay,DOC13,IC50,=,46332.55280685665,nM,4.33
CHEMBLSYN00274,NS(=O)(=O)CCCc1ccco1,CHEMBL_SYNTH,A24,B,synthetic binding assay,DOC14,IC50,=,225.69322409104677,nM,6.65
CHEMBLSYN00274,NS(=O)(=O)CCCc1ccco1,CHEMBL_SYNTH,A24,B,synthetic binding assay,DOC14,IC50,=,48.09218603957654,nM,7.32
CHEMBLSYN00275,NS(=O)(=O)COCCc1cccc2ccccc12,CHEMBL_SYNTH,A25,B,synthetic binding assay,DOC15,IC50,=,124.30818238714745,nM,6.91
CHEMBLSYN00276,CC(C)Cc1ccccc1CC1CCCO1,CHEMBL_SYNTH,A26,B,synthetic binding assay,DOC16,IC50,=,70156.36246943074,nM,4.15
CHEMBLSYN00276,CC(C)Cc1ccccc1CC1CCCO1,CHEMBL_SYNTH,A26,B,synthetic binding assay,DOC16,IC50,=,34796.25217240854,nM,4.46
CHEMBLSYN00277,FCNC1CCCCC1,CHEMBL_SYNTH,A27,B,synthetic binding assay,DOC17,IC50,=,97132.23207645472,nM,4.01
CHEMBLSYN00278,CCCCNC1CCCCC1,CHEMBL_SYNTH,A28,B,synthetic binding assay,DOC18,IC50,=,25424.328855436925,nM,4.59
CHEMBLSYN00279,NS(=O)(=O)CNc1ccccc1,CHEMBL_SYNTH,A29,B,synthetic binding assay,DOC19,IC50,=,118.29024743986564,nM,6.93
CHEMBLSYN00279,NS(=O)(=O)CNc1ccccc1,CHEMBL_SYNTH,A29,B,synthetic binding assay,DOC19,IC50,=,89.32388725297481,nM,7.05
CHEMBLSYN00280,CCNc1ccccc1,CHEMBL_SYNTH,A30,B,synthetic binding assay,DOC0,IC50,=,48624.510075536535,nM,4.31
CHEMBLSYN00281,NS(=O)(=O)COCOc1ccccc1,CHEMBL_SYNTH,A31,B,synthetic binding assay,DOC1,IC50,=,27.23295946672323,nM,7.56
CHEMBLSYN00282,NS(=O)(=O)CNS(=O)(=O)Cc1ccccc1CC1CCCO1,CHEMBL_SYNTH,A32,B,synthetic binding assay,DOC2,IC50,=,69.74956007015938,nM,7.16
CHEMBLSYN00282,NS(=O)(=O)CNS(=O)(=O)Cc1ccccc1CC1CCCO1,CHEMBL_SYNTH,A32,B,synthetic binding assay,DOC2,IC50,=,38.92201063108821,nM,7.41
CHEMBLSYN00282,NS(=O)(=O)CNS(=O)(=O)Cc1ccccc1CC1CCCO1,CHEMBL_SYNTH,A32,B,synthetic binding assay,DOC2,IC50,=,40.55887133229957,nM,7.39
CHEMBLSYN00283,CC(CC(=O)O)CC1CCCNC1,CHEMBL_SYNTH,A33,B,synthetic binding assay,DOC3,IC50,=,52778.905694190486,nM,4.28
CHEMBLSYN00283,CC(CC(=O)O)CC1CCCNC1,CHEMBL_SYNTH,A33,B,synthetic binding assay,DOC3,IC50,=,14859.721179680964,nM,4.83
CHEMBLSYN00283,CC(CC(=O)O)CC1CCCNC1,CHEMBL_SYNTH,A33,B,synthetic binding assay,DOC3,IC50,=,18211.956751430625,nM,4.74
CHEMBLSYN00284,CN(CCc1ccccc1)Cc1ccccc1,CHEMBL_SYNTH,A34,B,synthetic binding assay,DOC4,IC50,=,18816.57486516612,nM,4.73
CHEMBLSYN00284,CN(CCc1ccccc1)Cc1ccccc1,CHEMBL_SYNTH,A34,B,synthetic binding assay,DOC4,IC50,=,36264.134152130086,nM,4.44
CHEMBLSYN00285,O=C(OCc1ccccc1)C1CCCNC1,CHEMBL_SYNTH,A35,B,synthetic binding assay,DOC5,IC50,=,37216.68068607547,nM,4.43
CHEMBLSYN00286,NS(=O)(=O)CNCCNC1CCCCC1,CHEMBL_SYNTH,A36,B,synthetic binding assay,DOC6,IC50,=,30.604071461495902,nM,7.51
CHEMBLSYN00287,CCCOCCN(C)Cc1ccc2ccccc2c1,CHEMBL_SYNTH,A37,B,synthetic binding assay,DOC7,IC50,=,3366.7911206066406,nM,5.47
CHEMBLSYN00288,COCCCCOCC1CCCNC1,CHEMBL_SYNTH,A38,B,synthetic binding assay,DOC8,IC50,=,53957.381147620916,nM,4.27
CHEMBLSYN00289,CCc1cccnc1,CHEMBL_SYNTH,A39,B,synthetic binding assay,DOC9,IC50,=,15353.971032447664,nM,4.81
CHEMBLSYN00290,COCCCC1CCCO1,CHEMBL_SYNTH,A40,B,synthetic binding assay,DOC10,IC50,=,35196.62421116673,nM,4.45
CHEMBLSYN00290,COCCCC1CCCO1,CHEMBL_SYNTH,A40,B,synthetic binding assay,DOC10,IC50,=,12191.50609954049,nM,4.91
CHEMBLSYN00290,COCCCC1CCCO1,CHEMBL_SYNTH,A40,B,synthetic binding assay,DOC10,IC50,=,16775.469242056875,nM,4.78
CHEMBLSYN00291,CC1CCCNC1,CHEMBL_SYNTH,A41,B,synthetic binding assay,DOC11,IC50,=,9461.277492841953,nM,5.02
CHEMBLSYN00292,CN(C)CC1CCCO1,CHEMBL_SYNTH,A42,B,synthetic binding assay,DOC12,IC50,=,329544.37624762236,nM,3.48
CHEMBLSYN00292,CN(C)CC1CCCO1,CHEMBL_SYNTH,A42,B,synthetic binding assay,DOC12,IC50,=,43695.13357632091,nM,4.36
CHEMBLSYN00292,CN(C)CC1CCCO1,CHEMBL_SYNTH,A42,B,synthetic binding assay,DOC12,IC50,=,62412.86046084244,nM,4.2
CHEMBLSYN00293,CN(CCF)COc1ccccc1,CHEMBL_SYNTH,A43,B,synthetic binding assay,DOC13,IC50,=,27745.66054156413,nM,4.56
CHEMBLSYN00293,CN(CCF)COc1ccccc1,CHEMBL_SYNTH,A43,B,synthetic binding assay,DOC13,IC50,=,48926.743699519444,nM,4.31
CHEMBLSYN00294,CC(C)CCc1ccccc1,CHEMBL_SYNTH,A44,B,synthetic binding assay,DOC14,IC50,=,45330.470108298716,nM,4.34
CHEMBLSYN00294,CC(C)CCc1ccccc1,CHEMBL_SYNTH,A44,B,synthetic binding assay,DOC14,IC50,=,13404.668305447112,nM,4.87
CHEMBLSYN00294,CC(C)CCc1ccccc1,CHEMBL_SYNTH,A44,B,synthetic binding assay,DOC14,IC50,=,4357.413175425883,nM,5.36
CHEMBLSYN00295,CCNS(=O)(=O)CCCNC1CCCCC1,CHEMBL_SYNTH,A45,B,synthetic binding assay,DOC15,IC50,=,850.2217810107587,nM,6.07
CHEMBLSYN00296,OCCCOCNc1ccccc1,CHEMBL_SYNTH,A46,B,synthetic binding assay,DOC16,IC50,=,33433.358302189874,nM,4.48
CHEMBLSYN00297,NS(=O)(=O)COCCOCc1ccccc1,CHEMBL_SYNTH,A47,B,synthetic binding assay,DOC17,IC50,=,47.33457512434724,nM,7.32
CHEMBLSYN00297,NS(=O)(=O)COCCOCc1ccccc1,CHEMBL_SYNTH,A47,B,synthetic binding assay,DOC17,IC50,=,62.821276985790135,nM,7.2
CHEMBLSYN00298,CC(C)CNC1CCCCC1,CHEMBL_SYNTH,A48,B,synthetic binding assay,DOC18,IC50,=,34518.66841401445,nM,4.46
CHEMBLSYN00299,ClCCCCNCCc1ccccc1,CHEMBL_SYNTH,A49,B,synthetic binding assay,DOC19,IC50,=,87374.96636314115,nM,4.06
CHEMBLSYN00300,O=C(O)Cc1cccc2ccccc12,CHEMBL_SYNTH,A0,B,synthetic binding assay,DOC0,IC50,=,59850.65982480164,nM,4.22
CHEMBLSYN00300,O=C(O)Cc1cccc2ccccc12,CHEMBL_SYNTH,A0,B,synthetic binding assay,DOC0,IC50,=,12882.709410545229,nM,4.89
CHEMBLSYN00300,O=C(O)Cc1cccc2ccccc12,CHEMBL_SYNTH,A0,B,synthetic binding assay,DOC0,IC50,=,9325.991512633582,nM,5.03
CHEMBLSYN00301,CN(C)CCCCOCc1ccc2ccccc2c1,CHEMBL_SYNTH,A1,B,synthetic binding assay,DOC1,IC50,=,22978.949289830027,nM,4.64
CHEMBLSYN00301,CN(C)CCCCOCc1ccc2ccccc2c1,CHEMBL_SYNTH,A1,B,synthetic binding assay,DOC1,IC50,=,54258.64551037341,nM,4.27
CHEMBLSYN00301,CN(C)CCCCOCc1ccc2ccccc2c1,CHEMBL_SYNTH,A1,B,synthetic binding assay,DOC1,IC50,=,22999.35264095773,nM,4.64
CHEMBLSYN00302,O=C(O)OCCOc1ccccc1,CHEMBL_SYNTH,A2,B,synthetic binding assay,DOC2,IC50,=,31334.0052033438,nM,4.5
CHEMBLSYN00303,COc1ccccc1,CHEMBL_SYNTH,A3,B,synthetic binding assay,DOC3,IC50,=,15197.010095466743,nM,4.82
CHEMBLSYN00304,CN(C)CCOCCCCc1ccccc1,CHEMBL_SYNTH,A4,B,synthetic binding assay,DOC4,IC50,=,22525.806696394575,nM,4.65
CHEMBLSYN00305,NS(=O)(=O)COCCc1ccc2ccccc2c1,CHEMBL_SYNTH,A5,B,synthetic binding assay,DOC5,IC50,=,111.87055851826601,nM,6.95
CHEMBLSYN00306,c1ccc(Cc2cccc3ccccc23)cc1,CHEMBL_SYNTH,A6,B,synthetic binding assay,DOC6,IC50,=,21073.21382624026,nM,4.68
CHEMBLSYN00307,COCNS(=O)(=O)CNC1CCCCC1,CHEMBL_SYNTH,A7,B,synthetic binding assay,DOC7,IC50,=,186.96567141852162,nM,6.73
CHEMBLSYN00307,COCNS(=O)(=O)CNC1CCCCC1,CHEMBL_SYNTH,A7,B,synthetic binding assay,DOC7,IC50,=,29.64798842751982,nM,7.53
CHEMBLSYN00308,CN(CNS(=O)(=O)CC(=O)c1ccccc1)CC(=O)O,CHEMBL_SYNTH,A8,B,synthetic binding assay,DOC8,IC50,=,21.23566713637769,nM,7.67
CHEMBLSYN00309,BrCCOCC1CCCNC1,CHEMBL_SYNTH,A9,B,synthetic binding assay,DOC9,IC50,=,74370.65861158325,nM,4.13
CHEMBLSYN00309,BrCCOCC1CCCNC1,CHEMBL_SYNTH,A9,B,synthetic binding assay,DOC9,IC50,=,17044.38023157331,nM,4.77
CHEMBLSYN00310,O=C(O)NS(=O)(=O)CCC(=O)c1ccccc1,CHEMBL_SYNTH,A10,B,synthetic binding assay,DOC10,IC50,=,157.21895430259312,nM,6.8
CHEMBLSYN00311,CCC1CCCNC1,CHEMBL_SYNTH,A11,B,synthetic binding assay,DOC11,IC50,=,9361.086443543245,nM,5.03
CHEMBLSYN00312,OCC1CCCO1,CHEMBL_SYNTH,A12,B,synthetic binding assay,DOC12,IC50,=,10923.267086528507,nM,4.96
CHEMBLSYN00313,CCCc1ccccc1CNS(=O)(=O)CC1CCCO1,CHEMBL_SYNTH,A13,B,synthetic binding assay,DOC13,IC50,=,77.99580736407424,nM,7.11
CHEMBLSYN00313,CCCc1ccccc1CNS(=O)(=O)CC1CCCO1,CHEMBL_SYNTH,A13,B,synthetic binding assay,DOC13,IC50,=,25.236348504708243,nM,7.6
CHEMBLSYN00313,CCCc1ccccc1CNS(=O)(=O)CC1CCCO1,CHEMBL_SYNTH,A13,B,synthetic binding assay,DOC13,IC50,=,93.8504722736766,nM,7.03
CHEMBLSYN00314,ClCCOCc1cccs1,CHEMBL_SYNTH,A14,B,synthetic binding assay,DOC14,IC50,=,45415.482505306674,nM,4.34
CHEMBLSYN00315,O=C(CCCOCCCO)c1ccccc1,CHEMBL_SYNTH,A15,B,synthetic binding assay,DOC15,IC50,=,42411.92237237196,nM,4.37
CHEMBLSYN00316,COCCc1cccc2[nH]ccc12,CHEMBL_SYNTH,A16,B,synthetic binding assay,DOC16,IC50,=,28598.306815397285,nM,4.54
CHEMBLSYN00316,COCCc1cccc2[nH]ccc12,CHEMBL_SYNTH,A16,B,synthetic binding assay,DOC16,IC50,=,33834.880694919695,nM,4.47
CHEMBLSYN00317,c1ccc(Cc2cccs2)cc1,CHEMBL_SYNTH,A17,B,synthetic binding assay,DOC17,IC50,=,21790.23958813157,nM,4.66
CHEMBLSYN00318,FCC1CCCCC1,CHEMBL_SYNTH,A18,B,synthetic binding assay,DOC18,IC50,=,44261.22379034873,nM,4.35
CHEMBLSYN00319,OCCOCc1ccccc1Cc1ccc2ccccc2c1,CHEMBL_SYNTH,A19,B,synthetic binding assay,DOC19,IC50,=,12419.998917322975,nM,4.91
CHEMBLSYN00320,NCCc1ccccc1Cc1ccccc1,CHEMBL_SYNTH,A20,B,synthetic binding assay,DOC0,IC50,=,9808.719149665783,nM,5.01
CHEMBLSYN00321,OCCCCNC1CCCCC1,CHEMBL_SYNTH,A21,B,synthetic binding assay,DOC1,IC50,=,39659.275065613816,nM,4.4
CHEMBLSYN00322,CCNCCCC(=O)c1ccccc1,CHEMBL_SYNTH,A22,B,synthetic binding assay,DOC2,IC50,=,93512.55089476975,nM,4.03
CHEMBLSYN00323,CC(CCCN)Cc1cccc2[nH]ccc12,CHEMBL_SYNTH,A23,B,synthetic binding assay,DOC3,IC50,=,12895.871765293823,nM,4.89
CHEMBLSYN00323,CC(CCCN)Cc1cccc2[nH]ccc12,CHEMBL_SYNTH,A23,B,synthetic binding assay,DOC3,IC50,=,8801.918729103265,nM,5.06
CHEMBLSYN00324,CCOC(=O)OCNc1ccccc1,CHEMBL_SYNTH,A24,B,synthetic binding assay,DOC4,IC50,=,29194.386795192393,nM,4.53
CHEMBLSYN00325,COCC1CCCCC1,CHEMBL_SYNTH,A25,B,synthetic binding assay,DOC5,IC50,=,82149.85911680947,nM,4.09
CHEMBLSYN00326,CCc1ccccc1,CHEMBL_SYNTH,A26,B,synthetic binding assay,DOC6,IC50,=,19646.9723032468,nM,4.71
CHEMBLSYN00326,CCc1ccccc1,CHEMBL_SYNTH,A26,B,synthetic binding assay,DOC6,IC50,=,6167.835018593966,nM,5.21
CHEMBLSYN00326,CCc1ccccc1,CHEMBL_SYNTH,A26,B,synthetic binding assay,DOC6,IC50,=,141426.4494447701,nM,3.85
CHEMBLSYN00327,CCCNS(=O)(=O)COCCc1ccc2ccccc2c1,CHEMBL_SYNTH,A27,B,synthetic binding assay,DOC7,IC50,=,40.62840020233813,nM,7.39
CHEMBLSYN00327,CCCNS(=O)(=O)COCCc1ccc2ccccc2c1,CHEMBL_SYNTH,A27,B,synthetic binding assay,DOC7,IC50,=,84.22748159309512,nM,7.07
CHEMBLSYN00327,CCCNS(=O)(=O)COCCc1ccc2ccccc2c1,CHEMBL_SYNTH,A27,B,synthetic binding assay,DOC7,IC50,=,138.7616686602016,nM,6.86
CHEMBLSYN00328,CCCNCCNC1CCCCC1,CHEMBL_SYNTH,A28,B,synthetic binding assay,DOC8,IC50,=,15875.23570990087,nM,4.8
CHEMBLSYN00329,NCCCCNS(=O)(=O)CNc1ccccc1,CHEMBL_SYNTH,A29,B,synthetic binding assay,DOC9,IC50,=,208.70456744138994,nM,6.68
CHEMBLSYN00330,ClCc1ccc2ccccc2c1,CHEMBL_SYNTH,A30,B,synthetic binding assay,DOC10,IC50,=,19108.302867356495,nM,4.72
CHEMBLSYN00331,COCOC(=O)c1ccc2ccccc2c1,CHEMBL_SYNTH,A31,B,synthetic binding assay,DOC11,IC50,=,7493.7020304567,nM,5.13
CHEMBLSYN00332,FCCOCc1ccc2ccccc2c1,CHEMBL_SYNTH,A32,B,synthetic binding assay,DOC12,IC50,=,21346.381193601752,nM,4.67
CHEMBLSYN00332,FCCOCc1ccc2ccccc2c1,CHEMBL_SYNTH,A32,B,synthetic binding assay,DOC12,IC50,=,56302.66751586702,nM,4.25
CHEMBLSYN00333,CC1CCCCC1,CHEMBL_SYNTH,A33,B,synthetic binding assay,DOC13,IC50,=,129337.20921226613,nM,3.89
CHEMBLSYN00333,CC1CCCCC1,CHEMBL_SYNTH,A33,B,synthetic binding assay,DOC13,IC50,=,81805.64494704579,nM,4.09
CHEMBLSYN00334,OCCOCc1ccccc1Cc1cccc2[nH]ccc12,CHEMBL_SYNTH,A34,B,synthetic binding assay,DOC14,IC50,=,136926.92397362116,nM,3.86
CHEMBLSYN00335,CCCCc1cccc2[nH]ccc12,CHEMBL_SYNTH,A35,B,synthetic binding assay,DOC15,IC50,=,5756.347823690498,nM,5.24
CHEMBLSYN00335,CCCCc1cccc2[nH]ccc12,CHEMBL_SYNTH,A35,B,synthetic binding assay,DOC15,IC50,=,31607.765918130877,nM,4.5
CHEMBLSYN00336,NS(=O)(=O)COCc1ccccc1Cc1cccnc1,CHEMBL_SYNTH,A36,B,synthetic binding assay,DOC16,IC50,=,165.22113899468275,nM,6.78
CHEMBLSYN00337,OCCOCOc1ccccc1,CHEMBL_SYNTH,A37,B,synthetic binding assay,DOC17,IC50,=,83039.26266581668,nM,4.08
CHEMBLSYN00338,CC(CCBr)CC(=O)c1ccccc1,CHEMBL_SYNTH,A38,B,synthetic binding assay,DOC18,IC50,=,67127.13716744247,nM,4.17
CHEMBLSYN00339,CN(CCS(N)(=O)=O)Cc1ccccc1,CHEMBL_SYNTH,A39,B,synthetic binding assay,DOC19,IC50,=,85.96806443163135,nM,7.07
CHEMBLSYN00340,NS(=O)(=O)CNCCC(=O)c1ccccc1,CHEMBL_SYNTH,A40,B,synthetic binding assay,DOC0,IC50,=,205.61000600060424,nM,6.69
CHEMBLSYN00340,NS(=O)(=O)CNCCC(=O)c1ccccc1,CHEMBL_SYNTH,A40,B,synthetic binding assay,DOC0,IC50,=,13.473392520841143,nM,7.87
CHEMBLSYN00341,OCNCCc1cccc2[nH]ccc12,CHEMBL_SYNTH,A41,B,synthetic binding assay,DOC1,IC50,=,49998.35967224144,nM,4.3
CHEMBLSYN00341,OCNCCc1cccc2[nH]ccc12,CHEMBL_SYNTH,A41,B,synthetic binding assay,DOC1,IC50,=,51645.57980930976,nM,4.29
CHEMBLSYN00341,OCNCCc1cccc2[nH]ccc12,CHEMBL_SYNTH,A41,B,synthetic binding assay,DOC1,IC50,=,18918.937049195647,nM,4.72
CHEMBLSYN00342,CC(C)CCN(C)Cc1cccnc1,CHEMBL_SYNTH,A42,B,synthetic binding assay,DOC2,IC50,=,6603.379505751695,nM,5.18
CHEMBLSYN00343,COCCN(C)Cc1ccccc1,CHEMBL_SYNTH,A43,B,synthetic binding assay,DOC3,IC50,=,7420.096965258184,nM,5.13
CHEMBLSYN00343,COCCN(C)Cc1ccccc1,CHEMBL_SYNTH,A43,B,synthetic binding assay,DOC3,IC50,=,39366.583989990686,nM,4.4
CHEMBLSYN00344,O=S(=O)(CNc1ccccc1)NCOCCO,CHEMBL_SYNTH,A44,B,synthetic binding assay,DOC4,IC50,=,49.86878543602882,nM,7.3
CHEMBLSYN00345,O=C(NS(=O)(=O)Cc1cccc2[nH]ccc12)OCF,CHEMBL_SYNTH,A45,B,synthetic binding assay,DOC5,IC50,=,54.98975949049306,nM,7.26
CHEMBLSYN00346,NS(=O)(=O)Cc1ccccc1CCCC1CCCO1,CHEMBL_SYNTH,A46,B,synthetic binding assay,DOC6,IC50,=,38.72952792527026,nM,7.41
CHEMBLSYN00347,CCCCNS(=O)(=O)CC1CCCO1,CHEMBL_SYNTH,A47,B,synthetic binding assay,DOC7,IC50,=,49.85608204996012,nM,7.3
CHEMBLSYN00347,CCCCNS(=O)(=O)CC1CCCO1,CHEMBL_SYNTH,A47,B,synthetic binding assay,DOC7,IC50,=,150.49821643496878,nM,6.82
CHEMBLSYN00348,O=C(O)OCc1cccc2[nH]ccc12,CHEMBL_SYNTH,A48,B,synthetic binding assay,DOC8,IC50,=,80181.84558885345,nM,4.1
CHEMBLSYN00349,FCCCc1ccccc1Cc1cccc2ccccc12,CHEMBL_SYNTH,A49,B,synthetic binding assay,DOC9,IC50,=,21366.716178044055,nM,4.67
CHEMBLSYN00350,COCCc1ccco1,CHEMBL_SYNTH,A0,B,synthetic binding assay,DOC10,IC50,=,74716.28099913664,nM,4.13
CHEMBLSYN00351,FCc1cccnc1,CHEMBL_SYNTH,A1,B,synthetic binding assay,DOC11,IC50,=,7156.664274879507,nM,5.15
CHEMBLSYN00352,COC(=O)c1cccnc1,CHEMBL_SYNTH,A2,B,synthetic binding assay,DOC12,IC50,=,24211.855612517218,nM,4.62
CHEMBLSYN00353,FCNCCc1cccnc1,CHEMBL_SYNTH,A3,B,synthetic binding assay,DOC13,IC50,=,64629.53408269182,nM,4.19
CHEMBLSYN00354,NCCNCCOC(=O)c1ccco1,CHEMBL_SYNTH,A4,B,synthetic binding assay,DOC14,IC50,=,33779.556305131875,nM,4.47
CHEMBLSYN00355,FCCOCOCCNC1CCCCC1,CHEMBL_SYNTH,A5,B,synthetic binding assay,DOC15,IC50,=,40079.557296423925,nM,4.4
CHEMBLSYN00356,CCCC(C)CNC1CCCCC1,CHEMBL_SYNTH,A6,B,synthetic binding assay,DOC16,IC50,=,28346.270572775262,nM,4.55
CHEMBLSYN00356,CCCC(C)CNC1CCCCC1,CHEMBL_SYNTH,A6,B,synthetic binding assay,DOC16,IC50,=,10511.397510191158,nM,4.98
CHEMBLSYN00357,COCNS(=O)(=O)Cc1ccccc1,CHEMBL_SYNTH,A7,B,synthetic binding assay,DOC17,IC50,=,238.65534915568466,nM,6.62
CHEMBLSYN00358,CC(CCS(N)(=O)=O)CC1CCCO1,CHEMBL_SYNTH,A8,B,synthetic binding assay,DOC18,IC50,=,352.3957760082614,nM,6.45
CHEMBLSYN00358,CC(CCS(N)(=O)=O)CC1CCCO1,CHEMBL_SYNTH,A8,B,synthetic binding assay,DOC18,IC50,=,46.21464472980351,nM,7.34
CHEMBLSYN00359,O=S(=O)(CCCC1CCCO1)NCO,CHEMBL_SYNTH,A9,B,synthetic binding assay,DOC19,IC50,=,74.28705588944294,nM,7.13
CHEMBLSYN00360,c1ccc(CCC2CCCCC2)cc1,CHEMBL_SYNTH,A10,B,synthetic binding assay,DOC0,IC50,=,21612.74775373398,nM,4.67
CHEMBLSYN00361,CC(C)CC1CCCCC1,CHEMBL_SYNTH,A11,B,synthetic binding assay,DOC1,IC50,=,16679.436927213803,nM,4.78
CHEMBLSYN00361,CC(C)CC1CCCCC1,CHEMBL_SYNTH,A11,B,synthetic binding assay,DOC1,IC50,=,29676.95587455006,nM,4.53
CHEMBLSYN00362,CCOC(=O)OC(=O)c1ccccc1,CHEMBL_SYNTH,A12,B,synthetic binding assay,DOC2,IC50,=,12026.080461499552,nM,4.92
CHEMBLSYN00362,CCOC(=O)OC(=O)c1ccccc1,CHEMBL_SYNTH,A12,B,synthetic binding assay,DOC2,IC50,=,57174.26733160833,nM,4.24
CHEMBLSYN00362,CCOC(=O)OC(=O)c1ccccc1,CHEMBL_SYNTH,A12,B,synthetic binding assay,DOC2,IC50,=,23672.763660279194,nM,4.63
CHEMBLSYN00363,CNCCc1cccnc1,CHEMBL_SYNTH,A13,B,synthetic binding assay,DOC3,IC50,=,53988.9403718645,nM,4.27
CHEMBLSYN00363,CNCCc1cccnc1,CHEMBL_SYNTH,A13,B,synthetic binding assay,DOC3,IC50,=,71115.17242652495,nM,4.15
CHEMBLSYN00364,FCc1ccccc1Cc1cccnc1,CHEMBL_SYNTH,A14,B,synthetic binding assay,DOC4,IC50,=,14250.1828266099,nM,4.85
CHEMBLSYN00365,O=C(OCCCCCO)c1ccccc1,CHEMBL_SYNTH,A15,B,synthetic binding assay,DOC5,IC50,=,14872.32074873829,nM,4.83
CHEMBLSYN00365,O=C(OCCCCCO)c1ccccc1,CHEMBL_SYNTH,A15,B,synthetic binding assay,DOC5,IC50,=,150242.2338906662,nM,3.82
CHEMBLSYN00365,O=C(OCCCCCO)c1ccccc1,CHEMBL_SYNTH,A15,B,synthetic binding assay,DOC5,IC50,=,70599.18647419955,nM,4.15
CHEMBLSYN00366,CC(C)CCN(C)COCc1cccnc1,CHEMBL_SYNTH,A16,B,synthetic binding assay,DOC6,IC50,=,19195.802280721386,nM,4.72
CHEMBLSYN00366,CC(C)CCN(C)COCc1cccnc1,CHEMBL_SYNTH,A16,B,synthetic binding assay,DOC6,IC50,=,9373.616516767977,nM,5.03
CHEMBLSYN00366,CC(C)CCN(C)COCc1cccnc1,CHEMBL_SYNTH,A16,B,synthetic binding assay,DOC6,IC50,=,46385.701477092385,nM,4.33
CHEMBLSYN00367,CN(CCCOCBr)COc1ccccc1,CHEMBL_SYNTH,A17,B,synthetic binding assay,DOC7,IC50,=,29752.540028080526,nM,4.53
CHEMBLSYN00367,CN(CCCOCBr)COc1ccccc1,CHEMBL_SYNTH,A17,B,synthetic binding assay,DOC7,IC50,=,92329.10991914984,nM,4.03
CHEMBLSYN00368,CN(C)COCCc1ccccc1CC1CCCCC1,CHEMBL_SYNTH,A18,B,synthetic binding assay,DOC8,IC50,=,2486.9980615051386,nM,5.6
CHEMBLSYN00368,CN(C)COCCc1ccccc1CC1CCCCC1,CHEMBL_SYNTH,A18,B,synthetic binding assay,DOC8,IC50,=,16216.2909556177,nM,4.79
CHEMBLSYN00368,CN(C)COCCc1ccccc1CC1CCCCC1,CHEMBL_SYNTH,A18,B,synthetic binding assay,DOC8,IC50,=,11019.319033300211,nM,4.96
CHEMBLSYN00369,CCN(C)Cc1ccco1,CHEMBL_SYNTH,A19,B,synthetic binding assay,DOC9,IC50,=,13702.242571389957,nM,4.86
CHEMBLSYN00370,CCOCCOCc1cccs1,CHEMBL_SYNTH,A20,B,synthetic binding assay,DOC10,IC50,=,10634.144003240435,nM,4.97
CHEMBLSYN00371,O=C(O)NS(=O)(=O)Cc1cccs1,CHEMBL_SYNTH,A21,B,synthetic binding assay,DOC11,IC50,=,36.03851099215053,nM,7.44
CHEMBLSYN00372,CN(C)Cc1cccc2[nH]ccc12,CHEMBL_SYNTH,A22,B,synthetic binding assay,DOC12,IC50,=,34203.8518569431,nM,4.47
CHEMBLSYN00373,FCNc1ccccc1,CHEMBL_SYNTH,A23,B,synthetic binding assay,DOC13,IC50,=,12658.863175811932,nM,4.9
CHEMBLSYN00373,FCNc1ccccc1,CHEMBL_SYNTH,A23,B,synthetic binding assay,DOC13,IC50,=,23353.07240808815,nM,4.63
CHEMBLSYN00373,FCNc1ccccc1,CHEMBL_SYNTH,A23,B,synthetic binding assay,DOC13,IC50,=,7609.73573943264,nM,5.12
CHEMBLSYN00374,CCOCCc1ccccc1Cc1cccnc1,CHEMBL_SYNTH,A24,B,synthetic binding assay,DOC14,IC50,=,49456.01698149236,nM,4.31
CHEMBLSYN00374,CCOCCc1ccccc1Cc1cccnc1,CHEMBL_SYNTH,A24,B,synthetic binding assay,DOC14,IC50,=,41352.73410458791,nM,4.38
CHEMBLSYN00374,CCOCCc1ccccc1Cc1cccnc1,CHEMBL_SYNTH,A24,B,synthetic binding assay,DOC14,IC50,=,13662.756056632468,nM,4.86
CHEMBLSYN00375,NCCc1ccccc1CC1CCCNC1,CHEMBL_SYNTH,A25,B,synthetic binding assay,DOC15,IC50,=,7729.329583120829,nM,5.11
CHEMBLSYN00375,NCCc1ccccc1CC1CCCNC1,CHEMBL_SYNTH,A25,B,synthetic binding assay,DOC15,IC50,=,21975.33313535538,nM,4.66
CHEMBLSYN00375,NCCc1ccccc1CC1CCCNC1,CHEMBL_SYNTH,A25,B,synthetic binding assay,DOC15,IC50,=,48418.47413388745,nM,4.31
CHEMBLSYN00376,CC(CCS(N)(=O)=O)COCC1CCCCC1,CHEMBL_SYNTH,A26,B,synthetic binding assay,DOC16,IC50,=,70.40157073756328,nM,7.15
CHEMBLSYN00377,O=C(NS(=O)(=O)COc1ccccc1)OCO,CHEMBL_SYNTH,A27,B,synthetic binding assay,DOC17,IC50,=,99.83656533715697,nM,7.0
CHEMBLSYN00377,O=C(NS(=O)(=O)COc1ccccc1)OCO,CHEMBL_SYNTH,A27,B,synthetic binding assay,DOC17,IC50,=,10.996765599050956,nM,7.96
CHEMBLSYN00378,COCNS(=O)(=O)CNCCC1CCCNC1,CHEMBL_SYNTH,A28,B,synthetic binding assay,DOC18,IC50,=,27.575052003372573,nM,7.56
CHEMBLSYN00378,COCNS(=O)(=O)CNCCC1CCCNC1,CHEMBL_SYNTH,A28,B,synthetic binding assay,DOC18,IC50,=,19.68896104684519,nM,7.71
CHEMBLSYN00378,COCNS(=O)(=O)CNCCC1CCCNC1,CHEMBL_SYNTH,A28,B,synthetic binding assay,DOC18,IC50,=,47.79496003242784,nM,7.32
CHEMBLSYN00379,NCCOC(=O)c1cccc2ccccc12,CHEMBL_SYNTH,A29,B,synthetic binding assay,DOC19,IC50,=,41884.102303588734,nM,4.38
CHEMBLSYN00379,NCCOC(=O)c1cccc2ccccc12,CHEMBL_SYNTH,A29,B,synthetic binding assay,DOC19,IC50,=,8525.003033132367,nM,5.07
CHEMBLSYN00380,CN(C)COCCC1CCCO1,CHEMBL_SYNTH,A30,B,synthetic binding assay,DOC0,IC50,=,5475.454653221705,nM,5.26
CHEMBLSYN00381,COCCOCC(=O)c1ccccc1,CHEMBL_SYNTH,A31,B,synthetic binding assay,DOC1,IC50,=,14696.579939768271,nM,4.83
CHEMBLSYN00382,O=S(=O)(Cc1ccccc1)NCOCCCO,CHEMBL_SYNTH,A32,B,synthetic binding assay,DOC2,IC50,=,64.52097588976405,nM,7.19
CHEMBLSYN00383,CC(C)COCCN(C)Cc1cccc2ccccc12,CHEMBL_SYNTH,A33,B,synthetic binding assay,DOC3,IC50,=,9281.335845565005,nM,5.03
CHEMBLSYN00383,CC(C)COCCN(C)Cc1cccc2ccccc12,CHEMBL_SYNTH,A33,B,synthetic binding assay,DOC3,IC50,=,35354.60101408971,nM,4.45
CHEMBLSYN00383,CC(C)COCCN(C)Cc1cccc2ccccc12,CHEMBL_SYNTH,A33,B,synthetic binding assay,DOC3,IC50,=,12421.778050850147,nM,4.91
CHEMBLSYN00384,CN(C)CNS(=O)(=O)Cc1ccccc1,CHEMBL_SYNTH,A34,B,synthetic binding assay,DOC4,IC50,=,121.5160619226664,nM,6.92
CHEMBLSYN00384,CN(C)CNS(=O)(=O)Cc1ccccc1,CHEMBL_SYNTH,A34,B,synthetic binding assay,DOC4,IC50,=,154.22200876822845,nM,6.81
CHEMBLSYN00384,CN(C)CNS(=O)(=O)Cc1ccccc1,CHEMBL_SYNTH,A34,B,synthetic binding assay,DOC4,IC50,=,37.447432622144994,nM,7.43
CHEMBLSYN00385,CC(C)CCC(C)CNc1ccccc1,CHEMBL_SYNTH,A35,B,synthetic binding assay,DOC5,IC50,=,18400.427647114197,nM,4.74
CHEMBLSYN00385,CC(C)CCC(C)CNc1ccccc1,CHEMBL_SYNTH,A35,B,synthetic binding assay,DOC5,IC50,=,4347.879009501988,nM,5.36
CHEMBLSYN00386,c1ccc(CCCc2ccco2)cc1,CHEMBL_SYNTH,A36,B,synthetic binding assay,DOC6,IC50,=,32511.935583465784,nM,4.49
CHEMBLSYN00386,c1ccc(CCCc2ccco2)cc1,CHEMBL_SYNTH,A36,B,synthetic binding assay,DOC6,IC50,=,24582.213036810877,nM,4.61
CHEMBLSYN00387,OCCOCC1CCCNC1,CHEMBL_SYNTH,A37,B,synthetic binding assay,DOC7,IC50,=,71775.41729557578,nM,4.14
CHEMBLSYN00388,OCCCOCC1CCCNC1,CHEMBL_SYNTH,A38,B,synthetic binding assay,DOC8,IC50,=,140511.57298391793,nM,3.85
CHEMBLSYN00388,OCCCOCC1CCCNC1,CHEMBL_SYNTH,A38,B,synthetic binding assay,DOC8,IC50,=,129516.77458686997,nM,3.89
CHEMBLSYN00388,OCCCOCC1CCCNC1,CHEMBL_SYNTH,A38,B,synthetic binding assay,DOC8,IC50,=,16396.714935417367,nM,4.79
CHEMBLSYN00389,O=S(=O)(Cc1cccc2[nH]ccc12)NCCCCF,CHEMBL_SYNTH,A39,B,synthetic binding assay,DOC9,IC50,=,186.49003735928636,nM,6.73
CHEMBLSYN00390,CN(C)CCCCc1ccc2ccccc2c1,CHEMBL_SYNTH,A40,B,synthetic binding assay,DOC10,IC50,=,8897.852759499432,nM,5.05
CHEMBLSYN00390,CN(C)CCCCc1ccc2ccccc2c1,CHEMBL_SYNTH,A40,B,synthetic binding assay,DOC10,IC50,=,6777.870752996393,nM,5.17
CHEMBLSYN00390,CN(C)CCCCc1ccc2ccccc2c1,CHEMBL_SYNTH,A40,B,synthetic binding assay,DOC10,IC50,=,32670.922804176902,nM,4.49
CHEMBLSYN00391,CC(CCF)COc1ccccc1,CHEMBL_SYNTH,A41,B,synthetic binding assay,DOC11,IC50,=,5452.932059979108,nM,5.26
CHEMBLSYN00391,CC(CCF)COc1ccccc1,CHEMBL_SYNTH,A41,B,synthetic binding assay,DOC11,IC50,=,20376.056179203097,nM,4.69
CHEMBLSYN00391,CC(CCF)COc1ccccc1,CHEMBL_SYNTH,A41,B,synthetic binding assay,DOC11,IC50,=,8912.882210743515,nM,5.05
CHEMBLSYN00392,NCCc1cccc2ccccc12,CHEMBL_SYNTH,A42,B,synthetic binding assay,DOC12,IC50,=,30923.065221398123,nM,4.51
CHEMBLSYN00393,CN(C)CNc1ccccc1,CHEMBL_SYNTH,A43,B,synthetic binding assay,DOC13,IC50,=,10383.21082435335,nM,4.98
CHEMBLSYN00393,CN(C)CNc1ccccc1,CHEMBL_SYNTH,A43,B,synthetic binding assay,DOC13,IC50,=,59886.216101085316,nM,4.22
CHEMBLSYN00393,CN(C)CNc1ccccc1,CHEMBL_SYNTH,A43,B,synthetic binding assay,DOC13,IC50,=,14155.558336944085,nM,4.85
CHEMBLSYN00394,NCCCOCc1ccccc1,CHEMBL_SYNTH,A44,B,synthetic binding assay,DOC14,IC50,=,38343.06436927434,nM,4.42
CHEMBLSYN00394,NCCCOCc1ccccc1,CHEMBL_SYNTH,A44,B,synthetic binding assay,DOC14,IC50,=,28328.522155717237,nM,4.55
CHEMBLSYN00394,NCCCOCc1ccccc1,CHEMBL_SYNTH,A44,B,synthetic binding assay,DOC14,IC50,=,14038.237095997132,nM,4.85
CHEMBLSYN00395,O=C(OCOCCl)c1ccco1,CHEMBL_SYNTH,A45,B,synthetic binding assay,DOC15,IC50,=,21424.728129008003,nM,4.67
CHEMBLSYN00395,O=C(OCOCCl)c1ccco1,CHEMBL_SYNTH,A45,B,synthetic binding assay,DOC15,IC50,=,26899.857965119943,nM,4.57
CHEMBLSYN00396,NCCCNCCc1cccc2ccccc12,CHEMBL_SYNTH,A46,B,synthetic binding assay,DOC16,IC50,=,12849.562377334074,nM,4.89
CHEMBLSYN00397,CC(C)COCCNS(=O)(=O)Cc1cccc2ccccc12,CHEMBL_SYNTH,A47,B,synthetic binding assay,DOC17,IC50,=,30.110467755928482,nM,7.52
CHEMBLSYN00398,O=C(O)c1cccc2ccccc12,CHEMBL_SYNTH,A48,B,synthetic binding assay,DOC18,IC50,=,89950.34248407121,nM,4.05
CHEMBLSYN00399,ClCc1ccccc1CCCCC1CCCO1,CHEMBL_SYNTH,A49,B,synthetic binding assay,DOC19,IC50,=,15011.436507654016,nM,4.82
CHEMBLSYN00399,ClCc1ccccc1CCCCC1CCCO1,CHEMBL_SYNTH,A49,B,synthetic binding assay,DOC19,IC50,=,13539.40495267126,nM,4.87
CHEMBLSYN00400,OCCCCC1CCCCC1,CHEMBL_SYNTH,A0,B,synthetic binding assay,DOC0,IC50,=,50198.15761430965,nM,4.3
CHEMBLSYN00401,CC(C)CCN(C)Cc1cccc2[nH]ccc12,CHEMBL_SYNTH,A1,B,synthetic binding assay,DOC1,IC50,=,17606.76934751691,nM,4.75
CHEMBLSYN00401,CC(C)CCN(C)Cc1cccc2[nH]ccc12,CHEMBL_SYNTH,A1,B,synthetic binding assay,DOC1,IC50,=,85053.72765874794,nM,4.07
CHEMBLSYN00401,CC(C)CCN(C)Cc1cccc2[nH]ccc12,CHEMBL_SYNTH,A1,B,synthetic binding assay,DOC1,IC50,=,6672.220019862977,nM,5.18
CHEMBLSYN00402,O=C(CCCCBr)c1ccccc1,CHEMBL_SYNTH,A2,B,synthetic binding assay,DOC2,IC50,=,31265.235869190437,nM,4.5
CHEMBLSYN00402,O=C(CCCCBr)c1ccccc1,CHEMBL_SYNTH,A2,B,synthetic binding assay,DOC2,IC50,=,27003.752074478667,nM,4.57
CHEMBLSYN00403,O=S(=O)(CC1CCCNC1)NCCBr,CHEMBL_SYNTH,A3,B,synthetic binding assay,DOC3,IC50,=,20.943208458430426,nM,7.68
CHEMBLSYN00404,c1ccc(CCOCc2cccc3[nH]ccc23)cc1,CHEMBL_SYNTH,A4,B,synthetic binding assay,DOC4,IC50,=,28648.13977871017,nM,4.54
CHEMBLSYN00405,COCNS(=O)(=O)CCOCc1ccc2ccccc2c1,CHEMBL_SYNTH,A5,B,synthetic binding assay,DOC5,IC50,=,36.34501789765848,nM,7.44
CHEMBLSYN00406,BrCc1ccccc1Cc1cccnc1,CHEMBL_SYNTH,A6,B,synthetic binding assay,DOC6,IC50,=,65911.33737883327,nM,4.18
CHEMBLSYN00406,BrCc1ccccc1Cc1cccnc1,CHEMBL_SYNTH,A6,B,synthetic binding assay,DOC6,IC50,=,42452.36892293786,nM,4.37
CHEMBLSYN00407,CN(CCc1ccccc1)CC1CCCCC1,CHEMBL_SYNTH,A7,B,synthetic binding assay,DOC7,IC50,=,90569.70501508043,nM,4.04
CHEMBLSYN00408,OCCOCC1CCCCC1,CHEMBL_SYNTH,A8,B,synthetic binding assay,DOC8,IC50,=,30428.031362409707,nM,4.52
CHEMBLSYN00408,OCCOCC1CCCCC1,CHEMBL_SYNTH,A8,B,synthetic binding assay,DOC8,IC50,=,9718.199914333843,nM,5.01
CHEMBLSYN00409,FCC1CCCO1,CHEMBL_SYNTH,A9,B,synthetic binding assay,DOC9,IC50,=,20443.569463152482,nM,4.69
CHEMBLSYN00410,O=C(O)OCC1CCCO1,CHEMBL_SYNTH,A10,B,synthetic binding assay,DOC10,IC50,=,11124.716378123016,nM,4.95
CHEMBLSYN00410,O=C(O)OCC1CCCO1,CHEMBL_SYNTH,A10,B,synthetic binding assay,DOC10,IC50,=,64637.279082272726,nM,4.19
CHEMBLSYN00410,O=C(O)OCC1CCCO1,CHEMBL_SYNTH,A10,B,synthetic binding assay,DOC10,IC50,=,56661.876549789486,nM,4.25
CHEMBLSYN00411,BrCc1ccccc1Cc1cccc2[nH]ccc12,CHEMBL_SYNTH,A11,B,synthetic binding assay,DOC11,IC50,=,38567.12525124044,nM,4.41
CHEMBLSYN00411,BrCc1ccccc1Cc1cccc2[nH]ccc12,CHEMBL_SYNTH,A11,B,synthetic binding assay,DOC11,IC50,=,14824.185099419861,nM,4.83
CHEMBLSYN00412,COCOC(=O)CCCNC1CCCCC1,CHEMBL_SYNTH,A12,B,synthetic binding assay,DOC12,IC50,=,18089.58269053135,nM,4.74
CHEMBLSYN00413,CCN(C)COCNC1CCCCC1,CHEMBL_SYNTH,A13,B,synthetic binding assay,DOC13,IC50,=,25475.08592265204,nM,4.59
CHEMBLSYN00413,CCN(C)COCNC1CCCCC1,CHEMBL_SYNTH,A13,B,synthetic binding assay,DOC13,IC50,=,14156.251256831642,nM,4.85
CHEMBLSYN00414,c1ccc(CCCCNCCC2CCCCC2)cc1,CHEMBL_SYNTH,A14,B,synthetic binding assay,DOC14,IC50,=,28877.48536619953,nM,4.54
CHEMBLSYN00414,c1ccc(CCCCNCCC2CCCCC2)cc1,CHEMBL_SYNTH,A14,B,synthetic binding assay,DOC14,IC50,=,25621.808904765032,nM,4.59
CHEMBLSYN00414,c1ccc(CCCCNCCC2CCCCC2)cc1,CHEMBL_SYNTH,A14,B,synthetic binding assay,DOC14,IC50,=,7552.0710695727785,nM,5.12
CHEMBLSYN00415,BrCCCCOc1ccccc1,CHEMBL_SYNTH,A15,B,synthetic binding assay,DOC15,IC50,=,43102.9980955965,nM,4.37
CHEMBLSYN00416,CN(CCOCc1cccc2ccccc12)CCc1ccccc1,CHEMBL_SYNTH,A16,B,synthetic binding assay,DOC16,IC50,=,21228.902643977264,nM,4.67
CHEMBLSYN00416,CN(CCOCc1cccc2ccccc12)CCc1ccccc1,CHEMBL_SYNTH,A16,B,synthetic binding assay,DOC16,IC50,=,5691.438881143922,nM,5.24
CHEMBLSYN00417,CCC(C)Cc1ccccc1CNC1CCCCC1,CHEMBL_SYNTH,A17,B,synthetic binding assay,DOC17,IC50,=,22868.523169605665,nM,4.64
CHEMBLSYN00417,CCC(C)Cc1ccccc1CNC1CCCCC1,CHEMBL_SYNTH,A17,B,synthetic binding assay,DOC17,IC50,=,13103.237384871247,nM,4.88
CHEMBLSYN00418,NCCc1ccccc1CC1CCCCC1,CHEMBL_SYNTH,A18,B,synthetic binding assay,DOC18,IC50,=,43921.049802423,nM,4.36
CHEMBLSYN00419,O=C(O)C(=O)c1ccccc1,CHEMBL_SYNTH,A19,B,synthetic binding assay,DOC19,IC50,=,4143.733784525413,nM,5.38
CHEMBLSYN00419,O=C(O)C(=O)c1ccccc1,CHEMBL_SYNTH,A19,B,synthetic binding assay,DOC19,IC50,=,199458.4719734898,nM,3.7
CHEMBLSYN00419,O=C(O)C(=O)c1ccccc1,CHEMBL_SYNTH,A19,B,synthetic binding assay,DOC19,IC50,=,71405.03151362987,nM,4.15
CHEMBLSYN00420,FCC1CCCNC1,CHEMBL_SYNTH,A20,B,synthetic binding assay,DOC0,IC50,=,66303.68376689029,nM,4.18
CHEMBLSYN00420,FCC1CCCNC1,CHEMBL_SYNTH,A20,B,synthetic binding assay,DOC0,IC50,=,5650.392108957893,nM,5.25
CHEMBLSYN00421,COCOCC1CCCCC1,CHEMBL_SYNTH,A21,B,synthetic binding assay,DOC1,IC50,=,18155.472144705436,nM,4.74
CHEMBLSYN00422,NCCCc1ccccc1CNC1CCCCC1,CHEMBL_SYNTH,A22,B,synthetic binding assay,DOC2,IC50,=,31983.853899287802,nM,4.5
CHEMBLSYN00423,CCc1cccc2[nH]ccc12,CHEMBL_SYNTH,A23,B,synthetic binding assay,DOC3,IC50,=,81790.55741288721,nM,4.09
CHEMBLSYN00424,O=S(=O)(CC1CCCNC1)NCCO,CHEMBL_SYNTH,A24,B,synthetic binding assay,DOC4,IC50,=,45.11784862842513,nM,7.35
CHEMBLSYN00424,O=S(=O)(CC1CCCNC1)NCCO,CHEMBL_SYNTH,A24,B,synthetic binding assay,DOC4,IC50,=,56.8049900728354,nM,7.25
CHEMBLSYN00424,O=S(=O)(CC1CCCNC1)NCCO,CHEMBL_SYNTH,A24,B,synthetic binding assay,DOC4,IC50,=,119.45044203765974,nM,6.92
CHEMBLSYN00425,ClCCCCc1ccc2ccccc2c1,CHEMBL_SYNTH,A25,B,synthetic binding assay,DOC5,IC50,=,99222.65903268447,nM,4.0
CHEMBLSYN00426,c1ccc(CCOCOCc2ccccc2)cc1,CHEMBL_SYNTH,A26,B,synthetic binding assay,DOC6,IC50,=,69359.04269332418,nM,4.16
CHEMBLSYN00427,OCNc1ccccc1,CHEMBL_SYNTH,A27,B,synthetic binding assay,DOC7,IC50,=,20636.444961069028,nM,4.69
CHEMBLSYN00427,OCNc1ccccc1,CHEMBL_SYNTH,A27,B,synthetic binding assay,DOC7,IC50,=,18862.345005760646,nM,4.72
CHEMBLSYN00427,OCNc1ccccc1,CHEMBL_SYNTH,A27,B,synthetic binding assay,DOC7,IC50,=,23482.404374769045,nM,4.63
CHEMBLSYN00428,c1ccc(CCOc2ccccc2)cc1,CHEMBL_SYNTH,A28,B,synthetic binding assay,DOC8,IC50,=,28882.45091602985,nM,4.54
CHEMBLSYN00428,c1ccc(CCOc2ccccc2)cc1,CHEMBL_SYNTH,A28,B,synthetic binding assay,DOC8,IC50,=,128083.97126389209,nM,3.89
CHEMBLSYN00429,CN(CCCOCCN)Cc1cccnc1,CHEMBL_SYNTH,A29,B,synthetic binding assay,DOC9,IC50,=,24015.51688364955,nM,4.62
CHEMBLSYN00430,c1ccc(COCCc2ccc3ccccc3c2)cc1,CHEMBL_SYNTH,A30,B,synthetic binding assay,DOC10,IC50,=,65015.06114641179,nM,4.19
CHEMBLSYN00431,CCCCCCc1cccc2ccccc12,CHEMBL_SYNTH,A31,B,synthetic binding assay,DOC11,IC50,=,24170.413504623724,nM,4.62
CHEMBLSYN00431,CCCCCCc1cccc2ccccc12,CHEMBL_SYNTH,A31,B,synthetic binding assay,DOC11,IC50,=,16367.402517236265,nM,4.79
CHEMBLSYN00432,NS(=O)(=O)CCCCNc1ccccc1,CHEMBL_SYNTH,A32,B,synthetic binding assay,DOC12,IC50,=,117.57370401560924,nM,6.93
CHEMBLSYN00432,NS(=O)(=O)CCCCNc1ccccc1,CHEMBL_SYNTH,A32,B,synthetic binding assay,DOC12,IC50,=,161.8930595299555,nM,6.79
CHEMBLSYN00432,NS(=O)(=O)CCCCNc1ccccc1,CHEMBL_SYNTH,A32,B,synthetic binding assay,DOC12,IC50,=,25.267108231420114,nM,7.6
CHEMBLSYN00433,NS(=O)(=O)CC(=O)c1ccccc1,CHEMBL_SYNTH,A33,B,synthetic binding assay,DOC13,IC50,=,45.63322107340155,nM,7.34
CHEMBLSYN00433,NS(=O)(=O)CC(=O)c1ccccc1,CHEMBL_SYNTH,A33,B,synthetic binding assay,DOC13,IC50,=,113.4097112176786,nM,6.95
CHEMBLSYN00434,CN(C)CCCCc1ccccc1,CHEMBL_SYNTH,A34,B,synthetic binding assay,DOC14,IC50,=,398223.10762099293,nM,3.4
CHEMBLSYN00434,CN(C)CCCCc1ccccc1,CHEMBL_SYNTH,A34,B,synthetic binding assay,DOC14,IC50,=,26281.50198905016,nM,4.58
CHEMBLSYN00434,CN(C)CCCCc1ccccc1,CHEMBL_SYNTH,A34,B,synthetic binding assay,DOC14,IC50,=,14071.640317844933,nM,4.85
CHEMBLSYN00435,COCCCc1cccc2ccccc12,CHEMBL_SYNTH,A35,B,synthetic binding assay,DOC15,IC50,=,8940.817724800192,nM,5.05
CHEMBLSYN00436,COCNS(=O)(=O)CCN(C)Cc1cccnc1,CHEMBL_SYNTH,A36,B,synthetic binding assay,DOC16,IC50,=,117.79957997225014,nM,6.93
CHEMBLSYN00437,O=S(=O)(CNC1CCCCC1)NCBr,CHEMBL_SYNTH,A37,B,synthetic binding assay,DOC17,IC50,=,114.0807340429474,nM,6.94
CHEMBLSYN00438,O=C(OCBr)c1ccccc1Cc1cccc2ccccc12,CHEMBL_SYNTH,A38,B,synthetic binding assay,DOC18,IC50,=,37771.365940122574,nM,4.42
CHEMBLSYN00439,COCc1ccccc1,CHEMBL_SYNTH,A39,B,synthetic binding assay,DOC19,IC50,=,11609.974523383562,nM,4.94
CHEMBLSYN00440,CC(CCS(N)(=O)=O)CC1CCCCC1,CHEMBL_SYNTH,A40,B,synthetic binding assay,DOC0,IC50,=,186.16036018174262,nM,6.73
CHEMBLSYN00441,O=C(CCCCOCBr)c1ccccc1,CHEMBL_SYNTH,A41,B,synthetic binding assay,DOC1,IC50,=,27870.88502108423,nM,4.55
CHEMBLSYN00442,CCCCOCc1cccc2ccccc12,CHEMBL_SYNTH,A42,B,synthetic binding assay,DOC2,IC50,=,58924.75921093606,nM,4.23
CHEMBLSYN00443,O=S(=O)(CC1CCCO1)NCCl,CHEMBL_SYNTH,A43,B,synthetic binding assay,DOC3,IC50,=,49.26977783216659,nM,7.31
CHEMBLSYN00444,CC(CCOCN(C)C)CC1CCCO1,CHEMBL_SYNTH,A44,B,synthetic binding assay,DOC4,IC50,=,105165.64157340587,nM,3.98
CHEMBLSYN00445,OCCCCCc1cccc2[nH]ccc12,CHEMBL_SYNTH,A45,B,synthetic binding assay,DOC5,IC50,=,17763.801871997548,nM,4.75
CHEMBLSYN00446,OCCCC1CCCNC1,CHEMBL_SYNTH,A46,B,synthetic binding assay,DOC6,IC50,=,39687.9589902065,nM,4.4
CHEMBLSYN00446,OCCCC1CCCNC1,CHEMBL_SYNTH,A46,B,synthetic binding assay,DOC6,IC50,=,30875.594056897626,nM,4.51
CHEMBLSYN00446,OCCCC1CCCNC1,CHEMBL_SYNTH,A46,B,synthetic binding assay,DOC6,IC50,=,15477.410921336412,nM,4.81
CHEMBLSYN00447,CC(C)COCCNS(=O)(=O)Cc1cccnc1,CHEMBL_SYNTH,A47,B,synthetic binding assay,DOC7,IC50,=,22.00263067540266,nM,7.66
CHEMBLSYN00447,CC(C)COCCNS(=O)(=O)Cc1cccnc1,CHEMBL_SYNTH,A47,B,synthetic binding assay,DOC7,IC50,=,301.15827466894643,nM,6.52
CHEMBLSYN00447,CC(C)COCCNS(=O)(=O)Cc1cccnc1,CHEMBL_SYNTH,A47,B,synthetic binding assay,DOC7,IC50,=,25.03675108045513,nM,7.6
CHEMBLSYN00448,CCCCOCOCc1cccc2[nH]ccc12,CHEMBL_SYNTH,A48,B,synthetic binding assay,DOC8,IC50,=,15022.34040447034,nM,4.82
CHEMBLSYN00449,CC(C)CCN(C)CNS(=O)(=O)COc1ccccc1,CHEMBL_SYNTH,A49,B,synthetic binding assay,DOC9,IC50,=,82.77072485795921,nM,7.08
CHEMBLSYN00450,CN(CCS(N)(=O)=O)COCc1ccco1,CHEMBL_SYNTH,A0,B,synthetic binding assay,DOC10,IC50,=,17.314110897025056,nM,7.76
CHEMBLSYN00450,CN(CCS(N)(=O)=O)COCc1ccco1,CHEMBL_SYNTH,A0,B,synthetic binding assay,DOC10,IC50,=,53.03223245044698,nM,7.28
CHEMBLSYN00450,CN(CCS(N)(=O)=O)COCc1ccco1,CHEMBL_SYNTH,A0,B,synthetic binding assay,DOC10,IC50,=,19.170139726899368,nM,7.72
CHEMBLSYN00451,OCCCCOCCNC1CCCCC1,CHEMBL_SYNTH,A1,B,synthetic binding assay,DOC11,IC50,=,43362.653390287865,nM,4.36
CHEMBLSYN00451,OCCCCOCCNC1CCCCC1,CHEMBL_SYNTH,A1,B,synthetic binding assay,DOC11,IC50,=,55806.9009205316,nM,4.25
CHEMBLSYN00451,OCCCCOCCNC1CCCCC1,CHEMBL_SYNTH,A1,B,synthetic binding assay,DOC11,IC50,=,8130.8725711930265,nM,5.09
CHEMBLSYN00452,CC(CCc1ccccc1CBr)Cc1ccc2ccccc2c1,CHEMBL_SYNTH,A2,B,synthetic binding assay,DOC12,IC50,=,3422.088010267244,nM,5.47
CHEMBLSYN00452,CC(CCc1ccccc1CBr)Cc1ccc2ccccc2c1,CHEMBL_SYNTH,A2,B,synthetic binding assay,DOC12,IC50,=,14011.540803531705,nM,4.85
CHEMBLSYN00452,CC(CCc1ccccc1CBr)Cc1ccc2ccccc2c1,CHEMBL_SYNTH,A2,B,synthetic binding assay,DOC12,IC50,=,11054.168884578146,nM,4.96
CHEMBLSYN00453,NCCOC(=O)c1ccco1,CHEMBL_SYNTH,A3,B,synthetic binding assay,DOC13,IC50,=,38865.058409150195,nM,4.41
CHEMBLSYN00454,ClCNCCC1CCCCC1,CHEMBL_SYNTH,A4,B,synthetic binding assay,DOC14,IC50,=,85126.94406011607,nM,4.07
CHEMBLSYN00454,ClCNCCC1CCCCC1,CHEMBL_SYNTH,A4,B,synthetic binding assay,DOC14,IC50,=,30930.548580335268,nM,4.51
CHEMBLSYN00454,ClCNCCC1CCCCC1,CHEMBL_SYNTH,A4,B,synthetic binding assay,DOC14,IC50,=,6307.721098050007,nM,5.2
CHEMBLSYN00455,CCCCC(C)CCCCOc1ccccc1,CHEMBL_SYNTH,A5,B,synthetic binding assay,DOC15,IC50,=,139374.5707004563,nM,3.86
CHEMBLSYN00455,CCCCC(C)CCCCOc1ccccc1,CHEMBL_SYNTH,A5,B,synthetic binding assay,DOC15,IC50,=,39639.74867142896,nM,4.4
CHEMBLSYN00456,OCCNCCNCCc1cccc2ccccc12,CHEMBL_SYNTH,A6,B,synthetic binding assay,DOC16,IC50,=,146492.73847262474,nM,3.83
CHEMBLSYN00456,OCCNCCNCCc1cccc2ccccc12,CHEMBL_SYNTH,A6,B,synthetic binding assay,DOC16,IC50,=,22734.861647605867,nM,4.64
CHEMBLSYN00457,BrCCOCCCc1ccc2ccccc2c1,CHEMBL_SYNTH,A7,B,synthetic binding assay,DOC17,IC50,=,11227.99499335828,nM,4.95
CHEMBLSYN00458,CCCCC(C)COCc1cccnc1,CHEMBL_SYNTH,A8,B,synthetic binding assay,DOC18,IC50,=,78902.87297410176,nM,4.1
CHEMBLSYN00458,CCCCC(C)COCc1cccnc1,CHEMBL_SYNTH,A8,B,synthetic binding assay,DOC18,IC50,=,36623.23052809378,nM,4.44
CHEMBLSYN00458,CCCCC(C)COCc1cccnc1,CHEMBL_SYNTH,A8,B,synthetic binding assay,DOC18,IC50,=,7408.00439890053,nM,5.13
CHEMBLSYN00459,O=C(O)COc1ccccc1,CHEMBL_SYNTH,A9,B,synthetic binding assay,DOC19,IC50,=,27251.265017167207,nM,4.56
CHEMBLSYN00460,NS(=O)(=O)Cc1ccccc1CC1CCCCC1,CHEMBL_SYNTH,A10,B,synthetic binding assay,DOC0,IC50,=,197.5599077005457,nM,6.7
CHEMBLSYN00461,c1ccc(CNCCc2ccccc2CC2CCCO2)cc1,CHEMBL_SYNTH,A11,B,synthetic binding assay,DOC1,IC50,=,84431.4519160056,nM,4.07
CHEMBLSYN00461,c1ccc(CNCCc2ccccc2CC2CCCO2)cc1,CHEMBL_SYNTH,A11,B,synthetic binding assay,DOC1,IC50,=,160641.96203358303,nM,3.79
CHEMBLSYN00461,c1ccc(CNCCc2ccccc2CC2CCCO2)cc1,CHEMBL_SYNTH,A11,B,synthetic binding assay,DOC1,IC50,=,12322.026258530193,nM,4.91
CHEMBLSYN00462,BrCCCNCCc1ccc2ccccc2c1,CHEMBL_SYNTH,A12,B,synthetic binding assay,DOC2,IC50,=,49940.02652558457,nM,4.3
CHEMBLSYN00463,OCCc1ccc2ccccc2c1,CHEMBL_SYNTH,A13,B,synthetic binding assay,DOC3,IC50,=,9543.941532631681,nM,5.02
CHEMBLSYN00464,CNCCOCCC1CCCO1,CHEMBL_SYNTH,A14,B,synthetic binding assay,DOC4,IC50,=,11302.862014915283,nM,4.95
CHEMBLSYN00464,CNCCOCCC1CCCO1,CHEMBL_SYNTH,A14,B,synthetic binding assay,DOC4,IC50,=,46133.02160180913,nM,4.34
CHEMBLSYN00465,O=C(O)c1cccnc1,CHEMBL_SYNTH,A15,B,synthetic binding assay,DOC5,IC50,=,40849.00991781013,nM,4.39
CHEMBLSYN00466,CN(CCOCCO)Cc1cccc2ccccc12,CHEMBL_SYNTH,A16,B,synthetic binding assay,DOC6,IC50,=,12261.576616422042,nM,4.91
CHEMBLSYN00466,CN(CCOCCO)Cc1cccc2ccccc12,CHEMBL_SYNTH,A16,B,synthetic binding assay,DOC6,IC50,=,21889.151215634593,nM,4.66
CHEMBLSYN00466,CN(CCOCCO)Cc1cccc2ccccc12,CHEMBL_SYNTH,A16,B,synthetic binding assay,DOC6,IC50,=,19627.645635010074,nM,4.71
CHEMBLSYN00467,O=C(OCCO)c1cccc2[nH]ccc12,CHEMBL_SYNTH,A17,B,synthetic binding assay,DOC7,IC50,=,114508.08133128862,nM,3.94
CHEMBLSYN00468,NS(=O)(=O)COCc1ccccc1,CHEMBL_SYNTH,A18,B,synthetic binding assay,DOC8,IC50,=,27.600386384296534,nM,7.56
CHEMBLSYN00468,NS(=O)(=O)COCc1ccccc1,CHEMBL_SYNTH,A18,B,synthetic binding assay,DOC8,IC50,=,141.2961389632474,nM,6.85
CHEMBLSYN00468,NS(=O)(=O)COCc1ccccc1,CHEMBL_SYNTH,A18,B,synthetic binding assay,DOC8,IC50,=,510.2720076397389,nM,6.29
CHEMBLSYN00469,COCc1cccnc1,CHEMBL_SYNTH,A19,B,synthetic binding assay,DOC9,IC50,=,44337.38768009599,nM,4.35
CHEMBLSYN00469,COCc1cccnc1,CHEMBL_SYNTH,A19,B,synthetic binding assay,DOC9,IC50,=,17029.484580161836,nM,4.77
CHEMBLSYN00470,BrCCOCOCCc1cccc2ccccc12,CHEMBL_SYNTH,A20,B,synthetic binding assay,DOC10,IC50,=,3640.4041143359796,nM,5.44
CHEMBLSYN00470,BrCCOCOCCc1cccc2ccccc12,CHEMBL_SYNTH,A20,B,synthetic binding assay,DOC10,IC50,=,35410.378562545906,nM,4.45
CHEMBLSYN00470,BrCCOCOCCc1cccc2ccccc12,CHEMBL_SYNTH,A20,B,synthetic binding assay,DOC10,IC50,=,85489.47365282195,nM,4.07
CHEMBLSYN00471,NS(=O)(=O)COCCC1CCCO1,CHEMBL_SYNTH,A21,B,synthetic binding assay,DOC11,IC50,=,8.925047917940477,nM,8.05
CHEMBLSYN00471,NS(=O)(=O)COCCC1CCCO1,CHEMBL_SYNTH,A21,B,synthetic binding assay,DOC11,IC50,=,54.438333366323704,nM,7.26
CHEMBLSYN00471,NS(=O)(=O)COCCC1CCCO1,CHEMBL_SYNTH,A21,B,synthetic binding assay,DOC11,IC50,=,80.2544371770451,nM,7.1
CHEMBLSYN00472,NS(=O)(=O)Cc1ccccc1Cc1ccco1,CHEMBL_SYNTH,A22,B,synthetic binding assay,DOC12,IC50,=,169.97880658444163,nM,6.77
CHEMBLSYN00473,O=S(=O)(CNS(=O)(=O)Cc1ccc2ccccc2c1)NCBr,CHEMBL_SYNTH,A23,B,synthetic binding assay,DOC13,IC50,=,159.07106796176896,nM,6.8
CHEMBLSYN00474,OCCCC1CCCCC1,CHEMBL_SYNTH,A24,B,synthetic binding assay,DOC14,IC50,=,6434.738904359261,nM,5.19
CHEMBLSYN00475,CCCOC(=O)C(=O)c1ccccc1,CHEMBL_SYNTH,A25,B,synthetic binding assay,DOC15,IC50,=,32231.188500449647,nM,4.49
CHEMBLSYN00475,CCCOC(=O)C(=O)c1ccccc1,CHEMBL_SYNTH,A25,B,synthetic binding assay,DOC15,IC50,=,41221.4743278891,nM,4.38
CHEMBLSYN00475,CCCOC(=O)C(=O)c1ccccc1,CHEMBL_SYNTH,A25,B,synthetic binding assay,DOC15,IC50,=,40175.85361355529,nM,4.4
CHEMBLSYN00476,CCOCC(=O)c1ccccc1,CHEMBL_SYNTH,A26,B,synthetic binding assay,DOC16,IC50,=,5927.255860876997,nM,5.23
CHEMBLSYN00476,CCOCC(=O)c1ccccc1,CHEMBL_SYNTH,A26,B,synthetic binding assay,DOC16,IC50,=,43228.03270256242,nM,4.36
CHEMBLSYN00476,CCOCC(=O)c1ccccc1,CHEMBL_SYNTH,A26,B,synthetic binding assay,DOC16,IC50,=,14084.3289797686,nM,4.85
CHEMBLSYN00477,c1ccc(CNCCNc2ccccc2)cc1,CHEMBL_SYNTH,A27,B,synthetic binding assay,DOC17,IC50,=,19658.176955006824,nM,4.71
CHEMBLSYN00478,CN(C)CNC1CCCCC1,CHEMBL_SYNTH,A28,B,synthetic binding assay,DOC18,IC50,=,20150.863135873584,nM,4.7
CHEMBLSYN00479,CCNS(=O)(=O)CCOCC1CCCO1,CHEMBL_SYNTH,A29,B,synthetic binding assay,DOC19,IC50,=,141.54694838047033,nM,6.85
CHEMBLSYN00480,O=S(=O)(CNC1CCCCC1)NCc1ccccc1,CHEMBL_SYNTH,A30,B,synthetic binding assay,DOC0,IC50,=,34.40157330261317,nM,7.46
CHEMBLSYN00481,c1ccc(CNc2ccccc2)cc1,CHEMBL_SYNTH,A31,B,synthetic binding assay,DOC1,IC50,=,5708.831094259035,nM,5.24
CHEMBLSYN00482,Cc1cccc2ccccc12,CHEMBL_SYNTH,A32,B,synthetic binding assay,DOC2,IC50,=,26355.632923067013,nM,4.58
CHEMBLSYN00482,Cc1cccc2ccccc12,CHEMBL_SYNTH,A32,B,synthetic binding assay,DOC2,IC50,=,58600.093068509166,nM,4.23
CHEMBLSYN00483,CN(C)CCOCC1CCCNC1,CHEMBL_SYNTH,A33,B,synthetic binding assay,DOC3,IC50,=,82518.14831589023,nM,4.08
CHEMBLSYN00484,CN(CC(=O)OCS(N)(=O)=O)CC(=O)c1ccccc1,CHEMBL_SYNTH,A34,B,synthetic binding assay,DOC4,IC50,=,52.93135308076035,nM,7.28
CHEMBLSYN00485,CC(CCCCCS(N)(=O)=O)CNc1ccccc1,CHEMBL_SYNTH,A35,B,synthetic binding assay,DOC5,IC50,=,81.05757748773563,nM,7.09
CHEMBLSYN00486,FCCc1cccc2[nH]ccc12,CHEMBL_SYNTH,A36,B,synthetic binding assay,DOC6,IC50,=,27653.46899238546,nM,4.56
CHEMBLSYN00487,OCOc1ccccc1,CHEMBL_SYNTH,A37,B,synthetic binding assay,DOC7,IC50,=,24846.69289640446,nM,4.6
CHEMBLSYN00487,OCOc1ccccc1,CHEMBL_SYNTH,A37,B,synthetic binding assay,DOC7,IC50,=,97778.88102708476,nM,4.01
CHEMBLSYN00487,OCOc1ccccc1,CHEMBL_SYNTH,A37,B,synthetic binding assay,DOC7,IC50,=,12229.421410767154,nM,4.91
CHEMBLSYN00488,CCCc1ccccc1,CHEMBL_SYNTH,A38,B,synthetic binding assay,DOC8,IC50,=,20242.902247099806,nM,4.69
CHEMBLSYN00488,CCCc1ccccc1,CHEMBL_SYNTH,A38,B,synthetic binding assay,DOC8,IC50,=,26905.833452286846,nM,4.57
CHEMBLSYN00488,CCCc1ccccc1,CHEMBL_SYNTH,A38,B,synthetic binding assay,DOC8,IC50,=,20288.835508981778,nM,4.69
CHEMBLSYN00489,ClCCOCc1ccc2ccccc2c1,CHEMBL_SYNTH,A39,B,synthetic binding assay,DOC9,IC50,=,10703.919760311404,nM,4.97
CHEMBLSYN00490,CNS(=O)(=O)CCc1cccs1,CHEMBL_SYNTH,A40,B,synthetic binding assay,DOC10,IC50,=,60.06619798443608,nM,7.22
CHEMBLSYN00491,NS(=O)(=O)CCc1ccc2ccccc2c1,CHEMBL_SYNTH,A41,B,synthetic binding assay,DOC11,IC50,=,138.06817327640914,nM,6.86
CHEMBLSYN00491,NS(=O)(=O)CCc1ccc2ccccc2c1,CHEMBL_SYNTH,A41,B,synthetic binding assay,DOC11,IC50,=,21.55295100211823,nM,7.67
CHEMBLSYN00492,CCCCCC1CCCO1,CHEMBL_SYNTH,A42,B,synthetic binding assay,DOC12,IC50,=,37439.45674641652,nM,4.43
CHEMBLSYN00492,CCCCCC1CCCO1,CHEMBL_SYNTH,A42,B,synthetic binding assay,DOC12,IC50,=,48999.08915947039,nM,4.31
CHEMBLSYN00492,CCCCCC1CCCO1,CHEMBL_SYNTH,A42,B,synthetic binding assay,DOC12,IC50,=,105876.19816114185,nM,3.98
CHEMBLSYN00493,O=C(O)COCc1ccc2ccccc2c1,CHEMBL_SYNTH,A43,B,synthetic binding assay,DOC13,IC50,=,24936.41392400462,nM,4.6
CHEMBLSYN00493,O=C(O)COCc1ccc2ccccc2c1,CHEMBL_SYNTH,A43,B,synthetic binding assay,DOC13,IC50,=,65926.11404599315,nM,4.18
CHEMBLSYN00494,CCNS(=O)(=O)Cc1cccc2[nH]ccc12,CHEMBL_SYNTH,A44,B,synthetic binding assay,DOC14,IC50,=,101.77783322945196,nM,6.99
CHEMBLSYN00494,CCNS(=O)(=O)Cc1cccc2[nH]ccc12,CHEMBL_SYNTH,A44,B,synthetic binding assay,DOC14,IC50,=,41.71430606137852,nM,7.38
CHEMBLSYN00495,c1ccc(Cc2ccccc2CCCCc2cccc3ccccc23)cc1,CHEMBL_SYNTH,A45,B,synthetic binding assay,DOC15,IC50,=,24360.828125747277,nM,4.61
CHEMBLSYN00495,c1ccc(Cc2ccccc2CCCCc2cccc3ccccc23)cc1,CHEMBL_SYNTH,A45,B,synthetic binding assay,DOC15,IC50,=,9851.108647783636,nM,5.01
CHEMBLSYN00496,O=S(=O)(COCc1ccc2ccccc2c1)NCBr,CHEMBL_SYNTH,A46,B,synthetic binding assay,DOC16,IC50,=,47.637074397394585,nM,7.32
CHEMBLSYN00496,O=S(=O)(COCc1ccc2ccccc2c1)NCBr,CHEMBL_SYNTH,A46,B,synthetic binding assay,DOC16,IC50,=,91.52888659624077,nM,7.04
CHEMBLSYN00496,O=S(=O)(COCc1ccc2ccccc2c1)NCBr,CHEMBL_SYNTH,A46,B,synthetic binding assay,DOC16,IC50,=,85.48326428342098,nM,7.07
CHEMBLSYN00497,CN(C)CCCNS(=O)(=O)CC(=O)c1ccccc1,CHEMBL_SYNTH,A47,B,synthetic binding assay,DOC17,IC50,=,100.68147920251957,nM,7.0
CHEMBLSYN00497,CN(C)CCCNS(=O)(=O)CC(=O)c1ccccc1,CHEMBL_SYNTH,A47,B,synthetic binding assay,DOC17,IC50,=,34.789764309099105,nM,7.46
CHEMBLSYN00497,CN(C)CCCNS(=O)(=O)CC(=O)c1ccccc1,CHEMBL_SYNTH,A47,B,synthetic binding assay,DOC17,IC50,=,61.86050252846524,nM,7.21
CHEMBLSYN00498,O=C(OCc1ccccc1)Oc1ccccc1,CHEMBL_SYNTH,A48,B,synthetic binding assay,DOC18,IC50,=,36674.83502422521,nM,4.44
CHEMBLSYN00498,O=C(OCc1ccccc1)Oc1ccccc1,CHEMBL_SYNTH,A48,B,synthetic binding assay,DOC18,IC50,=,11535.34941711329,nM,4.94
CHEMBLSYN00498,O=C(OCc1ccccc1)Oc1ccccc1,CHEMBL_SYNTH,A48,B,synthetic binding assay,DOC18,IC50,=,22987.17461197284,nM,4.64
CHEMBLSYN00499,O=C(O)OCc1cccs1,CHEMBL_SYNTH,A49,B,synthetic binding assay,DOC19,IC50,=,38566.84681103873,nM,4.41
CHEMBLSYN00500,c1ccc(CNCCc2cccs2)cc1,CHEMBL_SYNTH,A0,B,synthetic binding assay,DOC0,IC50,=,101148.38025898166,nM,4.0
CHEMBLSYN00501,CNc1ccccc1,CHEMBL_SYNTH,A1,B,synthetic binding assay,DOC1,IC50,=,16788.475524907615,nM,4.77
CHEMBLSYN00501,CNc1ccccc1,CHEMBL_SYNTH,A1,B,synthetic binding assay,DOC1,IC50,=,20161.2079163478,nM,4.7
CHEMBLSYN00501,CNc1ccccc1,CHEMBL_SYNTH,A1,B,synthetic binding assay,DOC1,IC50,=,23958.935143135513,nM,4.62
CHEMBLSYN00502,OCCCOCc1ccccc1CC1CCCCC1,CHEMBL_SYNTH,A2,B,synthetic binding assay,DOC2,IC50,=,37465.05947256169,nM,4.43
CHEMBLSYN00503,NCCc1ccc2ccccc2c1,CHEMBL_SYNTH,A3,B,synthetic binding assay,DOC3,IC50,=,54124.543228371476,nM,4.27
CHEMBLSYN00504,CCc1ccccc1CCOCc1cccnc1,CHEMBL_SYNTH,A4,B,synthetic binding assay,DOC4,IC50,=,30951.320023660777,nM,4.51
CHEMBLSYN00505,CC(CCBr)Cc1ccccc1,CHEMBL_SYNTH,A5,B,synthetic binding assay,DOC5,IC50,=,20296.893296733822,nM,4.69
CHEMBLSYN00506,CN(C)COC(=O)Nc1ccccc1,CHEMBL_SYNTH,A6,B,synthetic binding assay,DOC6,IC50,=,28257.930294713296,nM,4.55
CHEMBLSYN00506,CN(C)COC(=O)Nc1ccccc1,CHEMBL_SYNTH,A6,B,synthetic binding assay,DOC6,IC50,=,28700.180648139554,nM,4.54
CHEMBLSYN00507,OCc1cccc2ccccc12,CHEMBL_SYNTH,A7,B,synthetic binding assay,DOC7,IC50,=,38660.74599663509,nM,4.41
CHEMBLSYN00508,FCNCCc1ccccc1Cc1cccc2ccccc12,CHEMBL_SYNTH,A8,B,synthetic binding assay,DOC8,IC50,=,18383.915743499838,nM,4.74
CHEMBLSYN00508,FCNCCc1ccccc1Cc1cccc2ccccc12,CHEMBL_SYNTH,A8,B,synthetic binding assay,DOC8,IC50,=,20255.807208217735,nM,4.69
CHEMBLSYN00509,CC(C)CCCCNC1CCCCC1,CHEMBL_SYNTH,A9,B,synthetic binding assay,DOC9,IC50,=,50230.153911517016,nM,4.3
CHEMBLSYN00510,CCNS(=O)(=O)CCOCNC1CCCCC1,CHEMBL_SYNTH,A10,B,synthetic binding assay,DOC10,IC50,=,31.32522841234123,nM,7.5
CHEMBLSYN00510,CCNS(=O)(=O)CCOCNC1CCCCC1,CHEMBL_SYNTH,A10,B,synthetic binding assay,DOC10,IC50,=,30.440886900888007,nM,7.52
CHEMBLSYN00510,CCNS(=O)(=O)CCOCNC1CCCCC1,CHEMBL_SYNTH,A10,B,synthetic binding assay,DOC10,IC50,=,29.823717745043954,nM,7.53
CHEMBLSYN00511,BrCc1ccccc1,CHEMBL_SYNTH,A11,B,synthetic binding assay,DOC11,IC50,=,28330.772647817892,nM,4.55
CHEMBLSYN00511,BrCc1ccccc1,CHEMBL_SYNTH,A11,B,synthetic binding assay,DOC11,IC50,=,30037.551319442067,nM,4.52
CHEMBLSYN00511,BrCc1ccccc1,CHEMBL_SYNTH,A11,B,synthetic binding assay,DOC11,IC50,=,73058.09597649603,nM,4.14
CHEMBLSYN00512,CCCNCCC1CCCNC1,CHEMBL_SYNTH,A12,B,synthetic binding assay,DOC12,IC50,=,12535.333907338418,nM,4.9
CHEMBLSYN00513,CC(C)Cc1ccco1,CHEMBL_SYNTH,A13,B,synthetic binding assay,DOC13,IC50,=,179604.47974891134,nM,3.75
CHEMBLSYN00514,NS(=O)(=O)Cc1ccccc1CNCCNC1CCCCC1,CHEMBL_SYNTH,A14,B,synthetic binding assay,DOC14,IC50,=,90.44480590302447,nM,7.04
CHEMBLSYN00515,O=C(O)Oc1ccccc1,CHEMBL_SYNTH,A15,B,synthetic binding assay,DOC15,IC50,=,34350.745457946876,nM,4.46
CHEMBLSYN00516,CCCOC(=O)c1ccccc1,CHEMBL_SYNTH,A16,B,synthetic binding assay,DOC16,IC50,=,11415.962059866599,nM,4.94
CHEMBLSYN00517,CC(CCCC1CCCCC1)CCc1ccccc1,CHEMBL_SYNTH,A17,B,synthetic binding assay,DOC17,IC50,=,25133.054410434284,nM,4.6
CHEMBLSYN00518,OCCCCc1ccccc1,CHEMBL_SYNTH,A18,B,synthetic binding assay,DOC18,IC50,=,61064.339494860826,nM,4.21
CHEMBLSYN00518,OCCCCc1ccccc1,CHEMBL_SYNTH,A18,B,synthetic binding assay,DOC18,IC50,=,93477.30566778225,nM,4.03
CHEMBLSYN00518,OCCCCc1ccccc1,CHEMBL_SYNTH,A18,B,synthetic binding assay,DOC18,IC50,=,49164.70927913518,nM,4.31
CHEMBLSYN00519,CC(CNS(=O)(=O)CC(=O)c1ccccc1)CC(=O)O,CHEMBL_SYNTH,A19,B,synthetic binding assay,DOC19,IC50,=,57.19476961386972,nM,7.24
CHEMBLSYN00519,CC(CNS(=O)(=O)CC(=O)c1ccccc1)CC(=O)O,CHEMBL_SYNTH,A19,B,synthetic binding assay,DOC19,IC50,=,59.97652596291201,nM,7.22
CHEMBLSYN00520,COCCC(C)CC1CCCNC1,CHEMBL_SYNTH,A20,B,synthetic binding assay,DOC0,IC50,=,30133.553718457075,nM,4.52
CHEMBLSYN00521,CC(CCO)CC1CCCNC1,CHEMBL_SYNTH,A21,B,synthetic binding assay,DOC1,IC50,=,47177.14725057275,nM,4.33
CHEMBLSYN00522,O=C(OCOCCBr)C1CCCCC1,CHEMBL_SYNTH,A22,B,synthetic binding assay,DOC2,IC50,=,30482.61825153553,nM,4.52
CHEMBLSYN00523,CCCNC1CCCCC1,CHEMBL_SYNTH,A23,B,synthetic binding assay,DOC3,IC50,=,10020.625306904092,nM,5.0
CHEMBLSYN00523,CCCNC1CCCCC1,CHEMBL_SYNTH,A23,B,synthetic binding assay,DOC3,IC50,=,69210.40387123027,nM,4.16
CHEMBLSYN00523,CCCNC1CCCCC1,CHEMBL_SYNTH,A23,B,synthetic binding assay,DOC3,IC50,=,24352.450781447507,nM,4.61
CHEMBLSYN00524,NS(=O)(=O)COCCNS(=O)(=O)CC1CCCNC1,CHEMBL_SYNTH,A24,B,synthetic binding assay,DOC4,IC50,=,14.209287848818674,nM,7.85
CHEMBLSYN00524,NS(=O)(=O)COCCNS(=O)(=O)CC1CCCNC1,CHEMBL_SYNTH,A24,B,synthetic binding assay,DOC4,IC50,=,37.867677688749474,nM,7.42
CHEMBLSYN00525,COCNS(=O)(=O)CNS(=O)(=O)COc1ccccc1,CHEMBL_SYNTH,A25,B,synthetic binding assay,DOC5,IC50,=,96.02277406645752,nM,7.02
CHEMBLSYN00526,CCCc1ccccc1CCOCC1CCCO1,CHEMBL_SYNTH,A26,B,synthetic binding assay,DOC6,IC50,=,13665.049934063542,nM,4.86
CHEMBLSYN00526,CCCc1ccccc1CCOCC1CCCO1,CHEMBL_SYNTH,A26,B,synthetic binding assay,DOC6,IC50,=,50212.25043715974,nM,4.3
CHEMBLSYN00527,CCCNS(=O)(=O)Cc1cccs1,CHEMBL_SYNTH,A27,B,synthetic binding assay,DOC7,IC50,=,62.68749624598555,nM,7.2
CHEMBLSYN00527,CCCNS(=O)(=O)Cc1cccs1,CHEMBL_SYNTH,A27,B,synthetic binding assay,DOC7,IC50,=,15.079464577632413,nM,7.82
CHEMBLSYN00527,CCCNS(=O)(=O)Cc1cccs1,CHEMBL_SYNTH,A27,B,synthetic binding assay,DOC7,IC50,=,11.024161289932946,nM,7.96
CHEMBLSYN00528,NS(=O)(=O)Cc1ccccc1CC(=O)c1ccccc1,CHEMBL_SYNTH,A28,B,synthetic binding assay,DOC8,IC50,=,304.40505103338717,nM,6.52
CHEMBLSYN00528,NS(=O)(=O)Cc1ccccc1CC(=O)c1ccccc1,CHEMBL_SYNTH,A28,B,synthetic binding assay,DOC8,IC50,=,33.111057734590375,nM,7.48
CHEMBLSYN00528,NS(=O)(=O)Cc1ccccc1CC(=O)c1ccccc1,CHEMBL_SYNTH,A28,B,synthetic binding assay,DOC8,IC50,=,10.484675180655378,nM,7.98
CHEMBLSYN00529,CC(C)Cc1ccccc1Cc1ccc2ccccc2c1,CHEMBL_SYNTH,A29,B,synthetic binding assay,DOC9,IC50,=,41508.3628327699,nM,4.38
CHEMBLSYN00530,c1ccc(CC2CCCNC2)cc1,CHEMBL_SYNTH,A30,B,synthetic binding assay,DOC10,IC50,=,19788.08414127283,nM,4.7
CHEMBLSYN00531,CCCOCCCN(C)CNC1CCCCC1,CHEMBL_SYNTH,A31,B,synthetic binding assay,DOC11,IC50,=,6267.636257270499,nM,5.2
CHEMBLSYN00532,NCCOCCC1CCCNC1,CHEMBL_SYNTH,A32,B,synthetic binding assay,DOC12,IC50,=,39537.42114720645,nM,4.4
CHEMBLSYN00532,NCCOCCC1CCCNC1,CHEMBL_SYNTH,A32,B,synthetic binding assay,DOC12,IC50,=,16564.95869030894,nM,4.78
CHEMBLSYN00533,NS(=O)(=O)Cc1ccccc1COCc1ccccc1,CHEMBL_SYNTH,A33,B,synthetic binding assay,DOC13,IC50,=,66.63196217079734,nM,7.18
CHEMBLSYN00533,NS(=O)(=O)Cc1ccccc1COCc1ccccc1,CHEMBL_SYNTH,A33,B,synthetic binding assay,DOC13,IC50,=,371.66072875286466,nM,6.43
CHEMBLSYN00533,NS(=O)(=O)Cc1ccccc1COCc1ccccc1,CHEMBL_SYNTH,A33,B,synthetic binding assay,DOC13,IC50,=,45.87239907899204,nM,7.34
CHEMBLSYN00534,O=C(O)COCc1cccs1,CHEMBL_SYNTH,A34,B,synthetic binding assay,DOC14,IC50,=,29761.028115458757,nM,4.53
CHEMBLSYN00535,O=C(O)NS(=O)(=O)COC(=O)C(=O)c1ccccc1,CHEMBL_SYNTH,A35,B,synthetic binding assay,DOC15,IC50,=,26.837835651686877,nM,7.57
CHEMBLSYN00536,NS(=O)(=O)CCCCC(=O)c1ccccc1,CHEMBL_SYNTH,A36,B,synthetic binding assay,DOC16,IC50,=,9.175824983257169,nM,8.04
CHEMBLSYN00537,CCc1ccccc1CNc1ccccc1,CHEMBL_SYNTH,A37,B,synthetic binding assay,DOC17,IC50,=,13379.60840548669,nM,4.87
CHEMBLSYN00537,CCc1ccccc1CNc1ccccc1,CHEMBL_SYNTH,A37,B,synthetic binding assay,DOC17,IC50,=,35233.75617945193,nM,4.45
CHEMBLSYN00538,CN(C)CCCC1CCCNC1,CHEMBL_SYNTH,A38,B,synthetic binding assay,DOC18,IC50,=,16593.561471927955,nM,4.78
CHEMBLSYN00538,CN(C)CCCC1CCCNC1,CHEMBL_SYNTH,A38,B,synthetic binding assay,DOC18,IC50,=,20858.70620225305,nM,4.68
CHEMBLSYN00539,O=C(OCc1ccccc1CBr)C1CCCNC1,CHEMBL_SYNTH,A39,B,synthetic binding assay,DOC19,IC50,=,9790.567768600224,nM,5.01
CHEMBLSYN00539,O=C(OCc1ccccc1CBr)C1CCCNC1,CHEMBL_SYNTH,A39,B,synthetic binding assay,DOC19,IC50,=,94518.12930730161,nM,4.02
CHEMBLSYN00540,COCCOCc1cccnc1,CHEMBL_SYNTH,A40,B,synthetic binding assay,DOC0,IC50,=,73541.24787361643,nM,4.13
CHEMBLSYN00540,COCCOCc1cccnc1,CHEMBL_SYNTH,A40,B,synthetic binding assay,DOC0,IC50,=,165223.954288134,nM,3.78
CHEMBLSYN00540,COCCOCc1cccnc1,CHEMBL_SYNTH,A40,B,synthetic binding assay,DOC0,IC50,=,14360.388264472873,nM,4.84
CHEMBLSYN00541,NCCCC1CCCNC1,CHEMBL_SYNTH,A41,B,synthetic binding assay,DOC1,IC50,=,25562.461280045718,nM,4.59
CHEMBLSYN00541,NCCCC1CCCNC1,CHEMBL_SYNTH,A41,B,synthetic binding assay,DOC1,IC50,=,45295.50962995797,nM,4.34
CHEMBLSYN00541,NCCCC1CCCNC1,CHEMBL_SYNTH,A41,B,synthetic binding assay,DOC1,IC50,=,48989.023224425626,nM,4.31
CHEMBLSYN00542,O=S(=O)(Cc1ccco1)NCO,CHEMBL_SYNTH,A42,B,synthetic binding assay,DOC2,IC50,=,106.87508990434097,nM,6.97
CHEMBLSYN00542,O=S(=O)(Cc1ccco1)NCO,CHEMBL_SYNTH,A42,B,synthetic binding assay,DOC2,IC50,=,148.29492341076835,nM,6.83
CHEMBLSYN00542,O=S(=O)(Cc1ccco1)NCO,CHEMBL_SYNTH,A42,B,synthetic binding assay,DOC2,IC50,=,84.83218285459061,nM,7.07
CHEMBLSYN00543,OCCCOCc1cccs1,CHEMBL_SYNTH,A43,B,synthetic binding assay,DOC3,IC50,=,39599.19192328906,nM,4.4
CHEMBLSYN00544,ClCc1ccco1,CHEMBL_SYNTH,A44,B,synthetic binding assay,DOC4,IC50,=,6982.489642513244,nM,5.16
CHEMBLSYN00544,ClCc1ccco1,CHEMBL_SYNTH,A44,B,synthetic binding assay,DOC4,IC50,=,18649.923754403902,nM,4.73
CHEMBLSYN00544,ClCc1ccco1,CHEMBL_SYNTH,A44,B,synthetic binding assay,DOC4,IC50,=,53383.74284744341,nM,4.27
CHEMBLSYN00545,CCNS(=O)(=O)COc1ccccc1,CHEMBL_SYNTH,A45,B,synthetic binding assay,DOC5,IC50,=,108.03250552057297,nM,6.97
CHEMBLSYN00545,CCNS(=O)(=O)COc1ccccc1,CHEMBL_SYNTH,A45,B,synthetic binding assay,DOC5,IC50,=,20.91336397693512,nM,7.68
CHEMBLSYN00545,CCNS(=O)(=O)COc1ccccc1,CHEMBL_SYNTH,A45,B,synthetic binding assay,DOC5,IC50,=,41.59384420803296,nM,7.38
CHEMBLSYN00546,CC(C)COCCC(C)COc1ccccc1,CHEMBL_SYNTH,A46,B,synthetic binding assay,DOC6,IC50,=,19139.34021566035,nM,4.72
CHEMBLSYN00547,NS(=O)(=O)CNS(=O)(=O)COCC1CCCO1,CHEMBL_SYNTH,A47,B,synthetic binding assay,DOC7,IC50,=,32.48937196201985,nM,7.49
CHEMBLSYN00548,CCCOC(=O)c1cccs1,CHEMBL_SYNTH,A48,B,synthetic binding assay,DOC8,IC50,=,5828.471823071682,nM,5.23
CHEMBLSYN00549,COCCN(C)CC1CCCNC1,CHEMBL_SYNTH,A49,B,synthetic binding assay,DOC9,IC50,=,77077.51439841294,nM,4.11
CHEMBLSYN00549,COCCN(C)CC1CCCNC1,CHEMBL_SYNTH,A49,B,synthetic binding assay,DOC9,IC50,=,49919.451860664,nM,4.3
CHEMBLSYN00549,COCCN(C)CC1CCCNC1,CHEMBL_SYNTH,A49,B,synthetic binding assay,DOC9,IC50,=,124809.56354865008,nM,3.9
CHEMBLSYN00550,COCC(=O)c1ccccc1,CHEMBL_SYNTH,A0,B,synthetic binding assay,DOC10,IC50,=,15923.832879725362,nM,4.8
CHEMBLSYN00550,COCC(=O)c1ccccc1,CHEMBL_SYNTH,A0,B,synthetic binding assay,DOC10,IC50,=,35606.341797952555,nM,4.45
CHEMBLSYN00551,CN(CCCl)COC(=O)C1CCCO1,CHEMBL_SYNTH,A1,B,synthetic binding assay,DOC11,IC50,=,46638.0543779878,nM,4.33
CHEMBLSYN00552,O=S(=O)(Cc1cccc2[nH]ccc12)NCO,CHEMBL_SYNTH,A2,B,synthetic binding assay,DOC12,IC50,=,127.31849926024154,nM,6.9
CHEMBLSYN00553,CNS(=O)(=O)CCCc1cccc2[nH]ccc12,CHEMBL_SYNTH,A3,B,synthetic binding assay,DOC13,IC50,=,33.37777631706723,nM,7.48
CHEMBLSYN00553,CNS(=O)(=O)CCCc1cccc2[nH]ccc12,CHEMBL_SYNTH,A3,B,synthetic binding assay,DOC13,IC50,=,71.91708646325061,nM,7.14
CHEMBLSYN00553,CNS(=O)(=O)CCCc1cccc2[nH]ccc12,CHEMBL_SYNTH,A3,B,synthetic binding assay,DOC13,IC50,=,102.85109438421233,nM,6.99
CHEMBLSYN00554,CCNS(=O)(=O)Cc1cccnc1,CHEMBL_SYNTH,A4,B,synthetic binding assay,DOC14,IC50,=,19.854354686016492,nM,7.7
CHEMBLSYN00555,CN(CCCl)CC1CCCCC1,CHEMBL_SYNTH,A5,B,synthetic binding assay,DOC15,IC50,=,65830.8061039532,nM,4.18
CHEMBLSYN00556,OCCCOCOCCNc1ccccc1,CHEMBL_SYNTH,A6,B,synthetic binding assay,DOC16,IC50,=,80491.8030774237,nM,4.09
CHEMBLSYN00557,CCNCCc1cccc2ccccc12,CHEMBL_SYNTH,A7,B,synthetic binding assay,DOC17,IC50,=,2302.1935608695017,nM,5.64
CHEMBLSYN00558,CC(CCO)COc1ccccc1,CHEMBL_SYNTH,A8,B,synthetic binding assay,DOC18,IC50,=,35244.60821910793,nM,4.45
CHEMBLSYN00559,FCCCOCc1cccc2[nH]ccc12,CHEMBL_SYNTH,A9,B,synthetic binding assay,DOC19,IC50,=,41437.01945333112,nM,4.38
CHEMBLSYN00559,FCCCOCc1cccc2[nH]ccc12,CHEMBL_SYNTH,A9,B,synthetic binding assay,DOC19,IC50,=,49087.18658628131,nM,4.31
CHEMBLSYN00560,CN(COCOc1ccccc1)CC(=O)O,CHEMBL_SYNTH,A10,B,synthetic binding assay,DOC0,IC50,=,28494.29994068471,nM,4.55
CHEMBLSYN00561,OCc1cccs1,CHEMBL_SYNTH,A11,B,synthetic binding assay,DOC1,IC50,=,12215.251328467695,nM,4.91
CHEMBLSYN00562,CCNCCNC1CCCCC1,CHEMBL_SYNTH,A12,B,synthetic binding assay,DOC2,IC50,=,12549.163624786483,nM,4.9
CHEMBLSYN00563,NS(=O)(=O)CCc1ccco1,CHEMBL_SYNTH,A13,B,synthetic binding assay,DOC3,IC50,=,38.22758769472111,nM,7.42
CHEMBLSYN00564,CN(C)COC(=O)C1CCCCC1,CHEMBL_SYNTH,A14,B,synthetic binding assay,DOC4,IC50,=,32466.908449453073,nM,4.49
CHEMBLSYN00564,CN(C)COC(=O)C1CCCCC1,CHEMBL_SYNTH,A14,B,synthetic binding assay,DOC4,IC50,=,99089.92851925825,nM,4.0
CHEMBLSYN00564,CN(C)COC(=O)C1CCCCC1,CHEMBL_SYNTH,A14,B,synthetic binding assay,DOC4,IC50,=,19356.091042440785,nM,4.71
CHEMBLSYN00565,c1ccc(CCNCCc2ccccc2)cc1,CHEMBL_SYNTH,A15,B,synthetic binding assay,DOC5,IC50,=,6201.276893531665,nM,5.21
CHEMBLSYN00566,CN(CCCCF)Cc1cccc2ccccc12,CHEMBL_SYNTH,A16,B,synthetic binding assay,DOC6,IC50,=,9381.85140543179,nM,5.03
CHEMBLSYN00567,O=S(=O)(Cc1ccc2ccccc2c1)NCBr,CHEMBL_SYNTH,A17,B,synthetic binding assay,DOC7,IC50,=,73.67214344723003,nM,7.13
CHEMBLSYN00568,OCCCCCNc1ccccc1,CHEMBL_SYNTH,A18,B,synthetic binding assay,DOC8,IC50,=,11994.57770172597,nM,4.92
CHEMBLSYN00569,CC(CCO)CNCCc1ccccc1,CHEMBL_SYNTH,A19,B,synthetic binding assay,DOC9,IC50,=,35825.87450380136,nM,4.45
CHEMBLSYN00569,CC(CCO)CNCCc1ccccc1,CHEMBL_SYNTH,A19,B,synthetic binding assay,DOC9,IC50,=,26427.691404826248,nM,4.58
CHEMBLSYN00570,CN(CCO)CNS(=O)(=O)Cc1ccccc1,CHEMBL_SYNTH,A20,B,synthetic binding assay,DOC10,IC50,=,196.673555056684,nM,6.71
CHEMBLSYN00571,O=C(CCNCS(=O)(=O)NCCO)c1ccccc1,CHEMBL_SYNTH,A21,B,synthetic binding assay,DOC11,IC50,=,84.36672457162986,nM,7.07
CHEMBLSYN00572,O=C(CCc1cccc2ccccc12)OCc1ccccc1,CHEMBL_SYNTH,A22,B,synthetic binding assay,DOC12,IC50,=,22068.55091762235,nM,4.66
CHEMBLSYN00573,BrCc1cccc2[nH]ccc12,CHEMBL_SYNTH,A23,B,synthetic binding assay,DOC13,IC50,=,29350.5891497551,nM,4.53
CHEMBLSYN00574,CC(C)CCC1CCCO1,CHEMBL_SYNTH,A24,B,synthetic binding assay,DOC14,IC50,=,12359.894127468606,nM,4.91
CHEMBLSYN00574,CC(C)CCC1CCCO1,CHEMBL_SYNTH,A24,B,synthetic binding assay,DOC14,IC50,=,4431.291903943662,nM,5.35
CHEMBLSYN00575,CCCC(C)Cc1ccc2ccccc2c1,CHEMBL_SYNTH,A25,B,synthetic binding assay,DOC15,IC50,=,7436.095191847978,nM,5.13
CHEMBLSYN00576,NS(=O)(=O)CCCNc1ccccc1,CHEMBL_SYNTH,A26,B,synthetic binding assay,DOC16,IC50,=,83.5566650441486,nM,7.08
CHEMBLSYN00576,NS(=O)(=O)CCCNc1ccccc1,CHEMBL_SYNTH,A26,B,synthetic binding assay,DOC16,IC50,=,123.72948542360716,nM,6.91
CHEMBLSYN00576,NS(=O)(=O)CCCNc1ccccc1,CHEMBL_SYNTH,A26,B,synthetic binding assay,DOC16,IC50,=,115.09696251975008,nM,6.94
CHEMBLSYN00577,CCCCCCNc1ccccc1,CHEMBL_SYNTH,A27,B,synthetic binding assay,DOC17,IC50,=,61818.66067635779,nM,4.21
CHEMBLSYN00578,CC(C)Cc1ccccc1CCCC1CCCO1,CHEMBL_SYNTH,A28,B,synthetic binding assay,DOC18,IC50,=,24344.15207270098,nM,4.61
CHEMBLSYN00579,O=C(O)OCNS(=O)(=O)CNC1CCCCC1,CHEMBL_SYNTH,A29,B,synthetic binding assay,DOC19,IC50,=,42.81072007473453,nM,7.37
CHEMBLSYN00580,OCCc1cccc2[nH]ccc12,CHEMBL_SYNTH,A30,B,synthetic binding assay,DOC0,IC50,=,21221.89687293,nM,4.67
CHEMBLSYN00580,OCCc1cccc2[nH]ccc12,CHEMBL_SYNTH,A30,B,synthetic binding assay,DOC0,IC50,=,21015.513112097997,nM,4.68
CHEMBLSYN00580,OCCc1cccc2[nH]ccc12,CHEMBL_SYNTH,A30,B,synthetic binding assay,DOC0,IC50,=,21713.004526040684,nM,4.66
CHEMBLSYN00581,CN(C)CCOCc1cccc2ccccc12,CHEMBL_SYNTH,A31,B,synthetic binding assay,DOC1,IC50,=,28367.53767316336,nM,4.55
CHEMBLSYN00581,CN(C)CCOCc1cccc2ccccc12,CHEMBL_SYNTH,A31,B,synthetic binding assay,DOC1,IC50,=,49767.11834385593,nM,4.3
CHEMBLSYN00581,CN(C)CCOCc1cccc2ccccc12,CHEMBL_SYNTH,A31,B,synthetic binding assay,DOC1,IC50,=,5130.286767162804,nM,5.29
CHEMBLSYN00582,O=C(O)CCCNCCc1cccs1,CHEMBL_SYNTH,A32,B,synthetic binding assay,DOC2,IC50,=,9571.661625106542,nM,5.02
CHEMBLSYN00583,OCCC1CCCCC1,CHEMBL_SYNTH,A33,B,synthetic binding assay,DOC3,IC50,=,57983.22153584494,nM,4.24
CHEMBLSYN00583,OCCC1CCCCC1,CHEMBL_SYNTH,A33,B,synthetic binding assay,DOC3,IC50,=,57822.46837124598,nM,4.24
CHEMBLSYN00583,OCCC1CCCCC1,CHEMBL_SYNTH,A33,B,synthetic binding assay,DOC3,IC50,=,43103.06271377297,nM,4.37
CHEMBLSYN00584,COCCCC1CCCCC1,CHEMBL_SYNTH,A34,B,synthetic binding assay,DOC4,IC50,=,24366.23922793587,nM,4.61
CHEMBLSYN00584,COCCCC1CCCCC1,CHEMBL_SYNTH,A34,B,synthetic binding assay,DOC4,IC50,=,7877.375944063902,nM,5.1
CHEMBLSYN00585,COCCOCNS(=O)(=O)CNc1ccccc1,CHEMBL_SYNTH,A35,B,synthetic binding assay,DOC5,IC50,=,24.77771814588214,nM,7.61
CHEMBLSYN00586,CC(CCN(C)C)CNS(=O)(=O)CC1CCCCC1,CHEMBL_SYNTH,A36,B,synthetic binding assay,DOC6,IC50,=,23.59934001669754,nM,7.63
CHEMBLSYN00587,NCCCC(=O)c1ccccc1,CHEMBL_SYNTH,A37,B,synthetic binding assay,DOC7,IC50,=,9222.87456991711,nM,5.04
CHEMBLSYN00587,NCCCC(=O)c1ccccc1,CHEMBL_SYNTH,A37,B,synthetic binding assay,DOC7,IC50,=,9066.487443146987,nM,5.04
CHEMBLSYN00588,CN(CCCO)CC1CCCNC1,CHEMBL_SYNTH,A38,B,synthetic binding assay,DOC8,IC50,=,12744.540004593511,nM,4.89
CHEMBLSYN00589,CC(CCBr)COCCc1cccc2ccccc12,CHEMBL_SYNTH,A39,B,synthetic binding assay,DOC9,IC50,=,16527.172002493637,nM,4.78
CHEMBLSYN00590,FCCOCCCC1CCCCC1,CHEMBL_SYNTH,A40,B,synthetic binding assay,DOC10,IC50,=,28029.909125876136,nM,4.55
CHEMBLSYN00590,FCCOCCCC1CCCCC1,CHEMBL_SYNTH,A40,B,synthetic binding assay,DOC10,IC50,=,125172.0266639262,nM,3.9
CHEMBLSYN00591,O=C(COCc1ccccc1)c1ccccc1,CHEMBL_SYNTH,A41,B,synthetic binding assay,DOC11,IC50,=,28293.642711699416,nM,4.55
CHEMBLSYN00592,CN(C)CCOCC1CCCCC1,CHEMBL_SYNTH,A42,B,synthetic binding assay,DOC12,IC50,=,4777.590345978188,nM,5.32
CHEMBLSYN00592,CN(C)CCOCC1CCCCC1,CHEMBL_SYNTH,A42,B,synthetic binding assay,DOC12,IC50,=,41303.46956348632,nM,4.38
CHEMBLSYN00593,O=C(OCc1ccccc1)C1CCCCC1,CHEMBL_SYNTH,A43,B,synthetic binding assay,DOC13,IC50,=,44696.89348348931,nM,4.35
CHEMBLSYN00594,O=C(O)OCCOCc1cccs1,CHEMBL_SYNTH,A44,B,synthetic binding assay,DOC14,IC50,=,9840.876692066287,nM,5.01
CHEMBLSYN00594,O=C(O)OCCOCc1cccs1,CHEMBL_SYNTH,A44,B,synthetic binding assay,DOC14,IC50,=,23321.155759705107,nM,4.63
CHEMBLSYN00595,O=C(O)OCCNS(=O)(=O)Cc1cccnc1,CHEMBL_SYNTH,A45,B,synthetic binding assay,DOC15,IC50,=,98.1795872507219,nM,7.01
CHEMBLSYN00596,CCCOCc1ccc2ccccc2c1,CHEMBL_SYNTH,A46,B,synthetic binding assay,DOC16,IC50,=,5983.216860358152,nM,5.22
CHEMBLSYN00596,CCCOCc1ccc2ccccc2c1,CHEMBL_SYNTH,A46,B,synthetic binding assay,DOC16,IC50,=,14136.362094923172,nM,4.85
CHEMBLSYN00597,OCCCOCNCCc1cccc2[nH]ccc12,CHEMBL_SYNTH,A47,B,synthetic binding assay,DOC17,IC50,=,12501.692892733587,nM,4.9
CHEMBLSYN00598,CCOCCOCNc1ccccc1,CHEMBL_SYNTH,A48,B,synthetic binding assay,DOC18,IC50,=,42250.33564467809,nM,4.37
CHEMBLSYN00599,Cc1ccco1,CHEMBL_SYNTH,A49,B,synthetic binding assay,DOC19,IC50,=,15892.027807060244,nM,4.8
CHEMBLSYN00600,CC(C)CCC(C)CCNc1ccccc1,CHEMBL_SYNTH,A0,B,synthetic binding assay,DOC0,IC50,=,17758.358833052385,nM,4.75
