molecule_chembl_id,canonical_smiles,inchikey,label,label_class,sample_weight,median_pactivity
CHEMBL1080571,CCn1nc(C)c2c1CCN([C@@H](C(=O)NC)c1ccccc1)[C@H]2COc1ccc(C)cc1,AEGZZSHIIWIBBQ-UKILVPOCSA-N,0,antagonist,1.0,7.72
CHEMBL1080686,CCn1nc(C)c2c1CCN(C(C(=O)NC)c1ccccc1)C2CCc1ccc(C)cc1,YVQBKJZIAAENQZ-UHFFFAOYSA-N,0,antagonist,1.0,8.22
CHEMBL1080722,CCn1nc(C)c2c1CCN([C@@H](C(=O)NC)c1ccccc1)[C@@H]2CCc1ccc(C(C)C)cc1,IGOJZIQKSMEGBM-LEAFIULHSA-N,0,antagonist,1.0,6.75
CHEMBL1080723,CCn1nc(C)c2c1CCN(C(C(=O)NC)c1ccccc1)C2CCc1ccccc1F,DWHCERFYSXMJLW-UHFFFAOYSA-N,0,antagonist,1.0,7.66
CHEMBL1080724,CCn1nc(C)c2c1CCN(C(C(=O)NC)c1ccccc1)C2CCc1cccc(F)c1,PPYIFDYCZNADPT-UHFFFAOYSA-N,0,antagonist,1.0,8.0
CHEMBL1080882,CCc1ccc(CC[C@@H]2c3c(C)nn(CC)c3CCN2[C@@H](C(=O)NC)c2ccccc2)cc1,PPAKYKQRBNRNGC-SHQCIBLASA-N,0,antagonist,1.0,6.76
CHEMBL1080883,CCn1nc(C)c2c1CCN([C@@H](C(=O)NC)c1ccccc1)[C@H]2CCc1ccc(C(C)C)cc1,IGOJZIQKSMEGBM-LBNVMWSVSA-N,0,antagonist,1.0,8.05
CHEMBL1080905,CCn1nc(C)c2c1CCN(C(C(=O)NC)c1ccccc1)C2CCc1cccc(C(F)(F)F)c1,UXNWFCOQEYDTIR-UHFFFAOYSA-N,0,antagonist,1.0,8.15
CHEMBL1080924,CCn1nc(C)c2c1CCN(C(C(=O)NC)c1ccccc1)C2Cc1ccc(C(F)(F)F)cc1,WOGUJLBOIUDAQB-UHFFFAOYSA-N,0,antagonist,1.0,7.6
CHEMBL1081209,CCn1nc(C)c2c1CCN(C(C(=O)NC)c1ccccc1)C2CCc1ccc(OC)cc1,DOFLREFDMJXDCA-UHFFFAOYSA-N,0,antagonist,1.0,6.66
CHEMBL1081210,CCc1ccc(CC[C@H]2c3c(C)nn(CC)c3CCN2[C@@H](C(=O)NC)c2ccccc2)cc1,PPAKYKQRBNRNGC-RPLLCQBOSA-N,0,antagonist,1.0,8.52
CHEMBL1081252,CCn1nc(C)c2c1CCN([C@@H](C(=O)NC)c1ccccc1)[C@H]2CCc1ccc(C(F)(F)F)cc1,VDTFQQQTVJPZLY-WIOPSUGQSA-N,0,antagonist,1.0,8.52
CHEMBL1081253,CCn1nc(C)c2c1CCN(C(C(=O)NC)c1ccccc1)C2CCc1ccc(Cl)cc1,ULALCBUGNVGAOF-UHFFFAOYSA-N,0,antagonist,1.0,7.92
CHEMBL1082024,CCn1nc(C)c2c1CCN(C(C(=O)NC)c1ccccc1)C2CCc1ccccc1C,RNPXKOGDSZSWJN-UHFFFAOYSA-N,0,antagonist,1.0,7.68
CHEMBL1082025,CCn1nc(C)c2c1CCN(C(C(=O)NC)c1ccccc1)C2CCc1cccc(C)c1,GVRHRBWMTIBLNU-UHFFFAOYSA-N,0,antagonist,1.0,7.72
CHEMBL1083041,C[C@@H]1CCN(c2cnc3cc(F)c(F)cc3n2)CCN1C(=O)c1ccccc1-n1nccn1,GOTIIFLZZULEEL-OAHLLOKOSA-N,0,antagonist,1.0,8.55
CHEMBL1083357,Cc1ccc(-n2nccn2)c(C(=O)N2CCN(c3ncc4ccccc4n3)CC[C@H]2C)c1,WFWYBEKBFWVQBF-GOSISDBHSA-N,0,antagonist,1.0,8.48
CHEMBL1083358,C[C@@H]1CCN(c2ncc3cc(F)ccc3n2)CCN1C(=O)c1ccccc1-n1nccn1,XBSMDANCGKSKGK-MRXNPFEDSA-N,0,antagonist,1.0,7.57
CHEMBL1083657,C[C@@H]1CCN(c2ncc3c(n2)CCCC3)CCN1C(=O)c1ccccc1-n1nccn1,FJESWXBARXLORJ-QGZVFWFLSA-N,0,antagonist,1.0,8.55
CHEMBL1083658,Cc1ccc(-n2nccn2)c(C(=O)N2CCN(c3nc4ccccc4o3)CC[C@H]2C)c1,ZACJKMOEFBPFHF-QGZVFWFLSA-N,0,antagonist,1.0,7.865
CHEMBL1083659,Cc1ccc(-n2nccn2)c(C(=O)N2CCN(c3nc4cc(Cl)ccc4o3)CC[C@H]2C)c1,JYTNQNCOQXFQPK-MRXNPFEDSA-N,0,antagonist,1.0,8.41
CHEMBL1084949,C[C@@H]1CCN(c2ncc3ccccc3n2)CCN1C(=O)c1ccccc1-n1nccn1,BZCVKCOKZBGXCF-QGZVFWFLSA-N,0,antagonist,1.0,8.54
CHEMBL1089406,Cc1ccc(-n2nccn2)c(C(=O)N2CCCN(c3ncc4cc(F)ccc4n3)CC2)c1,SLUPAIOEVWITQU-UHFFFAOYSA-N,0,antagonist,1.0,8.635
CHEMBL1091110,Cc1ccc(-n2nccn2)c(C(=O)N2CC3CC(C2)N(c2ncc4ccccc4n2)C3)c1,DAHCXLGKBDYGNR-UHFFFAOYSA-N,0,antagonist,1.0,7.275
CHEMBL1091111,Cc1ccc(-n2nccn2)c(C(=O)N2CC3CC2CN(c2ncc4ccccc4n2)C3)c1,KCYPZENJVAFAOH-UHFFFAOYSA-N,0,antagonist,1.0,7.46
CHEMBL1091112,Cc1ccc(-n2nccn2)c(C(=O)N2CCC3CC2CN3c2ncc3cc(F)ccc3n2)c1,ZSZAGDVIYLYNLE-UHFFFAOYSA-N,0,antagonist,1.0,5.79
CHEMBL1093724,Cc1ccc(-n2nccn2)c(C(=O)N2CC3CC2CCN3c2ncc3cc(F)ccc3n2)c1,BRINWJIGTBMZEN-UHFFFAOYSA-N,0,antagonist,1.0,5.445
CHEMBL1170178,Cc1ccc(-n2nccn2)c(C(=O)N2C[C@H]3CC[C@@H]2CCN3c2ncc3ccc(F)cc3n2)c1,DVESWXHEJYNRLH-WOJBJXKFSA-N,0,antagonist,1.0,7.755
CHEMBL1170179,Cc1ccc(-n2nccn2)c(C(=O)N2C[C@@H]3CC[C@H]2CCN3c2ncc3ccc(F)cc3n2)c1,DVESWXHEJYNRLH-PMACEKPBSA-N,0,antagonist,1.0,6.99
CHEMBL1170803,Cc1ccc(-n2nccn2)c(C(=O)N2CCC3CCC(C2)N3c2ncc3ccc(F)cc3n2)c1,LYSXRGSKWCNKHT-UHFFFAOYSA-N,0,antagonist,1.0,7.93
CHEMBL1171594,Cc1ccc(-n2nccn2)c(C(=O)N2C3CCC2CN(c2ncc4ccc(F)cc4n2)CC3)c1,NWJKCXUCJNGHMP-UHFFFAOYSA-N,0,antagonist,1.0,7.52
CHEMBL1171595,Cc1ccc(-n2nccn2)c(C(=O)N2C[C@@H]3CC[C@H]2CN(c2ncc4ccc(F)cc4n2)C3)c1,HOYBQVJXWRSLLT-XLIONFOSSA-N,0,antagonist,1.0,6.654999999999999
CHEMBL1171766,Cc1ccc(-n2nccn2)c(C(=O)N2CC[C@@H]3CC[C@H]2CN3c2ncc3ccc(F)cc3n2)c1,VLRGMTITSWMHEW-PMACEKPBSA-N,0,antagonist,1.0,6.41
CHEMBL1171767,Cc1ccc(-n2nccn2)c(C(=O)N2CC[C@H]3CC[C@@H]2CN3c2ncc3ccc(F)cc3n2)c1,VLRGMTITSWMHEW-WOJBJXKFSA-N,0,antagonist,1.0,5.615
CHEMBL1172519,Cc1ccc(-n2nccn2)c(C(=O)N2C[C@H]3CC[C@@H]2CN(c2ncc4ccc(F)cc4n2)C3)c1,HOYBQVJXWRSLLT-FXAWDEMLSA-N,0,antagonist,1.0,7.484999999999999
CHEMBL1198149,Cc1ccc(Cn2c(=N)n(CC(O)c3ccc(Cl)c(Cl)c3)c3ccccc32)cc1,LQYDYWMFFKKSFD-UHFFFAOYSA-N,1,agonist,1.0,5.494850021680094
CHEMBL1270809,O=C(OCC#CCSc1nnc(-c2cccc3ccccc23)o1)c1cccc2[nH]ccc12,QAGFDTOVQKCZRK-UHFFFAOYSA-N,0,antagonist,1.0,4.954286116983652
CHEMBL1301892,CCOc1ccccc1C(=O)Nc1ccc2nc3n(c(=O)c2c1)CCCCC3,QMAHTISWMMIVGZ-UHFFFAOYSA-N,0,antagonist,1.0,4.17630851494269
CHEMBL1302355,Cc1ccc(NC2CCCN(C(=O)c3cn(C)c4ccccc34)C2)cc1C,IGHGJSNFCFMHKF-UHFFFAOYSA-N,0,antagonist,1.0,5.466948901616613
CHEMBL1304258,COc1cc(OC)c(-c2nc3ccccc3s2)cc1OC,JOYFHMJAXMRBJM-UHFFFAOYSA-N,0,antagonist,1.0,4.17630851494269
CHEMBL1307031,CN1C(=O)C2(N=c3ccccc3=N2)c2ccccc21,HRECINZTPLTEQH-UHFFFAOYSA-N,0,antagonist,1.0,4.17630851494269
CHEMBL1308855,Cc1ccc(C(=O)N/C(=C/c2ccc(-c3cccc([N+](=O)[O-])c3)o2)C(=O)NC(C)(C)C)cc1,WGXNPTNIXGROQI-RCCKNPSSSA-N,0,antagonist,1.0,5.085290215372986
CHEMBL1313229,Cc1cc(NC(=O)CCC(=O)N(Cc2cccs2)C(C(=O)NC2CCCC2)c2ccccc2)no1,POZPNDPDKFMYES-UHFFFAOYSA-N,0,antagonist,1.0,4.336832069535625
CHEMBL1326648,O=C(CN1C(=O)/C(=C\c2cccc(Br)c2)Oc2ccccc21)NCC1CCCO1,SQRVUKFBVAXVJL-UDWIEESQSA-N,0,antagonist,1.0,4.17630851494269
CHEMBL1327720,COc1ccc(-c2cc3nc(-c4ccccc4)cc(N4CCC5(CC4)OCCO5)n3n2)cc1,RGSXJCBSMXDJGZ-UHFFFAOYSA-N,0,antagonist,1.0,4.6338031200885155
CHEMBL1328144,COC(=O)c1ccccc1NC(=O)CSc1nc(O)cc(=O)n1C1CCCC1,AVKCHYMKYJVLNX-UHFFFAOYSA-N,0,antagonist,1.0,4.27564684004746
CHEMBL1330311,Cc1csc(-c2coc3cc(O)cc(C)c3c2=O)n1,NQLIVLASGOOYQX-UHFFFAOYSA-N,0,antagonist,1.0,4.17630851494269
CHEMBL1331281,CCn1c(SCC(=O)Nc2ccc3c(c2)c2ccccc2n3CC)nnc1-c1cnccn1,FZQRSOXVSAENKX-UHFFFAOYSA-N,0,antagonist,1.0,4.523219209391074
CHEMBL1333148,C=CCn1c(SCC(=O)Nc2cc3oc4ccccc4c3cc2OC)nnc1-c1cnccn1,HDCVYPKOQQHUOW-UHFFFAOYSA-N,0,antagonist,1.0,4.6419983281826
CHEMBL1333250,O=C(O)c1ccccc1NS(=O)(=O)c1cccc(-n2sc3ccccc3c2=O)c1,FEVKOYDOEFRIDM-UHFFFAOYSA-N,0,antagonist,1.0,5.3148359961102445
CHEMBL1334210,Cc1nc2cc(-c3nc4ccccc4o3)ccc2[nH]1,FAUHDDWHOPTTHL-UHFFFAOYSA-N,0,antagonist,1.0,4.17630851494269
CHEMBL1335116,CCc1cc2c(SCC(=O)N(CC)c3c(N)n(Cc4ccccc4)c(=O)[nH]c3=O)ncnc2s1,IKLCUSCNODDJJL-UHFFFAOYSA-N,0,antagonist,1.0,5.1343466679091225
CHEMBL1335338,O=c1cc(CN2CC(O)Cc3ccc4ccccc4c32)nc2sccn12,OJDHOYJFMJIZCR-UHFFFAOYSA-N,0,antagonist,1.0,4.17630851494269
CHEMBL1336039,O=C(OC1CCOC1=O)c1ccc(-c2nc3ccccc3s2)s1,AKUDASUHMBZVPZ-UHFFFAOYSA-N,0,antagonist,1.0,4.497341091442463
CHEMBL1337585,COc1ccc(CN2CC[C@H]3C=CC[C@@H](C(=O)Nc4ccc(Cl)c(C(F)(F)F)c4)[C@H]3C2=O)cc1OC,CKTQSZLJZDVMBM-UQNRQAKVSA-N,0,antagonist,1.0,4.17630851494269
CHEMBL1342119,COc1ccc(-c2nc3ccccc3s2)cc1O,BWCLPNGLALERQB-UHFFFAOYSA-N,0,antagonist,1.0,4.639111174783271
CHEMBL1342815,Cc1cc(SCC(=O)c2ccc3c(c2)OCO3)nc2ccccc12,WLQLQOARHVMJPU-UHFFFAOYSA-N,0,antagonist,1.0,4.900781432337219
CHEMBL1342888,Nc1nc(-c2sc3nc4c(cc3c2N)CCCC4)nc(N2CCOCC2)n1,BONGLMPHHVQSIR-UHFFFAOYSA-N,0,antagonist,1.0,4.17630851494269
CHEMBL1343392,Cc1ccc(C(=O)OCn2ncc(Cl)c(Cl)c2=O)cc1,FLFFUOCCWRXKSU-UHFFFAOYSA-N,0,antagonist,1.0,4.17630851494269
CHEMBL1344555,CN(C)c1ccc(-c2nnc(-c3cccs3)o2)cc1,ZWZJQNSDEXBTRV-UHFFFAOYSA-N,0,antagonist,1.0,4.17630851494269
CHEMBL1348119,O=C(Nc1nnc(-c2ccccc2)o1)c1cc(-c2cccs2)nc2ccccc12,LTRWOPHBDJBIBD-UHFFFAOYSA-N,0,antagonist,1.0,4.685805534974844
CHEMBL1351110,Cc1cc(C(=O)NCc2cccc(Cl)c2)c2ccccc2n1,YMYULYHWDTUSIS-UHFFFAOYSA-N,0,antagonist,1.0,4.585672629162959
CHEMBL1351929,COc1ccccc1C(=O)Nc1nc2cc3c(cc2s1)OCCO3,RXKONCCSUNTPRJ-UHFFFAOYSA-N,0,antagonist,1.0,4.17630851494269
CHEMBL1355104,Cn1c2ccccc2c(=O)c2cc(C#Cc3ccccn3)ccc21,LQLFCACHZLXHIB-UHFFFAOYSA-N,0,antagonist,1.0,4.17630851494269
CHEMBL1357156,Cc1nc2ccc(NC(=O)c3oc4ccc(F)cc4c3C)cc2s1,UTTFFDFRBMUFAV-UHFFFAOYSA-N,0,antagonist,1.0,4.17630851494269
CHEMBL1360282,CCn1c2ccccc2c2cc(NC(=O)c3cccc(OC)c3OC)ccc21,OTSSYHNUHICULA-UHFFFAOYSA-N,0,antagonist,1.0,4.17630851494269
CHEMBL1363571,NS(=O)(=O)c1ccc(CNC(=O)c2cc(-c3ccccn3)nc3ccc(Cl)cc23)cc1,GXOHYVMGAJUGMV-UHFFFAOYSA-N,0,antagonist,1.0,4.4112317500350695
CHEMBL1364699,CCN(CC)c1ccc(NC(=O)c2cc3ccccc3o2)c(C)c1,KCBDFPPSMORIIJ-UHFFFAOYSA-N,0,antagonist,1.0,4.17630851494269
CHEMBL1365949,O=S(=O)(NC1CC1)c1ccc(S(=O)(=O)N2CCCc3ccccc32)cc1,NDSGBWBSYKPKKT-UHFFFAOYSA-N,0,antagonist,1.0,4.615364522390849
CHEMBL1367648,N#C/C(=C1\CCCN1)c1nc(-c2ccccc2)cs1,BHRZLQXUNCBBJD-SEYXRHQNSA-N,0,antagonist,1.0,4.17630851494269
CHEMBL1372776,Cc1cc(Br)cc2c1NC(=O)C2(c1c(C)n(C)n(-c2ccccc2)c1=O)c1c(C)n(C)n(-c2ccccc2)c1=O,AWYHAJSPPSBCPE-UHFFFAOYSA-N,0,antagonist,1.0,5.027975919811924
CHEMBL1375038,CSc1cccc(N2CC(C(=O)NCCN3C(=O)S/C(=C\c4cccnc4)C3=O)CC2=O)c1,BNJQKZDJELTZGU-GRSHGNNSSA-N,0,antagonist,1.0,4.4935813876474135
CHEMBL1377656,O=C(Nc1cccc(S(=O)(=O)NCc2ccco2)c1)c1cc(-c2ccc(F)cc2)nc2ccccc12,KUJAJRBKFGZHRW-UHFFFAOYSA-N,0,antagonist,1.0,4.652697400533215
CHEMBL1379934,Cc1ccc(S(=O)(=O)N2CCCN(C(=O)c3cc4ccccc4[nH]3)CC2)cc1,QELJUVYWWJBVSV-UHFFFAOYSA-N,0,antagonist,1.0,4.948587699713555
CHEMBL138091,COc1cc2c(cc1OC)CN(C(=O)C(Cc1ccccc1)NC(=O)c1ccc(F)c(Br)c1)CC2,ASKXKLWUDBSGDD-UHFFFAOYSA-N,0,antagonist,1.0,7.16
CHEMBL138101,COc1cc2c(cc1OC)CN(C(=O)C(Cc1ccc(Br)cc1)C(C)(C)C)CC2,UHAYOUSNUNIKHN-UHFFFAOYSA-N,0,antagonist,1.0,5.7
CHEMBL1382624,CSc1cccc(NC(=O)C2CCCN(S(=O)(=O)c3ccc(F)cc3)C2)c1,YHNMXXKQLSIUHU-UHFFFAOYSA-N,0,antagonist,1.0,4.961716184777531
CHEMBL1384723,C=Cn1ccnc1P(=S)(c1c(C)nn(-c2ccccc2)c1C)c1nccn1C=C,OWJYZVYHLGHHMK-UHFFFAOYSA-N,0,antagonist,1.0,5.410569056421562
CHEMBL1386871,CCOC(=O)c1c(C)nc2c3ccccc3ccn12,LQOBCPWHDVTSJV-UHFFFAOYSA-N,0,antagonist,1.0,4.287232889750868
CHEMBL138717,COc1cc2c(cc1OC)CN(C(=O)C(NC(=O)c1ccccc1)C(C)(C)C)CC2,ITVQLBQPSFRCEZ-UHFFFAOYSA-N,0,antagonist,1.0,5.0
CHEMBL1388463,N#CCSc1nc(-c2ccccc2)nc2ccccc12,JBVMLMHPHCOLAG-UHFFFAOYSA-N,0,antagonist,1.0,4.17630851494269
CHEMBL139083,COc1cc2c(cc1OC)CN(C(=O)C(Cc1ccccc1)C(C)(C)C)CC2,QBEZKPQJLYALCQ-UHFFFAOYSA-N,0,antagonist,1.0,7.25
CHEMBL139117,COc1cc2c(cc1OC)CN(C(=O)C(Nc1ccccc1)C(C)(C)C)CC2,QMUHEOGCJOCLKU-UHFFFAOYSA-N,0,antagonist,1.0,5.68
CHEMBL139157,COc1cc2c(cc1OC)CN(C(=O)[C@@H](NCc1ccccc1)c1ccccc1)CC2,LSYOVSRREGYGSH-VWLOTQADSA-N,0,antagonist,1.0,5.0
CHEMBL139158,COc1cc2c(cc1OC)CN(C(=O)C(NCc1ccccc1)C(C)C)CC2,TYMVLXMAQCKCQG-UHFFFAOYSA-N,0,antagonist,1.0,5.48
CHEMBL139223,COc1cc2c(cc1OC)CN(C(=O)C(N)C(C)(C)C)CC2,KIHNECZDBGFQBD-UHFFFAOYSA-N,0,antagonist,1.0,5.0
CHEMBL139634,COc1cc2c(cc1OC)CN(C(=O)[C@@H](NCc1cccnc1)C(C)(C)C)CC2,NZIZHJZCAHXLKW-OAQYLSRUSA-N,0,antagonist,1.0,6.62
CHEMBL139915,COc1cc2c(cc1OC)CN(C(=O)C(NCc1ccccc1)C(C)(C)C)CC2,SKPVBSAZFYVNSU-UHFFFAOYSA-N,0,antagonist,1.0,6.04
CHEMBL1399289,COc1ccc(-c2nn3c(-c4ccccc4)nnc3s2)cc1,OYYTYUQHNVLXFT-UHFFFAOYSA-N,0,antagonist,1.0,4.17630851494269
CHEMBL1400350,CSc1ccc(CN(C)C(=O)c2cc(S(=O)(=O)NCc3ccccc3)ccc2C)cc1,GHNOLASIXFSBRH-UHFFFAOYSA-N,0,antagonist,1.0,4.41837159308685
CHEMBL1401331,CCCCNC(=O)CCC(=O)NNc1nc2ccccc2c2nc(-c3ccccc3)nn12,FCHLRBHPHXGVJS-UHFFFAOYSA-N,0,antagonist,1.0,4.17630851494269
CHEMBL140260,COc1cc2c(cc1OC)CN(C(=O)C(Cc1ccccc1)c1ccccc1)CC2,DRSDLTFJRNRLDX-UHFFFAOYSA-N,0,antagonist,1.0,6.4
CHEMBL1402931,CCSC1=C(C#N)C(c2ccccc2Cl)C(C(=O)c2cccs2)C(O)(C(F)(F)F)N1,HFKBYHDNFZKCMU-UHFFFAOYSA-N,0,antagonist,1.0,4.5
CHEMBL140348,COc1cc2c(cc1OC)CN(C(=O)[C@@H](NCc1ccccc1)C(C)(C)C)CC2,SKPVBSAZFYVNSU-JOCHJYFZSA-N,0,antagonist,1.0,6.89
CHEMBL140504,COc1cc2c(cc1OC)CN(C(=O)CCc1ccccc1)CC2,STHPPVLUJOUSBI-UHFFFAOYSA-N,0,antagonist,1.0,5.0
CHEMBL140547,COc1cc2c(cc1OC)CN(C(=O)[C@@H](NCc1cccn1C)C(C)(C)C)CC2,PQFAHNADQUUXGS-OAQYLSRUSA-N,0,antagonist,1.0,7.55
CHEMBL140559,COc1cc2c(cc1OC)CN(C(=O)C(Cc1ccccc1)NC(=O)c1ccccc1)CC2,MPRLBEIUDYJANI-UHFFFAOYSA-N,0,antagonist,1.0,6.05
CHEMBL1405608,CSc1cccc(NC(=O)C2CCCN2S(=O)(=O)c2ccc(Br)s2)c1,GGCRLIFVACLEJF-UHFFFAOYSA-N,0,antagonist,1.0,6.433230545814891
CHEMBL1406761,CCOC(=O)c1ccc2[nH]c3ccccc3c2c1,NLLKBEGFXZYBFX-UHFFFAOYSA-N,0,antagonist,1.0,4.17630851494269
CHEMBL140700,COc1cc2c(cc1OC)CN(C(=O)[C@H](Cc1ccccc1)NC(=O)c1cc(Cl)cc(Cl)c1)CC2,HDLDKTIFZITSKM-QHCPKHFHSA-N,0,antagonist,1.0,7.52
CHEMBL1409330,N#CC(=C1SC=CS1)c1nc(-c2ccccc2)cs1,BGQJFBVOWLWREJ-UHFFFAOYSA-N,0,antagonist,1.0,5.271187335014288
CHEMBL1409773,Cc1cc(C)n2nc(-c3cccc(Br)c3)cc2n1,XZYBLTKBGVPSSO-UHFFFAOYSA-N,0,antagonist,1.0,4.17630851494269
CHEMBL141368,COc1cc2c(cc1OC)CN(C(=O)C(NCCc1ccccc1)C(C)(C)C)CC2,KCWNVAAECBJOCC-UHFFFAOYSA-N,0,antagonist,1.0,5.0
CHEMBL1416951,Cc1c(C(=O)Nc2ccc(N3CCOCC3)cc2)oc2ccccc12,AELDAMOGYZQRRC-UHFFFAOYSA-N,0,antagonist,1.0,4.17630851494269
CHEMBL1418004,Oc1ccc(NC(=S)N=Nc2c(O)[nH]c3ccccc23)cc1,ZDYVBANLKXRHDJ-UHFFFAOYSA-N,0,antagonist,1.0,4.17630851494269
CHEMBL1418095,CCn1c2ccccc2c2cc(NC(=O)c3cc(OC)cc(OC)c3)ccc21,XSJVGJUQPNTJSP-UHFFFAOYSA-N,0,antagonist,1.0,4.4827860474872985
CHEMBL1418678,Cc1nc2c(-c3ccc(Cl)cc3)cnn2c2c1CCC2,LEFMWIRVZAQPMC-UHFFFAOYSA-N,0,antagonist,1.0,4.17630851494269
CHEMBL1419029,Cc1c(NS(=O)(=O)c2cccc(C(=O)OCC(=O)N(C)C3CCCCC3)c2)c(=O)n(-c2ccccc2)n1C,DDDBKMDXAQXLON-UHFFFAOYSA-N,0,antagonist,1.0,6.008864383480216
CHEMBL142009,COc1cc2c(cc1OC)CN(C(=O)[C@@H](NCc1ccncc1)C(C)(C)C)CC2,COFVZFLCAOUMJT-OAQYLSRUSA-N,0,antagonist,1.0,7.4
CHEMBL1421498,CCOc1cc(C(=S)N2CCOCC2)cc(Br)c1OS(=O)(=O)c1ccccc1,DYJJXSMRDJNTNI-UHFFFAOYSA-N,0,antagonist,1.0,4.7543191530828635
CHEMBL1422276,Cc1cc(O)n2nc(-c3sccc3-n3c(C)ccc3C)cc2n1,KDJOLMKDVMYETN-UHFFFAOYSA-N,0,antagonist,1.0,4.730441868550425
CHEMBL1430677,Cc1noc(C)c1S(=O)(=O)Nc1ccc(O)c2c(=O)cc(-c3ccccc3Cl)oc12,XKYBPHWVOXMRHI-UHFFFAOYSA-N,0,antagonist,1.0,5.012091161711395
CHEMBL1432793,O=c1c2ccccc2nc2c3ccccc3c(NCc3ccccn3)nn12,RMLJAQSENLLFPC-UHFFFAOYSA-N,0,antagonist,1.0,4.17630851494269
CHEMBL1433931,CC[C@]12c3[nH]c4cc(-c5ccco5)ccc4c3CCN1C(=O)[C@@H](CC(=O)NC/C=C(\C)CCC=C(C)C)C[C@@H]2C(=O)N1CCN(C(=O)c2ccco2)CC1,JWCORXGARXYQHK-UDRADUAXSA-N,0,antagonist,1.0,5.045824521658893
CHEMBL1434457,CCOc1ccccc1N1CCN(C(=O)c2ccc(S(=O)(=O)Nc3ccccc3)cc2)CC1,JDIGQIZGSQAEHX-UHFFFAOYSA-N,0,antagonist,1.0,4.336320532806835
CHEMBL1438417,Cc1nn(-c2ccccc2)c2nc(N)c(C#N)c(-c3ccc(O)c(O)c3)c12,FMRRVKMKGQZGRP-UHFFFAOYSA-N,0,antagonist,1.0,4.17630851494269
CHEMBL1438621,N#CC(=C1CCCC1)c1nc(-c2ccccc2O)cs1,TWHDANXBCWCHBY-UHFFFAOYSA-N,0,antagonist,1.0,4.601823863560032
CHEMBL1438796,CN(C)c1ccc(NC(=S)c2ccc3ccccc3n2)cc1,XJQQBZIYKWJZDB-UHFFFAOYSA-N,0,antagonist,1.0,4.17630851494269
CHEMBL1440341,CSc1nc2ccc3nc(NC(=O)c4ccccc4)sc3c2s1,VZLGPCYXRFHJFJ-UHFFFAOYSA-N,0,antagonist,1.0,4.17630851494269
CHEMBL1440953,O=C(CSc1ccc(Br)c2cccc(Cl)c12)Nc1ccc(S(=O)(=O)Nc2nccs2)cc1,LFEWVFGQDZKNAT-UHFFFAOYSA-N,0,antagonist,1.0,4.40135972093719
CHEMBL1445904,CCOC(=O)C1=C(COC(=O)/C=C/c2cccc(OC)c2)NC(=O)NC1C,DOQBMWJFKCZNSN-CMDGGOBGSA-N,0,antagonist,1.0,4.17630851494269
CHEMBL1448743,Cc1cnc(NC(=O)c2cc3c(C)nn(-c4ccccc4)c3s2)s1,AXMYICLOWJCRNN-UHFFFAOYSA-N,0,antagonist,1.0,4.259996528521425
CHEMBL1458435,Cc1ccc(NC2=NC(=O)/C(=C/c3cccn3C)S2)cc1C,GHYZZNGAQPUIDR-GDNBJRDFSA-N,0,antagonist,1.0,4.17630851494269
CHEMBL1459180,COc1ccc(C(=O)ON=C2c3ccccc3-c3ccccc32)cc1OC,NJKFXXJNMHKTQM-UHFFFAOYSA-N,0,antagonist,1.0,5.381781757291835
CHEMBL1459603,CSc1cccc(NC(=O)C2CCCN(S(=O)(=O)c3cccs3)C2)c1,LZCBNRHAAUTAMM-UHFFFAOYSA-N,0,antagonist,1.0,4.7883770630315965
CHEMBL1460004,COc1ccc(OCc2n(CC(=O)OC3CC(C)CCC3C(C)C)c3ccccc3[n+]2C)cc1,YBINXMKLOILQMU-UHFFFAOYSA-N,0,antagonist,1.0,4.675819994509534
CHEMBL1463349,CCSc1nnc(NC(=O)c2ccc3ccccc3n2)s1,DUUWHYWCCQNXKS-UHFFFAOYSA-N,0,antagonist,1.0,4.17630851494269
CHEMBL1464571,Cc1ccc(C)c(NP(=O)(Oc2ccccc2)Oc2ccccc2)c1,GMSMBWMTBLESFN-UHFFFAOYSA-N,0,antagonist,1.0,4.17630851494269
CHEMBL1465216,CCc1c(C)sc(N=C(S)Nc2nc(C)cc(C)n2)c1C(=O)OC,DSEPPZYBGDBBPB-UHFFFAOYSA-N,0,antagonist,1.0,4.56246936830415
CHEMBL1466856,Cc1noc(C)c1COC(=O)c1ccc2c(c1)S(=O)(=O)c1ccccc1C2=O,MTCDQQWJRCDICU-UHFFFAOYSA-N,0,antagonist,1.0,4.17630851494269
CHEMBL1466997,c1ccc2nc(-c3nc4ccccc4o3)ccc2c1,LEYACHSFIUEDPZ-UHFFFAOYSA-N,0,antagonist,1.0,6.300856347321299
CHEMBL1468272,CCn1c(SCC(=O)c2ccc3ccccc3c2)nnc1-c1cccs1,KHLQGTBTBLCMGX-UHFFFAOYSA-N,0,antagonist,1.0,4.17630851494269
CHEMBL1476869,COc1cc(CN2CC(=O)N(c3ccccc3Cl)C2=S)cc(OC)c1OC,JAPKQFTUXANLIH-UHFFFAOYSA-N,0,antagonist,1.0,4.17630851494269
CHEMBL1477093,Cc1cccc(-c2cc3nc(-c4ccccc4)cc(N4CCC5(CC4)OCCO5)n3n2)c1,UGVJHWHYSYFWHY-UHFFFAOYSA-N,0,antagonist,1.0,4.17630851494269
CHEMBL1478565,Cc1c2ccccc2nc2c(F)c(N(C)C)c(F)c(F)c12,CTHZKMOIZZRYOT-UHFFFAOYSA-N,0,antagonist,1.0,4.396587061984075
CHEMBL1479657,COc1cccc2oc3cc(-c4ccc5[nH]ccc5c4)ccc3c(=O)c12,SMFRTESAWGAGAJ-UHFFFAOYSA-N,0,antagonist,1.0,4.650514997831991
CHEMBL1479951,O=C(c1ccco1)N1CCCC(c2nc(-c3ccc(S(=O)(=O)NCc4ccccc4)cc3)no2)C1,ZPIQTKFMNQCPAX-UHFFFAOYSA-N,0,antagonist,1.0,4.832227925386394
CHEMBL1480014,Cc1ccc(-c2cc3nc(-c4ccccc4)cc(N4CCC5(CC4)OCCO5)n3n2)cc1,NDXOATUNXVCPTB-UHFFFAOYSA-N,0,antagonist,1.0,4.4524153242841225
CHEMBL1481095,COc1ccc2c(c1)nc(O)c1sc3ccccc3c12,GPCQYADOLCARPD-UHFFFAOYSA-N,0,antagonist,1.0,4.780333653084869
CHEMBL1481561,COc1ccc(CCNC(=O)Cn2c(-c3nonc3N)nc3ccccc32)cc1OC,BJPFAUBYKPJOIX-UHFFFAOYSA-N,0,antagonist,1.0,6.1
CHEMBL1481716,Cc1ccc(/C=C2/Sc3ccccc3N(CC(=O)NCC3CCCO3)C2=O)cc1,DQFOQICYWYTBRD-FYJGNVAPSA-N,0,antagonist,1.0,4.413406865793863
CHEMBL1482828,Cc1c(C(=O)OCC(=O)NCCN2C(=O)CSC2=O)oc2c1ccc1ccccc12,OPKQYOFSHKVQFK-UHFFFAOYSA-N,0,antagonist,1.0,4.17630851494269
CHEMBL1485217,COC(=O)[C@H](Cc1c[nH]c2ccccc12)NC(=O)CCCc1c[nH]c2ccccc12,DDCHFPJCANMSIK-QFIPXVFZSA-N,0,antagonist,1.0,4.978806761786817
CHEMBL1485238,COc1ccc(N(CC(=O)NCCc2cccc(C)c2)S(=O)(=O)c2c(C)noc2C)cc1,KBNSWEUJYCJTAD-UHFFFAOYSA-N,0,antagonist,1.0,4.847780588514138
CHEMBL1487872,Cc1ccc(NC(=O)c2ccc3ccccc3n2)nc1,QOBXTKFDZSBUOW-UHFFFAOYSA-N,0,antagonist,1.0,4.840259585974831
CHEMBL1491556,CNC(=O)NC(=O)C(C)OC(=O)c1c2c(nc3ccccc13)/C(=C/c1cccs1)CC2,PVBRULDDFBPVHE-WYMLVPIESA-N,0,antagonist,1.0,4.6807553715226815
CHEMBL1493493,C=CCNc1nc(N(c2ccccc2)c2ccccc2)nc(-n2ccnc2)n1,XNMNTOFNEHOCDS-UHFFFAOYSA-N,0,antagonist,1.0,4.17630851494269
CHEMBL1493516,COc1ccc(/C=C/c2n[nH]c(-c3ccccc3O)n2)cc1OC,BVFYQEXFUILUIC-CSKARUKUSA-N,0,antagonist,1.0,4.17630851494269
CHEMBL1493746,C=CCn1c(SCc2csc(-c3ccc(Cl)cc3)n2)nnc1-c1ccccc1OC,ZPGIAYXQLTVUBN-UHFFFAOYSA-N,0,antagonist,1.0,5.150732253718999
CHEMBL1494796,CNc1nc(Nc2ccc(C)c(Cl)c2)c2cnn(C)c2n1,PDXZLMVSGGBMDK-UHFFFAOYSA-N,0,antagonist,1.0,4.17630851494269
CHEMBL1496820,Cc1cc(O)cc2c(=O)c3ccccc3sc12,LHXGLTZNCXCSKG-UHFFFAOYSA-N,0,antagonist,1.0,6.048672262391037
CHEMBL1498924,C=CCSC1=C(C#N)C(c2ccccc2Cl)C(C(=O)c2cccs2)C(O)(C(F)(F)F)N1,NGWHSQAGOZMKNL-UHFFFAOYSA-N,0,antagonist,1.0,4.902659593675027
CHEMBL1501678,CCN(CC)c1ccc(NC(=O)Cn2c(C(C)NC(=O)c3ccccc3)nc3ccccc32)cc1,DGBMPKRZFCDWPY-UHFFFAOYSA-N,0,antagonist,1.0,4.17630851494269
CHEMBL1501952,CCOc1ccc(S(=O)(=O)N2CCCC(C(=O)Nc3cc(C)cc(C)c3)C2)cc1,AFLCBYWOVUOJFP-UHFFFAOYSA-N,0,antagonist,1.0,4.17630851494269
CHEMBL1502107,Cc1cccc(NC(=O)NNC(=O)c2cc(-c3ccccc3Cl)nc3ccccc23)c1,KMHOUFSOQJOPJN-UHFFFAOYSA-N,0,antagonist,1.0,4.676093430538948
CHEMBL1502109,OCC1(Cc2cccc(Cl)c2)CCCN(Cc2ccc3cc(F)ccc3n2)C1,JJNLXONZPYBNTJ-UHFFFAOYSA-N,0,antagonist,1.0,4.887125737909067
CHEMBL1503548,CCn1c2ccccc2c2nc3ccccc3nc21,IQAPAXYJGPZPMU-UHFFFAOYSA-N,0,antagonist,1.0,4.815317845609382
CHEMBL1505044,O=[N+]([O-])c1ccc(-c2c[nH]c(SC(c3ccccc3)c3ccccc3)n2)cc1,WWDHGMDMNFLVLV-UHFFFAOYSA-N,0,antagonist,1.0,4.414136773173384
CHEMBL1507474,Nn1c(-c2cccs2)nc2sc3c(c2c1=O)CCCC3,PUOFENAWFXNNIH-UHFFFAOYSA-N,0,antagonist,1.0,4.403437700822769
CHEMBL1508525,O=C(CSc1ccc(-c2cccs2)nn1)c1cccs1,BUEYTYZOCKWHHR-UHFFFAOYSA-N,0,antagonist,1.0,4.17630851494269
CHEMBL1511752,O=[N+]([O-])c1c(O)nc2ccc(Cl)cc2c1-c1ccccc1,XLJMQSLOEBFAKA-UHFFFAOYSA-N,0,antagonist,1.0,4.937747887582859
CHEMBL1512498,Cc1cccc2c3nc4ccccc4nc3n(C)c12,MHGOQFOGBFURFZ-UHFFFAOYSA-N,0,antagonist,1.0,5.099092415709281
CHEMBL1513765,CN(Cc1ccccc1)C(=O)c1[nH]cnc1C(=O)N[C@@H](Cc1ccccc1)C(=O)OC(C)(C)C,ZHKCBJBORAYSKM-FQEVSTJZSA-N,0,antagonist,1.0,4.17630851494269
CHEMBL1514800,Cn1c2ccccc2c(=O)c2cc(C#Cc3cccc(N)c3)ccc21,QCIBTTGAPXYYPW-UHFFFAOYSA-N,0,antagonist,1.0,5.603244497103571
CHEMBL1516768,Cc1c(/C=C/C(=O)c2cccs2)cnn1C,CASRTAOYDNMUOI-AATRIKPKSA-N,0,antagonist,1.0,4.17630851494269
CHEMBL1518032,O=C(Nc1ccc2sc3ccccc3c(=O)c2c1)c1ccccc1Cl,GDNFHTMLVHWAQG-UHFFFAOYSA-N,0,antagonist,1.0,4.932033156692468
CHEMBL1518566,Cc1cnc(NC(=O)c2ccc(-c3nc4ccccc4s3)o2)s1,OZZZSNYSAXZKLG-UHFFFAOYSA-N,0,antagonist,1.0,4.17630851494269
CHEMBL1520346,CCN(CC)c1ccc2cc(-c3nc4ccccc4n3C)c(=O)oc2c1,KZFUMWVJJNDGAU-UHFFFAOYSA-N,0,antagonist,1.0,4.3979400086720375
CHEMBL1520702,O=c1c2ccccc2oc2cc(-c3ccc4[nH]ccc4c3)ccc12,KHDPUEGXJWQTFK-UHFFFAOYSA-N,0,antagonist,1.0,4.349485002168009
CHEMBL1521046,CN(C)/C=C1/Oc2c(ccc3ccccc23)C1=O,IPKDJMFWSTXQLF-UKTHLTGXSA-N,0,antagonist,1.0,4.3945679722454845
CHEMBL1521545,c1ccc(N2CCN(c3ncnc4c3oc3ccccc34)CC2)cc1,HBHHOFOOVLKNGC-UHFFFAOYSA-N,0,antagonist,1.0,4.17630851494269
CHEMBL1526293,COCCCNC(=O)CCC(=O)NNc1nc2ccccc2c2nc(-c3ccccc3)nn12,FQAOKDLJUOIMDU-UHFFFAOYSA-N,0,antagonist,1.0,4.17630851494269
CHEMBL1526729,N#Cc1cccn1-c1nccc(-c2cccs2)n1,KCSQDLWGFXTURN-UHFFFAOYSA-N,0,antagonist,1.0,4.17630851494269
CHEMBL1527445,Cc1ccc(-c2csc3nnc(SCC(=O)Nc4nsc(-c5ccccc5)n4)n23)cc1,RQCMBGOLKWZWSI-UHFFFAOYSA-N,0,antagonist,1.0,5.401806883929796
CHEMBL1528787,O=C(OCc1cc(=O)n2c(n1)sc1ccccc12)c1cccc(O)c1,XPXALAIYTFJSFZ-UHFFFAOYSA-N,0,antagonist,1.0,4.17630851494269
CHEMBL1532403,CC(=C/c1ccccc1)/C=C1/SC(N2CCOCC2)=NC1=O,OXILYMAORVXQHT-OWTZWGKBSA-N,0,antagonist,1.0,4.31830684312529
CHEMBL1532928,Cc1ccnc2ccc(-c3nc4ccccc4o3)cc12,WBTCERKLDKQMFI-UHFFFAOYSA-N,0,antagonist,1.0,4.17630851494269
CHEMBL1534057,CC(=O)Nc1cccc(OCC(=O)NC(C)c2ccc3ccccc3c2)c1,ABSPCBSIRGQAKA-UHFFFAOYSA-N,0,antagonist,1.0,4.411954370472159
CHEMBL1536921,O=C(N=Nc1c(O)[nH]c2ccccc12)c1cccc(S(=O)(=O)Nc2ccccc2Cl)c1,MONVHZGSTTUKII-UHFFFAOYSA-N,0,antagonist,1.0,4.17630851494269
CHEMBL1539105,Cn1c2ccc(Cl)cc2c2nc3ccccc3nc21,NXJNINUNSFIGJN-UHFFFAOYSA-N,0,antagonist,1.0,4.17630851494269
CHEMBL1540610,COC(=O)c1ccccc1NC(=O)c1sc(=S)n(C)c1N,BGIZQPMUHKCJQO-UHFFFAOYSA-N,0,antagonist,1.0,5.0774509799928715
CHEMBL1540815,COc1ccccc1NS(=O)(=O)c1cccc(NC(=O)c2ccc3ccccc3n2)c1,QEXWIBSUYZXMOH-UHFFFAOYSA-N,0,antagonist,1.0,4.17630851494269
CHEMBL1541192,O=C(C1CCCN1S(=O)(=O)c1cccc2cccnc12)N1CCn2c1nc1ccccc12,QNEZKPVRJPTWRI-UHFFFAOYSA-N,0,antagonist,1.0,4.532855838456502
CHEMBL1542157,Cc1[nH]c2ccccc2c1C(=O)CSc1nc2ccccc2[nH]1,RHZUDNCYNPRDGJ-UHFFFAOYSA-N,0,antagonist,1.0,4.17630851494269
CHEMBL1546895,COc1cccc(-c2cc(C(=O)Nc3ccccc3SC)no2)c1,JCZCHJNFGCTGQF-UHFFFAOYSA-N,0,antagonist,1.0,4.17630851494269
CHEMBL1548353,CNc1oc(-c2cccc3ccccc23)nc1C#N,DYXYXTDIFMDJIR-UHFFFAOYSA-N,0,antagonist,1.0,4.17630851494269
CHEMBL1549099,N#Cc1c(-c2cccs2)cc(-c2ccccn2)nc1N,FFEJFANQEWTRBW-UHFFFAOYSA-N,0,antagonist,1.0,4.17630851494269
CHEMBL1553774,COc1ccc2sc(-c3ccc(N(C)C)cc3)c(C#CCO)c2c1,NHRNVKYKZDAAPC-UHFFFAOYSA-N,0,antagonist,1.0,4.364079196731751
CHEMBL1555841,COC(=O)C1=C(c2ccccc2OCc2ccccc2)C[C@@H]2CC[C@H]1N2C(=O)NCCOc1ccccc1Cl,DNZABSXHTDRSQA-BKMJKUGQSA-N,0,antagonist,1.0,4.854982694318741
CHEMBL1556254,Cc1nc2c(-c3ccccc3)c(C)nn2c(N)c1-c1ccccc1,COYLEYRJZHTLTR-UHFFFAOYSA-N,0,antagonist,1.0,4.4524153242841225
CHEMBL1556270,O=C(NC(=S)Nc1nc(-c2ccccc2)cs1)c1ccco1,PXKKBCJSETYFNQ-UHFFFAOYSA-N,0,antagonist,1.0,4.17630851494269
CHEMBL1557141,CCOC(=O)N1CCN(C(=O)CSc2ccc(-c3ccccc3)nn2)CC1,YLEXSMFDLLESHA-UHFFFAOYSA-N,0,antagonist,1.0,4.17630851494269
CHEMBL1558506,COc1ccc(/C=C/c2nc(N)nc(-c3ccccc3O)n2)cc1OC,QWNWJNVLIJCFEO-CSKARUKUSA-N,0,antagonist,1.0,4.435638857830787
CHEMBL1559065,Cc1ccc(C)n1-c1nn(S(=O)(=O)c2cccc3cccnc23)c2cccc(F)c12,WGJKWEIOYXFSSO-UHFFFAOYSA-N,0,antagonist,1.0,4.416784943078358
CHEMBL1560993,C=CCn1c2ccccc2c(=O)c2cc(C#Cc3ccccn3)ccc21,LHSUROLMIRFSKT-UHFFFAOYSA-N,0,antagonist,1.0,4.4946380673041135
CHEMBL1562279,COc1cccc(/C=C2/Oc3ccccc3N(CC(=O)NCC3CCCO3)C2=O)c1,CGOPIFOCIZZGDF-FYJGNVAPSA-N,0,antagonist,1.0,5.717832702024362
CHEMBL1565236,CSc1nc2ccc3nc(NC(=O)c4cccs4)sc3c2s1,CSRRIYMZCVJAAV-UHFFFAOYSA-N,0,antagonist,1.0,4.17630851494269
CHEMBL1565349,COc1ccccc1C(=O)Nc1nc(-c2ccc(S(=O)(=O)N3CCOCC3)cc2)cs1,OEWBVHQZAIHBFE-UHFFFAOYSA-N,0,antagonist,1.0,5.151333010286928
CHEMBL1571574,COc1cccc2oc3ccc(C#Cc4ccccn4)cc3c(=O)c12,RSDCCDQDEKHOBB-UHFFFAOYSA-N,0,antagonist,1.0,5.068886590918841
CHEMBL1571807,O=[N+]([O-])c1cccc(-c2nc(-c3cccs3)c(-c3cccs3)[nH]2)c1,ASBJUFFUXNNWAT-UHFFFAOYSA-N,0,antagonist,1.0,5.017728766960431
CHEMBL1572095,C=CCn1c(SCc2ccc(C(=O)Nc3nccs3)cc2)nnc1-c1ccc(C)c(Cl)c1,GHVNLWJHYZBHBO-UHFFFAOYSA-N,0,antagonist,1.0,4.522878745280337
CHEMBL1572758,Cc1cc(-c2ccc(N3CCOCC3)cc2)nc2ccccc12,XGSZPPXEIDZEMS-UHFFFAOYSA-N,0,antagonist,1.0,4.383014862606812
CHEMBL1575559,O=C(c1ccc(S(=O)(=O)Nc2ccc(F)cc2)cc1)N1CCN(c2ccccn2)CC1,HXVLXVBIEVNEAI-UHFFFAOYSA-N,0,antagonist,1.0,4.55395269865476
CHEMBL1575576,CCn1c2ccccc2c2cc(NC(=O)c3cccc(OC)c3)ccc21,ZDOCDDUODADRCW-UHFFFAOYSA-N,0,antagonist,1.0,4.205584137202896
CHEMBL1576843,C=CCNC(=O)CCC(=O)NNc1nc2ccccc2c2nc(-c3ccccc3)nn12,XMNJCICKJODNJW-UHFFFAOYSA-N,0,antagonist,1.0,4.17630851494269
CHEMBL1577537,CCN1C(=O)/C(=C2/SC(C)=C(C)N2CC)SC1=S,MVYAHKHKRGDCQD-LUAWRHEFSA-N,0,antagonist,1.0,4.17630851494269
CHEMBL1581581,O=C(OCC#CCSc1nc2ccccc2o1)c1cc2ccccc2o1,CDCFSINNCBTHAU-UHFFFAOYSA-N,0,antagonist,1.0,4.17630851494269
CHEMBL1582357,CCN(CC)P(=O)(Nc1cccc(C(F)(F)F)c1)c1ccc(N(C)C)cc1NC(=O)c1ccco1,OCQYRCACOUHQPZ-UHFFFAOYSA-N,0,antagonist,1.0,4.801029995663981
CHEMBL1582623,COc1cccc(OP(=O)(Nc2ccccc2)Oc2cccc(OC)c2)c1,QGSISOQHGKBIQO-UHFFFAOYSA-N,0,antagonist,1.0,4.17630851494269
CHEMBL1583293,Nc1c(C(=O)c2ccc(Br)s2)oc2ccccc12,UHWVSUDPAPFTIL-UHFFFAOYSA-N,0,antagonist,1.0,4.406945810093397
CHEMBL1583817,Cc1noc(C)c1COc1ccc(C(=O)OCC(=O)N2CC(=O)Nc3ccccc32)cc1,HTWFLPBAXWPSKY-UHFFFAOYSA-N,0,antagonist,1.0,4.17630851494269
CHEMBL1584180,O=C(Nc1cccc(S(=O)(=O)NCc2ccco2)c1)c1cc(-c2ccccc2)nc2ccccc12,RBWBPJCJKURJSA-UHFFFAOYSA-N,0,antagonist,1.0,4.536571645525154
CHEMBL1585859,COc1ccc(NC(=O)C(=O)Nc2cccc3cccnc23)cc1OC,DTDXWNKBRPNJAO-UHFFFAOYSA-N,0,antagonist,1.0,4.17630851494269
CHEMBL1588256,CC(NS(=O)(=O)c1ccc(OCC(=O)Nc2cccc([N+](=O)[O-])c2)cc1)c1ccccc1,SIKAQJWIVMKATA-UHFFFAOYSA-N,0,antagonist,1.0,4.17630851494269
CHEMBL1588363,Cc1nc2c(ccc3nc(NC(=O)Cc4cccc5ccccc45)sc32)s1,GBGYYVDQJKPHHK-UHFFFAOYSA-N,0,antagonist,1.0,4.527758663924915
CHEMBL1590005,C=CCn1c2ccccc2c(=O)c2cc(C#Cc3cc(OC)cc(OC)c3)ccc21,SLYOYOUYHWDZDC-UHFFFAOYSA-N,0,antagonist,1.0,4.629818655252878
CHEMBL1590375,CC(C)(O)c1cc2ccc(C#Cc3ccsc3)cc2c(=O)o1,OPZVXHKGDPCTDW-UHFFFAOYSA-N,0,antagonist,1.0,4.17630851494269
CHEMBL1594672,Cc1cc(Cl)ccc1OCCCC(=O)NCCN1C(=O)S/C(=C\c2cccnc2)C1=O,CNWSMCUOMUHUNS-UYRXBGFRSA-N,0,antagonist,1.0,4.528995973488843
CHEMBL1605702,Cc1ccccc1N(CC(=O)NC1CCCC1)C(=O)c1oc(C(C)(C)C)cc1C,BNBJBKJMJONHSB-UHFFFAOYSA-N,0,antagonist,1.0,4.17630851494269
CHEMBL1606494,CN(C(=O)CSc1nc(-c2ccccc2)cn1N)C(c1ccccc1)c1ccccc1,KGWMKIJRSULRGY-UHFFFAOYSA-N,0,antagonist,1.0,4.999306238256679
CHEMBL1612190,O=C(CSc1ccc(-c2ccccc2)nn1)c1cccs1,ZCTMFGPZGXXKJE-UHFFFAOYSA-N,0,antagonist,1.0,4.17630851494269
CHEMBL1688011,Cc1cc(NC(=O)Nc2ccc(N(C)C)cc2)c2ccccc2n1,LQEIRDBPBUXXIU-UHFFFAOYSA-N,0,antagonist,1.0,5.0
CHEMBL1688016,Cc1cc(NC(=O)Nc2ccc(N)cc2)c2ccccc2n1,JTRRMZHCJGZKMZ-UHFFFAOYSA-N,0,antagonist,1.0,5.0
CHEMBL1702133,O=C(O)CCn1c(SCCOc2ccccc2)nc2ccccc21,PHAJRNLHWLJQLC-UHFFFAOYSA-N,0,antagonist,1.0,4.17630851494269
CHEMBL1704083,Cc1ccc(N(C)S(=O)(=O)c2cccc(C(=O)NCC(c3cccs3)N3CCOCC3)c2)cc1,JPMSNHIXZAXXEC-UHFFFAOYSA-N,0,antagonist,1.0,4.7632711135922765
CHEMBL1706285,CCc1cc(C(=O)OCC(=O)N2CCC(c3ccccc3)=N2)sc1C,PTGPLMZMHWFKRC-UHFFFAOYSA-N,0,antagonist,1.0,4.17630851494269
CHEMBL1706330,Cc1ccc([C@@H]2CC=C(C(=O)O)[C@H](c3cccc(Cl)c3)N2S(=O)(=O)c2ccccc2C)cc1,LAEMLQRFDSUBJD-ZCYQVOJMSA-N,0,antagonist,1.0,5.791430295136337
CHEMBL1709502,Cc1ccccc1NC(=O)C1CCCN1S(=O)(=O)c1ccccc1C(F)(F)F,OSNAZRTWDFNNGW-UHFFFAOYSA-N,0,antagonist,1.0,5.313231384403608
CHEMBL1713886,CCOC(=O)c1ccc2[nH]c(C)c(C)c2c1,VQDRHZVLRCGSFX-UHFFFAOYSA-N,0,antagonist,1.0,4.7977541911206565
CHEMBL1714024,CC(NC(C)c1ccccc1Cl)C(=O)Nc1cccc(S(=O)(=O)N2CCCCC2)c1,MKNNWVHPBTUYHG-UHFFFAOYSA-N,0,antagonist,1.0,4.512284095745368
CHEMBL1714525,Cc1c(C(=O)OC(C)C(=O)N(C)Cc2ccccc2)oc2ccccc12,VEZLITRWVQHJDJ-UHFFFAOYSA-N,0,antagonist,1.0,5.137894844615616
CHEMBL1714761,O=C(Nc1ccccc1)[C@@H]1CC=C[C@@H]2CCN(Cc3ccc(Cl)c(Cl)c3)C(=O)[C@@H]21,FOEVREDQDHWIBE-BLIXFSHQSA-N,0,antagonist,1.0,4.17630851494269
CHEMBL1715597,Cc1cccc(NC(=O)[C@@H]2CCCN2S(=O)(=O)c2ccc(Cl)cc2)c1,QJTDQWXWOIYYOT-KRWDZBQOSA-N,0,antagonist,1.0,6.142835120127383
CHEMBL1716146,O=C(c1cccc(N2CCNC2=O)c1)N1CCCC(Nc2cccc(F)c2)C1,OHNOFYIPVVFZMX-UHFFFAOYSA-N,0,antagonist,1.0,4.17630851494269
CHEMBL1720286,c1ccc(CN2CCN(C3CCCSc4ccccc43)CC2)cc1,DWOMXKJFILUXON-UHFFFAOYSA-N,0,antagonist,1.0,4.17630851494269
CHEMBL1720383,Fc1cccc(Nc2nc3ccccc3n3cnnc23)c1,GNHBJXDWNKDKDF-UHFFFAOYSA-N,0,antagonist,1.0,4.861603715391331
CHEMBL1721724,Cc1cccc(OCCSc2nc3ccccc3n2CCC(=O)O)c1,FOCAKYCVXWBREO-UHFFFAOYSA-N,0,antagonist,1.0,4.1777807052660805
CHEMBL1721971,COc1ccccc1NC(=O)[C@@H]1CCCN1S(=O)(=O)c1ccc(Cl)cc1,PIHCOUNEIQIOLH-INIZCTEOSA-N,0,antagonist,1.0,5.080323835552289
CHEMBL1722330,CCOc1ccccc1C(=O)NCCNC(=O)c1ccccc1OCC,RBWCUBFRWWPRMW-UHFFFAOYSA-N,0,antagonist,1.0,4.803771119151661
CHEMBL1726432,CCOc1ccccc1C(=O)NCCCCNC(=O)c1ccccc1OCC,QGRXOHRCNSDPFV-UHFFFAOYSA-N,0,antagonist,1.0,4.17630851494269
CHEMBL1727648,Cc1ccc(NC2CCCN(C(=O)c3cccc(-c4ncc[nH]4)c3)C2)cc1C,AFEKICQSZHIMRP-UHFFFAOYSA-N,0,antagonist,1.0,5.057862937804851
CHEMBL1728519,CC(C)(C)OC(=O)C[C@@H]1C/C=C\C[C@H](CC(=O)N[C@@H](CO)Cc2ccccc2)C(=O)N[C@H](C(C)(C)C)COC1=O,CFKXLZMHZOCZAV-UYECAPCLSA-N,0,antagonist,1.0,4.17630851494269
CHEMBL1731389,COc1ccc(OC)c(S(=O)(=O)NCC(c2ccco2)N2CCc3ccccc32)c1,SSTKFZVKVKZALO-UHFFFAOYSA-N,0,antagonist,1.0,4.6399203482970215
CHEMBL1733477,O=C(NC(=S)Nc1cccc2cccnc12)c1cccs1,XDHSYBVDZZESJO-UHFFFAOYSA-N,0,antagonist,1.0,4.17630851494269
CHEMBL1735531,COc1ccc([C@@H]2CC=C(C(=O)O)[C@H](c3cccc(Cl)c3)N2S(=O)(=O)c2ccccc2C)cc1,RBVRQCULUMILKV-ZCYQVOJMSA-N,0,antagonist,1.0,5.122932902951905
CHEMBL1771415,Cc1cc(NC(=O)Nc2ccc3nc(C)oc3c2)c2ccccc2n1,YCBIDQPTMDARPN-UHFFFAOYSA-N,0,antagonist,1.0,5.0
CHEMBL1771421,Cc1cc(NC(=O)Nc2ccc(N(C)C)cc2C)c2ccccc2n1,JEHMIHISLRYEBX-UHFFFAOYSA-N,0,antagonist,1.0,5.0
CHEMBL1771422,COc1cc(N(C)C)ccc1NC(=O)Nc1cc(C)nc2ccccc12,LSIQNLAIUPOMMJ-UHFFFAOYSA-N,0,antagonist,1.0,5.0
CHEMBL1771423,CCCCCC(=O)Nc1ccc(NC(=O)Nc2cc(C)nc3ccccc23)cc1,SZBFWCPAJQYXQW-UHFFFAOYSA-N,0,antagonist,1.0,5.0
CHEMBL1771424,Cc1cc(NC(=O)Nc2ccc(NCCCc3ccccc3)cc2)c2ccccc2n1,GRGDIVZKBZHHGA-UHFFFAOYSA-N,0,antagonist,1.0,5.0
CHEMBL1771425,Cc1cc(NC(=O)Nc2ccc(N(C)CCCc3ccccc3)cc2)c2ccccc2n1,WXEFZSABKVSAKN-UHFFFAOYSA-N,0,antagonist,1.0,5.0
CHEMBL1771426,CCCCCCNc1ccc(NC(=O)Nc2cc(C)nc3ccccc23)cc1,KNHWETVRFPQFCC-UHFFFAOYSA-N,0,antagonist,1.0,5.0
CHEMBL1771427,CCCCCCN(C)c1ccc(NC(=O)Nc2cc(C)nc3ccccc23)cc1,YRYRTQXPZOTPJZ-UHFFFAOYSA-N,0,antagonist,1.0,5.0
CHEMBL1771428,CN(C)c1ccc(NC(=O)Nc2ccnc3c(F)cccc23)cc1,UZJDNBMQKZGMIC-UHFFFAOYSA-N,0,antagonist,1.0,6.767003889607846
CHEMBL1771429,Cc1cc(NC(=O)Nc2ccc(N(C)C)cc2)c2cccc(F)c2n1,LQEMETPMRDSNHH-UHFFFAOYSA-N,0,antagonist,1.0,5.0
CHEMBL1771430,CN(C)c1ccc(NC(=S)Nc2ccnc3c(F)cccc23)cc1,DQCPOIDWNDGGKE-UHFFFAOYSA-N,0,antagonist,1.0,5.0
CHEMBL1771431,CN(C)c1ccc(NC(=O)Nc2ccnc3ccc(C(F)(F)F)cc23)cc1,LTRWROICGSCYBT-UHFFFAOYSA-N,0,antagonist,1.0,5.0
CHEMBL1771432,CN(C)c1ccc(NC(=O)Nc2ccnc3c(C(F)(F)F)cccc23)cc1,AFTZTGOCCYQNTB-UHFFFAOYSA-N,0,antagonist,1.0,5.0
CHEMBL1771433,CN(C)c1ccc(CC(=O)Nc2ccnc3c(F)cccc23)cc1,VREPNNGDTOKRHY-UHFFFAOYSA-N,0,antagonist,1.0,5.0
CHEMBL1771434,O=C(Nc1ccc(N2CCCCC2)cc1)Nc1ccnc2c(F)cccc12,YQSSAVQNHDJIFV-UHFFFAOYSA-N,0,antagonist,1.0,5.0
CHEMBL1771435,CN1CCN(c2ccc(NC(=O)Nc3ccnc4c(F)cccc34)cc2)CC1,GZUVOPMPNBXJIQ-UHFFFAOYSA-N,0,antagonist,1.0,5.0
CHEMBL1771570,CN1CCc2cc(NC(=O)Nc3ccnc4c(F)cccc34)ccc21,KTAXYWQAZGSFPD-UHFFFAOYSA-N,0,antagonist,1.0,6.308918507877031
CHEMBL1771571,CCCCCCN(C)c1ccc(NC(=O)Nc2ccnc3c(F)cccc23)cc1,QUNCFDJBSGJWCE-UHFFFAOYSA-N,0,antagonist,1.0,5.617982957425132
CHEMBL1771572,O=C(Nc1ccc2c(c1)OCO2)Nc1ccnc2c(F)cccc12,QVHIAMOEWDREGV-UHFFFAOYSA-N,0,antagonist,1.0,5.791289980093599
CHEMBL1771573,O=C(Nc1ccc2c(c1)OCCO2)Nc1ccnc2c(F)cccc12,GKIPNFDEZBYGMM-UHFFFAOYSA-N,0,antagonist,1.0,6.51427857351842
CHEMBL1771574,COc1ccc(NC(=O)Nc2ccnc3c(F)cccc23)cc1OC,IRUVJBFFZAJVGY-UHFFFAOYSA-N,0,antagonist,1.0,5.0
CHEMBL1771575,COc1cc(NC(=O)Nc2ccnc3c(F)cccc23)cc(OC)c1OC,IEJARMRIXWECGU-UHFFFAOYSA-N,0,antagonist,1.0,5.0
CHEMBL1771576,CCc1ccc(NC(=O)Nc2ccnc3c(F)cccc23)cc1,DSEULHIITZNLGT-UHFFFAOYSA-N,0,antagonist,1.0,5.494985759915893
CHEMBL1771577,O=C(Nc1ccnc2c(F)cccc12)NC1CCCCC1,GTBTYCOEYVADNG-UHFFFAOYSA-N,0,antagonist,1.0,5.0
CHEMBL1911640,COc1ccc2c(c1)[C@H](C)N(C(=O)c1ccc(Cl)cc1)[C@H](C)CO2,ZJIORNPRXHJPSS-OLZOCXBDSA-N,0,antagonist,1.0,7.13
CHEMBL1911641,C[C@@H]1COc2ccccc2[C@H](C)N1C(=O)c1ccc(Cl)cc1,FUBUDTWHBCSDKB-OLZOCXBDSA-N,0,antagonist,1.0,5.19
CHEMBL1911642,Cc1ccc2c(c1)[C@H](C)N(C(=O)c1ccc(Cl)cc1)[C@H](C)CO2,WPRSJKBTUKBEIT-KGLIPLIRSA-N,0,antagonist,1.0,6.82
CHEMBL1911643,CCc1ccc2c(c1)[C@H](C)N(C(=O)c1ccc(Cl)cc1)[C@H](C)CO2,WAXVHSRSZABSKV-KGLIPLIRSA-N,0,antagonist,1.0,6.8
CHEMBL1911742,CSc1ccc2c(c1)[C@H](C)N(C(=O)c1ccc(Cl)cc1)[C@H](C)CO2,MBARCLLTOAMSJY-OLZOCXBDSA-N,0,antagonist,1.0,8.19
CHEMBL1911743,C[C@@H]1COc2ccc(C#N)cc2[C@H](C)N1C(=O)c1ccc(Cl)cc1,VZTZUKGKZZSSEM-OLZOCXBDSA-N,0,antagonist,1.0,5.09
CHEMBL1911744,C[C@@H]1COc2ccc(S(C)(=O)=O)cc2[C@H](C)N1C(=O)c1ccc(Cl)cc1,WDNOXFOPSMQZAW-OLZOCXBDSA-N,0,antagonist,1.0,5.33
CHEMBL1911745,C[C@@H]1COc2ccc(F)cc2[C@H](C)N1C(=O)c1ccc(Cl)cc1,PARSKAKHCPQSNI-NEPJUHHUSA-N,0,antagonist,1.0,5.52
CHEMBL1911746,C[C@@H]1COc2ccc(Cl)cc2[C@H](C)N1C(=O)c1ccc(Cl)cc1,JNYTYLPKKZORKE-NEPJUHHUSA-N,0,antagonist,1.0,6.14
CHEMBL1911747,C[C@@H]1COc2ccc(Br)cc2[C@H](C)N1C(=O)c1ccc(Cl)cc1,IPCIOQODULLXHM-NEPJUHHUSA-N,0,antagonist,1.0,6.37
CHEMBL1911748,C[C@@H]1COc2ccc(C(F)(F)F)cc2[C@H](C)N1C(=O)c1ccc(Cl)cc1,JHNBWFXMUOMHMH-NEPJUHHUSA-N,0,antagonist,1.0,6.57
CHEMBL1911749,C[C@@H]1COc2ccc(OC(F)(F)F)cc2[C@H](C)N1C(=O)c1ccc(Cl)cc1,ZJGXKDOWNYGOPT-NEPJUHHUSA-N,0,antagonist,1.0,6.85
CHEMBL1911750,C[C@@H]1COc2ccc(OC(F)F)cc2[C@H](C)N1C(=O)c1ccc(Cl)cc1,FPYLBKFNXBOCNV-NEPJUHHUSA-N,0,antagonist,1.0,7.57
CHEMBL1911936,O=S(=O)(c1ccccc1)N1CCOC12CCN(c1cnc3ccccc3n1)CC2,UUPIIGACQRBPPF-UHFFFAOYSA-N,0,antagonist,1.0,6.64
CHEMBL1911937,O=C(Nc1ccccc1)N1CCC2(CC1)OCCN2S(=O)(=O)c1ccccc1,PSNAGDYUZGSURB-UHFFFAOYSA-N,0,antagonist,1.0,6.15
CHEMBL1911939,O=C(Nc1ccccc1)N1CCC2(OCCN2S(=O)(=O)c2ccccc2)C(F)(F)C1,APTFLOPURRQKRQ-UHFFFAOYSA-N,0,antagonist,1.0,6.0
CHEMBL1911940,COc1cccc(S(=O)(=O)N2CCOC23CCN(C(=O)Nc2ccccc2)CC3F)c1,FIUPMMAMNDLSNH-UHFFFAOYSA-N,0,antagonist,1.0,6.89
CHEMBL1911941,COc1ccc(S(=O)(=O)N2CCOC23CCN(C(=O)Nc2ccccc2)CC3F)cc1,BPXDRPKLRNEUEM-UHFFFAOYSA-N,0,antagonist,1.0,7.06
CHEMBL1911942,COc1ccc(S(=O)(=O)N2CCOC23CCN(C(=O)Nc2ccccc2)CC3F)cc1OC,MITAEJMHOIHGTB-UHFFFAOYSA-N,0,antagonist,1.0,8.48
CHEMBL1966014,Cn1c(N)c(C(=O)N/N=C/c2ccccc2)sc1=S,FDULOSNQQBHPAU-VGOFMYFVSA-N,0,antagonist,1.0,4.17630851494269
CHEMBL1966472,Sc1nnc(-c2cc(-c3ccccc3)[nH]n2)n1/N=C/c1cccs1,VKVKLBBLGMJVQO-LICLKQGHSA-N,0,antagonist,1.0,4.17630851494269
CHEMBL1967103,COc1ccc(/C=c2\sc3nc(-c4ccccc4OC)nn3c2=O)c(OC)c1,OTKMWGHZDAZYAF-YVLHZVERSA-N,0,antagonist,1.0,4.387992594313568
CHEMBL1967431,CCn1c(C)cs/c1=N/C(=O)c1ccccc1O,MIJZDGIXNWSXRQ-BUHFOSPRSA-N,0,antagonist,1.0,4.17630851494269
CHEMBL1970286,Cc1nn(-c2ccccc2)c(C)c1/C=N/NC(=O)c1cc(-c2ccccc2)[nH]n1,MVBKUFCOWPEERW-OEAKJJBVSA-N,0,antagonist,1.0,4.705987465183584
CHEMBL1973904,O=C(NC(Cc1c[nH]c2ccccc12)C(=O)N/N=C/c1ccc(Cl)cc1)c1cccs1,SMDSENIYQGHCLF-LGJNPRDNSA-N,0,antagonist,1.0,4.4604093769761874
CHEMBL1977763,CN(/N=C/c1cc([N+](=O)[O-])ccc1O)c1ccccc1,OLHPHMNXKNGHBB-XNTDXEJSSA-N,0,antagonist,1.0,4.17630851494269
CHEMBL1977808,COc1ccc(OC)c(/C=N/NC(=O)c2cc3c(OC)cc(OC)cc3[nH]2)c1,MVNRBKINADTNIO-SRZZPIQSSA-N,0,antagonist,1.0,4.6063689717420715
CHEMBL1978117,Cc1nn(-c2ccccc2)c(C)c1/C=N/NC(=O)c1cc(-c2cccs2)[nH]n1,HHCQZRFAYCXZND-CIAFOILYSA-N,0,antagonist,1.0,4.366414135798493
CHEMBL1978193,Sc1nnc(-c2cc(-c3ccccc3)[nH]n2)n1/N=C/c1c2ccccc2cc2ccccc12,WCLOWKRTLPNLSV-JVWAILMASA-N,0,antagonist,1.0,4.17630851494269
CHEMBL1979083,CCSc1ccc([C@@H]2[C@H]3C(=O)N(CC)C(=O)[C@H]3[C@]3(C(=O)OC)CCCCN23)cc1OC,PDCMSNDUKGQBTI-XWQURZDVSA-N,0,antagonist,1.0,4.747425010840047
CHEMBL1979607,Cc1nn(C)c(C)c1/N=C/c1c(O)ccc2ccccc12,RZIALXYIRNOGAQ-VCHYOVAHSA-N,0,antagonist,1.0,4.17630851494269
CHEMBL1979844,COc1ccc2c(Cl)c(C(=O)N/N=C/c3c(C)[nH]c4ccccc34)sc2c1,BCDSMPIHIRYKQV-LSHDLFTRSA-N,0,antagonist,1.0,4.467771005386541
CHEMBL1980584,Cc1ccc2nc(Nc3ccccc3)c(/C=N/O)c(=O)n2c1,WQAMFFJSEXOHTM-RQZCQDPDSA-N,0,antagonist,1.0,4.394573317342553
CHEMBL1981638,Cc1ccc(-c2cc(C(=O)N/N=C/C(Br)=C/c3ccccc3)[nH]n2)o1,NECFKNBGKKRENB-ABMAFKSBSA-N,0,antagonist,1.0,4.4200660764537165
CHEMBL1983843,O=C(N/N=C/c1c(Cl)[nH]c2ccccc12)c1sc2ccccc2c1Cl,JBNHJXLVBXWVIV-ZVBGSRNCSA-N,0,antagonist,1.0,4.606999297992944
CHEMBL1988282,COc1cccc(/C=N/NC(=O)c2nnn(-c3nonc3N)c2CN(C)c2ccccc2)c1,GMAAJDOWKUTLHA-FSJBWODESA-N,0,antagonist,1.0,4.65999913451733
CHEMBL1995726,CN(C)S(=O)(=O)c1ccc(-c2csc(N/N=C/c3ccco3)n2)cc1,GWCXEFGKGPBFIY-LICLKQGHSA-N,0,antagonist,1.0,4.17630851494269
CHEMBL1995997,Cc1ccsc1/C=N/N=C1\C(=O)Nc2ccccc21,WJDPJPVBZDKEQV-OVCLIPMQSA-N,0,antagonist,1.0,4.17630851494269
CHEMBL1997993,Cc1cccc(/C=N/NC(=O)c2cc3c(s2)-c2ccccc2CC3)c1,QLNBBJPZXKTDNN-LPYMAVHISA-N,0,antagonist,1.0,4.17630851494269
CHEMBL199868,CCN(CC)c1ccc(/C=N/NC(=O)c2ccco2)c(O)c1,ZOHSDJUPFBCELP-GZTJUZNOSA-N,0,antagonist,1.0,4.17630851494269
CHEMBL2003606,CCN(C(=O)CO/N=C/c1ccc(OC)cc1OC)c1c(N)n(Cc2ccccc2)c(=O)[nH]c1=O,VZXGLUNPCXMDDW-LGJNPRDNSA-N,0,antagonist,1.0,5.1448143678696185
CHEMBL2004183,COc1ccc(/C=N/Nc2snc(SC)c2C#N)cc1OC,ZBKLKXXWAJJABZ-LZYBPNLTSA-N,0,antagonist,1.0,4.17630851494269
CHEMBL2006840,COc1cccc(/C=N/Nc2cc(C)nc(-c3ccccc3O)n2)c1O,NVWKNYCCCLJTGO-RGVLZGJSSA-N,0,antagonist,1.0,4.612741517135725
CHEMBL2007173,O=C(NC(Cc1c[nH]c2ccccc12)C(=O)N/N=C/c1ccc(Br)cc1)c1cccs1,OHFBWJDDFOHHKS-LGJNPRDNSA-N,0,antagonist,1.0,4.900650842256905
CHEMBL2031478,O=C(NCC1CCCCN1C(=O)c1ccccc1-c1ccccc1)c1cccc2cccnc12,WAKGEROYRUJRJS-UHFFFAOYSA-N,0,antagonist,1.0,8.7
CHEMBL2031479,Cc1nc(C(=O)N2CCCCC2CNC(=O)c2cccc3cccnc23)c(-c2ccc(F)cc2)s1,GDIVCKLSNKXINP-UHFFFAOYSA-N,0,antagonist,1.0,7.64
CHEMBL2031480,Cc1nc(-c2ccccc2)c(C(=O)N2CCCCC2CNC(=O)c2cccc3occc23)s1,KYJDZVZDSWHGJA-UHFFFAOYSA-N,0,antagonist,1.0,8.4
CHEMBL2031481,Cc1nc(C(=O)N2CCCCC2CNC(=O)c2cccc3occc23)c(-c2ccc(F)cc2)s1,ZJXIUGNEAIHSBI-UHFFFAOYSA-N,0,antagonist,1.0,9.0
CHEMBL2031482,Cc1nc(-c2ccccc2)c(C(=O)N2CCCCC2CNC(=O)c2cccc3cccnc23)s1,IFPSLMURKPCEEU-UHFFFAOYSA-N,0,antagonist,1.0,8.1
CHEMBL2031483,Cc1nc(-c2ccccc2)c(C(=O)N2CCCCC2CNc2ccc(C(F)(F)F)cn2)s1,AZZBTULNABQPFK-UHFFFAOYSA-N,0,antagonist,1.0,8.1
CHEMBL2031484,Cc1nc(C(=O)N2CCC[C@@H](C)[C@H]2CNC(=O)c2cccc3cccnc23)c(-c2ccc(F)cc2)s1,AIQBJVPTNVSUNF-UZUQRXQVSA-N,0,antagonist,1.0,6.18
CHEMBL2031485,Cc1nc(C(=O)N2CCC[C@@H](C)[C@H]2CNC(=O)c2cccc3occc23)c(-c2ccccc2)s1,ZSFKTFCHCZQVDT-VGOFRKELSA-N,0,antagonist,1.0,8.08
CHEMBL2031486,Cc1cc2c(C(=O)NC[C@@H]3[C@H](C)CCCN3C(=O)c3nc(C)sc3-c3ccccc3)cccc2o1,VLBRCICIJFGSAX-UZUQRXQVSA-N,0,antagonist,1.0,6.640000000000001
CHEMBL2031487,Cc1nc(C(=O)N2CCC[C@@H](C(F)(F)F)[C@H]2CNC(=O)c2cccc3cccnc23)c(-c2ccccc2)s1,JZHYQAVNBVKWNS-FGZHOGPDSA-N,0,antagonist,1.0,7.4
CHEMBL2031488,COc1cccc(C(=O)NC[C@@H]2[C@H](C)CCCN2C(=O)c2nc(C)sc2-c2ccccc2)c1C,UKKDYYNNMUENSD-VGOFRKELSA-N,0,antagonist,1.0,5.0
CHEMBL2031489,Cc1nc(-c2ccccc2)c(C(=O)N2CCC[C@@H](C)[C@H]2CNC(=O)c2cccc3cccnc23)s1,BURFUOOYZMGYEH-WZONZLPQSA-N,0,antagonist,1.0,7.1850000000000005
CHEMBL2031490,Cc1nc(C(=O)N2CCC[C@@H](C(F)(F)F)[C@H]2CNC(=O)c2cccc3occc23)c(-c2ccccc2)s1,LHCWXNBUYBMDHF-NHCUHLMSSA-N,0,antagonist,1.0,7.585
CHEMBL2031491,Cc1nc(C(=O)N2CCC[C@@H](C)[C@H]2CNC(=O)c2cccc3cccnc23)c(-c2ccccc2)s1,SRKVUFVTSRBFFN-WZONZLPQSA-N,0,antagonist,1.0,7.23
CHEMBL2031492,Cc1nc(C(=O)N2CCC[C@H](C)[C@H]2CNC(=O)c2cccc3cccnc23)c(-c2ccccc2)s1,SRKVUFVTSRBFFN-FDDCHVKYSA-N,0,antagonist,1.0,7.045
CHEMBL2031493,Cc1nc(C(=O)N2CCC[C@@H](C)[C@H]2CNc2nc3ccccc3o2)c(-c2ccccc2)s1,DOCDYUJINMSGRS-OXQOHEQNSA-N,0,antagonist,1.0,6.35
CHEMBL2031494,O=C(NC[C@@H]1C[C@H](O)CCN1C(=O)c1ccccc1-c1ccccc1)c1cccc2cccnc12,AJFSMUYBHCAWKT-XZOQPEGZSA-N,0,antagonist,1.0,7.21
CHEMBL2031495,O=C(NC[C@@H]1C[C@@H](F)CCN1C(=O)c1ccccc1-c1ccccc1)c1cccc2cccnc12,ZKSNDTPCNNMBCL-GOTSBHOMSA-N,0,antagonist,1.0,6.27
CHEMBL2031498,O=C(NC[C@@H]1CCC(F)(F)CN1C(=O)c1ccccc1-c1ccccc1)c1cccc2cccnc12,VGFZJFYRKGSKGE-QFIPXVFZSA-N,0,antagonist,1.0,8.7
CHEMBL2031499,O=C(NC[C@@H]1CCC(NCCO)CN1C(=O)c1ccccc1-c1ccccc1)c1cccc2cccnc12,QXOYXBXFMZTJDV-BBMPLOMVSA-N,0,antagonist,1.0,6.86
CHEMBL2031500,O=C(NC[C@@H]1CCC(O)CN1C(=O)c1ccccc1-c1ccccc1)c1cccc2cccnc12,HLZFNXPRACQSDC-NQCNTLBGSA-N,0,antagonist,1.0,7.89
CHEMBL2031501,Cc1nc(C(=O)N2CC(F)CC[C@H]2CNC(=O)c2cccc3occc23)c(-c2ccccc2)s1,MOXXGRCLAOBXLS-GGYWPGCISA-N,0,antagonist,1.0,9.0
CHEMBL2031502,Cc1nc(C(=O)N2CC(N)CC[C@H]2CNC(=O)c2cccc3cccnc23)c(-c2ccccc2)s1,CMEYWYAGTUKFKO-LBAQZLPGSA-N,0,antagonist,1.0,5.7
CHEMBL2031503,Cc1nc(C(=O)N2CC(F)CC[C@H]2CNc2ccc(C(F)(F)F)cn2)c(-c2ccccc2)s1,GJDYBOVHDFWUGD-ZVAWYAOSSA-N,0,antagonist,1.0,8.15
CHEMBL2031504,Cc1nc(C(=O)N2[C@H](CNC(=O)c3cccc4occc34)CCC[C@@H]2C)c(-c2ccc(F)cc2)s1,OZQQWERPXKWLAA-JXFKEZNVSA-N,0,antagonist,1.0,8.1
CHEMBL2031505,Cc1nc(C(=O)N2[C@H](CNC(=O)c3cccc4cccnc34)CCC[C@@H]2C)c(-c2ccc(F)cc2)s1,QDFUSTLNIXAUHP-JTSKRJEESA-N,0,antagonist,1.0,6.82
CHEMBL2031506,Cc1nc(C(=O)N2[C@H](CNc3ccc(C(F)(F)F)cn3)CCC[C@@H]2C)c(-c2ccc(F)cc2)s1,SBWIUDUFVJTASW-LIRRHRJNSA-N,0,antagonist,1.0,7.02
CHEMBL2031507,Cc1nc(C(=O)N2[C@H](CNc3nc4ccccc4o3)CCC[C@@H]2C)c(-c2ccc(F)cc2)s1,FVXDIUWLPYTCGR-KXBFYZLASA-N,0,antagonist,1.0,6.9
CHEMBL2092734,O=C(Nc1ccccc1)N1CCC2(OCCN2S(=O)(=O)c2ccccc2)[C@H](F)C1,JSJWQXSSQJPVPR-QSVWIEALSA-N,0,antagonist,1.0,6.77
CHEMBL2092888,O=C(Nc1ccccc1)N1CCC2(OCCN2S(=O)(=O)c2ccccc2)[C@@H](F)C1,JSJWQXSSQJPVPR-LROBGIAVSA-N,0,antagonist,1.0,6.66
CHEMBL2107822,Cc1ccc(-c2ncccn2)c(C(=O)N2C[C@H](COc3ccc(F)cn3)CC[C@H]2C)c1,NPFDWHQSDBWQLH-QZTJIDSGSA-N,0,antagonist,1.0,9.52
CHEMBL2347475,CCc1nc(C)c2n1CCN([C@@H](C(=O)NC)c1ccccc1)C2CCc1ccc(C(F)(F)F)cc1,ZIFSGUQHAQWZCK-NRWPOFLRSA-N,0,antagonist,1.0,7.62
CHEMBL2347476,CCc1nc(CC)n2c1C(CCc1ccc(C(F)(F)F)cc1)N([C@@H](C(=O)NC)c1ccccc1)CC2,GAWATXZDBWIYHK-XSWBTSGESA-N,0,antagonist,1.0,7.7
CHEMBL2347477,CCCc1nc(CC)n2c1C(CCc1ccc(C(F)(F)F)cc1)N([C@@H](C(=O)NC)c1ccccc1)CC2,UCHOFKCDLMZEAO-JUERFOTFSA-N,0,antagonist,1.0,6.65
CHEMBL2347478,CCc1nc(C(C)C)c2n1CCN([C@@H](C(=O)NC)c1ccccc1)C2CCc1ccc(C(F)(F)F)cc1,XGNPTRSEOMIEGX-ANWICMFUSA-N,0,antagonist,1.0,5.54
CHEMBL2347479,CCc1nc(C2CC2)c2n1CCN([C@@H](C(=O)NC)c1ccccc1)[C@H]2CCc1ccc(C(F)(F)F)cc1,GLNYFTXQVXKKOI-JYFHCDHNSA-N,0,antagonist,1.0,7.54
CHEMBL2347480,C=Cc1nc(CC)n2c1C(CCc1ccc(C(F)(F)F)cc1)N([C@@H](C(=O)NC)c1ccccc1)CC2,MDQZDZWYMONAKR-XSWBTSGESA-N,0,antagonist,1.0,7.64
CHEMBL2347481,CCc1nc(I)c2n1CCN([C@@H](C(=O)NC)c1ccccc1)C2CCc1ccc(C(F)(F)F)cc1,HLIJNEZRRAQJBN-LWMIZPGFSA-N,0,antagonist,1.0,7.64
CHEMBL2347482,CCc1nc(Cl)c2n1CCN([C@@H](C(=O)NC)c1ccccc1)[C@H]2CCc1ccc(C(F)(F)F)cc1,DTCXEZZITRJTQC-RBBKRZOGSA-N,0,antagonist,1.0,8.05
CHEMBL2347483,CCc1nc(Cl)c2n1CCN([C@@H](C(=O)NC)c1ccccc1)[C@@H]2CCc1ccc(C(F)(F)F)cc1,DTCXEZZITRJTQC-IFMALSPDSA-N,0,antagonist,1.0,6.97
CHEMBL2347484,CCc1nc(C(F)(F)F)c2n1CCN([C@@H](C(=O)NC)c1ccccc1)[C@H]2CCc1ccc(C(F)(F)F)cc1,FCICGKQTKVSARO-RBBKRZOGSA-N,0,antagonist,1.0,7.96
CHEMBL2347485,CCc1nc(OC)c2n1CCN([C@@H](C(=O)NC)c1ccccc1)C2CCc1ccc(C(F)(F)F)cc1,HEQUKHJTKBCMII-JFGZAKSSSA-N,0,antagonist,1.0,7.14
CHEMBL2347486,CCOc1nc(CC)n2c1C(CCc1ccc(C(F)(F)F)cc1)N([C@@H](C(=O)NC)c1ccccc1)CC2,JGECFWQLDYUCBG-SYIFMXBLSA-N,0,antagonist,1.0,5.56
CHEMBL2347487,CCc1nc(SC)c2n1CCN([C@@H](C(=O)NC)c1ccccc1)[C@H]2CCc1ccc(C(F)(F)F)cc1,ASOGTPQYQUOJGF-JTHBVZDNSA-N,0,antagonist,1.0,7.85
CHEMBL2347598,CCc1nc(S(C)(=O)=O)c2n1CCN([C@@H](C(=O)NC)c1ccccc1)[C@H]2CCc1ccc(C(F)(F)F)cc1,CUOKKAAJXBAYOA-JTHBVZDNSA-N,0,antagonist,1.0,7.6
CHEMBL2347599,CCc1nc(C#N)c2n1CCN([C@@H](C(=O)NC)c1ccccc1)C2CCc1ccc(C(F)(F)F)cc1,SAZBDJSIVFUWHP-SYIFMXBLSA-N,0,antagonist,1.0,8.0
CHEMBL2347600,CCc1nc(C(N)=O)c2n1CCN([C@@H](C(=O)NC)c1ccccc1)C2CCc1ccc(C(F)(F)F)cc1,MBGJCHYJWNDLDU-GWQXNCQPSA-N,0,antagonist,1.0,6.71
CHEMBL2347601,CCc1nc(C(=O)NC)c2n1CCN([C@@H](C(=O)NC)c1ccccc1)C2CCc1ccc(C(F)(F)F)cc1,WDACYZSOYWEYKB-MQNHUJCZSA-N,0,antagonist,1.0,7.42
CHEMBL2347602,CCc1nc(C(=O)N(C)C)c2n1CCN([C@@H](C(=O)NC)c1ccccc1)C2CCc1ccc(C(F)(F)F)cc1,FTTSDWXGOYSXED-NRWPOFLRSA-N,0,antagonist,1.0,6.96
CHEMBL2347603,CNC(=O)[C@@H](c1ccccc1)N1CCn2c(C)nc(Cl)c2[C@@H]1CCc1ccc(C(F)(F)F)cc1,MRQQWLZUOSXYEW-LEWJYISDSA-N,0,antagonist,1.0,7.89
CHEMBL2347604,CCCc1nc(Cl)c2n1CCN([C@@H](C(=O)NC)c1ccccc1)[C@H]2CCc1ccc(C(F)(F)F)cc1,REJYHJFIVUAENV-JTHBVZDNSA-N,0,antagonist,1.0,7.22
CHEMBL2347605,CNC(=O)[C@@H](c1ccccc1)N1CCn2c(COC)nc(Cl)c2[C@@H]1CCc1ccc(C(F)(F)F)cc1,JNCDOGYDRGKOCL-RBBKRZOGSA-N,0,antagonist,1.0,7.6
CHEMBL2347606,CNC(=O)[C@@H](c1ccccc1)N1CCn2c(C(C)C)nc(Cl)c2[C@@H]1CCc1ccc(C(F)(F)F)cc1,LXNCIVNETYQUND-FCHUYYIVSA-N,0,antagonist,1.0,7.96
CHEMBL2347607,CNC(=O)[C@@H](c1ccccc1)N1CCn2c(C3CC3)nc(Cl)c2[C@@H]1CCc1ccc(C(F)(F)F)cc1,RHRCOGXSJYWCBK-FCHUYYIVSA-N,0,antagonist,1.0,8.05
CHEMBL2347608,CNC(=O)[C@@H](c1ccccc1)N1CCn2c(CC3CC3)nc(Cl)c2[C@@H]1CCc1ccc(C(F)(F)F)cc1,LPTIYNOSMVKYRM-LADGPHEKSA-N,0,antagonist,1.0,7.46
CHEMBL2347609,CCc1ncc2n1CCN([C@@H](C(=O)NC)c1ccccc1)C2CCc1ccc(C(F)(F)F)cc1,LSSTXGBPYGAOAB-MQNHUJCZSA-N,0,antagonist,1.0,6.71
CHEMBL2381071,Cc1cc(C)nc(NC[C@@H]2CC3(CC3)CN2C(=O)c2nc(C)sc2-c2ccccc2)n1,PMJFHEYTYKKNJY-IBGZPJMESA-N,0,antagonist,1.0,8.602059991327963
CHEMBL2381072,Cc1nc(C(=O)N2CC3(CC3)C[C@H]2CNc2ncc(Cl)cn2)c(-c2ccccc2)s1,OYDUYKYTGSXERQ-KRWDZBQOSA-N,0,antagonist,1.0,6.801342913045577
CHEMBL2381098,Cc1nc(C(=O)N2CC3(CC3)C[C@H]2CNc2ccc(Cl)cn2)c(-c2ccccc2)s1,IVVCGJCJSFKKQR-SFHVURJKSA-N,0,antagonist,1.0,7.100179497572904
CHEMBL2385132,CCN(Cc1cccnc1)C(=O)CN(c1ccc(OC)nc1)S(=O)(=O)c1ccccc1C,KJPHTXTWFHVJIG-UHFFFAOYSA-N,0,antagonist,1.0,8.7
CHEMBL2396833,CCc1nc(Cl)c2n1CCN([C@@H](C(=O)NC)c1ccccc1)[C@H]2CCc1ccc(C(F)(F)F)c(F)c1F,REUSLHRPQIDTIG-PGRDOPGGSA-N,0,antagonist,1.0,7.85
CHEMBL2396834,CCc1nc(Cl)c2n1CCN([C@@H](C(=O)NC)c1ccccc1)[C@H]2CCc1cc(F)c(C(F)(F)F)cc1F,RJLZDLBYNVLDFY-RBBKRZOGSA-N,0,antagonist,1.0,7.77
CHEMBL2396835,CCc1nc(Cl)c2n1CCN([C@@H](C(=O)NC)c1ccccc1)[C@H]2CCc1cc(F)c(C(F)(F)F)c(F)c1,ZLSMEEAKWIEMPS-SIKLNZKXSA-N,0,antagonist,1.0,8.1
CHEMBL2396836,CCc1nc(Cl)c2n1CCN([C@@H](C(=O)NC)c1ccccc1)[C@H]2CCc1ccc(F)c(F)c1F,XHQMKEBDSFVCRN-PGRDOPGGSA-N,0,antagonist,1.0,8.3
CHEMBL2396837,CCc1nc(Cl)c2n1CCN([C@@H](C(=O)NC)c1ccccc1)[C@H]2CCc1ccc(F)c(C(F)(F)F)c1,DHNCEBMPVGHRHE-RBBKRZOGSA-N,0,antagonist,1.0,7.8
CHEMBL2396838,CCc1nc(Cl)c2n1CCN([C@@H](C(=O)NC)c1ccccc1)[C@H]2CCc1cccc(C(F)(F)F)c1F,JBGYJNXLWJHQEB-SIKLNZKXSA-N,0,antagonist,1.0,8.05
CHEMBL2396839,CNC(=O)[C@@H](c1ccccc1)N1CCn2c(C3CC3)nc(Cl)c2[C@@H]1CCc1cccc(C(F)(F)F)c1,ZJBYRMRJSSUJAN-FCHUYYIVSA-N,0,antagonist,1.0,8.15
CHEMBL2396840,CNC(=O)[C@@H](c1ccccc1)N1CCn2c(C3CC3)nc(Cl)c2[C@@H]1CCc1ccc(C(F)(F)F)c(F)c1,DORGLWRUSJYQIH-FCHUYYIVSA-N,0,antagonist,1.0,8.0
CHEMBL2396841,CNC(=O)[C@@H](c1ccccc1)N1CCn2c(C3CC3)nc(Cl)c2[C@@H]1CCc1ccc(C(F)(F)F)cc1F,GRPJZRATDPRBRC-FCHUYYIVSA-N,0,antagonist,1.0,7.58
CHEMBL2396842,CNC(=O)[C@@H](c1ccccc1)N1CCn2c(C3CC3)nc(Cl)c2[C@@H]1CCc1ccc(OC(F)F)c(F)c1,FCMOLTBBHHJGKE-RBBKRZOGSA-N,0,antagonist,1.0,8.7
CHEMBL2396861,CCc1nc(Cl)c2n1CCN([C@@H](C(=O)NC)c1ccccc1)[C@H]2CCc1cccc(C(F)(F)F)c1,MDFSQXNIGWLENM-RBBKRZOGSA-N,0,antagonist,1.0,8.0
CHEMBL2396862,CCc1nc(Cl)c2n1CCN([C@@H](C(=O)NC)c1ccccc1)[C@H]2COc1ccc(C(F)(F)F)cc1,CZYXAQRHFGYGFW-PZJWPPBQSA-N,0,antagonist,1.0,8.05
CHEMBL2396863,CCc1nc(Cl)c2n1CCN([C@@H](C(=O)NC)c1ccccc1)[C@H]2COc1cccc(C(F)(F)F)c1,YTPUXNYYNVRQMZ-PZJWPPBQSA-N,0,antagonist,1.0,8.4
CHEMBL2396864,CCc1nc(Cl)c2n1CCN([C@@H](C(=O)NC)c1ccccc1)[C@H]2CCc1ccc(C#N)cc1,BSBWUAILNLVADI-JTHBVZDNSA-N,0,antagonist,1.0,7.8
CHEMBL2396865,CCc1nc(Cl)c2n1CCN([C@@H](C(=O)NC)c1ccccc1)[C@H]2CCc1ccc(OC(F)F)cc1,MJHXGXZEPHVNFC-RBBKRZOGSA-N,0,antagonist,1.0,9.0
CHEMBL2396866,CCc1nc(Cl)c2n1CCN([C@@H](C(=O)NC)c1ccccc1)[C@H]2CCc1ccc(OC(F)(F)F)cc1,FOHHMRZZRKXJNV-RBBKRZOGSA-N,0,antagonist,1.0,7.75
CHEMBL2396867,CCc1nc(Cl)c2n1CCN([C@@H](C(=O)NC)c1ccccc1)[C@H]2CCc1ccc(C(F)(F)F)c(F)c1,DTDMEOZOHXAFQH-RBBKRZOGSA-N,0,antagonist,1.0,8.15
CHEMBL2396868,CCc1nc(Cl)c2n1CCN([C@@H](C(=O)NC)c1ccccc1)[C@@H]2CCc1ccc(C(F)(F)F)c(F)c1,DTDMEOZOHXAFQH-IFMALSPDSA-N,0,antagonist,1.0,6.64
CHEMBL2396869,CCc1nc(Cl)c2n1CCN([C@@H](C(=O)NC)c1ccccc1)[C@H]2CCc1ccc(C(F)(F)F)c(Cl)c1,NCOHRIIHNHPMTA-RBBKRZOGSA-N,0,antagonist,1.0,7.75
CHEMBL2396870,CCc1nc(Cl)c2n1CCN([C@@H](C(=O)NC)c1ccccc1)[C@H]2CCc1ccc(C(F)(F)F)cc1F,IDDWJIRKYUPPBJ-RBBKRZOGSA-N,0,antagonist,1.0,7.92
CHEMBL2413082,CN(Cc1ccccc1)C(=O)Cn1nc(S(=O)(=O)Cc2ccccc2)c2ccccc21,NYCUGJXELJBOQX-UHFFFAOYSA-N,0,antagonist,1.0,7.85
CHEMBL2413363,CCOc1ccc(C)nc1C(=O)N1C[C@@H]2C[C@@H]2C[C@H]1CNc1ncc(C)cn1,NMZZFHDNEPNOPV-IKGGRYGDSA-N,0,antagonist,1.0,7.0
CHEMBL2413364,CCCOc1ccc(C)nc1C(=O)N1C[C@@H]2C[C@@H]2C[C@H]1CNc1cnc(C)c(C)n1,RIMGIFBTWVGMNA-QYZOEREBSA-N,0,antagonist,1.0,8.886056647693163
CHEMBL2413367,COc1ccc(C[C@H]2c3cc(OC)c(OC)cc3CCN2[C@@H](C(=O)NC(C)C)c2ccccc2)cc1OC,HXHOBPVRRPCTLG-SETSBSEESA-N,0,antagonist,1.0,6.38
CHEMBL2413368,Cc1cccc(-c2sc(C)nc2C(=O)N2CCC2CNC(=O)c2cccc3c2OCCN3C)c1,CMCZEHNAHKHERX-UHFFFAOYSA-N,0,antagonist,1.0,7.89
CHEMBL2413369,Cc1cccc(-c2sc(C)nc2C(=O)N2CCC2CNC(=O)c2c(N)nc3sccn23)c1,UZUQXKOMVONDDL-UHFFFAOYSA-N,0,antagonist,1.0,8.3
CHEMBL2413370,Cc1c(S(=O)(=O)Cc2ccccc2)c2ccccn2c1CC(=O)N(C)Cc1ccccc1,HPRJTNHXGPDFEF-UHFFFAOYSA-N,0,antagonist,1.0,9.0
CHEMBL2413371,Cc1c(S(=O)(=O)Cc2ccccc2)c2ccccn2c1CC(=O)N(C)Cc1ccc(F)cc1,WRCXZPLRTFNYDG-UHFFFAOYSA-N,0,antagonist,1.0,9.1
CHEMBL2413372,CN(Cc1ccc(F)cc1)C(=O)Cc1nc(S(=O)(=O)Cc2ccccc2)c2ccccn12,AIXNJBWVNGPEMF-UHFFFAOYSA-N,0,antagonist,1.0,6.71
CHEMBL2413373,CN(Cc1ccc(F)cc1)C(=O)Cn1cc(S(=O)(=O)Cc2ccc(F)cc2)c2ccccc21,SORPQMVENVZYPF-UHFFFAOYSA-N,0,antagonist,1.0,8.3
CHEMBL2413374,O=C(Cn1cc(S(=O)(=O)Cc2ccc(F)cc2)c2ccccc21)NCc1ccc(F)cc1,DLNVQPWSOFIKGL-UHFFFAOYSA-N,0,antagonist,1.0,7.02
CHEMBL2413375,CN(Cc1ccccc1)C(=O)Cn1cc(S(=O)(=O)Cc2ccccc2)c2ccccc21,KSFBEAHCDPLOFA-UHFFFAOYSA-N,0,antagonist,1.0,7.46
CHEMBL2413522,COc1c(F)cccc1C(=O)N1C[C@@H](C)CC[C@H]1CNc1ccc(Br)cn1,TWCRHJLMMAYSTE-ZFWWWQNUSA-N,0,antagonist,1.0,7.049814727441218
CHEMBL2413523,Cc1nc(C(=O)N2CCCC[C@H]2CNC(=O)c2cccc3cccnc23)c(-c2ccc(F)cc2)s1,GDIVCKLSNKXINP-NRFANRHFSA-N,0,antagonist,1.0,7.64
CHEMBL2413524,Cc1ccc(-c2ncccc2C)c(C(=O)N2C[C@@H]3C[C@@H]3C[C@H]2CNc2ncc(C(F)(F)F)cn2)n1,COMIAWFBDUBVCF-AOIWGVFYSA-N,0,antagonist,1.0,7.795880017344075
CHEMBL2413525,CCOc1ccc(C)nc1C(=O)N1C[C@@H]2C[C@@H]2C[C@H]1CNc1ncc(C(F)(F)F)cn1,MJEJGMUTGRYQJO-YCPHGPKFSA-N,0,antagonist,1.0,6.400116927926312
CHEMBL2413526,CCCOc1ccc(C)nc1C(=O)N1C[C@@H]2C[C@@H]2C[C@H]1CNc1ncc(C(F)(F)F)cn1,XEUKRBGFVNQFGF-VYDXJSESSA-N,0,antagonist,1.0,7.200659450546418
CHEMBL2413527,Cc1cnn(-c2ccc(C)nc2C(=O)N2C[C@@H]3C[C@@H]3C[C@H]2CNc2ncc(C(F)(F)F)cn2)c1,YVAKGUIISMOEKF-RYRKJORJSA-N,0,antagonist,1.0,9.397940008672037
CHEMBL2413528,Cc1ccc(NC[C@@H]2C[C@H]3C[C@H]3CN2C(=O)c2nc(C)ccc2OCC2CC2)nc1,CASGQJXMMUMBTN-AABGKKOBSA-N,0,antagonist,1.0,8.397940008672037
CHEMBL267495,CN(C(=O)/C=C/c1ccoc1)[C@@H]1CC[C@@]2(O)[C@H]3Cc4ccc(O)c5c4[C@@]2(CCN3CC2CC2)[C@H]1O5,XGZZHZMWIXFATA-UEZBDDGYSA-N,0,antagonist,1.0,5.0
CHEMBL291536,Cc1nc2ccc(NC(=O)Nc3ccnc4cccnc34)cc2o1,AKMNUCBQGHFICM-UHFFFAOYSA-N,0,antagonist,1.0,5.92299567320665
CHEMBL293050,CN(C)c1ccc(NC(=O)Nc2ccnc3cccnc23)cc1,OHUZYICHQJQNNX-UHFFFAOYSA-N,0,antagonist,1.0,5.0
CHEMBL3099899,COc1ccc(CNC(=O)c2cc(-c3cc(Cl)cc(Cl)c3)cnc2-c2cccnc2)cc1OC,VDWKDBPHAPPUBO-UHFFFAOYSA-N,0,antagonist,1.0,9.035
CHEMBL3112599,COc1cc(OC)c(C2CCCCN2Cc2ccc(OC(F)(F)F)cc2)c(OC)c1,WYFIZSORIHXCIL-UHFFFAOYSA-N,0,antagonist,1.0,5.0
CHEMBL3112601,COc1cccc(OC)c1C1CCCC(=O)N1Cc1ccc2ccccc2n1,ADMREWYBXXZUMI-UHFFFAOYSA-N,0,antagonist,1.0,7.3100000000000005
CHEMBL3113534,COc1ccccc1C1CCCC(=O)N1Cc1ccc(OC(F)(F)F)cc1,QMSRDMGRZNPQED-UHFFFAOYSA-N,0,antagonist,1.0,6.2
CHEMBL3113535,COc1cccc(C)c1C1CCCC(=O)N1Cc1ccc(OC(F)(F)F)cc1,ANPHWRACPLYYJJ-UHFFFAOYSA-N,0,antagonist,1.0,6.57
CHEMBL3113536,COc1cccc(Cl)c1C1CCCC(=O)N1Cc1ccc(OC(F)(F)F)cc1,VVOFYAIDQUPWND-UHFFFAOYSA-N,0,antagonist,1.0,6.81
CHEMBL3113537,COc1cccc(F)c1C1CCCC(=O)N1Cc1ccc(OC(F)(F)F)cc1,QFJWRHMGPXIECF-UHFFFAOYSA-N,0,antagonist,1.0,6.8
CHEMBL3113538,CCOc1cccc(OC)c1C1CCCC(=O)N1Cc1ccc(OC(F)(F)F)cc1,IXHUYDMFYJGNQN-UHFFFAOYSA-N,0,antagonist,1.0,7.43
CHEMBL3113539,CCOc1cccc(OCC)c1C1CCCC(=O)N1Cc1ccc(OC(F)(F)F)cc1,WZZHQNWGHYFYAQ-UHFFFAOYSA-N,0,antagonist,1.0,6.4
CHEMBL3113540,COc1cc(OC)c(C2CCCC(=O)N2Cc2ccc(OC(F)(F)F)cc2)c(OC)c1,HJECQBRQQKEBMC-UHFFFAOYSA-N,0,antagonist,1.0,6.97
CHEMBL3113541,COc1cccc(OC)c1C1CCCC(=O)N1Cc1ccccc1,NBJKYSYCMBMYPD-UHFFFAOYSA-N,0,antagonist,1.0,6.38
CHEMBL3113542,COc1cccc(OC)c1C1CCCC(=O)N1c1ccccc1,RBXLLLSMEMUIRH-UHFFFAOYSA-N,0,antagonist,1.0,5.0
CHEMBL3113543,COc1cccc(OC)c1C1CCCC(=O)N1CCc1ccccc1,FESLIGOBQLHOGH-UHFFFAOYSA-N,0,antagonist,1.0,5.88
CHEMBL3113544,COc1cccc(OC)c1C1CCCC(=O)N1C(C)c1ccc(OC(F)(F)F)cc1,HJVDPZHVBGLZSD-UHFFFAOYSA-N,0,antagonist,1.0,7.95
CHEMBL3113545,COc1cccc(OC)c1C1CCCC(=O)N1Cc1cccc(OC(F)(F)F)c1,IIVWPEBDJNADDC-UHFFFAOYSA-N,0,antagonist,1.0,7.03
CHEMBL3113546,CCCOc1ccc(CN2C(=O)CCCC2c2c(OC)cccc2OC)cc1,TVKIFJXIZXJTCQ-UHFFFAOYSA-N,0,antagonist,1.0,7.46
CHEMBL3113547,COc1cccc(OC)c1C1CCCC(=O)N1Cc1ccc(Oc2ccccc2)cc1,JIGAHDXVFLETEY-UHFFFAOYSA-N,0,antagonist,1.0,7.555
CHEMBL3113548,COc1cccc(OC)c1C1CCCC(=O)N1Cc1cccc(Oc2ccccc2)c1,LBXKVIGIHUOZPR-UHFFFAOYSA-N,0,antagonist,1.0,7.38
CHEMBL3113549,COc1cccc(OC)c1C1CCCC(=O)N1Cc1ccc(-c2ccccc2)cc1,UZOWSDQSAIZVCO-UHFFFAOYSA-N,0,antagonist,1.0,7.14
CHEMBL3113550,COc1cccc(OC)c1C1CCCC(=O)N1Cc1cccc(-c2ccccc2)c1,APXVOQGYSIFTDK-UHFFFAOYSA-N,0,antagonist,1.0,7.734999999999999
CHEMBL3113551,COc1cccc(OC)c1C1CCCC(=O)N1Cc1ccccc1-c1ccccc1,ZWOQLGWLYDNBKG-UHFFFAOYSA-N,0,antagonist,1.0,6.29
CHEMBL3113552,COc1cccc(OC)c1C1CCCC(=O)N1Cc1ccc2ccccc2c1,OTTGQGPWYRHAGG-UHFFFAOYSA-N,0,antagonist,1.0,7.33
CHEMBL3113739,COc1cccc(OC)c1C1CCCC(=O)N1Cc1cnc2ccccc2c1,CPWNIYYRTPFXMI-UHFFFAOYSA-N,0,antagonist,1.0,6.67
CHEMBL3113740,COc1cccc(OC)c1C1CCCC(=O)N1Cc1ccc2ncccc2c1,BMCFRYPTIUWHHV-UHFFFAOYSA-N,0,antagonist,1.0,6.0
CHEMBL3113741,COc1cccc(OC)c1C1CCCC(=O)N1Cc1ccc2sc(C)nc2c1,OGPWWHGEUOVJDV-UHFFFAOYSA-N,0,antagonist,1.0,7.904999999999999
CHEMBL3113742,COc1cccc(OC)c1C1CCCC(=O)N1Cc1ccc2oc3ccccc3c2c1,ALXXSSTULXRROK-UHFFFAOYSA-N,0,antagonist,1.0,8.4
CHEMBL3113743,COc1cccc(OC)c1C1CCCC(=O)N1Cc1cccc(-c2ccccc2)n1,GVSNKGIZAYGOSN-UHFFFAOYSA-N,0,antagonist,1.0,7.37
CHEMBL3113744,COc1cccc(OC)c1C1CCCC(=O)N1Cc1ccnc(-c2ccccc2)c1,SWNXCEHTAHZOAO-UHFFFAOYSA-N,0,antagonist,1.0,7.47
CHEMBL3113745,COc1cccc(OC)c1C1CCCC(=O)N1Cc1cccc(-c2ccccn2)c1,FUJVNLYASSNBHW-UHFFFAOYSA-N,0,antagonist,1.0,8.1
CHEMBL3113746,COc1cccc(OC)c1C1CCCC(=O)N1Cc1cccc(-c2csc(C)n2)c1,NJMICVQAQQXLQH-UHFFFAOYSA-N,0,antagonist,1.0,8.7
CHEMBL3113747,COc1cccc(OC)c1C1CCCC(=O)N1Cc1cccc(-n2nccn2)c1,NLNMJGXUXPLIBU-UHFFFAOYSA-N,0,antagonist,1.0,7.72
CHEMBL3113748,COc1cccc(OC)c1C1CCCC(=O)N1Cc1cccc(-c2ncccn2)c1,HROQOTIYMUULKT-UHFFFAOYSA-N,0,antagonist,1.0,7.55
CHEMBL3113749,COc1cccc(OC)c1C1CCCC(=O)N1Cc1ccnc(-c2nccs2)c1,KADANZJOWRDPNQ-UHFFFAOYSA-N,0,antagonist,1.0,8.05
CHEMBL3113750,COc1cccc(OC)c1C1CCCC(=O)N1Cc1ccnc(-n2cccn2)c1,PWSFCQLTGJJVSI-UHFFFAOYSA-N,0,antagonist,1.0,7.1
CHEMBL3113751,COc1cccc(OC)c1C1CCCC(=O)N1Cc1csc(-c2ccccc2)n1,FKCCJYOXOMCDTQ-UHFFFAOYSA-N,0,antagonist,1.0,8.260000000000002
CHEMBL3113752,COc1ccnc(OC)c1C1CCCC(=O)N1Cc1ccc2oc3ccccc3c2c1,JVILZWKBBUPTPP-UHFFFAOYSA-N,0,antagonist,1.0,8.52
CHEMBL3113753,COc1ccnc(OC)c1C1CCCC(=O)N1Cc1csc(-c2ccccc2)n1,GEPYVZASDQMGCC-UHFFFAOYSA-N,0,antagonist,1.0,8.22
CHEMBL3113754,COc1ccc2nc(C)oc2c1C1CCCC(=O)N1Cc1cccc(-c2ccccc2)c1,OESUYCBPTZMHEI-UHFFFAOYSA-N,0,antagonist,1.0,7.035
CHEMBL3113755,COc1ccc2nc(C)oc2c1C1CCCC(=O)N1Cc1cccc(-c2csc(C)n2)c1,GANGORLBPWAZNY-UHFFFAOYSA-N,0,antagonist,1.0,7.2
CHEMBL3113756,COc1cccc(OC)c1C1COCC(=O)N1Cc1ccc(OC(F)(F)F)cc1,DBVGSXHWGMFERG-UHFFFAOYSA-N,0,antagonist,1.0,7.07
CHEMBL3113757,COc1cccc(OC)c1C1CNCC(=O)N1Cc1ccc(OC(F)(F)F)cc1,UNSUTPQITOWXAO-UHFFFAOYSA-N,0,antagonist,1.0,6.23
CHEMBL3113758,COc1cccc(OC)c1C1CN(C)CC(=O)N1Cc1ccc(OC(F)(F)F)cc1,ALGWFSZKLHWWKG-UHFFFAOYSA-N,0,antagonist,1.0,6.39
CHEMBL3113759,COc1cccc(OC)c1C1CCC(C)C(=O)N1Cc1ccc(OC(F)(F)F)cc1,SXUMWRLPVZHYBQ-UHFFFAOYSA-N,0,antagonist,1.0,6.05
CHEMBL3113760,COc1cccc(OC)c1C1CC(C)CC(=O)N1Cc1ccc(OC(F)(F)F)cc1,WIJOFKNWMVOSOA-UHFFFAOYSA-N,0,antagonist,1.0,6.53
CHEMBL3113761,COc1cccc(OC)c1C1CCC(C)(C)C(=O)N1Cc1ccc(OC(F)(F)F)cc1,CPXXHAFCEIBWKR-UHFFFAOYSA-N,0,antagonist,1.0,5.89
CHEMBL3113762,COc1cccc(OC)c1C1CC(C)(C)CC(=O)N1Cc1ccc(OC(F)(F)F)cc1,CXEPISQGTDMNRF-UHFFFAOYSA-N,0,antagonist,1.0,5.97
CHEMBL3113763,COc1cccc(OC)c1C1CC(C)C(=O)N1Cc1ccc(OC(F)(F)F)cc1,GFIGTNGISUKHQE-UHFFFAOYSA-N,0,antagonist,1.0,6.88
CHEMBL3113764,COc1cccc(OC)c1[C@@H]1C[C@H](C)C(=O)N1Cc1ccc(OC(F)(F)F)cc1,GFIGTNGISUKHQE-BBRMVZONSA-N,0,antagonist,1.0,6.89
CHEMBL3113765,COc1cccc(OC)c1[C@H]1C[C@H](C)C(=O)N1Cc1ccc(OC(F)(F)F)cc1,GFIGTNGISUKHQE-XJKSGUPXSA-N,0,antagonist,1.0,6.92
CHEMBL3113766,COc1cccc(OC)c1C1CC(C)(C)C(=O)N1Cc1ccc(OC(F)(F)F)cc1,VPGPPMRVNAKTHY-UHFFFAOYSA-N,0,antagonist,1.0,6.6
CHEMBL3113767,COc1cccc(OC)c1C1COC(=O)N1Cc1ccc(OC(F)(F)F)cc1,PRPRCLHZDNHNJP-UHFFFAOYSA-N,0,antagonist,1.0,6.11
CHEMBL3113768,COc1cccc(OC)c1C1c2ccccc2C(=O)N1Cc1ccc(OC(F)(F)F)cc1,UPPDTCHAOARTBX-UHFFFAOYSA-N,0,antagonist,1.0,5.0
CHEMBL3113769,COc1cccc(OC)c1C1C2CC2C(=O)N1Cc1ccc(OC(F)(F)F)cc1,VCMQBVOUDONKQG-UHFFFAOYSA-N,0,antagonist,1.0,5.97
CHEMBL3113770,COc1cccc(OC)c1C1CC(C)C(=O)N1Cc1ccc2oc3ccccc3c2c1,PEAXRVOYMYUBCP-UHFFFAOYSA-N,0,antagonist,1.0,8.175
CHEMBL3113771,COc1cccc(OC)c1C1CC(C)C(=O)N1Cc1ccc2sc(C)nc2c1,PGAMEEPCGOUJEZ-UHFFFAOYSA-N,0,antagonist,1.0,6.915
CHEMBL3113772,COc1cccc(OC)c1C1SCC(=O)N1Cc1ccc(OC(F)(F)F)cc1,PJFKYDHJQFKZOC-UHFFFAOYSA-N,0,antagonist,1.0,7.8
CHEMBL3113773,COc1cccc(OC)c1C1CCC(=O)N1Cc1ccc(OC(F)(F)F)cc1,JXOZVFVJLIGZMP-UHFFFAOYSA-N,0,antagonist,1.0,6.8
CHEMBL3113774,COc1cccc(OC)c1C1CCCC(=O)N1Cc1ccc(OC(F)(F)F)cc1,XYEYHPJZKJCLOW-UHFFFAOYSA-N,0,antagonist,1.0,7.63
CHEMBL3113775,COc1cccc(OC)c1C1CCCCC(=O)N1Cc1ccc(OC(F)(F)F)cc1,DEODPADYZFXAGB-UHFFFAOYSA-N,0,antagonist,1.0,7.154999999999999
CHEMBL3235249,Cc1ccc(-n2nccn2)c(C(=O)N2C[C@H](COc3ccc(F)cn3)CC[C@H]2C)c1,SWJLISCOLSUHGG-IAGOWNOFSA-N,0,antagonist,1.0,9.7
CHEMBL3235250,Cc1ccc(-n2nccn2)c(C(=O)N2C[C@H](CCc3ccc(F)cn3)CC[C@H]2C)c1,WPHNPRFLOVEQIX-MSOLQXFVSA-N,0,antagonist,1.0,7.21
CHEMBL3235251,Cc1ccc(-n2nccn2)c(C(=O)N2C[C@H](/C=C/c3ccc(F)cn3)CC[C@H]2C)c1,DCHBSRUTSLBOQU-VZUWTINFSA-N,0,antagonist,1.0,7.994999999999999
CHEMBL3235252,Cc1ccc(-n2nccn2)c(C(=O)N2C[C@H](/C=C\c3ccc(F)cn3)CC[C@H]2C)c1,DCHBSRUTSLBOQU-BHEAHUASSA-N,0,antagonist,1.0,6.965
CHEMBL3235253,Cc1ccc(-n2nccn2)c(C(=O)N2C[C@H](C#Cc3ccc(F)cn3)CC[C@H]2C)c1,GDLACGKFMPNRBW-MSOLQXFVSA-N,0,antagonist,1.0,8.290000000000001
CHEMBL3235254,Cc1ccc(-n2nccn2)c(C(=O)N2C[C@H](C#Cc3ccccn3)CC[C@H]2C)c1,UNUONCSKVQYJDM-MOPGFXCFSA-N,0,antagonist,1.0,7.67
CHEMBL3235255,Cc1ccc(-n2nccn2)c(C(=O)N2C[C@H](C#Cc3cccnc3)CC[C@H]2C)c1,YAWKKOIIXMDNPX-QUCCMNQESA-N,0,antagonist,1.0,7.47
CHEMBL3235258,Cc1ccc(-n2nccn2)c(C(=O)N2C[C@H](C#Cc3cnccc3O)CC[C@H]2C)c1,AFSMIXILBLVITN-MSOLQXFVSA-N,0,antagonist,1.0,7.699999999999999
CHEMBL3235260,Cc1ccc(-n2nccn2)c(C(=O)N2C[C@H](C#Cc3cccc(CO)n3)CC[C@H]2C)c1,YCTDBSHMGRSRHQ-MOPGFXCFSA-N,0,antagonist,1.0,7.915
CHEMBL3235264,Cc1ccc(-n2nccn2)c(C(=O)N2C[C@H](C#Cc3ccnc(CO)c3)CC[C@H]2C)c1,IHPPXCIWXLFMCG-QUCCMNQESA-N,0,antagonist,1.0,7.3
CHEMBL3235265,Cc1ccc(-n2nccn2)c(C(=O)N2C[C@H](C#Cc3cccc(CO)c3)CC[C@H]2C)c1,AEIYXQGHBFFFPX-CTNGQTDRSA-N,0,antagonist,1.0,8.739999999999998
CHEMBL3260823,Cc1ccc(-n2nccn2)c(C(=O)N2CCN(c3ncc4cnn(C)c4n3)CC[C@H]2C)c1,QPYDPYTYFZJOHM-MRXNPFEDSA-N,0,antagonist,1.0,7.234999999999999
CHEMBL3260824,Cc1ccc(-n2nccn2)c(C(=O)N2CCN(c3ncc4c(C)nn(C)c4n3)CC[C@H]2C)c1,DTNYTXMENRFBHO-MRXNPFEDSA-N,0,antagonist,1.0,7.75
CHEMBL3260825,Cc1nn(C)c2nc(N3CC[C@@H](C)N(C(=O)c4ccccc4-n4nccn4)CC3)ncc12,YYZZNBPVRFCWEF-OAHLLOKOSA-N,0,antagonist,1.0,6.795
CHEMBL3260826,Cc1ccc(-n2nccn2)c(C(=O)N2CCN(c3ncc4c(C)coc4n3)CC[C@H]2C)c1,LCOLPIYEEOVJIY-QGZVFWFLSA-N,0,antagonist,1.0,8.345
CHEMBL3260827,Cc1ccc(-n2nccn2)c(C(=O)N2CCN(c3ncc4c(C)c(C)oc4n3)CC[C@H]2C)c1,KAUVENWIKOUYCS-MRXNPFEDSA-N,0,antagonist,1.0,8.34
CHEMBL3260828,Cc1ccc(-n2nccn2)c(C(=O)N2CCN(c3ncc4c(C)csc4n3)CC[C@H]2C)c1,JCHZZFRXFBKQHC-QGZVFWFLSA-N,0,antagonist,1.0,8.58
CHEMBL3260829,Cc1ccc(-n2nccn2)c(C(=O)N2CCN(c3nc(N)c4c(C)coc4n3)CC[C@H]2C)c1,NKHPEHZRIFYPGM-MRXNPFEDSA-N,0,antagonist,1.0,7.550000000000001
CHEMBL3260830,Cc1coc2nc(N3CC[C@@H](C)N(C(=O)c4ccccc4-n4nccn4)CC3)nc(N)c12,ROCGDCJOZCLRBC-OAHLLOKOSA-N,0,antagonist,1.0,7.14
CHEMBL3260831,Cc1ccc(-n2nccn2)c(C(=O)N2CCN(c3nc(N)c4ccsc4n3)CC[C@H]2C)c1,XOEICXYQCMGMQQ-OAHLLOKOSA-N,0,antagonist,1.0,8.31
CHEMBL3260832,C[C@@H]1CCN(c2nc(N)c3ccsc3n2)CCN1C(=O)c1ccccc1-n1nccn1,HZJTWMIUOYBHLN-CQSZACIVSA-N,0,antagonist,1.0,7.75
CHEMBL3260833,Cc1ccc(-n2nccn2)c(C(=O)N2CCN(c3nc(N)c4cc(C)sc4n3)CC[C@H]2C)c1,JNJOBZPIHMXOSP-OAHLLOKOSA-N,0,antagonist,1.0,8.43
CHEMBL3260834,Cc1cc2c(N)nc(N3CC[C@@H](C)N(C(=O)c4ccccc4-n4nccn4)CC3)nc2s1,ZKAWQNXBSWWWNG-CQSZACIVSA-N,0,antagonist,1.0,8.145
CHEMBL3260835,Cc1ccc(-n2nccn2)c(C(=O)N2CCN(c3nc(N)c4c(C)csc4n3)CC[C@H]2C)c1,LLMHHQJUBHBUPE-MRXNPFEDSA-N,0,antagonist,1.0,8.445
CHEMBL3260836,Cc1csc2nc(N3CC[C@@H](C)N(C(=O)c4ccccc4-n4nccn4)CC3)nc(N)c12,LSRYXWRLTUFERQ-OAHLLOKOSA-N,0,antagonist,1.0,8.23
CHEMBL3338846,COc1ccc(CNC(=O)c2cc(-c3cncc(C)c3)cnc2-c2ccccc2)nc1OC,RONPUQMRCFZQLJ-UHFFFAOYSA-N,0,antagonist,1.0,8.705
CHEMBL3338848,COc1ccc(CNC(=O)c2cc(-c3cncc(C)c3)ncc2-c2ccccc2)nc1OC,DDMRLRAWRUJYNZ-UHFFFAOYSA-N,0,antagonist,1.0,9.14
CHEMBL3338849,COc1ccc(CNC(=O)c2nc(-c3cncc(C)c3)cnc2-c2ccccc2)nc1OC,VZABYWQCSHQAKX-UHFFFAOYSA-N,0,antagonist,1.0,8.18
CHEMBL3338850,COc1ccc(CNC(=O)c2nc(-c3cncc(C)c3)ncc2-c2ccccc2)nc1OC,VHKSBRCYWXHCJN-UHFFFAOYSA-N,0,antagonist,1.0,7.4399999999999995
CHEMBL3338851,COc1ccc(CNC(=O)c2cc(-c3cncc(C)c3)nnc2-c2ccccc2)nc1OC,KZINBRKBWMRIRW-UHFFFAOYSA-N,0,antagonist,1.0,7.365
CHEMBL3338852,COc1ccc(CNC(=O)c2cc(-c3cncc(C)c3)ccc2-c2ccccc2)nc1OC,XCQCUCGCJIZYMG-UHFFFAOYSA-N,0,antagonist,1.0,8.684999999999999
CHEMBL3338853,COc1ccc(CNC(=O)c2cc(-c3cncc(C)c3)nc3onc(-c4ccccc4)c23)nc1OC,WHZWFYAFOHLVJV-UHFFFAOYSA-N,0,antagonist,1.0,7.215
CHEMBL3338854,COc1ccc(CNC(=O)c2sc(-c3cncc(C)c3)nc2-c2cccc(F)c2)nc1OC,QOVRVPPOUBJAPI-UHFFFAOYSA-N,0,antagonist,1.0,6.41
CHEMBL3338855,COc1ccc(CNC(=O)c2cc(-c3cncc(C)c3)ncc2-c2ccccc2F)nc1OC,UNLHGMHBQYXFKE-UHFFFAOYSA-N,0,antagonist,1.0,8.225
CHEMBL3338856,COc1ccc(CNC(=O)c2cc(-c3cncc(C)c3)ncc2-c2cccc(F)c2)nc1OC,WLCJVFXNGJWJGY-UHFFFAOYSA-N,0,antagonist,1.0,9.04
CHEMBL3338857,COc1ccc(CNC(=O)c2cc(-c3cncc(C)c3)ncc2-c2ccccn2)nc1OC,FZPFVKGNKBZUEW-UHFFFAOYSA-N,0,antagonist,1.0,8.145
CHEMBL3338858,COc1ccc(CNC(=O)c2cc(-c3cncc(C)c3)ncc2-c2cnccn2)nc1OC,OJJNSRCTOROYOQ-UHFFFAOYSA-N,0,antagonist,1.0,7.539999999999999
CHEMBL3338859,COc1ccc(CNC(=O)c2cc(-c3cncc(C)c3)ncc2-c2ccnnc2)nc1OC,RFGLOWYLXMEGML-UHFFFAOYSA-N,0,antagonist,1.0,6.275
CHEMBL3338860,COc1ccc(CNC(=O)c2cc(-c3cncc(C)c3)ncc2-c2cncc(F)c2)nc1OC,UJMDATBPVONIEY-UHFFFAOYSA-N,0,antagonist,1.0,7.76
CHEMBL3338861,COc1ccc(CNC(=O)c2cc(-c3cncc(C)c3)ncc2N2CCOCC2)nc1OC,UVTFIBZHHOMFBJ-UHFFFAOYSA-N,0,antagonist,1.0,6.29
CHEMBL3338862,COc1ccc(CNC(=O)c2cc(-c3cncc(C)c3)ncc2N2CCCC2)nc1OC,PETCVTGFELAAJK-UHFFFAOYSA-N,0,antagonist,1.0,7.89
CHEMBL3338863,COc1ccc(CNC(=O)c2cc(-c3cncc(C)c3)ncc2N2CCC2)nc1OC,XAASINBHSOGOIV-UHFFFAOYSA-N,0,antagonist,1.0,7.54
CHEMBL3338864,COc1ccc(CNC(=O)c2cc(-c3cncc(C)c3)ncc2-c2cnn(C)c2)nc1OC,NEZSNFBWSKANAD-UHFFFAOYSA-N,0,antagonist,1.0,7.585000000000001
CHEMBL3338865,COc1ccc(CNC(=O)c2cc(-c3cncc(C)c3)ncc2-c2nccs2)nc1OC,VSOUDUXMPUHJEU-UHFFFAOYSA-N,0,antagonist,1.0,8.96
CHEMBL3338866,COc1ccc(CNC(=O)c2cc(-c3cncc(Cl)c3)cnc2-c2ccccn2)nc1OC,CKTWQGHVNRYNCM-UHFFFAOYSA-N,0,antagonist,1.0,9.3
CHEMBL337159,COc1cc2c(cc1OC)CN(C(=O)[C@@H](NCc1ccccn1)C(C)(C)C)CC2,SWNBSXQBPQACGE-OAQYLSRUSA-N,0,antagonist,1.0,5.85
CHEMBL337367,COc1cc2c(cc1OC)CN(C(=O)[C@H](Cc1ccccc1)NC(=O)c1ccccc1)CC2,MPRLBEIUDYJANI-QHCPKHFHSA-N,0,antagonist,1.0,6.71
CHEMBL3394829,C[C@@H]1CC[C@@H](Oc2nccc3ccccc23)CN1C(=O)c1ccccc1-n1nccn1,AQKJXQYTVDPWOS-IEBWSBKVSA-N,0,antagonist,1.0,9.52
CHEMBL3394842,C[C@@H]1CC[C@@H](Oc2ccnc3c(F)cccc23)CN1C(=O)c1ccccc1-n1nccn1,BVUZOFDSUCGTDO-IAGOWNOFSA-N,0,antagonist,1.0,9.22
CHEMBL3394848,O=C(c1ccccc1-n1nccn1)N1CCC(F)(F)[C@@H](Oc2ccc3ccccc3n2)C1,VCYRJXZNOOUBSE-FQEVSTJZSA-N,0,antagonist,1.0,6.28
CHEMBL3397059,CCN(CCn1ccc(-c2cccc(C)n2)n1)C(=O)c1cc(C)ccc1-n1nccn1,BANHTUOQUVZFKK-UHFFFAOYSA-N,0,antagonist,1.0,8.707743928643524
CHEMBL3398466,CCN(CCn1ccc(-c2ccc(F)cn2)n1)C(=O)c1cc(C)ccc1-n1nccn1,FMDLORLPXIAIMQ-UHFFFAOYSA-N,0,antagonist,1.0,8.55
CHEMBL3398467,CCN(CCn1ccc(-c2ccc(C(F)(F)F)cn2)n1)C(=O)c1cc(C)ccc1-n1nccn1,SXVXNVYLCWVGMW-UHFFFAOYSA-N,0,antagonist,1.0,6.044596100726917
CHEMBL3398468,CCN(CCn1ccc(-c2cc(C(F)(F)F)ccn2)n1)C(=O)c1cc(C)ccc1-n1nccn1,AXYGLZUDMXPKFU-UHFFFAOYSA-N,0,antagonist,1.0,7.17763574755845
CHEMBL3398469,CCN(CCn1ccc(-c2cccc(C(F)(F)F)n2)n1)C(=O)c1cc(C)ccc1-n1nccn1,DKBOAJNCHBGHRQ-UHFFFAOYSA-N,0,antagonist,1.0,8.406713932979542
CHEMBL3398470,CCN(CCn1ccc(-c2ccc(F)cc2)n1)C(=O)c1cc(C)ccc1-n1nccn1,DQSHYFFCNKDPDI-UHFFFAOYSA-N,0,antagonist,1.0,8.903089986991944
CHEMBL3398471,CCN(CCc1noc(-c2ccc(F)cn2)n1)C(=O)c1cc(C)ccc1-n1nccn1,AJUIDXGPKBVVMP-UHFFFAOYSA-N,0,antagonist,1.0,7.638461028730721
CHEMBL3398472,CCN(CCn1cc(-c2ccc(F)cn2)cn1)C(=O)c1cc(C)ccc1-n1nccn1,HLZBQNMXGUNHJV-UHFFFAOYSA-N,0,antagonist,1.0,7.99573140121518
CHEMBL3398473,CCN(CCc1cc(-c2ccc(F)cn2)on1)C(=O)c1cc(C)ccc1-n1nccn1,LQZYBZGINWSWAN-UHFFFAOYSA-N,0,antagonist,1.0,7.7037737127388395
CHEMBL3398474,CCN(CCc1cc(-c2ccc(F)cn2)no1)C(=O)c1cc(C)ccc1-n1nccn1,PJNZEGFQYQCTKE-UHFFFAOYSA-N,0,antagonist,1.0,7.492279023314387
CHEMBL3398475,Cc1ccc(-n2nccn2)c(C(=O)NCCn2ccc(-c3ccc(F)cn3)n2)c1,NAHUIASVYYTMTJ-UHFFFAOYSA-N,0,antagonist,1.0,6.562348333288801
CHEMBL3398476,Cc1ccc(-n2nccn2)c(C(=O)N(C)CCn2ccc(-c3ccc(F)cn3)n2)c1,LGIAZXNPNCGNEZ-UHFFFAOYSA-N,0,antagonist,1.0,7.993256356075647
CHEMBL3398477,Cc1ccc(-n2nccn2)c(C(=O)N(CCn2ccc(-c3ccc(F)cn3)n2)C(C)C)c1,UUFUKEMZRAXXIP-UHFFFAOYSA-N,0,antagonist,1.0,7.421934116163908
CHEMBL3398478,CCN(CCn1ccc(-c2ccc(F)cn2)n1)C(=O)c1cc(F)ccc1-n1nccn1,HDVWCYWVISLIKH-UHFFFAOYSA-N,0,antagonist,1.0,7.942333896090171
CHEMBL3398479,CCN(CCn1ccc(-c2ccc(F)cn2)n1)C(=O)c1cc(Cl)ccc1-n1nccn1,XQLIBBHNXJMCCF-UHFFFAOYSA-N,0,antagonist,1.0,8.549750891680638
CHEMBL3398480,CCN(CCn1ccc(-c2ccc(F)cn2)n1)C(=O)c1cc(OC)ccc1-n1nccn1,LHSVHRGAIRMAOZ-UHFFFAOYSA-N,0,antagonist,1.0,6.195111255377609
CHEMBL3398481,CCN(CCn1ccc(-c2ccc(F)cn2)n1)C(=O)c1cc(C)ccc1-c1ncccn1,UWSKCHSHSADTPE-UHFFFAOYSA-N,0,antagonist,1.0,8.396855627379818
CHEMBL3398482,CCN(CCn1ccc(-c2ccc(F)cn2)n1)C(=O)c1ccccc1-n1nccn1,WNLPXECFJHLAQT-UHFFFAOYSA-N,0,antagonist,1.0,7.884056823060945
CHEMBL3409851,COc1cccc(OC)c1[C@@H]1C[C@@H](C)C(=O)N1Cc1ccc(OC(F)(F)F)cc1,GFIGTNGISUKHQE-CJNGLKHVSA-N,0,antagonist,1.0,7.32
CHEMBL3409852,CC[C@H]1C[C@@H](c2c(OC)cccc2OC)N(Cc2ccc(OC(F)(F)F)cc2)C1=O,AOCDGVABEPVMBN-RDJZCZTQSA-N,0,antagonist,1.0,5.44
CHEMBL3409853,COc1cccc(OC)c1[C@@H]1C[C@H](Cl)C(=O)N1Cc1ccc(OC(F)(F)F)cc1,CXIIMWBTYWXFSS-GJZGRUSLSA-N,0,antagonist,1.0,7.39
CHEMBL3409854,COc1cccc(OC)c1[C@@H]1C[C@@H](Cl)C(=O)N1Cc1ccc(OC(F)(F)F)cc1,CXIIMWBTYWXFSS-CABCVRRESA-N,0,antagonist,1.0,6.25
CHEMBL3409855,COc1cccc(OC)c1[C@@H]1C[C@H](F)C(=O)N1Cc1ccc(OC(F)(F)F)cc1,PXNXLOMDHVIHNB-GJZGRUSLSA-N,0,antagonist,1.0,7.72
CHEMBL3409856,COc1cccc(OC)c1[C@@H]1C[C@@H](F)C(=O)N1Cc1ccc(OC(F)(F)F)cc1,PXNXLOMDHVIHNB-CABCVRRESA-N,0,antagonist,1.0,6.62
CHEMBL3409857,COc1cccc(OC)c1C1CC(F)(F)C(=O)N1Cc1ccc(OC(F)(F)F)cc1,PLXRFUMPYLQAFR-UHFFFAOYSA-N,0,antagonist,1.0,6.88
CHEMBL3409858,COc1cccc(OC)c1[C@@H]1C[C@H](O)C(=O)N1Cc1ccc(OC(F)(F)F)cc1,QAUTYBBMQXPFIE-GJZGRUSLSA-N,0,antagonist,1.0,6.17
CHEMBL3409859,COc1cccc(OC)c1[C@@H]1C[C@@H](O)C(=O)N1Cc1ccc(OC(F)(F)F)cc1,QAUTYBBMQXPFIE-LSDHHAIUSA-N,0,antagonist,1.0,7.23
CHEMBL3409860,COc1cccc(OC)c1[C@@H]1C[C@H](OC)C(=O)N1Cc1ccc(OC(F)(F)F)cc1,AMVUFSYRJVKFEF-YJBOKZPZSA-N,0,antagonist,1.0,6.78
CHEMBL3409861,CCO[C@H]1C[C@@H](c2c(OC)cccc2OC)N(Cc2ccc(OC(F)(F)F)cc2)C1=O,LWDAFPLTCLKWKN-LPHOPBHVSA-N,0,antagonist,1.0,5.0
CHEMBL3409862,COc1cccc(OC)c1[C@@H]1C[C@@H](OC)C(=O)N1Cc1ccc(OC(F)(F)F)cc1,AMVUFSYRJVKFEF-MAUKXSAKSA-N,0,antagonist,1.0,5.16
CHEMBL3409863,COc1cccc(OC)c1[C@@H]1C[C@H](N)C(=O)N1Cc1ccc(OC(F)(F)F)cc1,BZZNFSIXEABLFR-GJZGRUSLSA-N,0,antagonist,1.0,5.02
CHEMBL3409864,COc1cccc(OC)c1[C@@H]1C[C@@H](N)C(=O)N1Cc1ccc(OC(F)(F)F)cc1,BZZNFSIXEABLFR-CABCVRRESA-N,0,antagonist,1.0,5.69
CHEMBL3409865,CN[C@H]1C[C@@H](c2c(OC)cccc2OC)N(Cc2ccc(OC(F)(F)F)cc2)C1=O,WIOKERJYWBGMGL-HOTGVXAUSA-N,0,antagonist,1.0,5.0
CHEMBL3409866,CN[C@@H]1C[C@@H](c2c(OC)cccc2OC)N(Cc2ccc(OC(F)(F)F)cc2)C1=O,WIOKERJYWBGMGL-CVEARBPZSA-N,0,antagonist,1.0,5.24
CHEMBL3409867,COc1cccc(OC)c1[C@@H]1C[C@H](N(C)C)C(=O)N1Cc1ccc(OC(F)(F)F)cc1,YADKIADCRYTVEU-IRXDYDNUSA-N,0,antagonist,1.0,5.08
CHEMBL3409868,COc1cccc(OC)c1[C@@H]1C[C@@H](N(C)C)C(=O)N1Cc1ccc(OC(F)(F)F)cc1,YADKIADCRYTVEU-DLBZAZTESA-N,0,antagonist,1.0,5.0
CHEMBL3409869,COc1cccc(OC)c1C1CCC(=O)N1Cc1ccc2oc3ccccc3c2c1,FHPANOIZEGWXAC-UHFFFAOYSA-N,0,antagonist,1.0,7.7
CHEMBL3409870,COc1cccc(OC)c1[C@@H]1C[C@H](F)C(=O)N1Cc1ccc2oc3ccccc3c2c1,WDQKCMWGNYOTEG-OALUTQOASA-N,0,antagonist,1.0,8.85
CHEMBL3409871,COc1cccc(OC)c1[C@@H]1C[C@H](Cl)C(=O)N1Cc1ccc2oc3ccccc3c2c1,XDMPGWJRNRIXEC-OALUTQOASA-N,0,antagonist,1.0,8.3
CHEMBL3409872,COc1cccc(OC)c1[C@@H]1C[C@@H](O)C(=O)N1Cc1ccc2oc3ccccc3c2c1,FIAZRNWKETVBOU-RBUKOAKNSA-N,0,antagonist,1.0,8.4
CHEMBL3409873,COc1cccc(F)c1[C@@H]1C[C@H](F)C(=O)N1Cc1ccc2oc3ccccc3c2c1,YLZAYQGWWQGQAW-OALUTQOASA-N,0,antagonist,1.0,8.7
CHEMBL3409874,COc1cccc(F)c1[C@@H]1C[C@H](Cl)C(=O)N1Cc1ccc2oc3ccccc3c2c1,BREHUYDHWPJHJZ-HKUYNNGSSA-N,0,antagonist,1.0,8.3
CHEMBL3409875,COc1cccc(F)c1C1C[C@@H](O)C(=O)N1Cc1ccc2oc3ccccc3c2c1,WPUHSUHTXPVKAB-MUMRKEEXSA-N,0,antagonist,1.0,8.3
CHEMBL3409876,COc1cccc(F)c1[C@@H]1C[C@@H](O)C(=O)N1Cc1ccc2oc3ccccc3c2c1,WPUHSUHTXPVKAB-RBUKOAKNSA-N,0,antagonist,1.0,8.4
CHEMBL3409877,COc1cccc(F)c1[C@H]1C[C@H](O)C(=O)N1Cc1ccc2oc3ccccc3c2c1,WPUHSUHTXPVKAB-MOPGFXCFSA-N,0,antagonist,1.0,6.5
CHEMBL342039,COc1cc2c(cc1OC)CN(C(=O)C(Cc1ccccc1)N(C)C)CC2,BUSFYSZBJQDBAF-UHFFFAOYSA-N,0,antagonist,1.0,5.0
CHEMBL342363,COc1cc2c(cc1OC)CN(C(=O)C(NCCCc1ccccc1)C(C)(C)C)CC2,BKDJKRNDJKWZFN-UHFFFAOYSA-N,0,antagonist,1.0,5.0
CHEMBL342583,COc1cc2c(cc1OC)CN(C(=O)[C@H](NCc1ccccc1)C(C)(C)C)CC2,SKPVBSAZFYVNSU-QFIPXVFZSA-N,0,antagonist,1.0,5.54
CHEMBL3426129,Cc1cccc(O[C@@H]2CC[C@@H](C)N(C(=O)c3ccccc3-n3nccn3)C2)n1,CJFPRBWRDWEOGW-IAGOWNOFSA-N,0,antagonist,1.0,7.8
CHEMBL3426130,Cc1ccc(O[C@@H]2CC[C@@H](C)N(C(=O)c3ccccc3-n3nccn3)C2)nc1,XVUMOUNNIKYABN-IAGOWNOFSA-N,0,antagonist,1.0,8.32
CHEMBL3426131,Cc1ccnc(O[C@@H]2CC[C@@H](C)N(C(=O)c3ccccc3-n3nccn3)C2)c1,WKEQQLYEZQNSSQ-IAGOWNOFSA-N,0,antagonist,1.0,8.195
CHEMBL3426134,CCc1ccnc(O[C@@H]2CC[C@@H](C)N(C(=O)c3ccccc3-n3nccn3)C2)c1,OOSOTHZPRICYEI-SJLPKXTDSA-N,0,antagonist,1.0,8.59
CHEMBL3426135,C[C@@H]1CC[C@@H](Oc2cc(C(F)(F)F)ccn2)CN1C(=O)c1ccccc1-n1nccn1,MMBLBOMQIGMVAC-GDBMZVCRSA-N,0,antagonist,1.0,8.725
CHEMBL3426136,C#Cc1ccnc(O[C@@H]2CC[C@@H](C)N(C(=O)c3ccccc3-n3nccn3)C2)c1,URCQWWILEOHAJO-SJLPKXTDSA-N,0,antagonist,1.0,8.61
CHEMBL3426137,C[C@@H]1CC[C@@H](Oc2cc(C#N)ccn2)CN1C(=O)c1ccccc1-n1nccn1,FOEWIXNBXKVERV-NVXWUHKLSA-N,0,antagonist,1.0,8.8
CHEMBL3426138,COC(=O)c1ccnc(O[C@@H]2CC[C@@H](C)N(C(=O)c3ccccc3-n3nccn3)C2)c1,YICJBMYJMAZRCL-NVXWUHKLSA-N,0,antagonist,1.0,7.66
CHEMBL3426139,C[C@@H]1CC[C@@H](Oc2cc(C(=O)N(C)C)ccn2)CN1C(=O)c1ccccc1-n1nccn1,RGMSPAFXQHLMAA-SJLPKXTDSA-N,0,antagonist,1.0,7.6049999999999995
CHEMBL3426140,C[C@@H]1CC[C@@H](Oc2cc(F)ccn2)CN1C(=O)c1ccccc1-n1nccn1,WRDCSAACCFMQJN-GDBMZVCRSA-N,0,antagonist,1.0,7.9399999999999995
CHEMBL3426141,C[C@@H]1CC[C@@H](Oc2cc(Cl)ccn2)CN1C(=O)c1ccccc1-n1nccn1,WIDCOPZQOQTJEQ-GDBMZVCRSA-N,0,antagonist,1.0,8.405
CHEMBL3426142,C[C@@H]1CC[C@@H](Oc2cc(Br)ccn2)CN1C(=O)c1ccccc1-n1nccn1,WIBUVWKPGPLBOZ-GDBMZVCRSA-N,0,antagonist,1.0,8.370000000000001
CHEMBL3426143,C[C@@H]1CC[C@@H](Oc2cc(I)ccn2)CN1C(=O)c1ccccc1-n1nccn1,DGGVZEGNYMJZDB-GDBMZVCRSA-N,0,antagonist,1.0,8.77
CHEMBL3426144,COc1ccnc(O[C@@H]2CC[C@@H](C)N(C(=O)c3ccccc3-n3nccn3)C2)c1,ISAMJDYFGZTWHZ-NVXWUHKLSA-N,0,antagonist,1.0,7.9
CHEMBL3426145,CSc1ccnc(O[C@@H]2CC[C@@H](C)N(C(=O)c3ccccc3-n3nccn3)C2)c1,GVNLLQCJDVUODJ-HZPDHXFCSA-N,0,antagonist,1.0,8.934999999999999
CHEMBL3426146,C[C@@H]1CC[C@@H](Oc2cc(S(C)(=O)=O)ccn2)CN1C(=O)c1ccccc1-n1nccn1,HXUVCKMYJKRPQK-HZPDHXFCSA-N,0,antagonist,1.0,8.425
CHEMBL3426147,C[C@@H]1CC[C@@H](Oc2cc(N(C)C)ccn2)CN1C(=O)c1ccccc1-n1nccn1,IFFOVKWHONLMNH-SJLPKXTDSA-N,0,antagonist,1.0,7.619999999999999
CHEMBL3426148,C[C@@H]1CC[C@@H](Oc2cc(-c3ccccc3)ccn2)CN1C(=O)c1ccccc1-n1nccn1,PDBSVYYBSKJJSG-DENIHFKCSA-N,0,antagonist,1.0,7.885
CHEMBL3426149,Cc1nc(-c2ccccc2C(=O)N2C[C@H](Oc3cc(C#N)ccn3)CC[C@H]2C)no1,DZHWCPHUSBPNJT-RHSMWYFYSA-N,0,antagonist,1.0,7.975
CHEMBL3426150,C[C@@H]1CC[C@@H](Oc2cc(C#N)ccn2)CN1C(=O)c1ccccc1-c1ncccn1,MMRBNOXAAQLWLU-SJLPKXTDSA-N,0,antagonist,1.0,8.22
CHEMBL3426151,COC(=O)c1ccccc1C(=O)N1C[C@H](Oc2cc(C#N)ccn2)CC[C@H]1C,KDORUZKGOZBYLX-GDBMZVCRSA-N,0,antagonist,1.0,7.68
CHEMBL3426152,CCOC(=O)c1ccccc1C(=O)N1C[C@H](Oc2cc(C#N)ccn2)CC[C@H]1C,RHDOVXNUSNLNKN-NVXWUHKLSA-N,0,antagonist,1.0,7.68
CHEMBL3426153,CC(C)OC(=O)c1ccccc1C(=O)N1C[C@H](Oc2cc(C#N)ccn2)CC[C@H]1C,XMPQSDXQWBEHBP-SJLPKXTDSA-N,0,antagonist,1.0,7.42
CHEMBL3426154,C[C@@H]1CC[C@@H](Oc2cc(C#N)ccn2)CN1C(=O)c1ccccc1OC(F)F,JCDJUPCHHNRGJF-UKRRQHHQSA-N,0,antagonist,1.0,7.43
CHEMBL3426155,C[C@@H]1CC[C@@H](Oc2cc(C#N)ccn2)CN1C(=O)c1ccccc1CC(F)(F)F,WPGDMZIDTJHBQV-RHSMWYFYSA-N,0,antagonist,1.0,7.5
CHEMBL343141,COc1cc2c(cc1OC)CN(C(=O)[C@H](Cc1ccccc1)NCc1ccccc1)CC2,SSNHBJGTVJIWTN-DEOSSOPVSA-N,0,antagonist,1.0,5.0
CHEMBL343551,COc1cc2c(cc1OC)CN(C(=O)C(Cc1ccccc1)NC(=O)c1cc(Cl)cc(Cl)c1)CC2,HDLDKTIFZITSKM-UHFFFAOYSA-N,0,antagonist,1.0,7.44
CHEMBL343786,COc1cc2c(cc1OC)CN(C(=O)[C@@H](NCc1ccsc1)C(C)(C)C)CC2,QMVDETQCAYXARE-HXUWFJFHSA-N,0,antagonist,1.0,7.46
CHEMBL344622,COc1cc2c(cc1OC)CN(C(=O)[C@@H](NCc1cccs1)C(C)(C)C)CC2,RYPYLHGKDFBLIZ-HXUWFJFHSA-N,0,antagonist,1.0,7.6
CHEMBL3586412,COc1cccc(OC)c1C(=O)N1CCCN(c2nc3ccc(Cl)cc3s2)CC1,IWNLDQPKTBRWAF-UHFFFAOYSA-N,0,antagonist,1.0,7.6
CHEMBL3586426,Cc1cc(C)nc(N2C[C@H]3CN(C(=O)c4ccccc4-c4cccs4)C[C@H]3C2)n1,LZTSTMNHWRCGAK-HDICACEKSA-N,0,antagonist,1.0,8.004999999999999
CHEMBL3586432,Cc1cc(C)nc(N2C[C@H]3CN(C(=O)c4ccccc4-n4nccn4)C[C@H]3C2)n1,LCDKKZMNYHMDCH-CALCHBBNSA-N,0,antagonist,1.0,8.187965977824863
CHEMBL3586433,Cc1cc(C)nc(N2C[C@H]3CN(C(=O)c4cccc(F)c4-n4nccn4)C[C@H]3C2)n1,RQCIXSIWGGVIAE-IYBDPMFKSA-N,0,antagonist,1.0,8.193801001050522
CHEMBL3586434,Cc1cc(C)nc(N2C[C@H]3CN(C(=O)c4ccc(F)cc4-n4nccn4)C[C@H]3C2)n1,ILQWQOBQPYXUMR-IYBDPMFKSA-N,0,antagonist,1.0,8.137862065199606
CHEMBL3586435,Cc1cc(C)nc(N2C[C@H]3CN(C(=O)c4cc(F)ccc4-n4nccn4)C[C@H]3C2)n1,OANNWSODDZUOAK-IYBDPMFKSA-N,0,antagonist,1.0,7.507425010840047
CHEMBL3586437,Cc1cc(C)nc(N2C[C@H]3CN(C(=O)c4ccccc4-c4ncn[nH]4)C[C@H]3C2)n1,NYDBXNHNMPHNGA-IYBDPMFKSA-N,0,antagonist,1.0,7.739303657420887
CHEMBL3586438,Cc1cc(C)nc(N2C[C@H]3CN(C(=O)c4cccc(C)c4-n4nccn4)C[C@H]3C2)n1,IBNJJEAPMUOSMF-HDICACEKSA-N,0,antagonist,1.0,7.3579400086720375
CHEMBL3586439,Cc1ccc(-n2nccn2)c(C(=O)N2C[C@@H]3CN(c4nc(C)cc(C)n4)C[C@@H]3C2)c1,FQZSBTFKYQODDS-HDICACEKSA-N,0,antagonist,1.0,7.532940008672037
CHEMBL3586440,Cc1cc(C)nc(N2C[C@H]3CN(C(=O)c4c(C)cccc4-n4nccn4)C[C@H]3C2)n1,LZBCUAJVFRLZRO-HDICACEKSA-N,0,antagonist,1.0,8.351029995663982
CHEMBL3586441,COc1ccc(-n2nccn2)c(C(=O)N2C[C@@H]3CN(c4nc(C)cc(C)n4)C[C@@H]3C2)c1,JEGXPQYWMVONEI-CALCHBBNSA-N,0,antagonist,1.0,7.744370825640463
CHEMBL3586442,Cc1cc(C)nc(N2C[C@H]3CN(C(=O)c4cc(Cl)ccc4-n4nccn4)C[C@H]3C2)n1,GEMAIVSIEYUQIM-IYBDPMFKSA-N,0,antagonist,1.0,7.452940008672037
CHEMBL359632,CC1(C)OC[C@H](NC(=O)Nc2ccc(Br)cc2Br)[C@H](c2ccccc2)O1,RBKIJGLHFFQHBE-IRXDYDNUSA-N,0,antagonist,1.0,8.3
CHEMBL3597951,O=S(=O)(c1ccc(F)cc1)N(Cc1ncc[nH]1)c1ccccc1-c1ccccc1,PCDMCECXKAELMI-UHFFFAOYSA-N,0,antagonist,1.0,8.35
CHEMBL3597952,COc1ccc(S(=O)(=O)N2CCC[C@H]2C(=O)Nc2cc(C)cc(C)c2)cc1,NHPQGZOBHSVTAQ-IBGZPJMESA-N,0,antagonist,1.0,7.96
CHEMBL3597953,Cc1nc(C(=O)N2CCCC[C@H]2CCOc2ccc(F)cc2)c(-c2ccccc2)s1,VDPZWYVAUUMDAS-FQEVSTJZSA-N,0,antagonist,1.0,9.0
CHEMBL3597956,C[C@@H]1CC[C@@H](c2nc(C(C)(C)O)c(C3CC3)o2)CN1C(=O)c1ccccc1-n1nccn1,JJUJCSCLIFGWIQ-NVXWUHKLSA-N,0,antagonist,1.0,7.72
CHEMBL3597957,Cc1oc([C@@H]2CC[C@@H](C)N(C(=O)c3ccccc3-n3ncnn3)C2)nc1C(C)(C)O,XBHFHVZZJPNRNM-UKRRQHHQSA-N,0,antagonist,1.0,7.87
CHEMBL3597958,C[C@@H]1CC[C@@H](c2csc(C(C)(C)O)n2)CN1C(=O)c1cscc1-n1nccn1,OSWKJZVTRUEBIY-CHWSQXEVSA-N,0,antagonist,1.0,7.85
CHEMBL3597959,Cc1sc([C@@H]2CC[C@@H](C)N(C(=O)c3ccccc3-n3nccn3)C2)nc1C(C)(C)O,JWDLGROAYNEGLW-GDBMZVCRSA-N,0,antagonist,1.0,7.85
CHEMBL3597960,C[C@@H]1CC[C@@H](Oc2nccc(C(C)(C)O)c2F)CN1C(=O)c1ccccc1-n1ncnn1,RTQRTDNTSYPMAJ-HUUCEWRRSA-N,0,antagonist,1.0,8.22
CHEMBL3597961,C[C@@H]1CC[C@@H](Oc2ncccc2C(C)(C)O)CN1C(=O)c1ccsc1-n1nccn1,PVEGWTCRTFASBO-HUUCEWRRSA-N,0,antagonist,1.0,8.05
CHEMBL3597962,C[C@@H]1CC[C@@H](Oc2cc(C(F)(F)F)ccn2)CN1C(=O)c1ccccc1-n1ncnn1,LTWMSKWPKRAWBB-UKRRQHHQSA-N,0,antagonist,1.0,8.0
CHEMBL3597963,COc1cc(C(=O)N2CC[C@H]2c2nc(-c3cccc(Cl)c3C)no2)c(-n2nccn2)cc1C,XABSGZKQRPNJSC-SFHVURJKSA-N,0,antagonist,1.0,8.7
CHEMBL3597964,COc1cc(C(=O)N2CC[C@H]2c2noc(-c3cccc(Cl)c3OC)n2)c(-n2nccn2)cc1C,JTRBZPNNQMWVFP-KRWDZBQOSA-N,0,antagonist,1.0,9.15
CHEMBL3597971,Cc1cc(C)nc(N2CC3CN(C(=O)c4c(F)cccc4-n4nccn4)CC3C2)n1,SQOCEMCKYDVLMM-UHFFFAOYSA-N,0,antagonist,1.0,8.025
CHEMBL3621218,COc1ccccc1C(=O)NCCNc1cccc(NS(=O)(=O)c2cc(-c3ccccc3)ccc2OC)c1,SKIGBZVXLDQTGJ-UHFFFAOYSA-N,1,agonist,1.0,5.0
CHEMBL3622322,Cc1ncc(C)c(N2CC[C@@H](C)N(C(=O)c3ccccc3-n3nccn3)CC2)n1,BAZNCIHVTQDHPY-MRXNPFEDSA-N,0,antagonist,1.0,5.220000000000001
CHEMBL3622323,C[C@@H]1CCN(c2nc(Cl)ncc2Cl)CCN1C(=O)c1ccccc1-n1nccn1,AZEODJNKUCFQHD-CYBMUJFWSA-N,0,antagonist,1.0,5.785
CHEMBL3622324,Cc1ncc(Cl)c(N2CC[C@@H](C)N(C(=O)c3ccccc3-n3nccn3)CC2)n1,GWEXBBKGSYMXAN-CQSZACIVSA-N,0,antagonist,1.0,5.375
CHEMBL3622325,Cc1ccc(-n2nccn2)c(C(=O)N2CCN(c3ncc(Cl)c(C)n3)CC[C@H]2C)c1,ZYPOYCFNYHNGOZ-OAHLLOKOSA-N,0,antagonist,1.0,7.8950000000000005
CHEMBL3622326,Cc1ccc(-n2nccn2)c(C(=O)N2CCN(c3ncc(C)c(Cl)n3)CC[C@H]2C)c1,JXQMTBAAHHLHPJ-MRXNPFEDSA-N,0,antagonist,1.0,7.965
CHEMBL3622327,COc1nc(N2CC[C@@H](C)N(C(=O)c3cc(C)ccc3-n3nccn3)CC2)ncc1C,DATGVCAABOBZPE-QGZVFWFLSA-N,0,antagonist,1.0,7.635
CHEMBL3622328,Cc1ccc(-n2nccn2)c(C(=O)N2CCN(c3ncc(C(F)(F)F)c(Cl)n3)CC[C@H]2C)c1,GOJNJXTZTUUGII-CQSZACIVSA-N,0,antagonist,1.0,8.035
CHEMBL3622329,C[C@@H]1CCN(c2ncc(C(F)(F)F)c(Cl)n2)CCN1C(=O)c1ccccc1-n1nccn1,CZFJNTVOOOARTK-CYBMUJFWSA-N,0,antagonist,1.0,7.645
CHEMBL3622330,Cc1ccc(-n2nccn2)c(C(=O)N2CCN(c3ncc(C(F)(F)F)c(C)n3)CC[C@H]2C)c1,NJWCKDWXWLTKKL-OAHLLOKOSA-N,0,antagonist,1.0,8.040000000000001
CHEMBL3622331,COc1nc(N2CC[C@@H](C)N(C(=O)c3cc(C)ccc3-n3nccn3)CC2)ncc1C(F)(F)F,DAHNFBUGNJUTAL-OAHLLOKOSA-N,0,antagonist,1.0,8.095
CHEMBL3622332,Cc1nc(N2CC[C@@H](C)N(C(=O)c3ccccc3-n3nccn3)CC2)ncc1C(F)(F)F,FMYLABPQNXURPE-CQSZACIVSA-N,0,antagonist,1.0,7.765000000000001
CHEMBL3622333,COc1nc(N2CC[C@@H](C)N(C(=O)c3ccccc3-n3nccn3)CC2)ncc1C(F)(F)F,QSWUFEHBPXHQOO-CQSZACIVSA-N,0,antagonist,1.0,7.779999999999999
CHEMBL3622334,C[C@@H]1CCN(c2nc(Cl)ncc2C(F)(F)F)CCN1C(=O)c1ccccc1-n1nccn1,QYKDJXURXXPTHP-CYBMUJFWSA-N,0,antagonist,1.0,5.48
CHEMBL3622335,Cc1ncc(C(F)(F)F)c(N2CC[C@@H](C)N(C(=O)c3ccccc3-n3nccn3)CC2)n1,BYNDBSNHEHAYRO-CQSZACIVSA-N,0,antagonist,1.0,5.1899999999999995
CHEMBL3622336,Cc1cnc(Cl)nc1N1CC[C@@H](C)N(C(=O)c2ccccc2-n2nccn2)CC1,FNJOJWBDLXPSGO-OAHLLOKOSA-N,0,antagonist,1.0,5.85
CHEMBL3622337,COc1ncc(C(F)(F)F)c(N2CC[C@@H](C)N(C(=O)c3ccccc3-n3nccn3)CC2)n1,UKRZFDJTWRPNBN-CQSZACIVSA-N,0,antagonist,1.0,6.61
CHEMBL3622419,COc1cccc(-c2ccc(OC)c(S(=O)(=O)Nc3cccc(NCCNC(=O)c4ccccc4OC)c3)c2)c1,OJXHKTABXFJGMV-UHFFFAOYSA-N,1,agonist,1.0,6.1
CHEMBL3622420,COC(=O)c1cccc(-c2ccc(OC)c(S(=O)(=O)Nc3cccc(NCCNC(=O)c4ccccc4OC)c3)c2)c1,CTKGTXXMHKYDRW-UHFFFAOYSA-N,1,agonist,1.0,5.0
CHEMBL3622421,CNC(=O)c1cccc(-c2ccc(OC)c(S(=O)(=O)Nc3cccc(NCCNC(=O)c4ccccc4OC)c3)c2)c1,XYIGVXXLYDYNAI-UHFFFAOYSA-N,1,agonist,1.0,6.74
CHEMBL3622422,COc1ccccc1C(=O)NCCNc1cccc(NS(=O)(=O)c2cc(-c3cccc(C(=O)N(C)C)c3)ccc2OC)c1,UJUQIPRQLKMFJX-UHFFFAOYSA-N,1,agonist,1.0,7.3
CHEMBL3622423,COc1ccccc1C(=O)NCCNc1cccc(NS(=O)(=O)c2cc(-c3cccc(C(=O)N4CCC4)c3)ccc2OC)c1,YLNLBHUCFXXOMC-UHFFFAOYSA-N,1,agonist,1.0,6.63
CHEMBL3622424,COc1ccccc1C(=O)NCCNc1cccc(NS(=O)(=O)c2cc(-c3cccc(N)c3)ccc2OC)c1,GMYOVBWXRYDURC-UHFFFAOYSA-N,1,agonist,1.0,6.0
CHEMBL3622425,COc1ccccc1C(=O)NCCNc1cccc(NS(=O)(=O)c2cc(-c3cccc(F)c3)ccc2OC)c1,URRWWESPSSINPY-UHFFFAOYSA-N,1,agonist,1.0,5.0
CHEMBL3622426,COc1ccccc1C(=O)NCCNc1cccc(NS(=O)(=O)c2cc(-c3cccnc3)ccc2OC)c1,MLEYFDJNWQGHCP-UHFFFAOYSA-N,1,agonist,1.0,6.57
CHEMBL3622427,COc1ccc(-c2cccc(C(=O)N(C)C)c2)cc1S(=O)(=O)Nc1cccc(NCCNC(=O)c2ccccc2)c1,LWGIWXRRTKTHLG-UHFFFAOYSA-N,1,agonist,1.0,5.0
CHEMBL3622428,COc1cccc(C(=O)NCCNc2cccc(NS(=O)(=O)c3cc(-c4cccc(C(=O)N(C)C)c4)ccc3OC)c2)c1,AINDCHPKOIXBSO-UHFFFAOYSA-N,1,agonist,1.0,7.48
CHEMBL3622429,COc1ccc(C(=O)NCCNc2cccc(NS(=O)(=O)c3cc(-c4cccc(C(=O)N(C)C)c4)ccc3OC)c2)cc1,VSRZCPIUDDLGPT-UHFFFAOYSA-N,1,agonist,1.0,5.98
CHEMBL3623074,COc1ccc(-c2cccc(C(=O)N(C)C)c2)cc1S(=O)(=O)Nc1cccc(NCCNC(=O)c2ccccc2C)c1,BCAZTROQQPZQEL-UHFFFAOYSA-N,1,agonist,1.0,6.1
CHEMBL3623075,COc1ccc(-c2cccc(C(=O)N(C)C)c2)cc1S(=O)(=O)Nc1cccc(NCCNC(=O)c2cccc(C)c2)c1,RHLMXWCISNJNDH-UHFFFAOYSA-N,1,agonist,1.0,7.445
CHEMBL3623076,COc1ccc(-c2cccc(C(=O)N(C)C)c2)cc1S(=O)(=O)Nc1cccc(NCCNC(=O)c2ccccc2Cl)c1,ICZLKTQSCUPWPB-UHFFFAOYSA-N,1,agonist,1.0,7.51
CHEMBL3623077,COc1ccc(-c2cccc(C(=O)N(C)C)c2)cc1S(=O)(=O)Nc1cccc(NCCNC(=O)c2cccc(Cl)c2)c1,AWAJOBNPSUMXDW-UHFFFAOYSA-N,1,agonist,1.0,7.03
CHEMBL3623078,COc1ccc(-c2cccc(C(=O)N(C)C)c2)cc1C(=O)Nc1cccc(NCCNC(=O)c2cccc(C)c2)c1,WRYAPWOPVUMDOK-UHFFFAOYSA-N,1,agonist,1.0,5.9
CHEMBL3623079,COc1ccc(-c2cccc(C(=O)N(C)C)c2)cc1S(=O)(=O)Nc1cccc(NCCNC(=O)c2ccccc2N(C)C)c1,BXJSAMKIFDDLGI-UHFFFAOYSA-N,1,agonist,1.0,7.165
CHEMBL363743,CC1(C)OC[C@H](NC(=O)Nc2ccccc2Br)[C@H](c2ccccc2)O1,ZVELNGXIEZFZIB-IRXDYDNUSA-N,0,antagonist,1.0,7.0
CHEMBL3659180,Cc1ccc(-n2nccn2)c(C(=O)N2C3CCC2C(COc2ccc(F)cn2)C3)c1,FNSBFXNNFNCHOW-UHFFFAOYSA-N,0,antagonist,1.0,7.24
CHEMBL3659181,O=C(c1ccccc1-c1cccs1)N1C2CCC1C(COc1ccc(F)cn1)C2,JIEFEDOEWSOKJT-UHFFFAOYSA-N,0,antagonist,1.0,7.92
CHEMBL3659199,O=C(c1cc(F)ccc1-n1nccn1)N1C2CCC1C(COc1ccc(F)cn1)C2,WWRBUHJGYQFSDU-UHFFFAOYSA-N,0,antagonist,1.0,6.83
CHEMBL3659201,O=C(c1cc(F)ccc1-c1ncccn1)N1C2CCC1C(COc1ccc(F)cn1)C2,WQUYEVUFAVZURZ-UHFFFAOYSA-N,0,antagonist,1.0,6.91
CHEMBL3659202,Cc1ccc(-c2ncccn2)c(C(=O)N2C3CCC2C(COc2ccc(F)cn2)C3)c1,WKSFERSMQSQZQP-UHFFFAOYSA-N,0,antagonist,1.0,7.41
CHEMBL3659215,Cc1ccc(-n2nccn2)c(C(=O)N2C3CCC2C(COc2ccc(C(F)(F)F)cn2)C3)n1,OIZULIUMQOQFAC-UHFFFAOYSA-N,0,antagonist,1.0,6.38
CHEMBL3663477,O=C(c1ccccc1-n1nccn1)N1C2CCC1C(Nc1cnc(C(F)(F)F)cn1)C2,OFWIILUUJMRMOZ-UHFFFAOYSA-N,0,antagonist,1.0,5.96
CHEMBL3663481,Cc1ccc(-n2nccn2)c(C(=O)N2C3CCC2C(Nc2ccc(C(F)(F)F)cn2)C3)n1,ZIVMVPNFNDQFRD-UHFFFAOYSA-N,0,antagonist,1.0,6.21
CHEMBL3663490,O=C(c1ccccc1-n1nccn1)N1C2CCC1C(Nc1ccc(C(F)(F)F)cn1)C2,AORXOPBYJPVESQ-UHFFFAOYSA-N,0,antagonist,1.0,5.82
CHEMBL3663505,O=C(c1ccccc1-n1nccn1)N1C2CCC1C(Nc1ccc(Cl)cn1)C2,GZPNPFZMMODXQJ-UHFFFAOYSA-N,0,antagonist,1.0,5.75
CHEMBL3663515,O=C(c1ccccc1-n1nccn1)N1C2CCC1C(Nc1ncc(C(F)(F)F)cn1)C2,WXVOANJOHGOYDU-UHFFFAOYSA-N,0,antagonist,1.0,5.48
CHEMBL3667549,CSc1cccc(NC(=O)[C@@H]2CCCN2S(=O)(=O)c2ccc(Br)s2)c1,GGCRLIFVACLEJF-ZDUSSCGKSA-N,0,antagonist,1.0,8.0
CHEMBL3667550,O=C(Nc1cccc(OC(F)(F)F)c1)[C@@H]1CCCN1S(=O)(=O)c1ccc(Br)s1,UQKUYLQAURTPEX-LBPRGKRZSA-N,0,antagonist,1.0,6.98
CHEMBL3667551,COc1cccc(S(=O)(=O)N2CCC[C@H]2C(=O)Nc2cccc(SC)c2)c1,MENYSNIOINZHOK-SFHVURJKSA-N,0,antagonist,1.0,8.1
CHEMBL3667552,CCCc1ccc(S(=O)(=O)N2CCC[C@H]2C(=O)Nc2cccc(SC)c2)cc1,WLTRYFFFSCLNPW-FQEVSTJZSA-N,0,antagonist,1.0,7.33
CHEMBL3667553,CSc1cccc(NC(=O)[C@@H]2CCCN2S(=O)(=O)c2ccc3c(c2)OCCN3C)c1,GIKLPDMPMGWEOB-IBGZPJMESA-N,0,antagonist,1.0,7.57
CHEMBL3667554,COc1ccc(S(=O)(=O)N2CCC[C@H]2C(=O)Nc2cccc(SC)c2)cc1,DIUDVHGBTFDFCN-SFHVURJKSA-N,0,antagonist,1.0,8.335
CHEMBL3667555,CSc1cccc(NC(=O)[C@@H]2CCCN2S(=O)(=O)c2cccc(Cl)c2)c1,NPUOZBQFFCKVBZ-KRWDZBQOSA-N,0,antagonist,1.0,8.7
CHEMBL3667556,CSc1cccc(NC(=O)[C@@H]2CCCN2S(=O)(=O)c2ccc(C(F)(F)F)cc2)c1,WOQNVEBUHZAZDX-KRWDZBQOSA-N,0,antagonist,1.0,7.77
CHEMBL3667557,CSc1cccc(NC(=O)[C@@H]2CCCN2S(=O)(=O)c2ccc(Cl)cc2)c1,AANHDAUXXNPJHE-KRWDZBQOSA-N,0,antagonist,1.0,8.05
CHEMBL3667558,COc1ccc(S(=O)(=O)N2CCC[C@H]2C(=O)Nc2cccc(SC)c2)cc1OC,KJPMTFYILXEFKW-KRWDZBQOSA-N,0,antagonist,1.0,8.52
CHEMBL3667559,CSc1cccc(NC(=O)[C@@H]2CCCN2S(=O)(=O)c2cccc(Br)c2)c1,AROLTOAKBYNTER-KRWDZBQOSA-N,0,antagonist,1.0,8.7
CHEMBL3667560,CSc1cccc(NC(=O)[C@@H]2CCCN2S(=O)(=O)c2ccc(C)c(Cl)c2)c1,ABXMPGQGXIVRSU-SFHVURJKSA-N,0,antagonist,1.0,8.52
CHEMBL3667561,CSc1cccc(NC(=O)[C@@H]2CCCN2S(=O)(=O)c2ccc(Br)cc2)c1,ABBWCZLJPRXWMF-KRWDZBQOSA-N,0,antagonist,1.0,8.0
CHEMBL3667562,CSc1cccc(NC(=O)[C@@H]2CCCN2S(=O)(=O)c2ccc(Cl)c(Cl)c2)c1,IZEZMFABUYWQOT-KRWDZBQOSA-N,0,antagonist,1.0,8.7
CHEMBL3667563,O=C(Nc1ccccc1)[C@@H]1CCCN1S(=O)(=O)c1ccc(Br)s1,PSYHWFIOJGJPSO-LBPRGKRZSA-N,0,antagonist,1.0,6.79
CHEMBL3667564,COc1ccc(S(=O)(=O)N2CCC[C@H]2C(=O)Nc2cc(Cl)cc(Cl)c2)cc1,MYGUQPLFXGIMOL-KRWDZBQOSA-N,0,antagonist,1.0,7.7
CHEMBL3667565,COc1ccc(S(=O)(=O)N2CCC[C@H]2C(=O)Nc2cccc(C(F)(F)F)c2)cc1,YTOXOQFUAILESD-KRWDZBQOSA-N,0,antagonist,1.0,8.05
CHEMBL3667566,COc1ccc(S(=O)(=O)N2CCC[C@H]2C(=O)Nc2cccc(Cl)c2)cc1,OIUHGQQIRSMLFE-KRWDZBQOSA-N,0,antagonist,1.0,7.51
CHEMBL3667567,COc1ccc(S(=O)(=O)N2CCC[C@H]2C(=O)Nc2cccc(Br)c2)cc1,KQHJEETVAWQSRQ-KRWDZBQOSA-N,0,antagonist,1.0,7.43
CHEMBL3667568,COc1ccc(S(=O)(=O)N2CCC[C@H]2C(=O)Nc2cccc(C)c2)cc1,VZIFRHBWIXQCPI-SFHVURJKSA-N,0,antagonist,1.0,7.77
CHEMBL3667569,COc1ccc(S(=O)(=O)N2CCC[C@H]2C(=O)Nc2cccc(OC)c2)cc1,QZRUMZXZUQKAJX-SFHVURJKSA-N,0,antagonist,1.0,7.33
CHEMBL3667570,COc1ccc(S(=O)(=O)N2CCC[C@H]2C(=O)Nc2cccc(N(C)C)c2)cc1,FDSRPDVLIJQJLE-IBGZPJMESA-N,0,antagonist,1.0,7.72
CHEMBL3667571,COc1ccc(S(=O)(=O)N2CCC[C@H]2C(=O)Nc2ccc(C)c(C)c2)cc1,DSPGLKFOMVZEBJ-IBGZPJMESA-N,0,antagonist,1.0,7.54
CHEMBL3667572,COc1ccc(S(=O)(=O)N2CCC[C@H]2C(=O)Nc2cccc3ccccc23)cc1,ZOBMQTFGGYXTRK-NRFANRHFSA-N,0,antagonist,1.0,6.77
CHEMBL3667573,COc1ccc(S(=O)(=O)N2CCC[C@H]2C(=O)Nc2cccc(C#N)c2)cc1,SLJOZGPEBUAADL-SFHVURJKSA-N,0,antagonist,1.0,7.01
CHEMBL3667574,COc1ccc(S(=O)(=O)N2CCC[C@H]2C(=O)Nc2cc(OC)cc(OC)c2)cc1,DQPRQHSEGWYHBM-IBGZPJMESA-N,0,antagonist,1.0,7.8
CHEMBL3667575,COc1ccc(S(=O)(=O)N2CCC[C@H]2C(=O)Nc2cc(C)ccc2Cl)cc1,XFRDIGVBBYLAOZ-SFHVURJKSA-N,0,antagonist,1.0,6.65
CHEMBL3667576,COc1ccc(S(=O)(=O)N2CCC[C@H]2C(=O)Nc2cc(OC)ccc2Cl)cc1,PCTUNQLCQQNNHP-SFHVURJKSA-N,0,antagonist,1.0,6.89
CHEMBL3667577,COc1ccc(S(=O)(=O)N2CCC[C@H]2C(=O)Nc2cc(C(F)(F)F)cc(C(F)(F)F)c2)cc1,CVKPOHVANMOAMW-KRWDZBQOSA-N,0,antagonist,1.0,7.17
CHEMBL3667578,COc1ccc(S(=O)(=O)N2CCC[C@H]2C(=O)Nc2ccc(F)c(Cl)c2)cc1,PAYFVVBUIVRRJT-KRWDZBQOSA-N,0,antagonist,1.0,7.47
CHEMBL3667579,CCOc1cccc(NC(=O)[C@@H]2CCCN2S(=O)(=O)c2ccc(OC)cc2)c1,ACRLBTUVEJSFLC-IBGZPJMESA-N,0,antagonist,1.0,7.42
CHEMBL3667580,COc1ccc(S(=O)(=O)N2CCC[C@H]2C(=O)Nc2ccc3c(c2)CCC3)cc1,SOZVMQYBZHHSQC-FQEVSTJZSA-N,0,antagonist,1.0,7.92
CHEMBL3667581,CCc1cccc(NC(=O)[C@@H]2CCCN2S(=O)(=O)c2ccc(OC)cc2)c1,QIVKKCHLBIIWOR-IBGZPJMESA-N,0,antagonist,1.0,8.1
CHEMBL3667582,COc1ccc(S(=O)(=O)N2CCC[C@H]2C(=O)Nc2cc(Cl)ccc2OC)cc1,BGMOBQRLEBMRAR-KRWDZBQOSA-N,0,antagonist,1.0,6.68
CHEMBL3667583,COc1ccc(S(=O)(=O)N2CCC[C@H]2C(=O)Nc2ccc(F)c(F)c2)cc1,NHFKHFKJNCUQDF-KRWDZBQOSA-N,0,antagonist,1.0,6.87
CHEMBL3667584,COc1ccc(S(=O)(=O)N2CCC[C@H]2C(=O)Nc2ccc(F)c(C)c2)cc1,FRHSQIGKTGQAGV-SFHVURJKSA-N,0,antagonist,1.0,7.55
CHEMBL3667585,COc1ccc(S(=O)(=O)N2CCC[C@H]2C(=O)Nc2cc(C)ccc2F)cc1,XTNUWCVIXMHRTM-SFHVURJKSA-N,0,antagonist,1.0,7.58
CHEMBL3667586,COc1ccc(S(=O)(=O)N2CCC[C@H]2C(=O)Nc2ccc(Cl)c(C)c2)cc1,USGAHAIBUKFUAJ-SFHVURJKSA-N,0,antagonist,1.0,7.75
CHEMBL3667587,COc1ccc(S(=O)(=O)N2CCC[C@H]2C(=O)Nc2ccc(Cl)c(Cl)c2)cc1,XLDXSYZBPJHJNL-KRWDZBQOSA-N,0,antagonist,1.0,7.24
CHEMBL3667588,Cc1cc(C)cc(NC(=O)[C@@H]2CCCN2S(=O)(=O)c2ccc(Br)cc2)c1,LIQMNTMPOCEMEL-SFHVURJKSA-N,0,antagonist,1.0,7.31
CHEMBL3667589,Cc1cc(C)cc(NC(=O)[C@@H]2CCCN2S(=O)(=O)c2cccc3ccccc23)c1,QUQHHANCUPQZDA-NRFANRHFSA-N,0,antagonist,1.0,7.58
CHEMBL3667590,Cc1cc(C)cc(NC(=O)[C@@H]2CCCN2S(=O)(=O)c2ccc3ccccc3c2)c1,ASMQQSZQNGGULM-QFIPXVFZSA-N,0,antagonist,1.0,7.6
CHEMBL3667591,COc1ccc(S(=O)(=O)N2CCC[C@H]2C(=O)Nc2cc(C)cc(C)c2)cc1OC,IQSQEFWIYQXNHP-SFHVURJKSA-N,0,antagonist,1.0,7.0
CHEMBL3667592,COc1cc(C)ccc1S(=O)(=O)N1CCC[C@H]1C(=O)Nc1cc(C)cc(C)c1,GDUFWQJIATVTJA-SFHVURJKSA-N,0,antagonist,1.0,6.78
CHEMBL3667593,Cc1cc(C)cc(NC(=O)[C@@H]2CCCN2S(=O)(=O)c2ccc(Cl)cc2)c1,XYVSDRGXVAWXEE-SFHVURJKSA-N,0,antagonist,1.0,7.5
CHEMBL3667594,C=Cc1ccc(S(=O)(=O)N2CCC[C@H]2C(=O)Nc2cc(C)cc(C)c2)cc1,DOLMIJLEGGZESM-FQEVSTJZSA-N,0,antagonist,1.0,7.04
CHEMBL3667595,COc1ccc(C)cc1S(=O)(=O)N1CCC[C@H]1C(=O)Nc1cc(C)cc(C)c1,NKQVPJZIEULYJM-SFHVURJKSA-N,0,antagonist,1.0,8.4
CHEMBL3667596,Cc1cc(C)cc(NC(=O)[C@@H]2CCCN2S(=O)(=O)c2ccc(S(C)(=O)=O)cc2)c1,BUIZFRQUHUNXMD-IBGZPJMESA-N,0,antagonist,1.0,6.71
CHEMBL3667597,Cc1cc(C)cc(NC(=O)[C@@H]2CCCN2S(=O)(=O)c2cc(C(F)(F)F)ccc2Cl)c1,IXXCXSCVPBOHSP-KRWDZBQOSA-N,0,antagonist,1.0,7.44
CHEMBL3667598,Cc1cc(C)cc(NC(=O)[C@@H]2CCCN2S(=O)(=O)c2ccc(C(F)(F)F)cc2Cl)c1,HGKZMIGKXSQCOF-KRWDZBQOSA-N,0,antagonist,1.0,7.85
CHEMBL3667599,Cc1cc(C)cc(NC(=O)[C@@H]2CCCN2S(=O)(=O)c2ccc(C)cc2Br)c1,XBYJXIKWCUMDMI-SFHVURJKSA-N,0,antagonist,1.0,7.09
CHEMBL3667600,Cc1cc(C)cc(NC(=O)[C@@H]2CCCN2S(=O)(=O)c2ccc(Cl)c(C(F)(F)F)c2)c1,FONPGCAGFNPFCY-SFHVURJKSA-N,0,antagonist,1.0,7.72
CHEMBL3667601,Cc1cc(C)cc(NC(=O)[C@@H]2CCCN2S(=O)(=O)c2ccc(Cl)c(Cl)c2)c1,XSWKETNSQYYYLF-SFHVURJKSA-N,0,antagonist,1.0,6.8
CHEMBL3667602,Cc1cc(C)cc(NC(=O)[C@@H]2CCCN2S(=O)(=O)c2cc(C)c(Cl)cc2C)c1,HNSPFFKHAARBAV-IBGZPJMESA-N,0,antagonist,1.0,6.77
CHEMBL3667603,Cc1cc(C)cc(NC(=O)[C@@H]2CCCN2S(=O)(=O)c2ccc(C)cc2C)c1,NRNASKVCTCNAFJ-IBGZPJMESA-N,0,antagonist,1.0,6.97
CHEMBL3667604,Cc1cc(C)cc(NC(=O)[C@@H]2CCCN2S(=O)(=O)c2ccc(Br)cc2C)c1,SGLZTIIDKHPCTL-SFHVURJKSA-N,0,antagonist,1.0,7.66
CHEMBL3667605,Cc1cc(C)cc(NC(=O)[C@@H]2CCCN2S(=O)(=O)c2ccc(Br)cc2Cl)c1,QPODPRZZYFMFJX-KRWDZBQOSA-N,0,antagonist,1.0,6.97
CHEMBL3667606,COc1ccc(S(=O)(=O)N2CCC[C@@H]2C(=O)Nc2cc(C)cc(C)c2)cc1,NHPQGZOBHSVTAQ-LJQANCHMSA-N,0,antagonist,1.0,5.22
CHEMBL3739577,Cc1cccc(-c2sc(C)nc2C(=O)N2CCC[C@H]2Cc2ccc(C)c(Cl)c2)c1,BMSNSFNLDHKCKW-FQEVSTJZSA-N,0,antagonist,1.0,8.0
CHEMBL3739613,COc1ccc(C[C@@H]2CCCN2C(=O)c2ccccc2-c2nc(C)no2)cc1OC,JZHKVYBNWKFHNL-KRWDZBQOSA-N,0,antagonist,1.0,7.92
CHEMBL3739682,COc1ccc(C[C@@H]2CCCN2C(=O)c2ccccc2-n2nccn2)cc1OC,RXFUFAWTDDTAMN-KRWDZBQOSA-N,0,antagonist,1.0,8.46
CHEMBL3739704,CCn1cc(C(=O)N2CCCCC2Cc2ccc(OC)c(OC)c2)c2ccccc21,LETOFERGIVCZGO-UHFFFAOYSA-N,0,antagonist,1.0,6.99
CHEMBL3739711,COc1ccc(C[C@@H]2CCCN2C(=O)c2nc(C)sc2-c2cccc(C)c2)cc1OC,ATCMNCWZQLATOI-FQEVSTJZSA-N,0,antagonist,1.0,8.51
CHEMBL3739859,COc1ccc(C[C@@H]2CCCN2C(=O)c2nccnc2-c2cccc(C)c2)cc1OC,PMGJQPZMQNTBPD-FQEVSTJZSA-N,0,antagonist,1.0,8.4
CHEMBL3739958,COc1cccc(-c2sc(C)nc2C(=O)N2CCC[C@H]2Cc2ccc(OC)c(OC)c2)c1,QOBUEJAYVNLSDF-IBGZPJMESA-N,0,antagonist,1.0,8.11
CHEMBL3740088,COc1ccc(C[C@@H]2CCCN2C(=O)c2nc(C)sc2-c2ccc(F)cc2)cc1OC,GVYKFYAWNBHOKI-IBGZPJMESA-N,0,antagonist,1.0,7.21
CHEMBL3740186,COc1ccc(-c2sc(C)nc2C(=O)N2CCC[C@H]2Cc2ccc(OC)c(OC)c2)cc1,VPEQGHPQOOGYLA-IBGZPJMESA-N,0,antagonist,1.0,8.0
CHEMBL3740505,COc1cccc(CCC2CCCCN2C(=O)c2cc(C)ccc2-n2nccn2)c1,REOZYZIIPOJEAW-UHFFFAOYSA-N,0,antagonist,1.0,6.61
CHEMBL3740506,COc1ccc(C[C@@H]2CCCN2C(=O)c2cc(C)ccc2-n2nccn2)cc1OC,PAVMRWBHAJVYTO-SFHVURJKSA-N,0,antagonist,1.0,8.08
CHEMBL3740565,COc1ccc(C[C@@H]2CCCN2C(=O)c2cc(C)ccc2-n2cccn2)cc1OC,UFKMMEFGMJOTTI-IBGZPJMESA-N,0,antagonist,1.0,7.19
CHEMBL3740670,COc1ccc(C[C@@H]2CCCN2C(=O)c2nc(C)ccc2-c2ncccn2)cc1OC,GEYXXRIEVGPQOY-SFHVURJKSA-N,0,antagonist,1.0,7.15
CHEMBL3740773,COc1ccc(Cl)c(C[C@@H]2CCCN2C(=O)c2nc(C)sc2-c2cccc(C)c2)c1,BRWKIPBVEZGBLX-IBGZPJMESA-N,0,antagonist,1.0,7.75
CHEMBL3741003,COc1ccc(C[C@@H]2CCCN2C(=O)c2ccccc2-c2ncccn2)cc1OC,GLSNUHUKHNGMPC-SFHVURJKSA-N,0,antagonist,1.0,8.33
CHEMBL3741058,COc1cccc(C[C@@H]2CCCN2C(=O)c2nc(C)sc2-c2cccc(C)c2)c1Cl,YQKQIISGUJTESV-IBGZPJMESA-N,0,antagonist,1.0,7.8
CHEMBL3741099,Cc1cccc(-c2sc(C)nc2C(=O)N2CCC[C@H]2Cc2ccc3c(c2)OCO3)c1,WSFODJHZTULNHW-IBGZPJMESA-N,0,antagonist,1.0,7.4
CHEMBL3741194,COc1ccc(C[C@@H]2CCCN2C(=O)c2nc(C)sc2-c2ccc3c(c2)OCO3)cc1OC,YGELRKYVOFQALB-SFHVURJKSA-N,0,antagonist,1.0,8.51693598216088
CHEMBL3741221,COc1ccc(CC2c3sccc3CCN2C(=O)c2cc(C)ccc2-n2nccn2)cc1OC,NJYHNIZFNQPUOG-UHFFFAOYSA-N,0,antagonist,1.0,6.37
CHEMBL3741767,Cc1cccc(-c2sc(C)nc2C(=O)N2CCC[C@H]2Cc2ccc(Cl)c(Cl)c2)c1,KSPVDNDDUKZZQK-SFHVURJKSA-N,0,antagonist,1.0,7.18
CHEMBL3741779,COc1ccc(C[C@@H]2CCCN2C(=O)c2nc(C)sc2-c2cccc(C)c2)cc1Cl,IBJBAQDMTLBIEQ-IBGZPJMESA-N,0,antagonist,1.0,8.74
CHEMBL3742040,COc1ccc(C[C@@H]2CCCN2C(=O)c2nc(C)sc2-c2ccc3c(c2)CCO3)cc1OC,ZRINYPMMJJMYER-FQEVSTJZSA-N,0,antagonist,1.0,8.1
CHEMBL3742079,COc1ccc(C[C@@H]2CCCN2C(=O)c2nc(C)sc2-c2cccc(Cl)c2)cc1OC,ZEQRXGJUGWBKBB-IBGZPJMESA-N,0,antagonist,1.0,8.2
CHEMBL3742089,COc1ccc(CC2CCCCN2C(=O)c2cc(C)ccc2-n2nccn2)cc1OC,FWHHRBMLQOYRQF-UHFFFAOYSA-N,0,antagonist,1.0,8.48
CHEMBL3742235,COc1cc(C[C@@H]2CCCN2C(=O)c2nc(C)sc2-c2cccc(C)c2)cc(OC)c1,PXYCRNATPGCYAG-FQEVSTJZSA-N,0,antagonist,1.0,8.37
CHEMBL3742247,COc1ccc(CCC2CCCCN2C(=O)c2cc(C)ccc2-n2nccn2)cc1OC,HNHDYWKKLRPPTA-UHFFFAOYSA-N,0,antagonist,1.0,7.8
CHEMBL3742301,Cc1cccc(-c2sc(C)nc2C(=O)N2CCC[C@H]2Cc2ccc3c(c2)OCCO3)c1,YXOSYZGHPNXTKL-FQEVSTJZSA-N,0,antagonist,1.0,7.41
CHEMBL3742341,CCn1cc(C(=O)N2CCc3ccsc3C2Cc2ccc(OC)c(OC)c2)c2ccccc21,JOCIBZPBSCTMTE-UHFFFAOYSA-N,0,antagonist,1.0,8.85
CHEMBL3770745,CCN(CCN(C)c1nc2ccccc2o1)C(=O)c1cc(C)ccc1-n1nccn1,XOFCXQHIUXUAQZ-UHFFFAOYSA-N,0,antagonist,1.0,7.75
CHEMBL3771066,COc1ccc(CC2c3cc(OC(C)C)c(OC)cc3CCN2CC(=O)NCc2ccccc2)cc1OC,DLZVDBYNJQVSNK-UHFFFAOYSA-N,0,antagonist,1.0,5.0
CHEMBL3798017,COc1ccccc1OCCNC[C@@H](O)COc1cccc2[nH]c3ccccc3c12,OGHNVEJMJSYVRP-QGZVFWFLSA-N,0,antagonist,1.0,5.949999999999999
CHEMBL3889541,COc1cccc(OC)c1C1CC(C)C(=O)N1Cc1ccc(OC(F)F)cc1,OPDJWYZBEUMZKV-UHFFFAOYSA-N,0,antagonist,1.0,6.21
CHEMBL3889649,COc1cccc(OCC2CC2)c1C1CCCC(=O)N1Cc1ccc(OC(F)(F)F)cc1,NPLSQPNYTJJJFC-UHFFFAOYSA-N,0,antagonist,1.0,5.38
CHEMBL3890024,COc1cccc(OC)c1C1CCCC(=O)N1Cc1cccc(-n2cncn2)c1,DEKVVPHNRRPVLP-UHFFFAOYSA-N,0,antagonist,1.0,6.33
CHEMBL3890034,COc1cc(OC)nc(NCCn2cc(NC(=O)c3ncoc3-c3cccc(N4CCCC4)c3)cn2)n1,AWCUNHPJPKROQH-UHFFFAOYSA-N,0,antagonist,1.0,6.7
CHEMBL3890113,COc1ccnc2c1ccn2CCn1cc(NC(=O)c2ncoc2-c2cccc(C)c2)cn1,QEUDOJMNVNJSLQ-UHFFFAOYSA-N,0,antagonist,1.0,6.26
CHEMBL3890222,COc1ccc(-n2nccn2)c(C(=O)N2CCOC[C@H]2Cc2cccc(-n3nccn3)c2)c1F,VVTLUCANNQJJLA-GOSISDBHSA-N,0,antagonist,1.0,5.92
CHEMBL3890497,CCOc1cccc(F)c1[C@@H]1C[C@H](F)C(=O)N1Cc1ccc(OC(F)(F)F)cc1,QDOJAXAHOBRJQL-HOTGVXAUSA-N,0,antagonist,1.0,8.1
CHEMBL3890542,O=C(c1ccccc1-n1nccn1)N1CC[C@H]1c1nc(-c2ccccc2OC(F)(F)F)no1,RRBBKCOZMKIWKT-INIZCTEOSA-N,0,antagonist,1.0,7.04
CHEMBL3890634,CCOc1ccccc1C1CCC(=O)N1Cc1ccc(OC(F)(F)F)cc1,WRGMMITXYNGNLI-UHFFFAOYSA-N,0,antagonist,1.0,6.62
CHEMBL3890720,Cc1ccc(-c2ncccn2)c(C(=O)N2CCOC2Cn2cc(-c3ccc(F)cc3)cn2)c1,CTNMMUBGLRNOPX-UHFFFAOYSA-N,0,antagonist,1.0,7.57
CHEMBL3890903,COc1ccc2[nH]cc(CCn3cc(NC(=O)c4ncoc4-c4cccc(-c5ccccc5)c4)cn3)c2c1,RLRYUXYOCOJEEE-UHFFFAOYSA-N,0,antagonist,1.0,7.14
CHEMBL3890906,CCOc1cccc(F)c1C1CC(C)C(=O)N1Cc1ccnc(-c2ncc(C)s2)c1,BEPYMAUVKPKUIG-UHFFFAOYSA-N,0,antagonist,1.0,8.7
CHEMBL3890975,O=C(N[C@H]1CCC[C@@H]1Nc1cnc(C(F)(F)F)cn1)c1ccccc1C(F)(F)F,RYRMTJIVZIXIJM-STQMWFEESA-N,0,antagonist,1.0,5.0
CHEMBL3891082,COc1cccc(OC)c1C1CCCC(=O)N1Cc1cccc(N2CCCCC2)n1,LOJGRVWMQAEVDP-UHFFFAOYSA-N,0,antagonist,1.0,7.96
CHEMBL3891471,COc1cccc(OC)c1C1CCCC(=O)N1Cc1cccc(-c2noc(C)n2)c1,DHHJTNFBRIFBHL-UHFFFAOYSA-N,0,antagonist,1.0,7.3
CHEMBL3891497,O=C(N[C@H]1CCC[C@@H]1Nc1ncc(C(F)(F)F)nc1C1CC1)c1ncccc1-n1nccn1,IIORDWZBRQCNIN-KBPBESRZSA-N,0,antagonist,1.0,5.05
CHEMBL3891723,O=C(N[C@H]1CCC[C@@H]1Nc1ccc(C(F)(F)F)cn1)c1cc(F)ccc1-n1nccn1,VLWBXQOEXBEJRE-HOTGVXAUSA-N,0,antagonist,1.0,5.0
CHEMBL3891971,Cc1ccc(-c2ncccn2)c(C(=O)N2CCCOC2Cn2cc(-c3ccc(F)cc3)cn2)n1,XZALYTFRMPIXPU-UHFFFAOYSA-N,0,antagonist,1.0,5.34
CHEMBL3891988,COc1cc(F)cc(OC)c1C1CCCC(=O)N1Cc1cccc(-c2ccccc2)c1,ROUDRFVLTWSVAI-UHFFFAOYSA-N,0,antagonist,1.0,6.63
CHEMBL3892023,COc1cccc(OC)c1C1CCC(=O)N1Cc1cccc(-c2cccnc2)c1,WXCVSMURHJJWEM-UHFFFAOYSA-N,0,antagonist,1.0,6.6
CHEMBL3892186,CCOc1c(F)cccc1[C@@H]1C[C@@H](Cl)C(=O)N1Cc1ccc(OC(F)(F)F)cc1,SIKFUXDDGRCCOA-WBVHZDCISA-N,0,antagonist,1.0,5.75
CHEMBL3892255,COc1ccc2c(c1)N(CCCn1cc(NC(=O)c3ncoc3-c3cccc(C)c3)cn1)CC2,PBMOUFQHXWYBNB-UHFFFAOYSA-N,0,antagonist,1.0,6.61
CHEMBL3892317,CCOc1cccc(Cl)c1[C@@H]1C[C@@H](O)C(=O)N1Cc1ccc(OC(F)(F)F)cc1,RXMAMICFPMNPGT-JKSUJKDBSA-N,0,antagonist,1.0,7.12
CHEMBL3892369,Cc1ccc(C(=O)N2CCOC[C@H]2Cc2cccc(-n3nccn3)c2)c(-n2nccn2)c1,GKPHAIOJCHBZCT-HXUWFJFHSA-N,0,antagonist,1.0,6.64
CHEMBL3892874,O=C(c1ccc(C(F)(F)F)cc1-n1nccn1)N1CC[C@H]1c1nnc(-c2ccccc2OC(F)(F)F)[nH]1,DXOIVXMYAPKKGN-HNNXBMFYSA-N,0,antagonist,1.0,7.77
CHEMBL3892961,COc1cccc(OC)c1C1CC(C)C(=O)N1Cc1cccc(OCC(F)F)c1,KYSCRMHLIVJYBV-UHFFFAOYSA-N,0,antagonist,1.0,6.76
CHEMBL3892988,CC1CC(c2c(F)cccc2OCCF)N(Cc2ccc(OC(F)(F)F)cc2)C1=O,JKJGBYFPQIAKAV-UHFFFAOYSA-N,0,antagonist,1.0,7.36
CHEMBL3893150,Cc1ccc(-n2nccn2)c(C(=O)N2CCCOC2Cc2noc(-c3ccc(F)cc3)n2)n1,ABQUTJKCXJRSSO-UHFFFAOYSA-N,0,antagonist,1.0,8.14
CHEMBL3893390,COc1cccc(OC)c1C1CC(C)C(=O)N1Cc1ccc2sc3ccccc3c2c1,SXJVXFFSXZNQAN-UHFFFAOYSA-N,0,antagonist,1.0,8.1
CHEMBL3893455,COc1ccc2[nH]cc(CCn3cc(NC(=O)c4ncoc4-c4ccc(C)c(C)c4)cn3)c2c1,BAFAMKJJXOTHLN-UHFFFAOYSA-N,0,antagonist,1.0,7.29
CHEMBL3893458,Cc1ccc(-n2nccn2)c(C(=O)N2CCO[C@H](C)[C@H]2Cc2cccc(-n3nccn3)c2)c1,DZMITGRLYMROFK-WZONZLPQSA-N,0,antagonist,1.0,5.62
CHEMBL3893504,Cc1cc(C(=O)N2CCOC[C@H]2Cc2cc(-n3nccn3)ccc2F)c(-n2nccn2)cc1C,DPAIDVFQHYLKSX-HXUWFJFHSA-N,0,antagonist,1.0,7.52
CHEMBL3893641,COc1cccc(F)c1C1CC(C)C(=O)N1Cc1ccnc(-c2ncc(C)s2)c1,NPKJTUYDYQQLQJ-UHFFFAOYSA-N,0,antagonist,1.0,7.92
CHEMBL3893795,COc1cc(F)c(C2CCCC(=O)N2Cc2ccc(OC(F)(F)F)cc2)c(F)c1,RRJYXCDXJRDYBZ-UHFFFAOYSA-N,0,antagonist,1.0,5.26
CHEMBL3893826,Cc1cccc(-c2ocnc2C(=O)Nc2cnn(CCNc3ncc4ccccc4n3)c2)c1,IIIBIUDECYCVRM-UHFFFAOYSA-N,0,antagonist,1.0,6.88
CHEMBL3893831,CCOc1cccc(CN2C(=O)C(C)CC2c2c(F)cccc2OCC)c1,LWBJANYLUOJSLI-UHFFFAOYSA-N,0,antagonist,1.0,7.6
CHEMBL3893903,Cc1cc(-n2nccn2)c(C(=O)N2CC[C@H]2c2noc(-c3cccc(Cl)c3C)n2)cc1Cl,ZNWYWQNASHEVMR-SFHVURJKSA-N,0,antagonist,1.0,8.3
CHEMBL3894144,O=C(N[C@H]1CCC[C@@H]1Nc1cnc(C(F)(F)F)cn1)c1ncccc1N1CCCCC1,DUENZHAQPOELDS-GJZGRUSLSA-N,0,antagonist,1.0,5.0
CHEMBL3894227,COc1ccc2c(ccn2CCCn2cc(NC(=O)c3ncoc3-c3cccc(C)c3)cn2)c1,OZZJMCZKKMVREX-UHFFFAOYSA-N,0,antagonist,1.0,6.05
CHEMBL3894311,COc1cccc(OC)c1C(=O)N[C@H]1CCC[C@@H]1Nc1cccc(C(F)(F)F)n1,HVQSWWJIDZBBRV-STQMWFEESA-N,0,antagonist,1.0,5.7
CHEMBL3894400,COc1cncc(OC)c1C1CCCC(=O)N1Cc1cccc(-c2ccccc2)c1,QDTOQTLRGNQRRC-UHFFFAOYSA-N,0,antagonist,1.0,7.51
CHEMBL3894403,COc1cccc(F)c1C1CC(C)C(=O)N1Cc1cccc(-c2nc(Cl)cs2)c1,XLRJGGDGKILWEN-UHFFFAOYSA-N,0,antagonist,1.0,8.05
CHEMBL3894407,Cc1ccc(-n2nccn2)c(C(=O)N2CC[C@H]2c2noc(-c3cccc(Cl)c3C)n2)c1,FLQDYYVTSHSWMA-IBGZPJMESA-N,0,antagonist,1.0,8.1
CHEMBL3894582,Cc1c(Cl)cccc1-c1noc([C@@H]2CCN2C(=O)c2nc(N(C)C)sc2-c2ccccc2)n1,JYFGNZSAXLBHMX-SFHVURJKSA-N,0,antagonist,1.0,8.15
CHEMBL3894604,COc1cccc(OC)c1C1CCCCC(=O)N1Cc1cccc(-c2cccnc2)c1,SGVBPEZWAYENNY-UHFFFAOYSA-N,0,antagonist,1.0,7.34
CHEMBL3894723,Cc1ccc(-n2nccn2)c(C(=O)N2C[C@@H](C)OC[C@H]2Cc2cccc(-c3ncccn3)c2)c1,ACKAOVNXPNOWIE-DENIHFKCSA-N,0,antagonist,1.0,6.98
CHEMBL3894788,CC(C)Oc1cccc(F)c1[C@@H]1C[C@H](Cl)C(=O)N1Cc1ccc(OC(F)(F)F)cc1,TXCJKLVDSNYGSE-RDJZCZTQSA-N,0,antagonist,1.0,7.6
CHEMBL3894851,CCOc1ncccc1-c1nc([C@@H]2CCN2C(=O)c2cc(C)c(C)cc2-n2nccn2)no1,XLYJJZDMAYDCNN-SFHVURJKSA-N,0,antagonist,1.0,9.22
CHEMBL3894979,COc1cccc(OC)c1C1CCC(=O)N1Cc1cccc(Oc2ccccc2)c1,MDWAKJNHSDZNKH-UHFFFAOYSA-N,0,antagonist,1.0,7.19
CHEMBL3895130,Cc1ccc(C(=O)N2CCOC[C@H]2Cc2ccc(C)c(-n3nccn3)c2)c(-n2nccn2)c1,DSAPJEHSDZGZQP-HXUWFJFHSA-N,0,antagonist,1.0,6.65
CHEMBL3895270,COc1ccc2[nH]cc(CCn3cc(NC(=O)c4ncoc4-c4cccc(C)c4)cn3)c2c1,BEYYOEMKMWVPAQ-UHFFFAOYSA-N,0,antagonist,1.0,8.7
CHEMBL3895462,COc1cccc(OC)c1C1CCC(=O)N1Cc1ccc2ccccc2n1,GZFRFSACPUEMRQ-UHFFFAOYSA-N,0,antagonist,1.0,6.87
CHEMBL3895491,CCOc1cccc(F)c1C1CC(C)C(=O)N1Cc1csc(-c2ccc(C)cc2)n1,DOOLJNLUINHQJO-UHFFFAOYSA-N,0,antagonist,1.0,8.05
CHEMBL3895495,COc1cccc(OC)c1C1CCCC(=O)N1Cc1cnc(-c2ccccc2)s1,KECXYZQGQMUYCQ-UHFFFAOYSA-N,0,antagonist,1.0,6.44
CHEMBL3895679,COc1cccc(OC)c1C1CC(C)C(=O)N1Cc1cccc(-c2ccccc2)n1,AJINUHRTDLBLGI-UHFFFAOYSA-N,0,antagonist,1.0,7.54
CHEMBL3895685,COc1cccc(OC)c1C1CCCCC(=O)N1Cc1cnn(-c2ccccc2)c1,NAPBEIKTLLVWRN-UHFFFAOYSA-N,0,antagonist,1.0,6.42
CHEMBL3895717,Cc1ccc(-n2nccn2)c(C(=O)N2CC[C@H]2c2nc(-c3ccccc3)no2)c1,OWNQFGPYILQQFP-SFHVURJKSA-N,0,antagonist,1.0,6.54
CHEMBL3895735,O=C(N[C@H]1CCC[C@@H]1Nc1cnc(C(F)(F)F)cn1)c1c(-n2nccn2)ccc(F)c1F,YKYSEUFMSFPOET-RYUDHWBXSA-N,0,antagonist,1.0,5.0
CHEMBL3895759,O=C(c1cccc(Cl)c1-n1nccn1)N1CCOC[C@H]1Cc1cc(-c2ncccn2)ccc1F,JHVXWNVBCOMNJH-GOSISDBHSA-N,0,antagonist,1.0,6.18
CHEMBL3895786,Cc1ccc(C(=O)N2CCOC[C@H]2Cc2cccc(-c3ncon3)c2)c(-n2nccn2)c1,DCMSTVVYTKCBDX-LJQANCHMSA-N,0,antagonist,1.0,6.67
CHEMBL3896226,O=C(c1ccc(Cl)cc1-n1nccn1)N1CC[C@H]1c1nnc(-c2ccccc2OC(F)(F)F)[nH]1,WAFPJAJOSTZPHL-HNNXBMFYSA-N,0,antagonist,1.0,7.8
CHEMBL3896431,O=C(c1ccccc1-n1nccn1)N1CCOC[C@H]1Cc1ccc(Cl)c(-c2ncccn2)c1,AKVDRUIVHSDXNM-GOSISDBHSA-N,0,antagonist,1.0,5.65
CHEMBL3896560,Cc1ccc(-n2nccn2)c(C(=O)N2CCOC2Cc2ccn(-c3ccc(F)cn3)n2)c1,CWBJXWWFPDALKJ-UHFFFAOYSA-N,0,antagonist,1.0,7.92
CHEMBL3896682,CC1(Nc2ncc(C(F)(F)F)cn2)CCCC1NC(=O)c1ccccc1-n1nccn1,BWQJSRQDEPJXKN-UHFFFAOYSA-N,0,antagonist,1.0,5.0
CHEMBL3896893,COc1cccc(F)c1[C@@H]1C[C@@H](F)C(=O)N1Cc1ccc2oc3ccccc3c2c1,YLZAYQGWWQGQAW-MOPGFXCFSA-N,0,antagonist,1.0,8.15
CHEMBL3896959,O=C(N[C@H]1CCC[C@@H]1Nc1ncc(C(F)(F)F)cc1Cl)c1ncccc1-c1ncccn1,MSHFKNFIKQZISD-HOTGVXAUSA-N,0,antagonist,1.0,5.0
CHEMBL3897027,COc1ccnc(OC)c1C1CC(C)C(=O)N1Cc1cccc(-c2ccccc2)c1,ZEBODEPVZIPGLD-UHFFFAOYSA-N,0,antagonist,1.0,6.95
CHEMBL3897167,CCCOc1ccc(CN2C(=O)C(C)CC2c2c(F)cccc2OCC)cc1,JAAHWDYPLVOEOZ-UHFFFAOYSA-N,0,antagonist,1.0,7.02
CHEMBL3897210,O=C(c1cccc(Cl)c1-n1nccn1)N1CCOC[C@H]1Cc1cc(-n2nccn2)ccc1Cl,YGTXKPMZPUBWGV-QGZVFWFLSA-N,0,antagonist,1.0,6.17
CHEMBL3897223,COc1cncc(OC)c1C1CCCC(=O)N1Cc1cccc(-c2csc(C)n2)c1,WQXMHQDZFSMJQA-UHFFFAOYSA-N,0,antagonist,1.0,7.48
CHEMBL3897277,Cc1cccc(-c2ocnc2C(=O)Nc2cnn(CCc3cccc(F)c3)c2)c1,GYJRWJFMOASPQT-UHFFFAOYSA-N,0,antagonist,1.0,5.75
CHEMBL3897703,COc1cccc(OC)c1C1CCCC(=O)N1Cc1cccc(-n2ccnn2)c1,LFVNIWRIPIAMBX-UHFFFAOYSA-N,0,antagonist,1.0,6.62
CHEMBL3897747,O=C(N[C@H]1CCC[C@@H]1Nc1cnc(C(F)(F)F)cn1)c1cc(F)ccc1-c1ncccn1,UTKTXQFSUOMABI-HOTGVXAUSA-N,0,antagonist,1.0,5.0
CHEMBL3897767,COc1cc(OC)nc(OCCn2cc(NC(=O)c3ncoc3-c3ccccc3)cn2)n1,YGRMOVFUPRVBKB-UHFFFAOYSA-N,0,antagonist,1.0,7.54
CHEMBL3897884,COc1cccc(OC)c1C1CC(C)C(=O)N1Cc1cccc(-n2nccn2)c1,ZUPMANPIDIDUOM-UHFFFAOYSA-N,0,antagonist,1.0,7.11
CHEMBL3898298,COc1cccc(Cl)c1[C@@H]1C[C@@H](O)C(=O)N1Cc1ccc(OC(F)(F)F)cc1,BRAJDCSRTSOQGO-LSDHHAIUSA-N,0,antagonist,1.0,6.53
CHEMBL3898332,COc1cccc(CCn2cc(NC(=O)c3ncoc3-c3cccc(C)c3)cn2)c1,MOIKCNZGIDOZRB-UHFFFAOYSA-N,0,antagonist,1.0,6.4
CHEMBL3898558,Cc1ccc(-n2nccn2)c(C(=O)N2CCCOC2Cc2noc(-c3ccc(F)cn3)n2)c1,HCUREBSNYDMSKO-UHFFFAOYSA-N,0,antagonist,1.0,8.16
CHEMBL3898606,O=C1[C@@H](Cl)C[C@@H](c2cccc3c2OCCO3)N1Cc1ccc(OC(F)(F)F)cc1,MQFSKMRWRCLMRA-HOTGVXAUSA-N,0,antagonist,1.0,6.4
CHEMBL3898665,COc1ccc2[nH]cc(CCn3cc(NC(=O)c4ncoc4-c4ccon4)cn3)c2c1,VGJIHNMZBNVGRL-UHFFFAOYSA-N,0,antagonist,1.0,7.28
CHEMBL3898767,O=C(N[C@H]1CCC[C@@H]1Nc1ccc(C(F)(F)F)cn1)c1ccccc1-n1nccn1,FUOSBVRFUHTLQH-HOTGVXAUSA-N,0,antagonist,1.0,5.0
CHEMBL3898815,Cc1nnc(-c2ccccc2C(=O)N[C@H]2CCC[C@@H]2Nc2cnc(C(F)(F)F)cn2)o1,IGRQZSSTSDEILV-GJZGRUSLSA-N,0,antagonist,1.0,5.0
CHEMBL3898816,Cc1cccc(-c2scnc2C(=O)Nc2cnn(CCNc3cnc4ccccc4n3)c2)c1,UQWUCSTZOPVOMA-UHFFFAOYSA-N,0,antagonist,1.0,6.89
CHEMBL3898822,COc1cccc(OC)c1C1CCCC(=O)N1Cc1ccc2nccnc2c1,ODUZWHFFTFQNCT-UHFFFAOYSA-N,0,antagonist,1.0,6.06
CHEMBL3898855,COc1ccc2[nH]cc(CCn3cc(NC(=O)c4ncoc4-c4cccc(F)c4)cn3)c2c1,GGIYIXGESBIOLR-UHFFFAOYSA-N,0,antagonist,1.0,8.295
CHEMBL3898857,COc1cc(OC)nc(NCCn2cc(NC(=O)c3ncoc3-c3ccc(C)c(OC)c3)cn2)n1,NOUMBWGJVOTGIV-UHFFFAOYSA-N,0,antagonist,1.0,6.62
CHEMBL3898874,Cc1cc(C)c(-n2nccn2)c(C(=O)N2CCOC[C@H]2Cc2cccc(-c3ncon3)c2)c1,WBUINJWSFUWINW-HXUWFJFHSA-N,0,antagonist,1.0,6.38
CHEMBL3899022,Cc1ccc(-n2nccn2)c(C(=O)N2CC[C@H]2c2nnc(-c3ccccc3OC(F)(F)F)[nH]2)c1,BFEILDCUPZNEPI-KRWDZBQOSA-N,0,antagonist,1.0,7.25
CHEMBL3899133,C[C@]1(Nc2cnc(C(F)(F)F)cn2)CCC[C@@H]1NC(=O)c1ncccc1-n1cccn1,CCAVTDDNMFBEQV-LIRRHRJNSA-N,0,antagonist,1.0,5.0
CHEMBL3899184,Cc1cccc(-c2ocnc2C(=O)Nc2cnn(CCn3ccc(-c4ccccc4)c3)c2)c1,UPMHLEIQTUZINJ-UHFFFAOYSA-N,0,antagonist,1.0,6.06
CHEMBL3899455,COc1cccc(OC)c1C1CC(C)C(=O)N1Cc1ccc2ccccc2n1,VMIVJKGTYBXEHQ-UHFFFAOYSA-N,0,antagonist,1.0,6.32
CHEMBL3899504,Cc1cccc(-c2oc(C)nc2C(=O)N2CC[C@H]2c2nc(-c3ccccc3OC(F)(F)F)no2)c1,CAAAVKPMWFIZQW-KRWDZBQOSA-N,0,antagonist,1.0,6.51
CHEMBL3899648,Cc1ccc(-n2nccn2)c(C(=O)N2CC[C@H]2c2nc(-c3cc(F)cc(F)c3)no2)c1,HGTNUOBQFYOFEQ-SFHVURJKSA-N,0,antagonist,1.0,6.55
CHEMBL3899892,COc1ccc2[nH]cc(CCn3cnc(NC(=O)c4ncoc4-c4cccc(C)c4)c3)c2c1,CVIUCRQYBHKDLJ-UHFFFAOYSA-N,0,antagonist,1.0,7.57
CHEMBL3899904,COc1cccc(OC)c1C1CCCCC(=O)N1Cc1ccc2ccccc2c1,RNWVFKVQCJCSES-UHFFFAOYSA-N,0,antagonist,1.0,7.5
CHEMBL3899918,COc1nc(NCCn2cc(NC(=O)c3ncoc3-c3cccc(C)c3)cn2)nc(OC)c1C,XLXXNAXXXQZZJD-UHFFFAOYSA-N,0,antagonist,1.0,6.75
CHEMBL3900012,Cc1ccc(-c2ccccc2)c(C(=O)N2CC[C@H]2c2nc(-c3cccc(Cl)c3C)no2)c1,DCQOXBJPZPFZLC-QHCPKHFHSA-N,0,antagonist,1.0,8.4
CHEMBL3900083,COc1cccc(OCCCO)c1C1CCCC(=O)N1Cc1ccc(OC(F)(F)F)cc1,ZSCTYCBCYVLJKU-UHFFFAOYSA-N,0,antagonist,1.0,6.54
CHEMBL3900153,Cc1cccc(C(=O)N2C[C@@H](C)OC[C@H]2Cc2cccc(-c3ncccn3)c2)c1-n1nccn1,QDURYEZFCXJVOM-DENIHFKCSA-N,0,antagonist,1.0,6.01
CHEMBL3900701,COc1cccc(OC)c1C1CCCC(=O)N1Cc1ccc(C(F)(F)F)cc1,SXCIJHIEJHUDKO-UHFFFAOYSA-N,0,antagonist,1.0,6.77
CHEMBL3900745,COc1cccc(OC)c1C1CCCC(=O)N1Cc1cnc(OC(F)F)c(C)c1,MGVQTTHWUSUJOE-UHFFFAOYSA-N,0,antagonist,1.0,7.11
CHEMBL3900899,COc1cccc(OC)c1C1CCC(=O)N1Cc1cnc(OC(F)F)c(Cl)c1,OMGGLDITIJYJNZ-UHFFFAOYSA-N,0,antagonist,1.0,6.97
CHEMBL3901113,Cc1cccc(C(=O)N2C[C@@H](C)OC[C@H]2Cc2cc(-c3ncccn3)ccc2F)c1-n1nccn1,STUGMTDSOKPRBQ-WIYYLYMNSA-N,0,antagonist,1.0,6.3
CHEMBL3901212,COc1c(F)ccc(F)c1[C@@H]1C[C@H](Cl)C(=O)N1Cc1ccc(OC(F)(F)F)cc1,STUWHRFVRUSMGP-WFASDCNBSA-N,0,antagonist,1.0,6.66
CHEMBL3901217,O=C(c1cc(Cl)ccc1-n1nccn1)N1CCOC[C@H]1Cc1cc(-c2ncccn2)ccc1F,LFTFHZCWXHYQAL-LJQANCHMSA-N,0,antagonist,1.0,6.31
CHEMBL3901328,Cc1ccc(C(=O)N2CC[C@H]2c2nc(-c3cccc(Cl)c3C)no2)c(-n2nccn2)c1,MZXQGKTUYBYETL-SFHVURJKSA-N,0,antagonist,1.0,7.66
CHEMBL3901346,O=C(c1ccccc1-n1nccn1)N1CCOC[C@H]1Cc1cccc(-n2nccn2)c1,HCNLIVZSGOZAEH-LJQANCHMSA-N,0,antagonist,1.0,5.91
CHEMBL3901353,COc1cccc(OC)c1C1CCCC(=O)N1Cc1cn2ccccc2n1,DAMQOVYIJJKZLF-UHFFFAOYSA-N,0,antagonist,1.0,5.86
CHEMBL3901476,O=C(N[C@H]1CCC[C@H]1Oc1cnc(C(F)(F)F)cn1)c1ccccc1-n1nccn1,VMURNTXERFEPNC-DZGCQCFKSA-N,0,antagonist,1.0,5.21
CHEMBL3901710,COc1c(Cl)cccc1-c1nnc([C@@H]2CCN2C(=O)c2cc(C)ccc2-n2nccn2)[nH]1,DLMMACFCYQEYBV-SFHVURJKSA-N,0,antagonist,1.0,6.77
CHEMBL3901793,COc1cncc(OC)c1C1CCCCC(=O)N1Cc1ccc2c(c1)c1ccccc1n2C,WGYDMMXZLOVKQT-UHFFFAOYSA-N,0,antagonist,1.0,6.65
CHEMBL3901849,O=C(c1cc(F)c(F)cc1-n1nccn1)N1CCOC[C@H]1Cc1cccc(-n2nccn2)c1,DTAVCGIFLPXIFF-QGZVFWFLSA-N,0,antagonist,1.0,6.21
CHEMBL3901878,COc1cc(C(=O)N2CCOC[C@H]2Cc2cccc(-n3nccn3)c2)c(-n2nccn2)cc1Cl,XKKKABNXFDRANJ-GOSISDBHSA-N,0,antagonist,1.0,6.93
CHEMBL3901915,Cc1ccc(C[C@@H]2COCCN2C(=O)c2ccccc2-n2nccn2)cc1-c1ncccn1,RDSLXYSTWOTMMZ-HXUWFJFHSA-N,0,antagonist,1.0,5.58
CHEMBL3901996,Cc1cccc(-c2ocnc2C(=O)Nc2cnn(CCOc3ccc4c(c3)OCO4)c2)c1,YOZNVHSVUWBONS-UHFFFAOYSA-N,0,antagonist,1.0,6.38
CHEMBL3902140,CCOc1cccc(F)c1C1CC(C)C(=O)N1Cc1ccc(OC(F)(F)F)cc1,PHWSQDIMXZLFQJ-UHFFFAOYSA-N,0,antagonist,1.0,7.52
CHEMBL3902166,C[C@]1(Nc2cnc(C(F)(F)F)cn2)CCC[C@@H]1NC(=O)c1c(Cl)cccc1-n1nccn1,GSWFYQGXQASRJV-LIRRHRJNSA-N,0,antagonist,1.0,5.0
CHEMBL3902291,COc1cc(C(=O)N2CCOC[C@H]2Cc2cc(-n3nccn3)ccc2F)c(-n2nccn2)cc1C,BNXAFMJKKZGLDN-LJQANCHMSA-N,0,antagonist,1.0,6.47
CHEMBL3902305,COc1ccc(-c2ocnc2C(=O)Nc2cnn(CCNc3nc(OC)cc(OC)n3)c2)cc1,AGTYLUDFLBJZNF-UHFFFAOYSA-N,0,antagonist,1.0,7.0
CHEMBL3902339,CCOc1c(F)cccc1[C@@H]1C[C@H](Cl)C(=O)N1Cc1ccc(OC(F)(F)F)cc1,SIKFUXDDGRCCOA-RDJZCZTQSA-N,0,antagonist,1.0,6.28
CHEMBL3902382,COc1cccc(OC)c1C1CC(C)C(=O)N1Cc1cccc(OC(F)(F)C(F)F)c1,LXVVZKNQVZMGOY-UHFFFAOYSA-N,0,antagonist,1.0,7.89
CHEMBL3902408,COc1cccc(OC)c1C1CCCC(=O)N1Cc1ccc2c(c1)c1ccccc1n2C,XDDWWVVINWFDGM-UHFFFAOYSA-N,0,antagonist,1.0,6.88
CHEMBL3902440,Cc1ccc(C(=O)N2CC[C@H]2c2nc(-c3ccccc3OC(F)(F)F)no2)c(-n2nccn2)c1,RQIZDINFFVTDAT-INIZCTEOSA-N,0,antagonist,1.0,7.77
CHEMBL3902652,CCOc1cccc(F)c1C1CC(C)C(=O)N1Cc1ccc(OC(F)F)c(Cl)c1,VYCRLUGMYIJYFL-UHFFFAOYSA-N,0,antagonist,1.0,7.19
CHEMBL3902815,COc1cccc(OC)c1C1CCCCC(=O)N1Cc1cccc(-n2cccn2)c1,IYJCCNXUIXSMFN-UHFFFAOYSA-N,0,antagonist,1.0,7.7
CHEMBL3902957,O=C(c1cc(F)ccc1-n1nccn1)N1CCOC1Cn1ccc(-c2ccc(F)cn2)n1,LWIJBIHKOCBNNV-UHFFFAOYSA-N,0,antagonist,1.0,6.685
CHEMBL3902987,COc1cccc(OC)c1C1CCCC(=O)N1Cc1ccc2c(c1)CCCN2,CNZJIRFXWPIYAV-UHFFFAOYSA-N,0,antagonist,1.0,6.22
CHEMBL3903036,CCOc1ncccc1-c1noc([C@@H]2CCN2C(=O)c2cc(OC)c(C)cc2-n2nccn2)n1,QEVORAQYJWWNCK-KRWDZBQOSA-N,0,antagonist,1.0,8.3
CHEMBL3903093,O=C(N[C@H]1CCC[C@@H]1Nc1cnc(C(F)(F)F)cn1)c1cccc(F)c1-n1nccn1,PLHYYQNLROIKDL-KBPBESRZSA-N,0,antagonist,1.0,5.0
CHEMBL3903138,COc1cccc(OC)c1C1CC(C)C(=O)N1Cc1cccc(OC(F)F)c1,KVUGNCAMECQIRX-UHFFFAOYSA-N,0,antagonist,1.0,7.02
CHEMBL3903177,COc1cc(F)cc(OC)c1C1CCCC(=O)N1Cc1ccc(OC(F)(F)F)cc1,CODBOYKRUDGUDM-UHFFFAOYSA-N,0,antagonist,1.0,7.57
CHEMBL3903185,COc1cc(OC)nc(OCCn2nc(C)c(NC(=O)c3ncoc3-c3cccc(C)c3)c2C)n1,PJQLSBNVPUYBKG-UHFFFAOYSA-N,0,antagonist,1.0,5.99
CHEMBL3903190,COc1cccc(OC)c1C1CCCC(=O)N1Cc1cccc(-c2ncc(C)s2)c1,OTPKWVNXANCRCW-UHFFFAOYSA-N,0,antagonist,1.0,8.22
CHEMBL3903196,CN(c1cnc(C(F)(F)F)cn1)[C@H]1CCC[C@@H]1NC(=O)c1cc(F)ccc1-n1nccn1,AWBMJFFFGIRXKG-HOCLYGCPSA-N,0,antagonist,1.0,5.0
CHEMBL3903258,COc1cc(OC)nc(OCCn2cc(NC(=O)c3ncoc3-c3cccc(N(C)C)c3)cn2)n1,KOYFXDSZHUOLMB-UHFFFAOYSA-N,0,antagonist,1.0,6.81
CHEMBL3903348,COc1cccc(OC)c1C1CCCC(=O)N1Cc1cnc(OC(F)F)c(C2CC2)c1,YSOJTQZCXHMSCR-UHFFFAOYSA-N,0,antagonist,1.0,6.4
CHEMBL3903513,COc1ncnc(OC)c1C1CCCC(=O)N1Cc1cccc(-c2csc(C)n2)c1,AERREAAADMJGLC-UHFFFAOYSA-N,0,antagonist,1.0,6.21
CHEMBL3903587,COc1cc(OC)nc(OCCn2cc(NC(=O)c3ncoc3-c3cccc(C)c3)cn2)n1,HXSNNYUKIYWXTE-UHFFFAOYSA-N,0,antagonist,1.0,7.535
CHEMBL3903988,COc1cccc(OC)c1C1CCC(=O)N1Cc1cccc(-n2cccn2)c1,ZJDAEGIIHPTLQD-UHFFFAOYSA-N,0,antagonist,1.0,6.08
CHEMBL3903997,CCOc1ccc(F)c(F)c1[C@@H]1C[C@H](F)C(=O)N1Cc1ccc(OC(F)(F)F)cc1,HFVRPEZRBSJJJI-GJZGRUSLSA-N,0,antagonist,1.0,7.77
CHEMBL3904030,CCOc1cccc(F)c1[C@@H]1C[C@H](Cl)C(=O)N1Cc1ccc(OC(F)(F)F)c(Cl)c1,OXOUVYGBYSOHNV-ZFWWWQNUSA-N,0,antagonist,1.0,7.66
CHEMBL3904115,COc1cccc(OC)c1C1CCCC(=O)N1Cc1ccc(-n2cccc2)cc1,OTHPMNUSZABUHY-UHFFFAOYSA-N,0,antagonist,1.0,6.72
CHEMBL3904128,O=C(c1cccc(F)c1-n1nccn1)N1CCOC[C@H]1Cc1cccc(-c2ncon2)c1,MWFCDHIHHZBJPV-QGZVFWFLSA-N,0,antagonist,1.0,5.94
CHEMBL3904193,COc1cccc(OC)c1C1CCCC(=O)N1Cc1ccc(OC(F)F)cn1,WPGULJUSTHLMDZ-UHFFFAOYSA-N,0,antagonist,1.0,7.16
CHEMBL3904243,Cc1ccc(-n2nccn2)c(C(=O)N[C@H]2CCC[C@@H]2Nc2ccc(C(F)(F)F)cn2)c1,RVCHKPZNDBVOLS-IRXDYDNUSA-N,0,antagonist,1.0,5.0
CHEMBL3904325,COc1cc(OC)nc(NCCn2cc(NC(=O)c3ncoc3-c3cccc(F)c3)cn2)n1,JYHOTFFXAQDAPV-UHFFFAOYSA-N,0,antagonist,1.0,7.6
CHEMBL3904374,Cc1cccc(-c2ocnc2C(=O)Nc2cnn(CCn3ccc4cc(Cl)ccc43)c2)c1,ODTKXFUWGVGUES-UHFFFAOYSA-N,0,antagonist,1.0,6.29
CHEMBL3904416,COc1cccc(OC)c1[C@@H]1C[C@@H](F)C(=O)N1Cc1ccc2oc3ccccc3c2c1,WDQKCMWGNYOTEG-MOPGFXCFSA-N,0,antagonist,1.0,7.4
CHEMBL3904485,Cc1ccc(C(=O)N2CCOC[C@H]2Cc2cc(Cl)cc(-n3nccn3)c2)c(-n2nccn2)c1,LHHCFJSPYOKYPR-HXUWFJFHSA-N,0,antagonist,1.0,7.0
CHEMBL3904615,COc1cc(C(=O)N2CC[C@H]2c2noc(-c3cccc(Cl)c3C)n2)c(-c2ncccn2)cc1C,PMPLHHCEDONMDL-FQEVSTJZSA-N,0,antagonist,1.0,8.3
CHEMBL3904636,COc1cccc(OC)c1C1CCCCC(=O)N1Cc1cncc(-c2ccccc2)c1,QMOSTGZMFUOTAK-UHFFFAOYSA-N,0,antagonist,1.0,6.34
CHEMBL3904643,Cc1ccc(-c2noc([C@@H]3CCN3C(=O)c3cc(C)ccc3-n3nccn3)n2)cc1,PHLLBPHOKSJLQV-IBGZPJMESA-N,0,antagonist,1.0,6.75
CHEMBL3904880,O=C(c1cc(F)c(F)cc1-n1nccn1)N1CCOC[C@H]1Cc1cc(-n2nccn2)ccc1F,HMSWWKWVPAKARQ-MRXNPFEDSA-N,0,antagonist,1.0,6.7
CHEMBL3904896,Cc1ccc(-n2nccn2)c(C(=O)N2C[C@H](C)O[C@H]2Cn2cc(-c3ccc(F)cn3)cn2)c1,XIJFGHZYWVCPFJ-AOMKIAJQSA-N,0,antagonist,1.0,7.94
CHEMBL3904976,CC1CC(c2ccccc2-c2ccccc2)N(Cc2ccc(OC(F)(F)F)cc2)C1=O,MLDPWGJYRVQUIA-UHFFFAOYSA-N,0,antagonist,1.0,6.34
CHEMBL3905303,O=C(c1ccccc1-n1nccn1)N1CCCC[C@H]1Cc1cccc(-n2nccn2)c1,OBJHSZWESOSYIS-IBGZPJMESA-N,0,antagonist,1.0,7.92
CHEMBL3905525,Cc1cccc(-c2ocnc2C(=O)Nc2cnn(CCOc3cc(C)cc(C)n3)c2)c1,BCXWSAXVDJMAMF-UHFFFAOYSA-N,0,antagonist,1.0,6.24
CHEMBL3905668,Cc1ccc(-n2nccn2)c(C(=O)N2CC[C@H]2c2nc(-c3cc(C)ccc3C)no2)c1,JTLJRVQNBMKZDI-FQEVSTJZSA-N,0,antagonist,1.0,7.77
CHEMBL3905669,COc1cccc(OC)c1C(=O)N[C@H]1CCC[C@@H]1Nc1cnc(C(F)(F)F)cn1,FWCOASACMFLDGG-RYUDHWBXSA-N,0,antagonist,1.0,5.0
CHEMBL3905808,O=C(c1ccccc1-n1nccn1)N1CCC[C@H]1Cc1cccc(-n2nccn2)c1,OFOKYTZDYMGETB-SFHVURJKSA-N,0,antagonist,1.0,7.4350000000000005
CHEMBL3905899,CC1(Nc2ncc(C(F)(F)F)cc2F)CCCC1NC(=O)c1ncccc1-c1ncccn1,FYJXMSCDUCSBEE-UHFFFAOYSA-N,0,antagonist,1.0,5.0
CHEMBL3906138,COc1cccc(OC)c1C1CCCC(=O)N1Cc1ccc(OC(F)(F)F)c(Cl)c1,GOCCLYIBTKETEE-UHFFFAOYSA-N,0,antagonist,1.0,7.21
CHEMBL3906374,Cc1ccc(-n2nccn2)c(C(=O)N2CCOC[C@H]2Cc2cccc(-c3cccs3)c2)c1,SPVLNBKCMBRTPX-OAQYLSRUSA-N,0,antagonist,1.0,6.92
CHEMBL3906516,COc1ccc2ccccc2c1[C@@H]1C[C@H](F)C(=O)N1Cc1ccc(OC(F)(F)F)cc1,JVNMWFIXSFYSEB-OALUTQOASA-N,0,antagonist,1.0,6.26
CHEMBL3906541,COc1ccc(C[C@@H]2COCCN2C(=O)c2ccccc2-n2nccn2)cc1-c1ccccn1,KKEOYRYRWVSPJZ-HXUWFJFHSA-N,0,antagonist,1.0,5.48
CHEMBL3906721,CCOc1cc(F)cc(F)c1[C@@H]1C[C@@H](O)C(=O)N1Cc1ccc(OC(F)(F)F)cc1,MOOUQMGGVXIPQA-JKSUJKDBSA-N,0,antagonist,1.0,6.59
CHEMBL3907193,Cc1ccc(-n2nccn2)c(C(=O)N2CCOC[C@H]2Cc2cc(-n3nccn3)ccc2F)c1F,STZDRKWMTBHWJI-GOSISDBHSA-N,0,antagonist,1.0,5.93
CHEMBL3907310,Cc1ccc(C(=O)N2CCOC[C@H]2Cc2cc(-c3cccnn3)ccc2F)c(-n2nccn2)c1,KDSFEYCWXQWBSK-HXUWFJFHSA-N,0,antagonist,1.0,5.86
CHEMBL3907321,Cc1cccc(-c2ocnc2C(=O)Nc2cnn(CCOc3cccc(C)n3)c2)c1,NBTYOFPLQJQTIH-UHFFFAOYSA-N,0,antagonist,1.0,6.1
CHEMBL3907364,O=C(N[C@H]1CCC[C@@H]1Nc1ccc(C(F)(F)F)cn1)c1ncccc1-n1cccn1,WJNQJBKMHZVQSC-GJZGRUSLSA-N,0,antagonist,1.0,5.0
CHEMBL3907374,Cc1ccc(C[C@@H]2COCCN2C(=O)c2ccccc2-n2nccn2)cc1-c1nccs1,RFRBKJBYJXZXKQ-LJQANCHMSA-N,0,antagonist,1.0,6.62
CHEMBL3907587,Cc1ccc(-c2ncccn2)c(C(=O)N2CCCOC2Cc2cnn(-c3ccc(F)cn3)c2)c1,XREXIMFORJAGEV-UHFFFAOYSA-N,0,antagonist,1.0,7.69
CHEMBL3907804,COc1cccc(F)c1[C@@H]1C[C@@H](O)C(=O)N1Cc1cccc(OC(F)(F)F)c1,GWJNOTALTCZYAC-LSDHHAIUSA-N,0,antagonist,1.0,6.82
CHEMBL3907843,Cc1ccc(-n2nccn2)c(C(=O)N2CCCOC2Cn2ccc(-c3ccc(F)cc3)n2)n1,BZZDKUXANMBARX-UHFFFAOYSA-N,0,antagonist,1.0,8.4
CHEMBL3907862,Cc1ccc(-n2nccn2)c(C(=O)N2[C@@H]3CC[C@H]2[C@H](COc2ccc(F)cn2)C3)c1,FNSBFXNNFNCHOW-WDYCEAGBSA-N,0,antagonist,1.0,7.5
CHEMBL3907876,COc1cnc(NCCn2cc(NC(=O)c3ncoc3-c3cccc(C)c3)cn2)nc1OC,QMQYHLFKHDGXGK-UHFFFAOYSA-N,0,antagonist,1.0,6.06
CHEMBL3908104,CCOc1ncccc1-c1nc([C@@H]2CCN2C(=O)c2ccc(C)cc2-n2nccn2)no1,INUGQCZFOVWYOH-KRWDZBQOSA-N,0,antagonist,1.0,8.0
CHEMBL3908200,COc1cccc(OCCO)c1C1CCCC(=O)N1Cc1ccc(OC(F)(F)F)cc1,CEXMINRQFFPUEL-UHFFFAOYSA-N,0,antagonist,1.0,7.07
CHEMBL3908236,CCOc1cccc(F)c1[C@@H]1C[C@H](Cl)C(=O)N1Cc1ccc(OC(F)(F)F)c(F)c1,PUSWJMUZMOHRFX-WFASDCNBSA-N,0,antagonist,1.0,7.52
CHEMBL3908623,COc1cccc(OC)c1C1CCCC(=O)N1Cc1ccc(-c2ccccc2)s1,GSZNHHZGYCSYMK-UHFFFAOYSA-N,0,antagonist,1.0,7.42
CHEMBL3908794,COc1ccc2[nH]cc(CCn3cc(NC(=O)c4ncsc4-c4cccc(Cl)c4)cn3)c2c1,NQOFQYUCAABBRN-UHFFFAOYSA-N,0,antagonist,1.0,7.7
CHEMBL3908974,Cc1cccc(-c2ocnc2C(=O)Nc2cn(CCNc3nc4ccccc4o3)cn2)c1,RWDGNVUFKHQHNL-UHFFFAOYSA-N,0,antagonist,1.0,5.56
CHEMBL3909038,O=C1CCC(c2ccccc2-c2ccccc2)N1Cc1csc(-c2ccccc2)n1,JIKLFQIVTQJSDI-UHFFFAOYSA-N,0,antagonist,1.0,5.86
CHEMBL3909062,Cc1nc(C(=O)N2CC[C@H]2c2nc(-c3cccc(Cl)c3C)no2)c(-c2ccccc2F)s1,INWSVKAUUZTWID-SFHVURJKSA-N,0,antagonist,1.0,6.66
CHEMBL3909122,Cc1cnc(OCCn2cc(NC(=O)c3ncoc3-c3cccc(C)c3)cn2)nc1,KCJGCAPNZAABEM-UHFFFAOYSA-N,0,antagonist,1.0,6.06
CHEMBL3909195,C[C@@H]1CN(C(=O)c2cc(Cl)ccc2-n2nccn2)[C@H](Cc2cccc(-c3ncccn3)c2)CO1,KKGJPPRCCVZKMV-DYESRHJHSA-N,0,antagonist,1.0,6.96
CHEMBL3909223,Cc1ccc(-n2nccn2)c(C(=O)N2C[C@@H](C)OC[C@H]2Cc2cc(-c3ncccn3)ccc2F)c1,AEIDDRZWBROWDG-WIYYLYMNSA-N,0,antagonist,1.0,6.77
CHEMBL3909224,C[C@@H]1CN(C(=O)c2ccc(Cl)cc2-n2nccn2)[C@H](Cc2cccc(-n3nccn3)c2)CO1,JTIZTURJDNZRRX-OXQOHEQNSA-N,0,antagonist,1.0,7.41
CHEMBL3909306,Cc1nc(C(F)(F)F)cnc1N[C@H]1CCC[C@@H]1NC(=O)c1cc(F)ccc1-c1ncccn1,MHCNAWFJJKYBLX-IRXDYDNUSA-N,0,antagonist,1.0,5.0
CHEMBL3909380,CC[C@@H]1CN(C(=O)c2ccccc2-n2nccn2)[C@H](Cc2cccc(-n3nccn3)c2)CO1,RRSNAFVMJVWFGD-NHCUHLMSSA-N,0,antagonist,1.0,6.31
CHEMBL3909403,CCc1nc(C(F)(F)F)cnc1N[C@H]1CCC[C@@H]1NC(=O)c1cc(F)ccc1-c1ncccn1,VNMUBFFMEFDEDV-ROUUACIJSA-N,0,antagonist,1.0,5.0
CHEMBL3909701,O=C(c1cc(Cl)ccc1-n1nccn1)N1CCOC[C@H]1Cc1cccc(-c2ncon2)c1,IBFHVKISQVPMHU-GOSISDBHSA-N,0,antagonist,1.0,6.61
CHEMBL3909762,O=C(c1ccccc1-c1ccccc1)N1CC[C@H]1c1nc(-c2ccccc2OC(F)(F)F)no1,WJAVKAMJLUFNGC-FQEVSTJZSA-N,0,antagonist,1.0,8.0
CHEMBL3909846,COc1cccc(OC)c1C1CC(C)C(=O)N1Cc1cccc(OC(F)(F)F)c1,SHLTXVFUCTYPIT-UHFFFAOYSA-N,0,antagonist,1.0,6.97
CHEMBL3909876,Cc1ccc(-n2nccn2)c(C(=O)N2[C@H](Cc3cccc(-n4nccn4)c3)COC[C@@H]2C)c1,ARAHFWCCUIXFBE-GHTZIAJQSA-N,0,antagonist,1.0,5.73
CHEMBL3909943,Cc1ccc(-c2ncccn2)c(C(=O)N2CCOC2Cn2ccc(-c3ccc(F)cc3)n2)c1,WUAUFTUXRDGKPT-UHFFFAOYSA-N,0,antagonist,1.0,7.0
CHEMBL3909963,COc1cccc(OC)c1C1CCC(=O)N1Cc1ccc(-c2ccccc2)cc1,HFGZXTROUQFRAR-UHFFFAOYSA-N,0,antagonist,1.0,6.74
CHEMBL3909986,COc1cccc(F)c1C1CC(C)C(=O)N1Cc1ccc2oc3ccccc3c2c1,NZJJLLAOHLKKIZ-UHFFFAOYSA-N,0,antagonist,1.0,8.22
CHEMBL3909991,COc1cc(Cl)cc(OC)c1C1CCCC(=O)N1Cc1ccc(OC(F)(F)F)cc1,CWXKSMGLQZAHTK-UHFFFAOYSA-N,0,antagonist,1.0,7.55
CHEMBL3910117,Cc1cc(C(=O)N2C[C@@H](C)OC[C@H]2Cc2cccc(-n3nccn3)c2)c(-n2nccn2)cc1C,QGLAATQFBFNUCL-DENIHFKCSA-N,0,antagonist,1.0,7.62
CHEMBL3910207,COc1cccc(OC)c1C1CCCCC(=O)N1Cc1ccc2oc3ccccc3c2c1,PLSLMYBUUIRIHB-UHFFFAOYSA-N,0,antagonist,1.0,8.52
CHEMBL3910216,O=C1[C@H](O)C[C@@H](c2c(F)cccc2OCCF)N1Cc1ccc(OC(F)(F)F)cc1,VEHNMCVGXNGLNC-JKSUJKDBSA-N,0,antagonist,1.0,7.24
CHEMBL3910238,Cc1ccc(-c2ncccn2)c(C(=O)N2CCOC2Cn2ccc(-c3ccc(F)cn3)n2)c1,MTRMGWUUXSFEBX-UHFFFAOYSA-N,0,antagonist,1.0,8.02
CHEMBL3910282,Cc1cccc(-c2ocnc2C(=O)Nc2cnn(CCSc3nc4ccccc4o3)c2)c1,SPTRGYRGSOXPLE-UHFFFAOYSA-N,0,antagonist,1.0,6.96
CHEMBL3910286,Cc1ccc(C(=O)N2C[C@@H](C)OC[C@H]2Cc2cc(-c3cccnn3)ccc2F)c(-n2nccn2)c1,OAHUTLZBMNCBFN-WIYYLYMNSA-N,0,antagonist,1.0,5.89
CHEMBL3910360,COc1ccc(C)cc1C(=O)N[C@H]1CCC[C@@H]1Nc1cnc(C(F)(F)F)cn1,IKPQXGHPCRQAIH-KBPBESRZSA-N,0,antagonist,1.0,5.0
CHEMBL3910447,C[C@@H]1CN(C(=O)c2ccc(Cl)cc2-n2nccn2)[C@H](Cc2cc(-n3nccn3)ccc2F)CO1,RYPOYEQLSNWXDC-DNVCBOLYSA-N,0,antagonist,1.0,7.24
CHEMBL3910736,Cc1cc(C(=O)N2CC[C@H]2c2nnc(-c3ccccc3OC(F)(F)F)[nH]2)c(-n2nccn2)cc1C,BAWCOWUDXWBFRL-KRWDZBQOSA-N,0,antagonist,1.0,8.05
CHEMBL3910747,C[C@]1(Nc2cnc(C(F)(F)F)cn2)CCC[C@@H]1NC(=O)c1ncccc1-c1ncccn1,AJQQNAKJDAXLKA-XOBRGWDASA-N,0,antagonist,1.0,5.0
CHEMBL3910868,COc1ccnc(OC)c1C1CCCC(=O)N1Cc1cccc(-c2ccccn2)c1,GRLYJPKNGJXFNF-UHFFFAOYSA-N,0,antagonist,1.0,7.02
CHEMBL3910889,O=C(c1ccc(Cl)cc1-n1nccn1)N1CCOC[C@H]1Cc1cccc(-c2ncon2)c1,IUBQIPSNLRGHJH-GOSISDBHSA-N,0,antagonist,1.0,5.58
CHEMBL3910919,COc1cccc(OC)c1C1CCCC(=O)N1Cc1ccc(S(C)(=O)=O)cc1,ZNWQHHVGPGSJGA-UHFFFAOYSA-N,0,antagonist,1.0,5.77
CHEMBL3910923,Cc1cccc(-c2ocnc2C(=O)Nc2cnn(CCNc3ccc(F)cn3)c2)c1,YMMSTTHPDZCIHJ-UHFFFAOYSA-N,0,antagonist,1.0,6.33
CHEMBL3910932,Cc1ccc(-n2cccn2)cc1C[C@@H]1COCCN1C(=O)c1cccc(C)c1-n1nccn1,LZJVNRGGFLKPHX-JOCHJYFZSA-N,0,antagonist,1.0,5.42
CHEMBL3911067,COc1cccc(OC)c1C1CC(C)C(=O)N1Cc1ccc(SC(F)(F)F)cc1,ZCIRZAQBEQZWEG-UHFFFAOYSA-N,0,antagonist,1.0,6.37
CHEMBL3911137,COc1cccc(OC)c1C1CC(C)C(=O)N1Cc1cc(OC(F)F)ccn1,QROPEMRMDALXMR-UHFFFAOYSA-N,0,antagonist,1.0,5.9
CHEMBL3911191,C[C@]1(Nc2cnc(C(F)(F)F)cn2)CCC[C@@H]1NC(=O)c1ncccc1C1CC1,XYOIOWOSNBCAPE-LIRRHRJNSA-N,0,antagonist,1.0,5.0
CHEMBL3911399,Cc1ccc(-n2ccnn2)c(C(=O)N[C@H]2CCC[C@@H]2Nc2cnc(C(F)(F)F)cn2)c1,LIZYGWKOAALUNU-GJZGRUSLSA-N,0,antagonist,1.0,5.0
CHEMBL3911441,O=C(c1cc(Cl)ccc1-n1nccn1)N1CC[C@H]1c1nc(-c2ccccc2OC(F)(F)F)no1,XMZZFGIXZKGXJC-INIZCTEOSA-N,0,antagonist,1.0,7.33
CHEMBL3911666,CCOc1cccc(F)c1C1CC(C)C(=O)N1Cc1ccc(OC(F)F)cc1,GBDLXRCWLRAXEF-UHFFFAOYSA-N,0,antagonist,1.0,7.19
CHEMBL3911828,COc1cccc(OC)c1C1CCCCC(=O)N1Cc1cccc(-c2cncs2)c1,NPPBRYYJKAJECL-UHFFFAOYSA-N,0,antagonist,1.0,7.47
CHEMBL3911945,COc1c(Cl)cccc1-c1nc([C@@H]2CCN2C(=O)c2cc(Cl)c(C)cc2-n2nccn2)no1,BDRONGXINZAOHD-KRWDZBQOSA-N,0,antagonist,1.0,9.0
CHEMBL3912041,CCOc1ccc(F)c(F)c1[C@@H]1C[C@@H](Cl)C(=O)N1Cc1ccc(OC(F)(F)F)cc1,XMJOXAWFAYHGOA-HIFRSBDPSA-N,0,antagonist,1.0,6.67
CHEMBL3912173,COc1cccc(OC)c1C1CC(C)C(=O)N1Cc1cccc(-c2ccccn2)c1,CVXVRZJHVRQGII-UHFFFAOYSA-N,0,antagonist,1.0,7.14
CHEMBL3912213,COc1cccc(OC)c1C1CCCC(=O)N1Cc1ccnc(-c2ccccn2)c1,CNKQUIXONISKEO-UHFFFAOYSA-N,0,antagonist,1.0,6.92
CHEMBL3912238,Cc1cccc(-c2ocnc2C(=O)Nc2cnn(CCOc3ccc(F)cc3)c2)c1,NNRMTPTYWMKENE-UHFFFAOYSA-N,0,antagonist,1.0,6.01
CHEMBL3912268,O=C(N[C@H]1CCC[C@@H]1Nc1cnc(C(F)(F)F)cn1)c1ccccc1-c1ncccn1,HSJPCHKBCLHLIO-HOTGVXAUSA-N,0,antagonist,1.0,5.0
CHEMBL3912271,Cc1cccc(-c2ocnc2C(=O)Nc2cnn(CCCN3CCc4ccccc43)c2)c1,UNZYNISVSXFKNI-UHFFFAOYSA-N,0,antagonist,1.0,6.3
CHEMBL3912376,COc1ccc(C[C@@H]2COCCN2C(=O)c2ccccc2-n2nccn2)cc1-c1nccs1,CMSWWEXLVMHQNL-GOSISDBHSA-N,0,antagonist,1.0,6.47
CHEMBL3912383,O=C(N[C@H]1CCC[C@@H]1Nc1cnc(C(F)(F)F)cn1)c1c(F)cccc1-n1nccn1,VQVAQBNKAOTWSZ-STQMWFEESA-N,0,antagonist,1.0,5.0
CHEMBL3912462,COc1cccc(OC)c1C1CCCC(=O)N1Cc1cccc(-c2ccccn2)c1F,AGDHLORZIGVLKC-UHFFFAOYSA-N,0,antagonist,1.0,7.19
CHEMBL3912470,O=C(c1ccccc1-n1nccn1)N1CCOC1Cn1ccc(-c2ccc(F)cn2)n1,RJEDZMXVJSJGGM-UHFFFAOYSA-N,0,antagonist,1.0,6.6
CHEMBL3912551,O=C(c1ncsc1-c1cccc(Cl)c1)N1CC[C@H]1c1nc(-c2ccccc2OC(F)(F)F)no1,XWHOAHVNFQDOOW-HNNXBMFYSA-N,0,antagonist,1.0,6.45
CHEMBL3912674,O=C(c1ccc(Cl)cc1-n1nccn1)N1CCOC[C@H]1Cc1cc(-n2nccn2)ccc1F,IARRCNRCFRHKHB-GOSISDBHSA-N,0,antagonist,1.0,6.72
CHEMBL3912836,CC1(Nc2ncc(C(F)(F)F)cc2F)CCCC1NC(=O)c1ncccc1-n1nccn1,HAZMOELOWBXLFD-UHFFFAOYSA-N,0,antagonist,1.0,5.1
CHEMBL3913002,COc1cccc(OC)c1C1CCC(=O)N1Cc1cccc(-c2nccs2)c1,WGNLFQZODGJQMF-UHFFFAOYSA-N,0,antagonist,1.0,7.05
CHEMBL3913072,CCOc1cccc(F)c1[C@@H]1C[C@H](Cl)C(=O)N1Cc1ccc(OC(F)(F)F)cc1,ULJHBXNGCFDOPA-HOCLYGCPSA-N,0,antagonist,1.0,7.82
CHEMBL3913204,COc1cccc(OC)c1C1CCCC(=O)N1Cc1ccccc1Oc1ccccc1,IVRJUTHGGRGNOW-UHFFFAOYSA-N,0,antagonist,1.0,7.3
CHEMBL3913231,O=C(N[C@H]1CCC[C@@H]1Nc1cnc(C(F)(F)F)cn1)c1cc(Cl)ccc1-n1ccnn1,VQQDJBCEKKVHLU-KBPBESRZSA-N,0,antagonist,1.0,5.0
CHEMBL3913300,COc1cccc(OC)c1C1CCCC(=O)N1Cc1cccc(N2CCCC2)c1,JFFARQXXOPREQP-UHFFFAOYSA-N,0,antagonist,1.0,7.51
CHEMBL3913315,O=C(N[C@H]1CCC[C@@H]1Nc1ccc(OC(F)(F)F)cn1)c1ccccc1-n1nccn1,ONJHLUPSZGESDL-HOTGVXAUSA-N,0,antagonist,1.0,5.0
CHEMBL3913461,COc1cncc(OC)c1C1CCCC(=O)N1Cc1csc(-c2ccccc2)n1,YQAXQNBPZCOXOX-UHFFFAOYSA-N,0,antagonist,1.0,6.61
CHEMBL3913644,COc1ccc(-n2nccn2)c(C(=O)N2CCOC[C@H]2Cc2cccc(-c3ncccn3)c2)c1,GEVLHZAYQOXANJ-HXUWFJFHSA-N,0,antagonist,1.0,6.03
CHEMBL3913869,Cc1cc(C(=O)N2CCOC[C@H]2Cc2cccc(-n3nccn3)c2)c(-n2nccn2)cc1C,WWEKFLWFASRPJA-OAQYLSRUSA-N,0,antagonist,1.0,7.6
CHEMBL3913912,COc1cccc(F)c1[C@@H]1C[C@@H](Cl)C(=O)N1Cc1ccc2oc3ccccc3c2c1,BREHUYDHWPJHJZ-MJGOQNOKSA-N,0,antagonist,1.0,7.54
CHEMBL3913938,COc1ccc2c(c1)c(CCn1cc(NC(=O)c3ncoc3-c3cccc(C)c3)cn1)cn2C,FGAHUEWCKNIRNB-UHFFFAOYSA-N,0,antagonist,1.0,7.58
CHEMBL3914015,O=C(N[C@H]1CCC[C@@H]1Nc1ncc(C(F)(F)F)cc1Cl)c1ccccc1-n1nccn1,YOCILJTZJFAEHQ-HOTGVXAUSA-N,0,antagonist,1.0,5.0
CHEMBL3914144,O=C(c1cc(F)ccc1-n1nccn1)N1CCOC[C@H]1Cc1cccc(-c2ncon2)c1,TVALGRAHOLPKKR-GOSISDBHSA-N,0,antagonist,1.0,6.05
CHEMBL3914248,COc1cncc(OC)c1C1CCCCC(=O)N1Cc1cccc(-c2csc(C)n2)c1,IOJXZWGQMBAHIF-UHFFFAOYSA-N,0,antagonist,1.0,7.19
CHEMBL3914317,Cc1ccc(-n2nccn2)c(C(=O)N2CCOC[C@@]2(C)Cc2cccc(-n3nccn3)c2)c1,AOBDPAOQKBBOMZ-XMMPIXPASA-N,0,antagonist,1.0,5.82
CHEMBL3914331,COc1ccnc(NCCn2cc(NC(=O)c3ncoc3-c3cccc(C)c3)cn2)n1,GAYDIFHKLIWRRL-UHFFFAOYSA-N,0,antagonist,1.0,7.11
CHEMBL3914646,COc1ncnc2c1ncn2CCn1cc(NC(=O)c2ncoc2-c2cccc(C)c2)cn1,JTIUQRZSRAYJBH-UHFFFAOYSA-N,0,antagonist,1.0,5.97
CHEMBL3914811,COc1cc(OC)nc(NCCn2cc(NC(=O)c3ncoc3-c3ccccc3)cn2)n1,WRDUSFCTCBGJKT-UHFFFAOYSA-N,0,antagonist,1.0,6.93
CHEMBL3914823,O=C1CCCC(c2c(Cl)cccc2Cl)N1Cc1ccc(OC(F)(F)F)cc1,HTPVNCQWSJTLML-UHFFFAOYSA-N,0,antagonist,1.0,6.34
CHEMBL3914896,C[C@@H]1CN(C(=O)c2ccccc2-n2nccn2)[C@H](Cc2cc(-n3nccn3)ccc2F)CO1,SNOAPCQTEZAFRK-VQIMIIECSA-N,0,antagonist,1.0,6.05
CHEMBL3915110,COc1cccc(OC)c1C1CCCC(=O)N1Cc1ccc(-n2cccn2)cc1,YLPBLVFJKJTIJN-UHFFFAOYSA-N,0,antagonist,1.0,6.34
CHEMBL3915167,COc1cccc(OC)c1C1CCCC(=O)N1Cc1cccc2ccccc12,MYZDFRITYCIZOC-UHFFFAOYSA-N,0,antagonist,1.0,7.64
CHEMBL3915192,Cc1nc(C(=O)N2CC[C@H]2c2nc(-c3cccc(Cl)c3C)no2)c(-c2ccccc2C)s1,INETVLNRXBOSKR-IBGZPJMESA-N,0,antagonist,1.0,6.35
CHEMBL3915231,Cc1cc(C)c(-n2nccn2)c(C(=O)N2CCOC[C@H]2Cc2cccc(-n3nccn3)c2)c1,PYRHLDRQRCTVES-OAQYLSRUSA-N,0,antagonist,1.0,6.26
CHEMBL3915380,Cc1cc(-n2nccn2)c(C(=O)N2CC[C@H]2c2nnc(-c3ccccc3OC(F)(F)F)[nH]2)cc1Cl,QTOBFNXXJGXRBN-INIZCTEOSA-N,0,antagonist,1.0,8.3
CHEMBL3915416,Cc1ccc(C(=O)N2C[C@@H](C)OC[C@H]2Cc2cccc(-n3nccn3)c2)c(-n2nccn2)c1,XDAZJJGYLDZHNW-WIYYLYMNSA-N,0,antagonist,1.0,6.74
CHEMBL3915484,Cc1nc(-c2cccc(CN3C(=O)CCCC3c3cccc4c3OCCO4)c2)cs1,CCTLUOQMQMZQPD-UHFFFAOYSA-N,0,antagonist,1.0,6.64
CHEMBL3915643,COc1ccc(-c2ocnc2C(=O)Nc2cnn(CCc3c[nH]c4ccc(OC)cc34)c2)cc1,SDRHSQUSJLGBLJ-UHFFFAOYSA-N,0,antagonist,1.0,7.46
CHEMBL3915860,C[C@]1(Nc2cnc(C(F)(F)F)cn2)CCC[C@@H]1NC(=O)c1ccccc1-c1ncccn1,WZNUKPZCVKITNK-KKSFZXQISA-N,0,antagonist,1.0,5.0
CHEMBL3915925,COc1ccc2[nH]cc(CCn3cc(NC(=O)c4ncoc4-c4ccccc4F)cn3)c2c1,IHMCGUALJBZONR-UHFFFAOYSA-N,0,antagonist,1.0,8.23
CHEMBL3915969,Cc1nc(C(=O)N2CC[C@H]2c2nc(-c3ccccc3OC(F)(F)F)no2)c(-c2ccccc2)s1,PXTRDUIXBONJAT-INIZCTEOSA-N,0,antagonist,1.0,7.39
CHEMBL3915976,O=C1[C@H](O)C[C@@H](c2cccc3c2OCCO3)N1Cc1ccc(OC(F)(F)F)cc1,XDKRISIFYVDHAI-JKSUJKDBSA-N,0,antagonist,1.0,5.3
CHEMBL3916290,COc1ccc(C(=O)N2CCOC[C@H]2Cc2cc(-n3nccn3)ccc2F)c(-n2nccn2)c1,BUUBXHARNCJISZ-GOSISDBHSA-N,0,antagonist,1.0,5.92
CHEMBL3916349,Cc1ccc(-c2ccccc2)c(C(=O)N2CC[C@H]2c2nnc(-c3ccccc3OC(F)(F)F)[nH]2)c1,CPFLJHAIJBNXIU-NRFANRHFSA-N,0,antagonist,1.0,7.41
CHEMBL3916366,COc1cncc(OC)c1C1CCCC(=O)N1Cc1cccc(-n2cccn2)n1,SRICRIMAFDRKIO-UHFFFAOYSA-N,0,antagonist,1.0,5.43
CHEMBL3916581,COc1cncc(OC)c1C1CCCCC(=O)N1Cc1csc(-c2ccccc2)n1,DYUYOWXBEMWBEC-UHFFFAOYSA-N,0,antagonist,1.0,6.74
CHEMBL3916592,COc1ccc2ccccc2c1[C@@H]1C[C@@H](O)C(=O)N1Cc1ccc(OC(F)(F)F)cc1,OJYKGPARJOJVHO-RBUKOAKNSA-N,0,antagonist,1.0,6.08
CHEMBL3916665,O=C(c1cccc(Cl)c1-n1nccn1)N1CCOC[C@H]1Cc1cccc(-n2nccn2)c1,IGNKAYVYFKMOBL-GOSISDBHSA-N,0,antagonist,1.0,6.36
CHEMBL3916741,COc1ccc2c(c1)CCN2CCCn1cc(NC(=O)c2ncoc2-c2cccc(C)c2)cn1,LQTUGNLZXFGSPB-UHFFFAOYSA-N,0,antagonist,1.0,5.74
CHEMBL3916785,COc1ccc2ccn(CCCn3cc(NC(=O)c4ncoc4-c4cccc(C)c4)cn3)c2c1,DICIKTWZAQMHFE-UHFFFAOYSA-N,0,antagonist,1.0,7.33
CHEMBL3916806,CCOc1cccc(F)c1[C@@H]1C[C@@H](O)C(=O)N1Cc1ccc(OC(F)(F)F)c(F)c1,YCJCNDBGCDAOFO-LSDHHAIUSA-N,0,antagonist,1.0,7.28
CHEMBL3916868,COc1cc(C(=O)N2CC[C@H]2c2nc(-c3ccccc3OC(F)(F)F)no2)c(-n2nccn2)cc1Cl,NFWMNFOBAJJBIB-HNNXBMFYSA-N,0,antagonist,1.0,7.92
CHEMBL3916921,Cc1ccc(-n2nccn2)c(C(=O)N[C@H]2CCC[C@@H]2Nc2cnc(Cl)cn2)c1,ZCFBDTIFPRLITE-GJZGRUSLSA-N,0,antagonist,1.0,5.0
CHEMBL3916956,Cc1cc(C(=O)N2CC[C@H]2c2nc(-c3ccccc3OC(F)(F)F)no2)c(-n2nccn2)cc1C,MAGHQKODSAVJCO-KRWDZBQOSA-N,0,antagonist,1.0,8.3
CHEMBL3916968,COc1cccc(OC)c1C1CC(C)C(=O)N1Cc1ccc(OC(C)C)cc1,ZCBXXKYMDHNWFI-UHFFFAOYSA-N,0,antagonist,1.0,6.43
CHEMBL3917154,COc1ccc(-c2ocnc2C(=O)Nc2cnn(CCn3ccc4cc(OC)c(OC)cc43)c2)cc1,HSZGBSRLVWCOED-UHFFFAOYSA-N,0,antagonist,1.0,6.63
CHEMBL3917173,COc1ccc2c(c1C1CCCC(=O)N1Cc1ccc(OC(F)(F)F)cc1)OCO2,PMZLCLZIRUBMCX-UHFFFAOYSA-N,0,antagonist,1.0,7.64
CHEMBL3917258,COc1cccc(OC(C)C)c1C1CCCC(=O)N1Cc1ccc(OC(F)(F)F)cc1,BQJGXKNFCKZUTE-UHFFFAOYSA-N,0,antagonist,1.0,7.07
CHEMBL3917353,COc1cccc(OC)c1C1CCCC(=O)N1Cc1ccc2oc(C)nc2c1,AMFCTFSJHGDBQF-UHFFFAOYSA-N,0,antagonist,1.0,6.65
CHEMBL3917373,COc1c(Cl)cccc1-c1nc([C@@H]2CCN2C(=O)c2cc(C)c(C)cc2-n2nccn2)no1,KRHUCICAAYFNCG-SFHVURJKSA-N,0,antagonist,1.0,9.0
CHEMBL3917412,COc1cc(C(=O)N2CCOC[C@H]2Cc2cccc(-n3nccn3)c2)c(-n2nccn2)cc1OC,HJRBUDPCLJIXSQ-LJQANCHMSA-N,0,antagonist,1.0,5.91
CHEMBL3917431,COc1ccccc1-c1noc([C@@H]2CCN2C(=O)c2cc(C)ccc2-n2nccn2)n1,SARRGDZBWKLYAF-SFHVURJKSA-N,0,antagonist,1.0,7.42
CHEMBL3917482,CC(C)Oc1cccc(F)c1C1CC(C)C(=O)N1Cc1ccc(OC(F)(F)F)cc1,XCCWPLUBMXFEAH-UHFFFAOYSA-N,0,antagonist,1.0,7.17
CHEMBL3917550,Cc1ccc(-n2nccn2)c(C(=O)N2CCC[C@H]2Cc2cccc(-n3nccn3)c2)c1,PQIZGRDRKSOBSA-IBGZPJMESA-N,0,antagonist,1.0,8.125
CHEMBL3917566,COc1cccc(OC)c1C1CC(C)C(=O)N1Cc1ccc(OC(F)F)c(Cl)c1,GFQGXIOHOSSFLL-UHFFFAOYSA-N,0,antagonist,1.0,6.81
CHEMBL3917613,COc1cccc(OC)c1C1CC(C)C(=O)N1Cc1cccc(-c2ncccn2)c1,FXOWSSZWOAIRHF-UHFFFAOYSA-N,0,antagonist,1.0,7.4
CHEMBL3917615,COc1cccc(OC)c1C1CC(C)C(=O)N1Cc1ccc2nc(C)sc2c1,IIJCZPFNFWZKOO-UHFFFAOYSA-N,0,antagonist,1.0,6.15
CHEMBL3917655,COCCOc1cccc(OC)c1C1CCCC(=O)N1Cc1ccc(OC(F)(F)F)cc1,SMUPTAMEIMCAOH-UHFFFAOYSA-N,0,antagonist,1.0,6.18
CHEMBL3917673,Cc1cccc(-c2ocnc2C(=O)Nc2cnn(CCOc3cccc(F)c3)c2)c1,DSXDLHOBZOZXGY-UHFFFAOYSA-N,0,antagonist,1.0,6.03
CHEMBL3917812,CCOc1ccc(C)nc1C(=O)N[C@H]1CCC[C@@H]1Nc1cnc(C(F)(F)F)cn1,QBYFBRDXXSWPGL-STQMWFEESA-N,0,antagonist,1.0,5.0
CHEMBL3917893,COc1cccc(OC)c1C1CCCC(=O)N1Cc1cccc(-c2nccs2)n1,HOHUOHPDNVNIFD-UHFFFAOYSA-N,0,antagonist,1.0,6.83
CHEMBL3918050,COc1cccc(OC)c1C1CCCC(=O)N1Cc1cc(-c2ccccc2)ccn1,ZKGNZWCAJMKJBM-UHFFFAOYSA-N,0,antagonist,1.0,6.88
CHEMBL3918055,Cc1cccc(-c2ocnc2C(=O)Nc2cnn(CCNc3ncc(Br)cn3)c2)c1,CUQPSMZXABAHHJ-UHFFFAOYSA-N,0,antagonist,1.0,5.94
CHEMBL3918063,COc1cc(OC)nc(NCCn2cc(NC(=O)c3ncoc3-c3cccc(N4CCOCC4)c3)cn2)n1,JYEGNTBUZAVWIB-UHFFFAOYSA-N,0,antagonist,1.0,6.87
CHEMBL3918089,Cc1cccc(-n2nccn2)c1C(=O)N1CC[C@H]1c1nc(-c2cccc(Cl)c2C)no1,HFZWPMFHMJGUPH-SFHVURJKSA-N,0,antagonist,1.0,7.16
CHEMBL3918397,Cc1ccc(-c2ncccn2)c(C(=O)N2CCCOC2Cc2noc(-c3ccc(F)cn3)n2)c1,BYPULLWKKXVXTF-UHFFFAOYSA-N,0,antagonist,1.0,7.23
CHEMBL3918463,COc1cccc(OC)c1C1CC(C)C(=O)N1Cc1cccc(-c2ccccc2)c1,FWSUADRGLVSKNN-UHFFFAOYSA-N,0,antagonist,1.0,7.16
CHEMBL3918712,O=C(c1cc(F)ccc1-n1nccn1)N1CCCOC1Cn1ccc(-c2ccc(F)cn2)n1,SEIYMHWXOQHIRD-UHFFFAOYSA-N,0,antagonist,1.0,8.52
CHEMBL3918728,COc1cc(C)cc(OC)c1C1CCCC(=O)N1Cc1ccc(OC(F)(F)F)cc1,OSHTYZKMLISKPH-UHFFFAOYSA-N,0,antagonist,1.0,6.97
CHEMBL3918788,O=C(c1cc(F)ccc1-c1ncccn1)N1CCOC1Cn1cc(-c2ccc(F)cc2)cn1,HZPHNFDZCIDMJU-UHFFFAOYSA-N,0,antagonist,1.0,6.97
CHEMBL3918910,COc1cccc(F)c1C1CC(C)C(=O)N1Cc1cccc(-c2ncc(C)s2)c1,TZBWABYKEXBHRA-UHFFFAOYSA-N,0,antagonist,1.0,7.96
CHEMBL3919098,Cc1ccc(-n2nccn2)c(C(=O)N2CC[C@H]2c2nnc(-c3ccccc3)[nH]2)c1,VSIULDOHFRZASL-SFHVURJKSA-N,0,antagonist,1.0,6.35
CHEMBL3919120,COc1cccc(OC)c1C1CCCCC(=O)N1Cc1cccc(N2CCCCC2)c1,MRBGNGHITHZAPY-UHFFFAOYSA-N,0,antagonist,1.0,7.24
CHEMBL3919179,CCOc1cccc(Cl)c1[C@@H]1C[C@H](F)C(=O)N1Cc1ccc(OC(F)(F)F)cc1,AIMZGLHDJDQGPJ-HOTGVXAUSA-N,0,antagonist,1.0,7.51
CHEMBL3919273,COc1ccc(C[C@@H]2COCCN2C(=O)c2ccccc2-n2nccn2)cc1-c1ncccn1,OREIPZHDUFKPTP-LJQANCHMSA-N,0,antagonist,1.0,5.53
CHEMBL3919536,Cc1ccc(-n2nccn2)c(C(=O)N2[C@@H]3CC[C@H]2[C@H](COc2ccccn2)C3)n1,SPNVMISESJDLQJ-BBWFWOEESA-N,0,antagonist,1.0,6.37
CHEMBL3919723,Cc1ccc(-n2nccn2)c(C(=O)N2CCOC2Cn2cc(-c3ccc(F)cn3)cn2)c1,QUYOMENBDKOHHU-UHFFFAOYSA-N,0,antagonist,1.0,7.73
CHEMBL3919870,Cc1cccc(-c2ocnc2C(=O)Nc2cnn(CCc3ccccc3)c2)c1,TZTIOVGIXVZPRW-UHFFFAOYSA-N,0,antagonist,1.0,5.859999999999999
CHEMBL3919889,COc1cccc(OC)c1C1CC(C)C(=O)N1Cc1ccc(OC(F)(F)C(F)F)cc1,YOWNAFUESZWZDA-UHFFFAOYSA-N,0,antagonist,1.0,6.91
CHEMBL3919895,COc1cccc(OC)c1C1CC(C)C(=O)N1Cc1ccnc(-n2cccn2)c1,DKOWJSXOHAAFJN-UHFFFAOYSA-N,0,antagonist,1.0,6.69
CHEMBL3919981,O=C(N[C@H]1CCC[C@@H]1Nc1ccc(C(F)(F)F)cn1)c1c(F)cccc1F,HFISIASDLKWICX-KBPBESRZSA-N,0,antagonist,1.0,5.0
CHEMBL3920046,COc1cccc(OC)c1C1CCC(=O)N1Cc1cccc2ccccc12,ONKKMUJQKJZJPD-UHFFFAOYSA-N,0,antagonist,1.0,6.54
CHEMBL3920093,Cc1ccc(-n2nccn2)c(C(=O)N2CC(C)COC2Cn2cc(-c3ccc(F)cn3)cn2)c1,MPEBTPDHFLWMMX-UHFFFAOYSA-N,0,antagonist,1.0,8.48
CHEMBL3920218,COc1cc(C(=O)N2CC[C@H]2c2nc(-c3cccc(F)c3OC)no2)c(-n2nccn2)cc1C,HQHRHVVXQYRDCR-KRWDZBQOSA-N,0,antagonist,1.0,8.05
CHEMBL3920320,COc1ccc(C[C@@H]2COCCN2C(=O)c2ccccc2-n2nccn2)cc1-c1cccnc1,OLMUIMIZDWOYII-OAQYLSRUSA-N,0,antagonist,1.0,5.73
CHEMBL3920334,O=C(N[C@H]1CCC[C@@H]1Nc1cnc(C(F)(F)F)cn1)c1c(Cl)cccc1-n1nccn1,BCYYFOGZYGZCHV-STQMWFEESA-N,0,antagonist,1.0,5.0
CHEMBL3920348,COc1cccc(F)c1[C@@H]1C[C@H](O)C(=O)N1Cc1ccc(OC(F)(F)F)cc1,PEDJGJKNUSLQMJ-GJZGRUSLSA-N,0,antagonist,1.0,5.96
CHEMBL3920478,COc1cccc(OC)c1C1CCCC(=O)N1Cc1ccc(F)cc1,SFOMOYPGSZRQKX-UHFFFAOYSA-N,0,antagonist,1.0,6.64
CHEMBL3920668,COc1cccc(OC)c1C1CCCC(=O)N1Cc1cccc(N2CCCCC2)c1,FSJIJHVMTMAXFG-UHFFFAOYSA-N,0,antagonist,1.0,7.34
CHEMBL3920867,Cc1c(Cl)cccc1-c1noc([C@@H]2CCN2C(=O)c2ccccc2-c2ccccc2)n1,UURIGNWNCNVBPD-QFIPXVFZSA-N,0,antagonist,1.0,7.7
CHEMBL3920976,COc1ncnc(OC)c1C1CCCC(=O)N1Cc1cccc(-c2ccccc2)c1,CFMRJFPIIUTGPS-UHFFFAOYSA-N,0,antagonist,1.0,6.38
CHEMBL3921151,Cc1ccc(-n2nccn2)c(C(=O)N2[C@H](Cn3cc(-c4ccc(F)cn4)cn3)OCC[C@@H]2C)c1,CILZHXDOAWGUSS-SBUREZEXSA-N,0,antagonist,1.0,7.33
CHEMBL3921296,Cc1ccc(-n2nccn2)c(C(=O)N2CCOC[C@H]2Cc2cccc(-n3cccn3)c2)c1F,KTJOHPLNNYAVJM-HXUWFJFHSA-N,0,antagonist,1.0,5.78
CHEMBL3921425,COc1ccc2c(c1C1CCCC(=O)N1Cc1cccc(-c3ncc(C)s3)c1)OCCO2,RTMNZHDFLIRHSP-UHFFFAOYSA-N,0,antagonist,1.0,8.1
CHEMBL3921650,COc1cccc(F)c1C1CC(C)C(=O)N1Cc1ccnc(-n2cccn2)c1,MFUQIIAVYXNQPL-UHFFFAOYSA-N,0,antagonist,1.0,7.06
CHEMBL3921658,Cc1ccc(-n2nccn2)c(C(=O)N2C[C@@H](C)OC[C@H]2Cc2cc(-n3nccn3)ccc2F)c1,IEJDUPAJXHWTNS-YLJYHZDGSA-N,0,antagonist,1.0,6.84
CHEMBL3921814,O=C(N[C@H]1CCC[C@@H]1Nc1ccc(C(F)(F)F)cn1)c1cc(Cl)ccc1-n1nccn1,OKKVUPBBNRBYFO-HOTGVXAUSA-N,0,antagonist,1.0,5.0
CHEMBL3921925,COc1cccc(F)c1[C@@H]1C[C@H](Cl)C(=O)N1Cc1ccc(OC(F)(F)F)cc1,NXXKGTAACDQFCQ-ZFWWWQNUSA-N,0,antagonist,1.0,7.02
CHEMBL3922074,CCOc1cc(F)ccc1[C@@H]1C[C@@H](Cl)C(=O)N1Cc1ccc(OC(F)(F)F)cc1,WPRNLJFGMLMCDU-SJORKVTESA-N,0,antagonist,1.0,5.79
CHEMBL3922313,CC(C)c1cnc(N[C@H]2CCC[C@@H]2NC(=O)c2ccccc2-n2nccn2)cn1,JMIWZAWCWVRGMD-IRXDYDNUSA-N,0,antagonist,1.0,5.0
CHEMBL3922326,COc1ccc2[nH]cc(CCn3cc(NC(=O)c4ncoc4-c4cccc(C)c4)cn3)c2n1,OWUGHOGLSOEBHT-UHFFFAOYSA-N,0,antagonist,1.0,7.92
CHEMBL3922489,COc1ccc2[nH]cc(CCn3cc(NC(=O)c4ncoc4-c4cccc(Cl)c4)cn3)c2c1,NOHXLLCGOBOPMK-UHFFFAOYSA-N,0,antagonist,1.0,8.7
CHEMBL3922611,Cc1ccc(-n2nccn2)c(C(=O)N2CCOC[C@H]2Cc2cccc(-c3ncccn3)c2)c1,JHOLYWCJSQKKLV-OAQYLSRUSA-N,0,antagonist,1.0,6.4
CHEMBL3922620,COc1cc2ccn(CCn3cc(NC(=O)c4ncoc4-c4cccc(F)c4)cn3)c2cc1OC,RDLDMIMSQRGONA-UHFFFAOYSA-N,0,antagonist,1.0,6.84
CHEMBL3922632,COc1ccc(C[C@@H]2COCCN2C(=O)c2ccccc2-n2nccn2)cc1-c1cnccn1,CZERAVZVKNLXOP-LJQANCHMSA-N,0,antagonist,1.0,5.71
CHEMBL3922634,O=C1CCCCC(c2ccccc2-c2cncs2)N1Cc1cccc(-c2nccs2)c1,QRTLBJRBBBUVHW-UHFFFAOYSA-N,0,antagonist,1.0,7.72
CHEMBL3922646,O=C(c1ncsc1-c1ccccc1)N1CC[C@H]1c1nc(-c2ccccc2OC(F)(F)F)no1,ALXCWDVFYSQRAO-HNNXBMFYSA-N,0,antagonist,1.0,6.58
CHEMBL3922678,Cc1ccc(C(=O)N2CCO[C@@H](C)[C@H]2Cc2cccc(-n3nccn3)c2)c(-n2nccn2)c1,WOQOCTXBEIMJQF-PGRDOPGGSA-N,0,antagonist,1.0,5.735
CHEMBL3922695,Cc1cccc(C(=O)N2CCOC[C@H]2Cc2cc(-c3ncon3)ccc2F)c1-n1nccn1,OQWDRLJUBNCFEY-GOSISDBHSA-N,0,antagonist,1.0,6.05
CHEMBL3922707,C[C@@H]1CN(C(=O)c2ccccc2-n2nccn2)[C@H](Cc2cccc(-c3ncccn3)c2)CO1,GTTJINSRAWFIHD-WIYYLYMNSA-N,0,antagonist,1.0,6.07
CHEMBL3922730,Cc1cccc(-c2ocnc2C(=O)Nc2c(C)nn(CCn3cnc4ccccc43)c2C)c1,FRRLITKJFKQTQJ-UHFFFAOYSA-N,0,antagonist,1.0,6.34
CHEMBL3923037,O=C(c1cc(OC(F)(F)F)ccc1-n1nccn1)N1CC[C@H]1c1nc(-c2ccccc2OC(F)(F)F)no1,GDGWPPPLGKEEBS-INIZCTEOSA-N,0,antagonist,1.0,6.14
CHEMBL3923331,COc1cccc(OC)c1C1CCC(=O)N1Cc1ccc(F)cc1,IIXDBWWKCZDDKW-UHFFFAOYSA-N,0,antagonist,1.0,5.88
CHEMBL3923356,Cc1ccc(-n2nccn2)c(C(=O)N2CCOC[C@H]2Cc2cc(-n3cccn3)ccc2C)c1,WOWXUSLEOFOYDZ-JOCHJYFZSA-N,0,antagonist,1.0,5.67
CHEMBL3923424,COc1cccc(OC)c1C1CC(C)C(=O)N1Cc1ccc(OCC(F)(F)F)cc1,IPMCRSFCBZAIFI-UHFFFAOYSA-N,0,antagonist,1.0,6.49
CHEMBL3923506,CC1(Nc2ccc(C(F)(F)F)cn2)CCCC1NC(=O)c1ncccc1-c1ncccn1,IMHKGWNNBCVUBB-UHFFFAOYSA-N,0,antagonist,1.0,5.0
CHEMBL3923606,COc1cccc(F)c1C1CC(C)C(=O)N1Cc1ccnc(-c2nc(C)cs2)c1,XJIWMKOGXNSCLB-UHFFFAOYSA-N,0,antagonist,1.0,8.1
CHEMBL3923638,Cc1ccc(C(=O)N2CC[C@H]2c2nc(-c3cccc(F)c3C)no2)c(-n2nccn2)c1,FXCHFTLQCHKYDZ-SFHVURJKSA-N,0,antagonist,1.0,7.64
CHEMBL3923722,Cc1ccc(-n2nccn2)c(C(=O)N2CC[C@H]2c2nc(-c3cccnc3OC3CCC3)no2)c1,FUICJUNMQVBNRD-FQEVSTJZSA-N,0,antagonist,1.0,7.15
CHEMBL3923760,O=C(c1ccc(Cl)cc1-n1nccn1)N1CCOC[C@H]1Cc1cc(-c2ncccn2)ccc1F,NNBZSPNSBCOMJO-LJQANCHMSA-N,0,antagonist,1.0,6.57
CHEMBL3924060,O=C(c1cccc(Cl)c1-n1nccn1)N1CCOC[C@H]1Cc1cc(-n2nccn2)ccc1F,IVIQQEWOFAIBMX-QGZVFWFLSA-N,0,antagonist,1.0,5.73
CHEMBL3924228,Cc1ccc(C(=O)N2[C@H](Cc3cccc(-n4nccn4)c3)COC[C@H]2C)c(-n2nccn2)c1,FCVGUKJNRFNLDS-WIYYLYMNSA-N,0,antagonist,1.0,6.455
CHEMBL3924282,O=C(c1cc(F)ccc1-c1ncccn1)N1CCOC1Cn1ccc(-c2ccc(F)cn2)n1,LZWJHKGAHUOHTO-UHFFFAOYSA-N,0,antagonist,1.0,7.14
CHEMBL3924447,O=C(c1ccccc1-n1nccn1)N1CCOC[C@H]1Cc1ccc(O)c(-c2ncccn2)c1,OBGUWOPMHXCGQJ-GOSISDBHSA-N,0,antagonist,1.0,5.7
CHEMBL3924473,COc1ccc2ccccc2c1C1CCCC(=O)N1Cc1cccc(Oc2ccccc2)c1,GTPQUQWOZSMORV-UHFFFAOYSA-N,0,antagonist,1.0,7.04
CHEMBL3924691,COc1cccc(OC)c1C1CCCC(=O)N1Cc1cc(-c2ccccn2)ccc1Cl,ZCYAKVORBGSGNZ-UHFFFAOYSA-N,0,antagonist,1.0,6.2
CHEMBL3924741,COc1ccnc(NCCn2cc(NC(=O)c3ncoc3-c3cccc(C)c3)cn2)c1,ZFKFLURPSKRLNF-UHFFFAOYSA-N,0,antagonist,1.0,6.59
CHEMBL3924766,Cc1cccc(-c2ocnc2C(=O)Nc2cnn(CCOc3cc(C(F)(F)F)n(C)n3)c2)c1,DFRMJNQKMLJOND-UHFFFAOYSA-N,0,antagonist,1.0,5.7
CHEMBL3924823,Cc1ccc(-n2nccn2)c(C(=O)N2CCCOC2Cc2cnn(-c3ccc(F)cn3)c2)c1,GJIDHTCQPKWTIL-UHFFFAOYSA-N,0,antagonist,1.0,8.44
CHEMBL3925061,COc1ccc2[nH]cc(CCn3cc(NC(=O)c4ncsc4-c4ccc(OC)nc4)cn3)c2c1,DDWLFHGKHATULB-UHFFFAOYSA-N,0,antagonist,1.0,6.63
CHEMBL3925170,Cc1cnc(NCCn2cc(NC(=O)c3ncsc3-c3cccc(C)c3)cn2)nc1,ZDEBMTZGRGXJOL-UHFFFAOYSA-N,0,antagonist,1.0,6.02
CHEMBL3925275,COc1cncc(OC)c1C1CCCC(=O)N1Cc1cccc(-c2nccs2)c1,SYHFZDXFDUPCKC-UHFFFAOYSA-N,0,antagonist,1.0,7.58
CHEMBL3925325,Cc1cccc(-c2ocnc2C(=O)Nc2cnn(CCOc3ccccc3)c2)c1,RTBFUILJTDEINN-UHFFFAOYSA-N,0,antagonist,1.0,6.0
CHEMBL3925326,C[C@@H]1CN(C(=O)c2cc(Cl)ccc2-n2nccn2)[C@H](Cc2cc(-c3ncccn3)ccc2F)CO1,SMVHMTBUOLIQMT-OXQOHEQNSA-N,0,antagonist,1.0,6.89
CHEMBL3925582,COc1cccc(OC)c1C1CC(C)C(=O)N1Cc1cccc(OC(F)F)n1,NDWXKTBZXNLPRE-UHFFFAOYSA-N,0,antagonist,1.0,6.72
CHEMBL3925639,COc1ccccc1[C@@H]1C[C@H](Cl)C(=O)N1Cc1ccc(OC(F)(F)F)cc1,QPVBPEWMFZPSEA-HOTGVXAUSA-N,0,antagonist,1.0,6.04
CHEMBL3925711,Cc1ccc(-n2nccn2)c(C(=O)N2CC[C@H]2c2nc(-c3ccccc3OC(F)(F)F)no2)c1,LILXODMUYCRFOF-KRWDZBQOSA-N,0,antagonist,1.0,7.82
CHEMBL3925745,COc1cccc(Cl)c1[C@@H]1C[C@H](F)C(=O)N1Cc1ccc(OC(F)(F)F)cc1,IKCZHNQGMYTGED-GJZGRUSLSA-N,0,antagonist,1.0,6.99
CHEMBL3925796,COc1cccc(OC)c1C1CCCC(=O)N1Cc1ccc2nc(C)sc2c1,ZFDIAPGSYMZGRJ-UHFFFAOYSA-N,0,antagonist,1.0,6.78
CHEMBL3925849,COc1cc(OC)nc(OCCn2cc(NC(=O)c3ncoc3-c3cccc(F)c3)cn2)n1,CHXRFYCJWSQOIF-UHFFFAOYSA-N,0,antagonist,1.0,7.28
CHEMBL3925873,O=C(c1ccc(Cl)cc1-n1nccn1)N1CC[C@H]1c1nc(-c2ccccc2OC(F)(F)F)no1,UTROGYBGAXJJHW-HNNXBMFYSA-N,0,antagonist,1.0,7.55
CHEMBL3925895,COc1cccc(OC)c1C1CCCC(=O)N1Cc1ccc2c(c1)nnn2C,FMHNFFMYNNKLRL-UHFFFAOYSA-N,0,antagonist,1.0,6.51
CHEMBL3925974,COc1cccc(OC)c1C1CC(C)C(=O)N1Cc1cccc(-c2cscn2)c1,REGDETKFRWUISP-UHFFFAOYSA-N,0,antagonist,1.0,7.33
CHEMBL3926014,O=C(N[C@H]1CCC[C@@H]1Nc1ncc(C(F)(F)F)cn1)c1ccccc1-n1nccn1,NUERNMIYQHXGQH-GJZGRUSLSA-N,0,antagonist,1.0,5.0
CHEMBL3926167,O=C(c1ccccc1-n1nccn1)N1CCOC[C@H]1Cc1cccc(-c2cccnn2)c1,FYQCTNQQQSRWPV-HXUWFJFHSA-N,0,antagonist,1.0,5.35
CHEMBL3926196,COc1cccc(C(F)(F)F)c1C1CCCC(=O)N1Cc1ccc(OC(F)(F)F)cc1,IAHDLXGCEXBVEF-UHFFFAOYSA-N,0,antagonist,1.0,5.53
CHEMBL3926227,COc1cccc(OC)c1C1CCCC(=O)N1Cc1ccc(N2CCCC2)cc1,BQIQZZPODIQMRY-UHFFFAOYSA-N,0,antagonist,1.0,6.88
CHEMBL3926359,Cc1c(Cl)cccc1-c1nc([C@@H]2CCN2C(=O)c2ccc(C(F)(F)F)cc2-n2nccn2)no1,VGTPHDXDMLGZBB-KRWDZBQOSA-N,0,antagonist,1.0,7.55
CHEMBL3926444,COc1ccnc(OC)c1C1CC(C)C(=O)N1Cc1csc(-c2ccc(C)cc2)n1,JXRMUCFYWOMUCA-UHFFFAOYSA-N,0,antagonist,1.0,7.29
CHEMBL3926581,COc1cccc(OC)c1C1CC(C)C(=O)N1Cc1cnn(-c2ccccc2)c1,QUCPPXZZJDNZTA-UHFFFAOYSA-N,0,antagonist,1.0,6.5
CHEMBL3926636,COc1nc(OC)c2ccn(CCn3cc(NC(=O)c4ncoc4-c4cccc(C)c4)cn3)c2n1,JZZPVUCSZQOFAX-UHFFFAOYSA-N,0,antagonist,1.0,7.03
CHEMBL3926769,O=C(N[C@H]1CCC[C@@H]1Nc1cnc(C(F)(F)F)cn1)c1ncccc1Br,HHOJQPPWOPIDQE-QWRGUYRKSA-N,0,antagonist,1.0,5.0
CHEMBL3926906,COc1cc(OC)nc(NCCn2cc(NC(=O)c3ncoc3-c3cccc(C#N)c3)cn2)n1,HSADKURCJVLNBK-UHFFFAOYSA-N,0,antagonist,1.0,6.45
CHEMBL3927062,COc1cccc(OC)c1C1CCC(=O)N1Cc1cccc(N2CCCCC2)n1,CYOGFUASLRLKSC-UHFFFAOYSA-N,0,antagonist,1.0,6.16
CHEMBL3927258,Cc1nc(C(F)(F)F)cnc1N[C@H]1CCC[C@@H]1NC(=O)c1ccccc1-c1ncccn1,MDEPCIQZWCYPSS-IRXDYDNUSA-N,0,antagonist,1.0,5.0
CHEMBL3927349,O=C(c1cccc(F)c1-n1nccn1)N1CCOC[C@H]1Cc1cccc(-n2nccn2)c1,BQVDTYWMMKIXOA-GOSISDBHSA-N,0,antagonist,1.0,5.74
CHEMBL3927468,Cc1cccc(-c2oc(C)nc2C(=O)N2CC[C@H]2c2nc(-c3cccc(Cl)c3C)no2)c1,BVBNJHLGAONWAZ-IBGZPJMESA-N,0,antagonist,1.0,6.26
CHEMBL3927496,COc1cccc(OC)c1C1CC(C)C(=O)N1Cc1cnc2ccccc2c1,JLVSTKJHYYRFLD-UHFFFAOYSA-N,0,antagonist,1.0,6.11
CHEMBL3927627,COc1cccc(OC)c1C1CCCC(=O)N1Cc1ccc2c(c1)OCO2,ZHJAIWAJKKDHFY-UHFFFAOYSA-N,0,antagonist,1.0,6.26
CHEMBL3927724,COc1cccc(OC)c1C1CCCC(=O)N1Cc1cnc(OC(F)F)c(Cl)c1,CKHQMMOXQOHIAU-UHFFFAOYSA-N,0,antagonist,1.0,7.42
CHEMBL3927726,CCc1nc(C(F)(F)F)cnc1N[C@H]1CCC[C@@H]1NC(=O)c1ccccc1-n1nccn1,RRFVHLBWQUXKCB-HOTGVXAUSA-N,0,antagonist,1.0,5.0
CHEMBL3927832,COc1cccc(F)c1C(=O)N[C@H]1CCC[C@@H]1Nc1cnc(C(F)(F)F)cn1,MZNMYXGGGPPBLG-RYUDHWBXSA-N,0,antagonist,1.0,5.0
CHEMBL3927882,COc1cccc(OC)c1C1CCCCC(=O)N1Cc1ccc(F)c(-c2ccccn2)c1,PMLWCCOLXOVHLE-UHFFFAOYSA-N,0,antagonist,1.0,7.66
CHEMBL3927897,COc1cccc(OC)c1C1CCCCC(=O)N1Cc1cccc2ccccc12,NQHJVBRXINRXTQ-UHFFFAOYSA-N,0,antagonist,1.0,7.57
CHEMBL3928054,O=C1CCCC(c2ccccc2-c2ccccc2)N1Cc1cccc(-c2ccccc2)c1,FQRZZXXWKKMRLD-UHFFFAOYSA-N,0,antagonist,1.0,6.14
CHEMBL3928080,CC(C)Oc1cccc(F)c1[C@@H]1C[C@@H](O)C(=O)N1Cc1ccc(OC(F)(F)F)cc1,MFPPCBZFUKRQFC-DLBZAZTESA-N,0,antagonist,1.0,7.11
CHEMBL3928156,COc1cc2c(ccn2CCn2nc(C)c(NC(=O)c3ncoc3-c3cccc(C)c3)c2C)cn1,QQTGTDXJECGAEY-UHFFFAOYSA-N,0,antagonist,1.0,6.68
CHEMBL3928451,COc1cccc(OC)c1C1CCC(=O)N1Cc1cccc(-c2csc(C)n2)c1,YYSWFDUHMSXIJH-UHFFFAOYSA-N,0,antagonist,1.0,7.09
CHEMBL3928551,Cc1ccc(-n2nccn2)c(C(=O)N2CCOC[C@H]2Cc2cccc(-c3cnccn3)c2)c1,WQKDFCTZXNZINF-OAQYLSRUSA-N,0,antagonist,1.0,5.98
CHEMBL3928882,COc1cccc2[nH]cc(CCn3cc(NC(=O)c4ncoc4-c4cccc(C)c4)cn3)c12,KGZJERLNVFZAMU-UHFFFAOYSA-N,0,antagonist,1.0,6.96
CHEMBL3929213,Cc1ccc(-c2sc(C)nc2C(=O)N2CC[C@H]2c2nc(-c3ccccc3OC(F)(F)F)no2)cc1,UXLSMQSBAJLGFM-KRWDZBQOSA-N,0,antagonist,1.0,7.14
CHEMBL3929234,COc1cccc(OC)c1C1CCCC(=O)N1Cc1ccc(OC(F)F)nc1,HRONCCUMYAESTQ-UHFFFAOYSA-N,0,antagonist,1.0,7.04
CHEMBL3929240,Cc1ccc(-n2nccn2)c(C(=O)N2CCOC[C@H]2Cc2cccc(-c3ncon3)c2)c1,LZAJTUGFVUQFAB-LJQANCHMSA-N,0,antagonist,1.0,6.39
CHEMBL3929344,O=C(N[C@H]1CCC[C@@H]1Nc1cnc(C(F)(F)F)cn1)c1ccccc1C(F)F,VEADERCDTCHJII-STQMWFEESA-N,0,antagonist,1.0,5.0
CHEMBL3929583,COc1cccc(OC)c1C1CCCC(=O)N1Cc1cncc(-c2ccccc2)c1,WLZXOFIILFOXKY-UHFFFAOYSA-N,0,antagonist,1.0,6.16
CHEMBL3929585,Cc1cccc(C(=O)N2[C@H](Cc3cccc(-n4nccn4)c3)COC[C@H]2C)c1-n1nccn1,UFYCDZYJXMCYQI-WIYYLYMNSA-N,0,antagonist,1.0,5.58
CHEMBL3929633,O=C1CCCC(c2ccccc2C(F)(F)F)N1Cc1ccc2ccccc2c1,QJVNKLUGCGVDGQ-UHFFFAOYSA-N,0,antagonist,1.0,5.45
CHEMBL3929702,Cc1ccc(-c2ccccc2)c(C(=O)N2CC[C@H]2c2noc(-c3cccc(Cl)c3C)n2)c1,ZYAAECIWBVGBRR-QHCPKHFHSA-N,0,antagonist,1.0,8.7
CHEMBL3929739,COc1cncc(OC)c1C1CCCCC(=O)N1Cc1cccc(-c2ccccc2)c1,CHTGYZJKSLFAHJ-UHFFFAOYSA-N,0,antagonist,1.0,7.1
CHEMBL3929769,COc1cccc(OC)c1C1CCCC(=O)N1Cc1ccc(SC(F)(F)F)cc1,FXNRQIBPDVHHRD-UHFFFAOYSA-N,0,antagonist,1.0,7.21
CHEMBL3929858,CCCOc1ccccc1-c1noc([C@@H]2CCN2C(=O)c2cc(C)ccc2-n2nccn2)n1,CBTIPQKHBXAFSX-FQEVSTJZSA-N,0,antagonist,1.0,6.94
CHEMBL3930019,Cc1cccc(-c2ocnc2C(=O)Nc2cnn(CCn3ccc4cccc(C)c43)c2)c1,QZQPXKGCAGWTKH-UHFFFAOYSA-N,0,antagonist,1.0,6.42
CHEMBL3930068,COc1cc(C(=O)N2CC[C@H]2c2nc(-c3cccc(F)c3OC)no2)c(-n2nccn2)cc1F,QUGFWCRVJYFFFS-INIZCTEOSA-N,0,antagonist,1.0,7.58
CHEMBL3930099,Cc1ccc(-n2nccn2)c(C(=O)N2CCCOC2Cc2noc(-c3ccc(F)cc3)n2)c1,XIBNNBMLUUIACY-UHFFFAOYSA-N,0,antagonist,1.0,8.77
CHEMBL3930115,COc1ccc(C(=O)N2CCOC[C@H]2Cc2cccc(-n3nccn3)c2)c(-n2nccn2)c1,MRZOKJFVVJMJLC-LJQANCHMSA-N,0,antagonist,1.0,5.76
CHEMBL3930194,O=C(N[C@H]1CCC[C@@H]1Nc1cnc(C(F)(F)F)cn1)c1ccccc1-n1ccnn1,LPEKTSGWBHVMRT-KBPBESRZSA-N,0,antagonist,1.0,5.0
CHEMBL3930216,COc1ccc2[nH]cc(CCn3cc(NC(=O)c4ncoc4-c4cc(C)no4)cn3)c2c1,ICDWCKYUKVRIPV-UHFFFAOYSA-N,0,antagonist,1.0,7.77
CHEMBL3930428,COc1ccc2[nH]cc(CCn3cc(NC(=O)c4ncoc4-c4ccc(C)c(OC)c4)cn3)c2c1,DUESOAPTQVOMKF-UHFFFAOYSA-N,0,antagonist,1.0,6.84
CHEMBL3930525,COc1cc(OC)nc(NCCCn2cc(NC(=O)c3ncoc3-c3cccc(C)c3)cn2)n1,FIBQMPBFVPYRBU-UHFFFAOYSA-N,0,antagonist,1.0,7.24
CHEMBL3930630,Cc1ccc(C(=O)N2CCOC[C@H]2Cc2cc(-c3ncon3)ccc2F)c(-n2nccn2)c1C,DADWYMXJDHTELJ-LJQANCHMSA-N,0,antagonist,1.0,5.8
CHEMBL3930702,C[C@]1(Nc2cnc(C(F)(F)F)cn2)CCC[C@@H]1NC(=O)c1cc(F)ccc1-n1nccn1,BHMJZOUJNPVVCW-KXBFYZLASA-N,0,antagonist,1.0,5.0
CHEMBL3930758,COc1ccc2c(c1C1CCCC(=O)N1Cc1csc(-c3ccccc3)n1)OCO2,JCLMFWJPHWKWTL-UHFFFAOYSA-N,0,antagonist,1.0,7.4
CHEMBL3930770,CCOc1ccccc1C1CCC(=O)N1Cc1ccc(F)cc1,CFHPKABDGSBHEI-UHFFFAOYSA-N,0,antagonist,1.0,6.17
CHEMBL3930793,COc1cccc(OC)c1C1CC(C)C(=O)N1Cc1ccc(OCCF)cc1,IHSYGQNSGRWZNY-UHFFFAOYSA-N,0,antagonist,1.0,5.98
CHEMBL3930962,CCOc1c(F)cccc1-c1noc([C@@H]2CCN2C(=O)c2cc(C)ccc2-n2nccn2)n1,LYYKWNVLVHCKFB-IBGZPJMESA-N,0,antagonist,1.0,8.0
CHEMBL3930977,CCC(c1ccc(OC(F)(F)F)cc1)N1C(=O)C(C)CC1c1c(OC)cccc1OC,WVOLUCBJBGWQIN-UHFFFAOYSA-N,0,antagonist,1.0,5.93
CHEMBL3931037,CCOc1cccc(F)c1[C@@H]1C[C@@H](Cl)C(=O)N1Cc1ccc(OC(F)(F)F)cc1,ULJHBXNGCFDOPA-ZBFHGGJFSA-N,0,antagonist,1.0,6.74
CHEMBL3931057,O=C(c1cc(F)c(F)cc1-n1nccn1)N1CCOC[C@H]1Cc1cccc(-c2ncon2)c1,KOVCCWGOMZVONL-MRXNPFEDSA-N,0,antagonist,1.0,6.19
CHEMBL3931170,Cc1cccc(-c2ocnc2C(=O)Nc2c(C)nn(CCOc3nc4ccccc4o3)c2C)c1,KOWMKGDHPXGBPX-UHFFFAOYSA-N,0,antagonist,1.0,6.01
CHEMBL3931438,COc1cccc(OC)c1C1CCCC(=O)N1Cc1ccc(Cl)cc1,MNPWTNLMGSASDH-UHFFFAOYSA-N,0,antagonist,1.0,6.81
CHEMBL3931515,COc1ccc(Cl)c(OC)c1[C@@H]1C[C@@H](O)C(=O)N1Cc1ccc(OC(F)(F)F)cc1,LBNFRUBUXAUWEI-LSDHHAIUSA-N,0,antagonist,1.0,6.04
CHEMBL3931546,COc1cc2ccn(CCn3cc(NC(=O)c4ncoc4-c4ccc(C)c(C)c4)cn3)c2cc1OC,JCHXBDRPXJLMQG-UHFFFAOYSA-N,0,antagonist,1.0,7.62
CHEMBL3931571,COc1ccc2ccccc2c1C1CCCC(=O)N1Cc1cccc(-c2ncccn2)c1,DBZMXMUFUSPJQM-UHFFFAOYSA-N,0,antagonist,1.0,7.05
CHEMBL3931579,COc1ccnc(NCCCn2cc(NC(=O)c3ncoc3-c3cccc(C)c3)cn2)n1,PWPAALYEKKOADW-UHFFFAOYSA-N,0,antagonist,1.0,7.37
CHEMBL3931654,Cc1ccc(C(=O)N2C[C@@H](C)OC[C@H]2Cc2cccc(-c3ncccn3)c2)c(-n2nccn2)c1,STINWRWRNQHPGO-DENIHFKCSA-N,0,antagonist,1.0,6.75
CHEMBL3931673,O=C(NC1CC(F)(F)CC1Nc1ncc(C(F)(F)F)cn1)c1ccccc1-n1nccn1,PUQHWAAVNWPHCN-UHFFFAOYSA-N,0,antagonist,1.0,5.0
CHEMBL3931687,Cc1nc(-c2cccc(CN3C(=O)C(C)CC3c3ccccc3-c3ccccc3)c2)cs1,UPZMCGJCIWXNRH-UHFFFAOYSA-N,0,antagonist,1.0,6.34
CHEMBL3931693,O=C(c1cccc(C(F)(F)F)c1-n1nccn1)N1CCOC[C@H]1Cc1cccc(-n2nccn2)c1,KJXCOZMMUXZQGE-GOSISDBHSA-N,0,antagonist,1.0,6.43
CHEMBL3931705,Cc1cccc(-c2ocnc2C(=O)Nc2cnn(CCOc3ccc(F)cn3)c2)c1,VZAROJABRMTEJU-UHFFFAOYSA-N,0,antagonist,1.0,5.71
CHEMBL3931945,C[C@@H]1CN(C(=O)c2ccccc2-n2nccn2)[C@H](Cc2cc(-c3ncccn3)ccc2F)CO1,CWXMVKZSRVPZAO-YLJYHZDGSA-N,0,antagonist,1.0,5.71
CHEMBL3932131,Cc1cccc(C(=O)N2CCOC[C@H]2Cc2cccc(-c3ncon3)c2)c1-n1nccn1,UGPJDNRZMHMMDB-LJQANCHMSA-N,0,antagonist,1.0,6.39
CHEMBL3932153,O=C(N[C@H]1CC(F)(F)C[C@@H]1Nc1ccc(OC(F)F)cn1)c1ccccc1-n1nccn1,SQQCTQCNQDPCIH-GJZGRUSLSA-N,0,antagonist,1.0,5.0
CHEMBL3932276,Cc1cc(C(=O)N2CC[C@H]2c2noc(-c3cccc(F)c3C)n2)c(-n2nccn2)cc1C,RCEJXBQPZVAORI-IBGZPJMESA-N,0,antagonist,1.0,8.52
CHEMBL3932318,Cc1cccc(-c2ocnc2C(=O)Nc2cnn(CCc3c[nH]c4ccccc34)c2)c1,HOTRLBWRLHOXOJ-UHFFFAOYSA-N,0,antagonist,1.0,6.63
CHEMBL3932504,COc1cccc(OC)c1C1CCC(=O)N1Cc1nc2ccccc2s1,QPVNRYAZHGWTRF-UHFFFAOYSA-N,0,antagonist,1.0,5.69
CHEMBL3932544,O=C(c1ccccc1-n1nccn1)N1CCOC[C@H]1Cc1cc(F)cc(-n2nccn2)c1,PNBXBOOTVNVZSH-LJQANCHMSA-N,0,antagonist,1.0,5.82
CHEMBL3932552,O=C(c1ccccc1-n1nccn1)N1CCOC[C@H]1Cc1cccc(-n2cccn2)c1,NSPDBKKKFMEMRB-HXUWFJFHSA-N,0,antagonist,1.0,5.74
CHEMBL3932611,Cc1ccc(-c2ncccn2)c(C(=O)N2CC[C@H]2c2noc(-c3cccc(Cl)c3C)n2)c1,YUWCCHXLRVUFMI-FQEVSTJZSA-N,0,antagonist,1.0,7.5
CHEMBL3932670,Cc1nc(C(=O)N2CC[C@H]2c2nc(-c3ccccc3OC(F)(F)F)no2)c(-c2ccccc2F)s1,QPWMFYZUIKFEJR-INIZCTEOSA-N,0,antagonist,1.0,7.23
CHEMBL3932708,Cc1ccc(C(=O)N2CCOC[C@H]2Cc2cc(-c3ncccn3)ccc2F)c(-n2nccn2)c1C,DFLPJQGANRAIIM-OAQYLSRUSA-N,0,antagonist,1.0,5.65
CHEMBL3932722,C[C@]1(Nc2cnc(C(F)(F)F)cn2)CCC[C@@H]1NC(=O)c1ncccc1-n1nccn1,UNZFNWZMBMDMAR-UGSOOPFHSA-N,0,antagonist,1.0,5.0
CHEMBL3932799,Cc1ccc(-n2nccn2)c(C(=O)N2CCOC[C@H]2Cc2cccc(-n3nccn3)c2)n1,FUOSTXPWTMZICG-LJQANCHMSA-N,0,antagonist,1.0,5.79
CHEMBL3932886,Cc1ccc(-n2nccn2)c(C(=O)N2CCCOC2Cn2cc(-c3ccc(F)cn3)cn2)c1,GEFBDVVSBPPDRP-UHFFFAOYSA-N,0,antagonist,1.0,8.49
CHEMBL3932896,Cc1cccc(-c2scnc2C(=O)N2CC[C@H]2c2nc(-c3cccc(Cl)c3C)no2)c1,IFNPGBKEURHTIW-SFHVURJKSA-N,0,antagonist,1.0,6.62
CHEMBL3933036,COc1cccc(OC)c1C1CCCC(=O)N1Cc1cccc(-n2cccn2)c1,DWOODTIOFBPZLY-UHFFFAOYSA-N,0,antagonist,1.0,7.58
CHEMBL3933331,COc1cccc(OC)c1C1CCC(=O)N1Cc1cnc2ccccc2c1,UKRFQZGXINBUFF-UHFFFAOYSA-N,0,antagonist,1.0,7.36
CHEMBL3933444,COc1cccc(OC)c1C1CCCC(=O)N1Cc1ccc(OCC(F)(F)F)cc1,ZYQKIBZBFANKNM-UHFFFAOYSA-N,0,antagonist,1.0,7.96
CHEMBL3933467,Cc1cccc(C(=O)N2CCOC[C@H]2Cc2cccc(-n3nccn3)c2)c1-n1nccn1,NERGNQKZFUFHEN-HXUWFJFHSA-N,0,antagonist,1.0,6.11
CHEMBL3933506,Cc1nc(-c2cccc(CN3C(=O)CCC3c3ccccc3-c3ccccc3)c2)cs1,AEGWGVROKVYKOO-UHFFFAOYSA-N,0,antagonist,1.0,6.33
CHEMBL3933550,COc1cccc(OC)c1C1CCCCC(=O)N1Cc1cnc2ccccc2c1,YXAMZVIQRSGWCA-UHFFFAOYSA-N,0,antagonist,1.0,5.98
CHEMBL3933616,COc1cccc(OC)c1C(=O)N(C1CCC1)[C@H]1CCC[C@@H]1Nc1ccc(C(F)(F)F)cn1,OAAWCCLGPWZUIA-ROUUACIJSA-N,0,antagonist,1.0,5.79
CHEMBL3933736,COc1cc(C(=O)N2CCOC[C@H]2Cc2cc(-n3nccn3)ccc2F)c(-n2nccn2)cc1Cl,JRGASLNNEVZZRN-QGZVFWFLSA-N,0,antagonist,1.0,6.72
CHEMBL3933744,Cc1ccc(-n2nccn2)c(C(=O)N2CCOC[C@H]2Cc2cccc(-n3cncn3)c2)c1,PUZJVVRRRYQHLK-HXUWFJFHSA-N,0,antagonist,1.0,5.32
CHEMBL3933940,COc1c(F)ccc(F)c1[C@@H]1C[C@@H](Cl)C(=O)N1Cc1ccc(OC(F)(F)F)cc1,STUWHRFVRUSMGP-DOMZBBRYSA-N,0,antagonist,1.0,5.85
CHEMBL3934185,COc1cc2ccn(CCn3cc(NC(=O)c4ncoc4-c4cccc(C)c4)cn3)c2cn1,CRDQOSODFONUFQ-UHFFFAOYSA-N,0,antagonist,1.0,6.64
CHEMBL3934220,O=C(N[C@H]1CCC[C@@H]1Nc1ccc(C(F)(F)F)cn1)c1cc(F)cc(F)c1-n1nccn1,LDEKGKQHBLFVRS-HOTGVXAUSA-N,0,antagonist,1.0,5.0
CHEMBL3934350,O=C(c1ccccc1-n1nccn1)N1CCOC[C@H]1Cc1cccc(-c2cccs2)c1,YHWXLTYWQSZIKW-HXUWFJFHSA-N,0,antagonist,1.0,6.79
CHEMBL3934442,O=C(c1cc(F)ccc1-c1ncccn1)N1CCCOC1Cc1cnn(-c2ccc(F)cn2)c1,HVYGOEAVNOYJPX-UHFFFAOYSA-N,0,antagonist,1.0,7.29
CHEMBL3934581,O=C(c1ccccc1-c1ncccn1)N1CCOC1Cn1ccc(-c2ccc(F)cn2)n1,HLSJJFCXIUGENJ-UHFFFAOYSA-N,0,antagonist,1.0,6.65
CHEMBL3934595,Cc1cc(C(=O)N2CC[C@H]2c2nc(-c3cccc(F)c3C)no2)c(-n2nccn2)cc1C,YJLVUGVRJGAYCT-IBGZPJMESA-N,0,antagonist,1.0,8.4
CHEMBL3934631,COc1c(F)ccc(F)c1[C@@H]1C[C@H](F)C(=O)N1Cc1ccc(OC(F)(F)F)cc1,DGKBPAWMAGYPSW-GJZGRUSLSA-N,0,antagonist,1.0,6.39
CHEMBL3934682,COc1cccc(OC)c1C1CCCC(=O)N1Cc1cccc(-c2cscn2)c1,SNYGOLUGMKPMQV-UHFFFAOYSA-N,0,antagonist,1.0,7.77
CHEMBL3934693,CN(c1cnc(C(F)(F)F)cn1)[C@H]1CCC[C@@H]1NC(=O)c1c(F)cccc1-n1nccn1,SHORJJBOUUXHEA-KBPBESRZSA-N,0,antagonist,1.0,5.0
CHEMBL3934707,COc1ccc2cc(CN3C(=O)CCCC3c3c(OC)cccc3OC)ccc2c1,YBAASJZFNMNVPA-UHFFFAOYSA-N,0,antagonist,1.0,7.18
CHEMBL3934744,COc1cc2ccn(CCn3cc(NC(=O)c4ncoc4-c4cccc(C)c4)cn3)c2cc1OC,UQKIFIDCORREBF-UHFFFAOYSA-N,0,antagonist,1.0,7.465
CHEMBL3934850,Cc1ccc(-c2ncccn2)c(C(=O)N2CCCOC2Cn2ccc(-c3ccc(F)cn3)n2)c1,REIHLDGDOFIXTP-UHFFFAOYSA-N,0,antagonist,1.0,8.14
CHEMBL3934852,COc1cccc(OC)c1C1CC(C)C(=O)N1Cc1cc(Cl)cc(-c2ccccn2)c1,ZJYAAFGKMJOGRF-UHFFFAOYSA-N,0,antagonist,1.0,6.57
CHEMBL3935229,CC1(Nc2ncc(C(F)(F)F)cn2)CCCC1NC(=O)c1ncccc1-c1ncccn1,UGCBWTSZNUXSMP-UHFFFAOYSA-N,0,antagonist,1.0,5.0
CHEMBL3935347,COc1cccc(OC)c1C1CC(C)C(=O)N1Cc1ccc2[nH]ccc2c1,QIHVDBLYIYTUQQ-UHFFFAOYSA-N,0,antagonist,1.0,5.75
CHEMBL3935412,COc1cc(OC)nc(NCCn2cc(NC(=O)c3ncoc3-c3ccc(C)c(C)c3)cn2)n1,UMRVJYKKUSVFLK-UHFFFAOYSA-N,0,antagonist,1.0,7.29
CHEMBL3935470,COc1cccc(OC)c1C1CC(C)C(=O)N1Cc1ccc(OCC(F)F)cc1,IWXLLWPXBZDXRN-UHFFFAOYSA-N,0,antagonist,1.0,6.26
CHEMBL3935511,COc1cc(C(=O)N2CC[C@H]2c2nc(-c3cccc(Cl)c3C)no2)c(-n2nccn2)cc1F,PULMNWLUTSSJBJ-KRWDZBQOSA-N,0,antagonist,1.0,7.6
CHEMBL3935533,Cc1ccc(-c2ncccn2)c(C(=O)N2CCCOC2Cn2cc(-c3ccc(F)cc3)cn2)c1,LHSPBVKFWDHYSG-UHFFFAOYSA-N,0,antagonist,1.0,8.49
CHEMBL3935599,Cc1nc(-c2cccc(CN3C(=O)CCCC3c3ccccc3-c3ccccc3)c2)cs1,WVSKYWXOXWNTGX-UHFFFAOYSA-N,0,antagonist,1.0,6.26
CHEMBL3935731,O=C(c1cc(F)ccc1-c1ncccn1)N1CCCOC1Cn1ccc(-c2ccc(F)cn2)n1,YZRHBGIKWQSFJJ-UHFFFAOYSA-N,0,antagonist,1.0,8.21
CHEMBL3935842,Cc1cccc(-c2ocnc2C(=O)Nc2cnn(CCCn3ccc4ccccc43)c2)c1,UDYFZHHJXIHNDW-UHFFFAOYSA-N,0,antagonist,1.0,6.41
CHEMBL3935942,COc1cccc(OC)c1C1CCCC(=O)N1Cc1ccc2c(ccn2C)c1,XNKNJFATHUZRBM-UHFFFAOYSA-N,0,antagonist,1.0,6.56
CHEMBL3935985,COc1ccc2[nH]cc(CCn3cc(NC(=O)c4ncoc4-c4ccc(C(F)(F)F)cc4)cn3)c2c1,HIZSDOZEOFQGTQ-UHFFFAOYSA-N,0,antagonist,1.0,6.23
CHEMBL3936096,CCOc1cccc(F)c1[C@@H]1C[C@@H](O)C(=O)N1Cc1ccccc1OC(F)(F)F,XQANDJLYKPJHPA-LSDHHAIUSA-N,0,antagonist,1.0,5.41
CHEMBL3936154,O=C(c1cc(Cl)ccc1-n1nccn1)N1CCOC[C@H]1Cc1cccc(-c2ncccn2)c1,LAINVSFGRYRKDA-HXUWFJFHSA-N,0,antagonist,1.0,6.64
CHEMBL3936446,COc1ccc(C[C@@H]2COCCN2C(=O)c2ccccc2-n2nccn2)cc1-n1cccn1,HZTIXYMNAITACJ-LJQANCHMSA-N,0,antagonist,1.0,6.04
CHEMBL3936509,CCOc1c(F)cccc1[C@@H]1C[C@H](F)C(=O)N1Cc1ccc(OC(F)(F)F)cc1,NLQDFIJRFMAENJ-IRXDYDNUSA-N,0,antagonist,1.0,6.36
CHEMBL3936519,Cc1ccc(-n2nccn2)c(C(=O)N2CCOC[C@H]2Cc2cc(-n3nccn3)ccc2C)c1,HQLRZRZXOSRCFC-OAQYLSRUSA-N,0,antagonist,1.0,6.23
CHEMBL3936553,CCc1nc2ccc(OC)c(C3CCCC(=O)N3Cc3cccc(-c4csc(C)n4)c3)c2o1,NJRTZDHIASYZLC-UHFFFAOYSA-N,0,antagonist,1.0,7.48
CHEMBL3936592,O=C(c1ccccc1-n1nccn1)N1CCOC[C@H]1Cc1ccc(Cl)c(-c2ncon2)c1,BQSVOWNLNGKKOQ-MRXNPFEDSA-N,0,antagonist,1.0,6.32
CHEMBL3936665,COc1cccc(OC)c1C1CCCCC(=O)N1Cc1ccnc(-n2cccn2)c1,FEGKGROBQXJQRV-UHFFFAOYSA-N,0,antagonist,1.0,7.07
CHEMBL3936699,O=C(N[C@H]1CCC[C@@H]1Nc1ncc(C(F)(F)F)nc1C1CC1)c1ccccc1-n1nccn1,PGLAFVSBBJDKSH-HOTGVXAUSA-N,0,antagonist,1.0,5.0
CHEMBL3936704,Cc1ccc(C(=O)N2[C@H](Cc3cccc(-n4nccn4)c3)COC[C@@H]2C)c(-n2nccn2)c1,FCVGUKJNRFNLDS-GHTZIAJQSA-N,0,antagonist,1.0,5.7
CHEMBL3936778,O=C(c1ccccc1-n1nccn1)N1CCOC1Cn1ccc(-c2ccc(F)cc2)n1,OHZUPPPPBQIYDD-UHFFFAOYSA-N,0,antagonist,1.0,6.72
CHEMBL3936904,CCOc1cc(F)cc(F)c1[C@@H]1C[C@H](Cl)C(=O)N1Cc1ccc(OC(F)(F)F)cc1,IVKCYEBYENKDQT-HOCLYGCPSA-N,0,antagonist,1.0,7.2
CHEMBL3936905,COc1cccc(F)c1[C@@H]1C[C@H](Cl)C(=O)N1Cc1cccc(OC(F)(F)F)c1,DEODANMZGNVMBK-ZFWWWQNUSA-N,0,antagonist,1.0,7.66
CHEMBL3936920,Cc1ccc(C(=O)N2CCOC[C@H]2Cc2cc(-n3nccn3)ccc2Cl)c(-n2nccn2)c1,PHEQMGRTEIENAJ-LJQANCHMSA-N,0,antagonist,1.0,6.25
CHEMBL3936973,O=C1CCC(c2ccccc2-c2ccccc2)N1Cc1ccc(OC(F)(F)F)cc1,ZYTUXSQJQSTHAA-UHFFFAOYSA-N,0,antagonist,1.0,6.23
CHEMBL3937008,COc1cccc(OC)c1C1CCCCC(=O)N1Cc1cccc(-c2nccs2)c1,GFLSKNPRHIWYPP-UHFFFAOYSA-N,0,antagonist,1.0,8.52
CHEMBL3937108,Cc1ccc(C(=O)N2C[C@@H](C)OC[C@H]2Cc2cccc(-c3ncccn3)c2)c(-n2nccn2)c1C,IEHBRXSPEXUDES-AUSIDOKSSA-N,0,antagonist,1.0,6.08
CHEMBL3937131,COc1cc2c(ccn2CCn2cc(NC(=O)c3ncoc3-c3cccc(C)c3)cn2)cn1,XJRKTUDQYITKPM-UHFFFAOYSA-N,0,antagonist,1.0,7.42
CHEMBL3937139,COc1c(Cl)cccc1-c1nc([C@@H]2CCN2C(=O)c2ccc(C)cc2-n2nccn2)no1,OEGZSCPWVIHGEV-KRWDZBQOSA-N,0,antagonist,1.0,8.4
CHEMBL3937214,Cc1cccc(-c2ocnc2C(=O)Nc2cnn(CCOc3ccc4nc(C)oc4c3)c2)c1,WJDJRYYCIQVORN-UHFFFAOYSA-N,0,antagonist,1.0,6.02
CHEMBL3937551,COc1ccc(C[C@@H]2COCCN2C(=O)c2ccccc2-n2nccn2)cc1-c1cccnn1,FURKPFKLIIWSMR-LJQANCHMSA-N,0,antagonist,1.0,5.21
CHEMBL3937707,COc1cccc(OC)c1C1CCCC(=O)N1Cc1ccc(OC(F)(F)F)c(F)c1,VUALQEISUFUNML-UHFFFAOYSA-N,0,antagonist,1.0,7.75
CHEMBL3937786,COc1cccc(OC)c1C1CC(C)C(=O)N1Cc1ccc(OC(F)F)nc1,KPUOATDRBLGKOG-UHFFFAOYSA-N,0,antagonist,1.0,6.21
CHEMBL3937808,O=C(N[C@H]1CCC[C@@H]1Nc1ccc(OC(F)(F)F)cn1)c1cc(Cl)ccc1-n1nccn1,MJJDIYAPAYTFEJ-HOTGVXAUSA-N,0,antagonist,1.0,5.0
CHEMBL3937814,Cc1cccc(C(=O)N2[C@H](Cc3cccc(-n4nccn4)c3)COC[C@@H]2C)c1-n1nccn1,UFYCDZYJXMCYQI-GHTZIAJQSA-N,0,antagonist,1.0,5.61
CHEMBL3937876,O=C(c1cc(F)ccc1-c1ncccn1)N1CCOC1Cn1ccc(-c2ccc(F)cc2)n1,IUKVYORLFBPJNK-UHFFFAOYSA-N,0,antagonist,1.0,6.63
CHEMBL3938008,Cc1nnc(-c2ccccc2C(=O)N[C@H]2CCC[C@]2(C)Nc2cnc(C(F)(F)F)cn2)o1,YOECPOTYPHGLCT-YWZLYKJASA-N,0,antagonist,1.0,5.0
CHEMBL3938144,COc1ccc2c(c1C1CCCC(=O)N1Cc1cccc(Oc3ccccc3)c1)OCO2,HQLRSLBYANRKID-UHFFFAOYSA-N,0,antagonist,1.0,7.85
CHEMBL3938169,Cc1ccc(-c2ccccc2)c(C(=O)N2CC[C@H]2c2nc(-c3ccccc3OC(F)(F)F)no2)c1,YOMMAMLAEKBFAP-NRFANRHFSA-N,0,antagonist,1.0,8.4
CHEMBL3938211,Cc1cccc(C(=O)N2CCO[C@@H](C)[C@H]2Cc2cccc(-n3nccn3)c2)c1-n1nccn1,HMJZZKHOLAJQCJ-PGRDOPGGSA-N,0,antagonist,1.0,5.39
CHEMBL3938344,O=C1[C@H](Cl)C[C@@H](c2cccc3c2OCCO3)N1Cc1ccc(OC(F)(F)F)cc1,MQFSKMRWRCLMRA-CVEARBPZSA-N,0,antagonist,1.0,5.83
CHEMBL3938386,C[C@@H]1CN(C(=O)c2cc(Cl)ccc2-n2nccn2)[C@H](Cc2cc(-n3nccn3)ccc2F)CO1,VZSCFYBYGCGNNT-DNVCBOLYSA-N,0,antagonist,1.0,6.74
CHEMBL3938412,CCOc1ccccc1[C@@H]1C[C@@H](O)C(=O)N1Cc1ccc(OC(F)(F)F)cc1,LLSAYVSPPSPLEI-DLBZAZTESA-N,0,antagonist,1.0,6.77
CHEMBL3938546,Cc1cccc(-c2noc([C@@H]3CCN3C(=O)c3cc(C)ccc3-n3nccn3)n2)c1,NKQZQHLEYPDUFU-IBGZPJMESA-N,0,antagonist,1.0,7.4
CHEMBL3938749,O=C1CCCC(c2cccc3c2OCCO3)N1Cc1cccc(-c2ccccc2)c1,MYMPPHYCCWAZQT-UHFFFAOYSA-N,0,antagonist,1.0,6.53
CHEMBL3938814,COc1cccc(OC)c1C1CCCCC(=O)N1Cc1cccc(-c2ccccn2)c1F,RFTSNCWHKVRYIK-UHFFFAOYSA-N,0,antagonist,1.0,7.22
CHEMBL3938822,O=C(c1ccc(C(F)(F)F)cc1-n1nccn1)N1CCOC[C@H]1Cc1cccc(-c2ncon2)c1,CXGGFUAERWUYLI-GOSISDBHSA-N,0,antagonist,1.0,6.64
CHEMBL3938842,Cc1cc(-n2nccn2)c(C(=O)N2CCOC[C@H]2Cc2cccc(-n3nccn3)c2)cc1Cl,UMVDIYYEKWWNEU-LJQANCHMSA-N,0,antagonist,1.0,7.33
CHEMBL3938872,Cc1ccc(-n2nccn2)cc1C[C@@H]1COCCN1C(=O)c1ccc(Cl)cc1-n1nccn1,BZOBPULTAMYVQD-HXUWFJFHSA-N,0,antagonist,1.0,5.98
CHEMBL3938981,Cc1ccc(C(=O)N2CCOC[C@H]2Cc2cc(-n3nccn3)ccc2F)c(-n2nccn2)c1,HWCNAOSLUJKVML-LJQANCHMSA-N,0,antagonist,1.0,6.39
CHEMBL3939052,COc1cccc(OC)c1C1CCCCC(=O)N1Cc1ccccc1-c1ccccc1,HNVARYMSRAYOLM-UHFFFAOYSA-N,0,antagonist,1.0,6.09
CHEMBL3939066,COc1cccc(OC)c1C1CC(C)C(=O)N1Cc1cccc(-c2ccccn2)c1F,SAVJPPGWHMJGIZ-UHFFFAOYSA-N,0,antagonist,1.0,6.64
CHEMBL3939109,O=C(N[C@H]1CCC[C@@H]1Nc1cnc(C(F)(F)F)cn1)c1c(F)cccc1C1CC1,NGPARWNCZSCZMM-GJZGRUSLSA-N,0,antagonist,1.0,5.0
CHEMBL3939125,COc1ccc2ccn(CCn3cc(NC(=O)c4ncoc4-c4cccc(C)c4)cn3)c2n1,QZTIKGZYDUCSNV-UHFFFAOYSA-N,0,antagonist,1.0,8.31
CHEMBL3939214,COc1cccc(F)c1[C@@H]1C[C@H](F)C(=O)N1Cc1cccc(OC(F)(F)F)c1,UVAZFCYWKGWOCO-GJZGRUSLSA-N,0,antagonist,1.0,7.03
CHEMBL3939249,Cc1ccc(C(=O)N2C[C@@H](C)OC[C@H]2Cc2cc(-n3ccnn3)ccc2F)c(-n2nccn2)c1,BLNLRXMYYDRXJH-YLJYHZDGSA-N,0,antagonist,1.0,6.37
CHEMBL3939364,COc1cccc(OC)c1C1CCCC(=O)N1Cc1ccnc(N2CCCC2)c1,SPXBKIAUBHCBOF-UHFFFAOYSA-N,0,antagonist,1.0,5.69
CHEMBL3939381,O=C1CCCCC(c2ccccc2-c2cccnc2)N1Cc1cccc(-c2nccs2)c1,ZNWIGMUJCBXTDU-UHFFFAOYSA-N,0,antagonist,1.0,7.03
CHEMBL3939470,O=C(N[C@H]1CCC[C@@H]1Nc1ccc(Br)cn1)c1ccccc1-n1nccn1,ZXUXEWOUFJCMGR-HOTGVXAUSA-N,0,antagonist,1.0,5.0
CHEMBL3939510,Cc1ccc(-n2nccn2)cc1C[C@@H]1COCCN1C(=O)c1cccc(C)c1-n1nccn1,OQHUOGSZVADTEQ-OAQYLSRUSA-N,0,antagonist,1.0,6.0
CHEMBL3939766,Cc1ccc(C(=O)N2CCOC[C@H]2Cc2cc(-c3ncccn3)ccc2F)c(-n2nccn2)c1,LUSDGIQGCBLNQS-HXUWFJFHSA-N,0,antagonist,1.0,6.24
CHEMBL3939929,COc1cc(C(=O)N2CC[C@H]2c2noc(-c3cccc(Cl)c3OC)n2)c(-n2nccn2)cc1Cl,FVVNULVSBLTYIJ-INIZCTEOSA-N,0,antagonist,1.0,9.0
CHEMBL3940180,COc1cccc(OC)c1C1CC(C)C(=O)N1Cc1ccnc(-c2ccccc2)c1,IIZPCODOTFDRPI-UHFFFAOYSA-N,0,antagonist,1.0,6.76
CHEMBL3940216,COc1cccc(OC)c1C1CCCC(=O)N1Cc1cccc(-n2cccn2)n1,AGYMHIIXXBFDHS-UHFFFAOYSA-N,0,antagonist,1.0,6.67
CHEMBL3940238,COc1cc(OC)c2ccn(CCn3cc(NC(=O)c4ncoc4-c4cccc(C)c4)cn3)c2c1,HUYPBGXCFXPNBF-UHFFFAOYSA-N,0,antagonist,1.0,7.925000000000001
CHEMBL3940263,Cc1cccc(-c2ocnc2C(=O)Nc2cnn(CCNc3cc(F)ccn3)c2)c1,VVSPYYYBGQUXLI-UHFFFAOYSA-N,0,antagonist,1.0,6.42
CHEMBL3940335,Cc1noc(-c2ccccc2C(=O)N[C@H]2CCC[C@@H]2Nc2cnc(C(F)(F)F)cn2)n1,MAQDFXCBSHPFAN-GJZGRUSLSA-N,0,antagonist,1.0,5.0
CHEMBL3940378,O=C(N[C@H]1CCC[C@@H]1Nc1cnc(C(F)(F)F)cn1)c1c(F)cccc1F,QMUQTLLQGUSFDS-RYUDHWBXSA-N,0,antagonist,1.0,5.0
CHEMBL3940390,COc1cccc(OC)c1C1CCCC(=O)N1Cc1ccc(Oc2ccccc2)nc1,QSXDUAFPRKCURK-UHFFFAOYSA-N,0,antagonist,1.0,7.54
CHEMBL3940436,Cc1ccc(-n2nccn2)c(C(=O)N2CCOC[C@H]2Cc2cccc(-c3cccnc3)c2)c1,SBTZFUJQUNEVMJ-HSZRJFAPSA-N,0,antagonist,1.0,5.85
CHEMBL3940453,COc1ccc2[nH]cc(CCn3cc(NC(=O)c4ncsc4-c4cccc(C)c4)cn3)c2c1,JQXIRGKUTRWZAH-UHFFFAOYSA-N,0,antagonist,1.0,7.52
CHEMBL3940457,COc1cccc(OC)c1C1CCCC(=O)N1Cc1cccc(-c2ccccn2)n1,JEVWWXFGQZFWAN-UHFFFAOYSA-N,0,antagonist,1.0,7.06
CHEMBL3940596,Cc1cccc(-c2ocnc2C(=O)Nc2cnn(CCOc3nc4ccccc4o3)c2)c1,ICJXFNRWHWUDQF-UHFFFAOYSA-N,0,antagonist,1.0,5.8100000000000005
CHEMBL3940700,C[C@@H]1CN(C(=O)c2cc(Cl)ccc2-n2nccn2)[C@H](Cc2cccc(-n3nccn3)c2)CO1,RWWXBFGEFGPVOA-OXQOHEQNSA-N,0,antagonist,1.0,7.02
CHEMBL3940721,Cc1cccc(C(=O)N2C[C@@H](C)OC[C@H]2Cc2cc(-n3nccn3)ccc2F)c1-n1nccn1,QOXZYZJSLRTDNB-YLJYHZDGSA-N,0,antagonist,1.0,6.14
CHEMBL3940958,C[C@@H]1CN(C(=O)c2cccc(Cl)c2-n2nccn2)[C@H](Cc2cc(-c3ncccn3)ccc2F)CO1,YLJVEPVMPPEJBJ-VQIMIIECSA-N,0,antagonist,1.0,6.35
CHEMBL3940994,COc1cccc(OC)c1C1CC(C)C(=O)N1Cc1cccc(N2CCCC2)c1,SRCAXQLZTYEFAG-UHFFFAOYSA-N,0,antagonist,1.0,7.13
CHEMBL3941085,Cc1ccc(-n2nccn2)c(C(=O)N2CCOC[C@H]2Cc2cccc(-c3nccs3)c2)c1,ZGEVFIAJYRECKD-HXUWFJFHSA-N,0,antagonist,1.0,6.56
CHEMBL3941158,COc1ccc(Cl)c(OC)c1[C@@H]1C[C@H](Cl)C(=O)N1Cc1ccc(OC(F)(F)F)cc1,JMGBMLLNIXUHAH-GJZGRUSLSA-N,0,antagonist,1.0,6.35
CHEMBL3941361,Cc1noc(-c2ccccc2C(=O)N[C@H]2CCC[C@@H]2Nc2ccc(C(F)(F)F)cn2)n1,KJOWYOKMZWQTHQ-IRXDYDNUSA-N,0,antagonist,1.0,5.0
CHEMBL3941436,Cc1nc2ccccc2n1CCn1cc(NC(=O)c2ncoc2-c2ccccc2)cn1,GJCHMHQAWOABJL-UHFFFAOYSA-N,0,antagonist,1.0,6.22
CHEMBL3941481,COc1cccc(OC)c1C1CC(C)C(=O)N1Cc1cccc(N2CCCCC2)c1,QXRWNWHIOABJLL-UHFFFAOYSA-N,0,antagonist,1.0,6.8
CHEMBL3941583,COc1c(Cl)cccc1-c1nc([C@@H]2CCN2C(=O)c2ccc(Cl)cc2-n2nccn2)no1,NWUOMBGAQQVYBN-INIZCTEOSA-N,0,antagonist,1.0,8.4
CHEMBL3941635,Cc1ccc(-n2nccn2)c(C(=O)N2CCOC[C@H]2Cc2cccc(-c3ncccn3)c2)c1F,VPQUBVYYWSMYEA-HXUWFJFHSA-N,0,antagonist,1.0,6.24
CHEMBL3941690,C[C@]1(Nc2cnc(C(F)(F)F)cn2)CCC[C@@H]1NC(=O)c1ccccc1-n1nccn1,HMHQKDBOHKCIIS-KXBFYZLASA-N,0,antagonist,1.0,5.0
CHEMBL3941716,O=C1CCCC(c2c(F)cccc2Cl)N1Cc1ccc(OC(F)(F)F)cc1,VIYKASCCLMMDFJ-UHFFFAOYSA-N,0,antagonist,1.0,5.92
CHEMBL3941745,COc1ccc(Cl)c(OC)c1C1CCCC(=O)N1Cc1cccc(-c2csc(C)n2)c1,FLTSGWXTULXAQL-UHFFFAOYSA-N,0,antagonist,1.0,6.94
CHEMBL3941842,COc1cccc(OC)c1C1CC(C)C(=O)N1Cc1ccc(F)c(-c2ccccn2)c1,VQPLFRGCTPINBH-UHFFFAOYSA-N,0,antagonist,1.0,6.91
CHEMBL3941877,Cc1cccc(-c2ocnc2C(=O)N2CC[C@H]2c2nc(-c3cccc(Cl)c3C)no2)c1,LSLSWDMQWTUXLH-SFHVURJKSA-N,0,antagonist,1.0,6.2
CHEMBL3942007,O=C(c1ccc(Cl)cc1-n1nccn1)N1CCOC[C@H]1Cc1cc(-n2nccn2)ccc1Cl,AOIUNCRFTKYDNL-GOSISDBHSA-N,0,antagonist,1.0,6.35
CHEMBL3942010,O=C(N[C@H]1CCC[C@@H]1Nc1ncc(C(F)(F)F)cc1F)c1ccccc1-n1nccn1,HLBRMVOMAYGAMW-HOTGVXAUSA-N,0,antagonist,1.0,5.0
CHEMBL3942056,COc1cccc(OC)c1C1CCCC(=O)N1Cc1ccc2nonc2c1,RYBVKFYWKBZXKA-UHFFFAOYSA-N,0,antagonist,1.0,6.12
CHEMBL3942105,COc1cccc(OC)c1C1CCCC(=O)N1Cc1cccc(-c2ccc(F)cc2)n1,WICULDIDHDKEFX-UHFFFAOYSA-N,0,antagonist,1.0,6.85
CHEMBL3942226,Cc1cccc(-c2ocnc2C(=O)Nc2cnn(CCOc3ncc4ccccc4n3)c2)c1,NOGHNYMKZQHLQH-UHFFFAOYSA-N,0,antagonist,1.0,6.305
CHEMBL3942258,Cc1noc(-c2ccccc2C(=O)N[C@H]2CCC[C@@H]2Nc2ncc(C(F)(F)F)cc2F)n1,KLZOZTLKRUYXCG-IRXDYDNUSA-N,0,antagonist,1.0,5.0
CHEMBL3942262,COc1cc(C(=O)N2CCOC[C@H]2Cc2cccc(-n3nccn3)c2)c(-n2nccn2)cc1C,TXOLBWQUYQXATH-HXUWFJFHSA-N,0,antagonist,1.0,6.68
CHEMBL3942444,Cc1ccc(-n2nccn2)c(C(=O)N[C@H]2CCC[C@@H]2Nc2ccc(C(F)(F)F)nc2)c1,WBRJHAHYEXTPTE-IRXDYDNUSA-N,0,antagonist,1.0,5.0
CHEMBL3942476,COc1ccc2ncoc2c1C1CCCC(=O)N1Cc1ccc2ccccc2n1,CJDRBECPLUUKFY-UHFFFAOYSA-N,0,antagonist,1.0,5.74
CHEMBL3942815,Cc1ccc(-n2nccn2)c(C(=O)N2CCOC[C@H]2Cc2cc(-n3nccn3)ccc2F)c1,ORPRTCJZBDNPEM-LJQANCHMSA-N,0,antagonist,1.0,6.08
CHEMBL3943140,COc1cccc(OC)c1C1CCCC(=O)N1Cc1cccc(N2CCOCC2)c1,ZCFKLJXKYWPBJL-UHFFFAOYSA-N,0,antagonist,1.0,6.18
CHEMBL3943141,Cc1cccc(C(=O)N2C[C@@H](C)OC[C@H]2Cc2cccc(-n3nccn3)c2)c1-n1nccn1,WRLVGTRMEZGZFE-WIYYLYMNSA-N,0,antagonist,1.0,6.62
CHEMBL3943151,COc1ncnc2ncn(CCn3cc(NC(=O)c4ncoc4-c4cccc(C)c4)cn3)c12,IDSYFHNPFFYERL-UHFFFAOYSA-N,0,antagonist,1.0,6.31
CHEMBL3943155,COc1ccnc(OC)c1C1CC(C)C(=O)N1Cc1cccc(-c2nc(Cl)cs2)c1,APJABJVOEWIGOA-UHFFFAOYSA-N,0,antagonist,1.0,6.99
CHEMBL3943170,C[C@@H]1CN(C(=O)c2cccc(Cl)c2-n2nccn2)[C@H](Cc2cccc(-n3nccn3)c2)CO1,DUUOWDLWEJVCSI-VQIMIIECSA-N,0,antagonist,1.0,7.03
CHEMBL3943280,CCc1cnc(N[C@H]2CCC[C@@H]2NC(=O)c2cc(C)ccc2-n2nccn2)nc1,HHTNYKJLHKZJQA-ROUUACIJSA-N,0,antagonist,1.0,5.0
CHEMBL3943446,COc1ncnc(OC)c1C1CCCC(=O)N1Cc1csc(-c2ccccc2)n1,YTVDRUVHMQAEOH-UHFFFAOYSA-N,0,antagonist,1.0,6.59
CHEMBL3943538,O=C1CCCC(c2ccnn2-c2ccccc2)N1Cc1cccc(-c2ccccc2)c1,WRXUBKJYXPELAE-UHFFFAOYSA-N,0,antagonist,1.0,6.14
CHEMBL3943558,COc1ccc2ccccc2c1[C@@H]1C[C@H](Cl)C(=O)N1Cc1ccc(OC(F)(F)F)cc1,QGLHDMYPKCMBCT-OALUTQOASA-N,0,antagonist,1.0,5.98
CHEMBL3943607,COc1ccc2[nH]cc(CCn3cc(NC(=O)c4ncoc4-c4ccccc4)cn3)c2c1,OTDZDWGWQMMATH-UHFFFAOYSA-N,0,antagonist,1.0,8.66
CHEMBL3943680,COc1cccc(OC)c1C1CCCC(=O)N1Cc1ccc2c(c1)OC(F)(F)O2,ZVAPJUVMCPUKOM-UHFFFAOYSA-N,0,antagonist,1.0,6.75
CHEMBL3943747,COc1cccc(F)c1[C@@H]1C[C@@H](Cl)C(=O)N1Cc1ccc(OC(F)(F)F)cc1,NXXKGTAACDQFCQ-HIFRSBDPSA-N,0,antagonist,1.0,5.92
CHEMBL3943770,CCN(CCn1cc(NC(=O)c2ncoc2-c2cccc(C)c2)cn1)c1nc(OC)cc(OC)n1,CQGTVHFXGCUOMF-UHFFFAOYSA-N,0,antagonist,1.0,6.2
CHEMBL3943785,O=C(c1cc(F)ccc1-n1nccn1)N1CCOC[C@H]1Cc1cccc(-n2cccn2)c1,SYLDJPVOGVSYAI-HXUWFJFHSA-N,0,antagonist,1.0,5.82
CHEMBL3943937,Cc1cccc(-c2ocnc2C(=O)Nc2cnn(CCn3ccc4cc(C)ccc43)c2)c1,QSHQFOUEERVQFA-UHFFFAOYSA-N,0,antagonist,1.0,6.69
CHEMBL3943950,COc1cccc(OC)c1C(=O)N[C@H]1CCC[C@@H]1Oc1cc(C(F)(F)F)ccn1,IKRBWAZFNAWXQZ-KBPBESRZSA-N,0,antagonist,1.0,5.19
CHEMBL3944222,Cc1ccc(C(=O)N2CCOC[C@H]2Cc2cc(-n3nccn3)ccc2F)c(-n2nccn2)c1C,XOKDIMBLNFVNEH-HXUWFJFHSA-N,0,antagonist,1.0,5.45
CHEMBL3944230,Cc1cccc(-c2ocnc2C(=O)Nc2cnn(CCOc3cc(C)ccn3)c2)c1,WEGXHAHCBAXGSM-UHFFFAOYSA-N,0,antagonist,1.0,5.7
CHEMBL3944270,O=C(N[C@H]1CCC[C@@H]1Nc1ccc(C(F)(F)F)cn1)c1c(F)cccc1-n1nccn1,BQVBWAOFAJBNQP-GJZGRUSLSA-N,0,antagonist,1.0,5.0
CHEMBL3944292,COc1cncc(OC)c1C1CCCC(=O)N1Cc1ccc2oc3ccccc3c2c1,RZIWRUCHHJWXCX-UHFFFAOYSA-N,0,antagonist,1.0,9.0
CHEMBL3944467,CCOc1ncccc1-c1noc([C@@H]2CCN2C(=O)c2cc(C)c(C)cc2-n2nccn2)n1,AZUOKLYRZOAHGG-SFHVURJKSA-N,0,antagonist,1.0,8.52
CHEMBL3944494,Cc1ccc(-c2ncccn2)c(C(=O)N2CCCOC2Cn2ccc(-c3ccc(F)cc3)n2)c1,LRBYYJMSSHIJKG-UHFFFAOYSA-N,0,antagonist,1.0,9.0
CHEMBL3944614,Cc1nc(C(F)(F)F)cnc1N[C@H]1CCC[C@@H]1NC(=O)c1ncccc1-c1ncccn1,HNNMNIHEWGQDKJ-GJZGRUSLSA-N,0,antagonist,1.0,5.0
CHEMBL3945012,COc1ccc(C[C@@H]2COCCN2C(=O)c2ccccc2-n2nccn2)cc1-c1cccs1,PNGWMHMVJINNEB-LJQANCHMSA-N,0,antagonist,1.0,7.51
CHEMBL3945060,COc1cc2ccn(CCn3cc(NC(=O)c4ncoc4-c4ccccc4F)cn3)c2cc1OC,VMZZXLGHDLPXPZ-UHFFFAOYSA-N,0,antagonist,1.0,6.54
CHEMBL3945071,N#Cc1ccc(-n2nccn2)c(C(=O)N2CCOC[C@H]2Cc2cccc(-n3nccn3)c2)c1,BVVSWRIBSPAQPU-HXUWFJFHSA-N,0,antagonist,1.0,6.44
CHEMBL3945078,O=C1CCCCC(c2ccccc2-c2ccncc2)N1Cc1cccc(-c2nccs2)c1,YCMKQTCKWLWKPS-UHFFFAOYSA-N,0,antagonist,1.0,7.82
CHEMBL3945239,COc1cc(C(=O)N2CC[C@H]2c2nc(-c3cccc(Cl)c3C)no2)c(-n2nccn2)cc1Cl,TWOGTHWXONLTPL-KRWDZBQOSA-N,0,antagonist,1.0,8.22
CHEMBL3945256,COc1cccc(OC)c1C1CCCC(=O)N1Cc1ccnc(Br)c1,DSSSAICYQZFDPR-UHFFFAOYSA-N,0,antagonist,1.0,5.94
CHEMBL3945314,COc1cccc(-c2noc([C@@H]3CCN3C(=O)c3cc(C)ccc3-n3nccn3)n2)c1,DREBVPAPAKBWSB-IBGZPJMESA-N,0,antagonist,1.0,7.6
CHEMBL3945398,CCOc1cccc(OC)c1C1CC(F)(F)C(=O)N1Cc1cccc(-c2ccccc2)c1,JKMXHVFMJKYXEU-UHFFFAOYSA-N,0,antagonist,1.0,7.2
CHEMBL3945488,Cc1cccc(-n2nccn2)c1C(=O)N1CC[C@H]1c1nc(-c2ccccc2OC(F)(F)F)no1,ZDOQWSZXKCWNPC-INIZCTEOSA-N,0,antagonist,1.0,6.94
CHEMBL3945938,COc1cc(OC)nc(NCCn2cnc(NC(=O)c3ncoc3-c3cccc(C)c3)c2)n1,XIRTXGFNBQGYTQ-UHFFFAOYSA-N,0,antagonist,1.0,7.045
CHEMBL3945950,CC1(Nc2ccc(C(F)(F)F)cn2)CCCC1NC(=O)c1ccccc1-n1nccn1,BBHURGNHPCELRC-UHFFFAOYSA-N,0,antagonist,1.0,5.97
CHEMBL3946019,C[C@@H]1CN(C(=O)c2ccc(Cl)cc2-n2nccn2)[C@H](Cc2cccc(-c3ncccn3)c2)CO1,JOAYSRXNJHJJBL-DYESRHJHSA-N,0,antagonist,1.0,7.08
CHEMBL3946040,COc1cncc(OC)c1C1CCCC(=O)N1Cc1cccc(-n2nccn2)c1,AFLPVDYCVMAMQP-UHFFFAOYSA-N,0,antagonist,1.0,6.81
CHEMBL3946045,O=C(c1ccc(Cl)cc1-n1nccn1)N1CCOC[C@H]1Cc1cc(-c2ncon2)ccc1F,SBDNJLCIYJRHKZ-QGZVFWFLSA-N,0,antagonist,1.0,6.78
CHEMBL3946398,Cc1cc(C(F)(F)F)cnc1N[C@H]1CCC[C@@H]1NC(=O)c1ncccc1-c1ncccn1,KFCQGGTWJKMTCE-IRXDYDNUSA-N,0,antagonist,1.0,5.0
CHEMBL3946411,COc1ccc(C[C@@H]2COCCN2C(=O)c2ccccc2-n2nccn2)cc1-c1ncco1,GHEMSERNBZGDLL-GOSISDBHSA-N,0,antagonist,1.0,6.33
CHEMBL3946423,Cc1cccc(-c2scnc2C(=O)Nc2cnn(CCNc3nc4ccccc4o3)c2)c1,DTERBSLYZZHJDU-UHFFFAOYSA-N,0,antagonist,1.0,6.62
CHEMBL3946474,Cc1ccc(C(=O)N2C[C@H](C)OC[C@H]2Cc2cccc(-n3nccn3)c2)c(-n2nccn2)c1,XDAZJJGYLDZHNW-GHTZIAJQSA-N,0,antagonist,1.0,6.495
CHEMBL3946479,Cc1cc(C(=O)N2CCOC[C@H]2Cc2ccc(C)c(-c3ncon3)c2)c(-n2nccn2)cc1C,DLTFUAAXCYAOLA-HXUWFJFHSA-N,0,antagonist,1.0,7.89
CHEMBL3946611,Cc1cc(C(=O)N2CC[C@H]2c2noc(-c3ccccc3OC(F)(F)F)n2)c(-n2nccn2)cc1C,NVMMJCQLJCPAQZ-KRWDZBQOSA-N,0,antagonist,1.0,8.52
CHEMBL3946635,Cc1cc(C(=O)N2[C@H](Cc3cccc(-n4nccn4)c3)COC[C@@H]2C)c(-n2nccn2)cc1C,QBNJEFPDYRBZMY-SIKLNZKXSA-N,0,antagonist,1.0,6.45
CHEMBL3946638,Cc1cccc(-c2ocnc2C(=O)Nc2cnn(CCc3c[nH]c4ccc(F)cc34)c2)c1,YNDMVFGUMKKJMM-UHFFFAOYSA-N,0,antagonist,1.0,7.01
CHEMBL3946703,COc1cccc(OC)c1C1CC(C)C(=O)N1Cc1cc2ccccc2[nH]1,AQMKUCYHSZPXMA-UHFFFAOYSA-N,0,antagonist,1.0,5.92
CHEMBL3946806,COc1ccc2ncoc2c1C1CCCC(=O)N1Cc1cccc(-c2csc(C)n2)c1,NGUAZXCPDBLPSS-UHFFFAOYSA-N,0,antagonist,1.0,6.99
CHEMBL3946821,Cc1ccc(-n2nccn2)c(C(=O)N2CCCOC2Cn2cc(-c3ccc(F)cc3)cn2)c1,AQFPGDOPAWNDQW-UHFFFAOYSA-N,0,antagonist,1.0,9.0
CHEMBL3946888,O=C(c1ccc(Cl)cc1-n1nccn1)N1CCOC[C@H]1Cc1cccc(-n2nccn2)c1,ONVKTAGSXCPXIK-LJQANCHMSA-N,0,antagonist,1.0,7.02
CHEMBL3946899,Cc1ccc(C(=O)N2CC[C@H]2c2nnc(-c3ccccc3)[nH]2)c(-n2nccn2)c1,ZEVFKKUSMZUQAE-KRWDZBQOSA-N,0,antagonist,1.0,6.49
CHEMBL3946962,CN(C)c1nc(C(=O)N2CC[C@H]2c2nc(-c3ccccc3OC(F)(F)F)no2)c(-c2ccccc2)s1,UCPSBKJOZPIGET-INIZCTEOSA-N,0,antagonist,1.0,8.0
CHEMBL3946963,COc1c(F)cccc1-c1noc([C@@H]2CCN2C(=O)c2ccc(C)cc2-n2nccn2)n1,HJDKRWJGSBWZFK-KRWDZBQOSA-N,0,antagonist,1.0,8.05
CHEMBL3946996,Cc1ccc(-n2nccn2)c(C(=O)N2CCO[C@@H](C)[C@H]2Cc2cccc(-n3nccn3)c2)c1,DZMITGRLYMROFK-FDDCHVKYSA-N,0,antagonist,1.0,5.6
CHEMBL3947062,COc1cc(C(=O)N2CC[C@H]2c2noc(-c3cccc(Cl)c3C)n2)c(-n2nccn2)cc1Cl,PYSYNIPKARHMJB-KRWDZBQOSA-N,0,antagonist,1.0,8.7
CHEMBL3947113,CCOc1cc(OC)nc(CCCn2cc(NC(=O)c3ncoc3-c3cccc(C)c3)cn2)n1,BNBOEZSHJCDQQW-UHFFFAOYSA-N,0,antagonist,1.0,7.08
CHEMBL3947571,Cc1ccc(-n2nccn2)c(C(=O)N2CCOC[C@H]2Cc2cccc(-c3nccc(C)n3)c2)c1,OYWUQQROZYATHC-JOCHJYFZSA-N,0,antagonist,1.0,6.64
CHEMBL3947667,Cc1ccc(C(=O)N2CCOC[C@H]2Cc2cc(-n3cccn3)ccc2C)c(-n2nccn2)c1,ZVAZIIXJYBKGIK-JOCHJYFZSA-N,0,antagonist,1.0,5.96
CHEMBL3947761,COc1ccc(C[C@@H]2COCCN2C(=O)c2ccc(C)cc2-n2nccn2)cc1-c1ncon1,SHBXIINOQJVTRR-GOSISDBHSA-N,0,antagonist,1.0,7.47
CHEMBL3947845,COc1cccc(OC)c1C1CCCCC(=O)N1Cc1cccc(-c2ccccn2)c1,MUBSGJOPYBKNEH-UHFFFAOYSA-N,0,antagonist,1.0,8.15
CHEMBL3947861,COc1cccc(OC)c1C1CC(C)C(=O)N1Cc1cccc(-c2ncc(C)s2)c1,FMAOIOLKTPUQSK-UHFFFAOYSA-N,0,antagonist,1.0,7.68
CHEMBL3947984,O=C1CCCC(c2c(F)cccc2F)N1Cc1ccc(OC(F)(F)F)cc1,HVXSFFQBLINUNW-UHFFFAOYSA-N,0,antagonist,1.0,5.61
CHEMBL3948019,COc1c(F)cccc1-c1noc([C@@H]2CCN2C(=O)c2cc(C)ccc2-n2nccn2)n1,LBWZEGBRYDWCLD-SFHVURJKSA-N,0,antagonist,1.0,7.77
CHEMBL3948062,COc1cc(F)ccc1[C@@H]1C[C@H](F)C(=O)N1Cc1ccc(OC(F)(F)F)cc1,JPVQRTHHGCIQAP-HOTGVXAUSA-N,0,antagonist,1.0,6.84
CHEMBL3948479,COc1cccc(F)c1C1CC(C)C(=O)N1Cc1cnc2ccccc2c1,JMFKYGMKQKXEDK-UHFFFAOYSA-N,0,antagonist,1.0,5.9
CHEMBL3948499,Cc1ccc(-n2nccn2)c(C(=O)N2CCOC[C@H]2Cc2cc(-c3ncon3)ccc2F)c1,WVPNFJYCRRGGLI-GOSISDBHSA-N,0,antagonist,1.0,6.19
CHEMBL3948541,COc1cccc(F)c1[C@@H]1C[C@@H](O)C(=O)N1Cc1ccc(OC(F)(F)F)cc1,PEDJGJKNUSLQMJ-LSDHHAIUSA-N,0,antagonist,1.0,6.47
CHEMBL3948694,COc1c(Cl)cccc1-c1nc([C@@H]2CCN2C(=O)c2cc(C)ccc2-n2nccn2)no1,DFTNMZQQCIARPX-SFHVURJKSA-N,0,antagonist,1.0,8.52
CHEMBL3948876,COc1cccc(C)c1[C@@H]1C[C@@H](O)C(=O)N1Cc1ccc(OC(F)(F)F)cc1,DHHJDMIYQGEGBX-JKSUJKDBSA-N,0,antagonist,1.0,6.05
CHEMBL3948940,COc1cccc(OC)c1C1CC(C)C(=O)N1Cc1cccc(-c2cccnc2)c1,HMAWMGSERKTLSM-UHFFFAOYSA-N,0,antagonist,1.0,7.55
CHEMBL3948982,COc1cccc(OC)c1C1CCCC(=O)N1Cc1cc(Cl)cc(-c2ccccn2)c1,YOXFIJCSNYXNHO-UHFFFAOYSA-N,0,antagonist,1.0,7.96
CHEMBL3949011,Cc1ccc(OCCn2cc(NC(=O)c3ncoc3-c3cccc(C)c3)cn2)nc1,MTNFJIAAPSFMKR-UHFFFAOYSA-N,0,antagonist,1.0,5.73
CHEMBL3949044,Cc1cccc(-c2ocnc2C(=O)Nc2cnn(CCN3CCc4ccccc43)c2)c1,ZRQPVMKOCOSXOP-UHFFFAOYSA-N,0,antagonist,1.0,6.43
CHEMBL3949049,O=C(N[C@H]1CCC[C@@H]1Nc1ncc(C(F)(F)F)cc1Br)c1ccccc1-n1nccn1,SNSPXEVGJTVASB-HOTGVXAUSA-N,0,antagonist,1.0,5.0
CHEMBL3949103,O=C(N[C@H]1CCC[C@@H]1Nc1cnc(C(F)(F)F)cn1)c1c(F)cccc1-n1cccn1,QXHFJLXJTWNABQ-KBPBESRZSA-N,0,antagonist,1.0,5.0
CHEMBL3949153,Cc1cccc(-c2ocnc2C(=O)Nc2cnn(CCn3ccc4cccc(F)c43)c2)c1,JEGCSFAHHWPWMV-UHFFFAOYSA-N,0,antagonist,1.0,6.75
CHEMBL3949161,O=C(N[C@H]1CCC[C@@H]1Nc1cnc(C(F)(F)F)cn1)c1ccccc1-n1cccn1,QGDAOCPQVPFJQK-GJZGRUSLSA-N,0,antagonist,1.0,5.0
CHEMBL3949219,COc1cccc(C)c1[C@@H]1C[C@H](F)C(=O)N1Cc1ccc(OC(F)(F)F)cc1,OQBBJRQFGSHBIH-HOTGVXAUSA-N,0,antagonist,1.0,6.75
CHEMBL3949227,COc1cccc(OC)c1C1CCCC(=O)N1Cc1cc(-c2ccccn2)ccc1F,FERQIIZIAJOJKJ-UHFFFAOYSA-N,0,antagonist,1.0,6.16
CHEMBL3949230,COc1ccc2c(c1C1CCCC(=O)N1Cc1cccc(-c3csc(C)n3)c1)OCCO2,LWYJIWCCFBBTQY-UHFFFAOYSA-N,0,antagonist,1.0,7.89
CHEMBL3949346,COc1cccc(OC)c1C1CCCC(=O)N1Cc1csc(C)n1,AWEIXZLKENNCKP-UHFFFAOYSA-N,0,antagonist,1.0,5.21
CHEMBL3949463,Cc1cccc(-c2ocnc2C(=O)Nc2cnn(CCn3ccc4ncccc43)c2)c1,MYDITYCIXPTVED-UHFFFAOYSA-N,0,antagonist,1.0,6.53
CHEMBL3949525,Cc1c(Cl)cccc1-c1noc([C@@H]2CCN2C(=O)c2ncsc2-c2ccccc2)n1,XUJLFGPTETZJHK-KRWDZBQOSA-N,0,antagonist,1.0,6.3
CHEMBL3949553,COc1cc(OC)c2ccn(CCn3cc(NC(=O)c4ncoc4-c4cccc(C)c4)cn3)c2n1,YPUVTTDAGLGYLP-UHFFFAOYSA-N,0,antagonist,1.0,7.19
CHEMBL3949593,C[C@@H]1CN(C(=O)c2ccc(Cl)cc2-n2nccn2)[C@H](Cc2cc(-c3ncccn3)ccc2F)CO1,UIELPQGRXTWUBL-OXQOHEQNSA-N,0,antagonist,1.0,7.07
CHEMBL3949597,CC1(Nc2ccc(OC(F)(F)F)cn2)CCCC1NC(=O)c1ccccc1-n1nccn1,PVEBNXINDWQINA-UHFFFAOYSA-N,0,antagonist,1.0,5.87
CHEMBL3949639,CCc1nc(C(F)(F)F)cnc1N[C@H]1CCC[C@@H]1NC(=O)c1ccccc1-c1nc(C)no1,WDOSOPAABKRJHF-IRXDYDNUSA-N,0,antagonist,1.0,5.0
CHEMBL3949744,CC1CC(c2c(F)cccc2OCCO)N(Cc2ccc(OC(F)(F)F)cc2)C1=O,URRXRLRRPFREAS-UHFFFAOYSA-N,0,antagonist,1.0,7.23
CHEMBL3949766,COc1cccc(OC)c1C(=O)N[C@H]1CCC[C@@H]1Nc1ncc(C(F)(F)F)cn1,VCKAHUHZSCQPDV-STQMWFEESA-N,0,antagonist,1.0,5.0
CHEMBL3949919,COc1ccc(-n2nccn2)c(C(=O)N2CCOC[C@H]2Cc2cccc(-n3nccn3)c2)c1,CWBKFZFKBHRMPJ-LJQANCHMSA-N,0,antagonist,1.0,6.21
CHEMBL3950052,CCc1cnc(N[C@H]2CCC[C@@H]2NC(=O)c2ccccc2-n2nccn2)cn1,CNZGIHJORNGBDA-IRXDYDNUSA-N,0,antagonist,1.0,5.0
CHEMBL3950157,Cc1ccc(-n2nccn2)c(C(=O)N2CCCOC2Cn2cc(-c3ccc(F)cc3)cn2)n1,NLFICLOBLPGDKD-UHFFFAOYSA-N,0,antagonist,1.0,7.65
CHEMBL3950159,COc1ccc2c(C)noc2c1C1CCCC(=O)N1Cc1cccc(-c2ccccc2)c1,QMILQXYZQKNHON-UHFFFAOYSA-N,0,antagonist,1.0,6.71
CHEMBL3950355,Cc1ccc(-n2nccn2)c(C(=O)N2CCOC[C@H]2Cc2cccc(-c3cccnn3)c2)c1,QZXHCJASGVSEHH-OAQYLSRUSA-N,0,antagonist,1.0,5.62
CHEMBL3950449,COc1cc2ccn(CCn3nc(C)c(NC(=O)c4ncoc4-c4cccc(C)c4)c3C)c2cn1,GDTVJDVVMIBJLD-UHFFFAOYSA-N,0,antagonist,1.0,6.12
CHEMBL3950474,O=C(c1ccccc1-n1nccn1)N1CCOC[C@H]1Cc1cc(-n2nccn2)ccc1Cl,BAHLPIRZKQNNOE-GOSISDBHSA-N,0,antagonist,1.0,5.83
CHEMBL3950689,Cc1ccc(-n2nccn2)c(C(=O)N2CC[C@H]2c2nc(-c3ccc(F)c(F)c3)no2)c1,NELCTUKABZEJIO-SFHVURJKSA-N,0,antagonist,1.0,6.73
CHEMBL3950867,Cc1ccnc(-c2cccc(C[C@@H]3COCCN3C(=O)c3ccccc3-n3nccn3)c2)n1,WXVVKTBDFXUAHG-OAQYLSRUSA-N,0,antagonist,1.0,6.12
CHEMBL3951318,O=C(N[C@H]1CCC[C@@H]1Nc1cnc(C(F)(F)F)cn1)c1cc(F)cc(F)c1-n1nccn1,OYAOHUQGEPHFFN-KBPBESRZSA-N,0,antagonist,1.0,5.0
CHEMBL3951456,Cc1cc(C(F)(F)F)cnc1N[C@H]1CCC[C@@H]1NC(=O)c1ncccc1-n1nccn1,RVGXOKRCLYGLFE-GJZGRUSLSA-N,0,antagonist,1.0,5.0
CHEMBL3951547,COc1ccc2[nH]cc(CCn3cc(NC(=O)c4ncoc4-c4cccc(OC(F)(F)F)c4)cn3)c2c1,VNJWCFKQFYNQRS-UHFFFAOYSA-N,0,antagonist,1.0,7.89
CHEMBL3951644,COc1cccc(F)c1C1CC(F)(F)C(=O)N1Cc1ccc2oc3ccccc3c2c1,XUPSRCQFRXDXIL-UHFFFAOYSA-N,0,antagonist,1.0,7.92
CHEMBL3951651,O=C(N[C@H]1CCC[C@@H]1Nc1cc(C(F)(F)F)ccn1)c1ccccc1-n1nccn1,HJBGWXSJROMVSZ-HOTGVXAUSA-N,0,antagonist,1.0,5.0
CHEMBL3951681,Cc1ccc(-n2nccn2)c(C(=O)N2CCOC[C@H]2Cc2cccc(-n3nccn3)c2)c1,JQRRTXWUYXPFEP-HXUWFJFHSA-N,0,antagonist,1.0,6.6899999999999995
CHEMBL3951832,COc1cccc(OC)c1C1CCCC(=O)N1Cc1ccc(OC(F)F)cc1,QJXPQQXXQSQUCE-UHFFFAOYSA-N,0,antagonist,1.0,7.51
CHEMBL3951836,O=C(N[C@H]1CCC[C@@H]1Nc1ncc(C(F)(F)F)cn1)c1ccccc1Cl,ZEGMSMBVGQJSCW-KBPBESRZSA-N,0,antagonist,1.0,5.0
CHEMBL3951889,COc1cccc(OC)c1C1CCCC(=O)N1Cc1cccc(-c2nccs2)c1,LFVHMZKMNVGVDF-UHFFFAOYSA-N,0,antagonist,1.0,8.4
CHEMBL3951941,C[C@@H]1COC[C@@H](Cc2cccc(-n3nccn3)c2)N1C(=O)c1ccccc1-n1nccn1,MLWGTDLBQDBZDR-YLJYHZDGSA-N,0,antagonist,1.0,5.89
CHEMBL3951985,CCOc1cc(F)cc(F)c1[C@@H]1C[C@H](F)C(=O)N1Cc1ccc(OC(F)(F)F)cc1,HHXYNYHWVVVQOH-HOTGVXAUSA-N,0,antagonist,1.0,7.43
CHEMBL3951993,Cc1ccc(-n2nccn2)c(C(=O)N2CCOC2Cn2ccc(-c3ccc(F)cc3)n2)c1,GUQHPENKNGCHKL-UHFFFAOYSA-N,0,antagonist,1.0,7.975
CHEMBL3952013,COc1ccccc1[C@@H]1C[C@H](F)C(=O)N1Cc1ccc(OC(F)(F)F)cc1,IOTMKWLJDLAOGM-HOTGVXAUSA-N,0,antagonist,1.0,6.25
CHEMBL3952014,COc1cccc(OC)c1[C@H]1CCCC(=O)N1Cc1ccc2ccccc2n1,ADMREWYBXXZUMI-LJQANCHMSA-N,0,antagonist,1.0,7.39
CHEMBL3952040,CCOc1cnc(-c2ccccc2C(=O)N[C@H]2CCC[C@@H]2Nc2cnc(C(F)(F)F)cn2)nc1,QFPMHNYVCDAUOL-ROUUACIJSA-N,0,antagonist,1.0,5.0
CHEMBL3952452,Cc1cccc(-c2ocnc2C(=O)Nc2cnn(CCn3ccc4ccc(F)cc43)c2)c1,HSVZFGQFEGIBEV-UHFFFAOYSA-N,0,antagonist,1.0,7.17
CHEMBL3952476,COc1cccc(C)c1[C@@H]1C[C@H](Cl)C(=O)N1Cc1ccc(OC(F)(F)F)cc1,DWMCXQLHQGWMOG-HOTGVXAUSA-N,0,antagonist,1.0,6.9
CHEMBL3952515,Cc1ccc(-n2nccn2)c(C(=O)N2CCOC2Cc2cnn(-c3ccc(F)cn3)c2)c1,NCKZYCBDYGDFRC-UHFFFAOYSA-N,0,antagonist,1.0,7.41
CHEMBL3952601,Cc1ccc(-n2nccn2)c(C(=O)N2CC[C@H]2c2noc(-c3ccccc3OC(F)(F)F)n2)c1,WBZDMZRGDRRDCR-KRWDZBQOSA-N,0,antagonist,1.0,7.96
CHEMBL3952651,COc1c(F)ccc(F)c1[C@@H]1C[C@@H](O)C(=O)N1Cc1ccc(OC(F)(F)F)cc1,UQEFMALRFXBSNN-LSDHHAIUSA-N,0,antagonist,1.0,5.99
CHEMBL3952666,O=C(c1cc(Cl)ccc1-n1nccn1)N1CCOC[C@H]1Cc1cccc(-n2nccn2)c1,CLOOLVHJLDFMDV-LJQANCHMSA-N,0,antagonist,1.0,6.7
CHEMBL3952851,CCOc1cccc(F)c1C1CC(C)C(=O)N1Cc1ccc2ccccc2n1,VXUGTRVFSNHSBX-UHFFFAOYSA-N,0,antagonist,1.0,7.15
CHEMBL3952886,O=C(N[C@H]1CCC[C@@H]1Nc1ncc(C(F)(F)F)cc1F)c1ncccc1-n1nccn1,COCZHHPEXMNSQO-KBPBESRZSA-N,0,antagonist,1.0,5.0
CHEMBL3952970,Cc1ccc(C(=O)N2CCOC[C@H]2Cc2cccc(-n3nccn3)c2)c(-n2nccn2)c1C,QEFAZNLAURABKO-OAQYLSRUSA-N,0,antagonist,1.0,5.6
CHEMBL3953208,COc1cccc(OC)c1C1CC(C)C(=O)N1Cc1ccnc(OC(F)F)c1,NVMNOSFUWCRRQU-UHFFFAOYSA-N,0,antagonist,1.0,6.04
CHEMBL3953318,Cc1ccc(-n2nccn2)c(C(=O)N2CCOC2Cn2cc(-c3ccc(F)cc3)cn2)n1,UGKCCJQAMWXAHJ-UHFFFAOYSA-N,0,antagonist,1.0,6.95
CHEMBL3953548,CC(C)Oc1cccc(F)c1C1CC(F)(F)C(=O)N1Cc1ccc(OC(F)(F)F)cc1,ZRGQRLBJMGIDRE-UHFFFAOYSA-N,0,antagonist,1.0,7.01
CHEMBL3953674,COc1cccc(OC)c1C1CC(C)C(=O)N1Cc1cccc(-c2nccs2)c1,UXOGHIYIIAOJFE-UHFFFAOYSA-N,0,antagonist,1.0,7.36
CHEMBL3953726,Cc1ccc(C(=O)N2C[C@@H](C)OC[C@H]2Cc2cccc(-n3nccn3)c2)c(-n2nccn2)c1C,KZQTUXCCKNLSIX-XMSQKQJNSA-N,0,antagonist,1.0,5.91
CHEMBL3953789,COc1cc2ccn(CCn3cc(NC(=O)c4ncoc4-c4ccccc4)cn3)c2cc1OC,NWSZIGYYCVKYQH-UHFFFAOYSA-N,0,antagonist,1.0,6.46
CHEMBL3953804,O=C1CCCCC(c2ccccc2-c2cscn2)N1Cc1cccc(-c2nccs2)c1,NAQMNFVFBJHLMC-UHFFFAOYSA-N,0,antagonist,1.0,7.82
CHEMBL3953989,Cc1c(Cl)cccc1-c1nc([C@@H]2CCN2C(=O)c2ccc(Cl)cc2-n2nccn2)no1,IQCZVXGNNIRPOI-KRWDZBQOSA-N,0,antagonist,1.0,7.89
CHEMBL3954046,Cc1cnc(NCCn2cc(NC(=O)c3ncoc3-c3cccc(C)c3)cn2)nc1,ABCOETVKIYAMHI-UHFFFAOYSA-N,0,antagonist,1.0,5.58
CHEMBL3954049,Cc1ccc(-n2nccn2)c(C(=O)N2CC[C@H]2c2nc(-c3cccc(Cl)c3C)no2)c1,RLHMXBUVBZHSSE-IBGZPJMESA-N,0,antagonist,1.0,8.0
CHEMBL3954052,Cc1c(Cl)cccc1-c1noc([C@@H]2CCN2C(=O)c2cc(OC(F)(F)F)ccc2-n2nccn2)n1,NSRHPCAZLGBZJC-SFHVURJKSA-N,0,antagonist,1.0,6.17
CHEMBL3954128,COc1cccc(OC)c1C1CC(C)C(=O)N1Cc1cccc(OCCF)c1,MWNFJPWQSWLDKS-UHFFFAOYSA-N,0,antagonist,1.0,6.62
CHEMBL3954157,COc1ccc(F)c(OC)c1[C@@H]1C[C@@H](O)C(=O)N1Cc1ccc(OC(F)(F)F)cc1,ABDGJWRUQFAYLS-LSDHHAIUSA-N,0,antagonist,1.0,6.13
CHEMBL3954220,COc1cccc(OC)c1C1CC(C)C(=O)N1Cc1cccc(-c2noc(C)n2)c1,LQQRWVVSBRNSJK-UHFFFAOYSA-N,0,antagonist,1.0,7.34
CHEMBL3954353,Cc1ccc(-n2cccn2)c(C(=O)N[C@H]2CCC[C@@H]2Nc2cnc(C(F)(F)F)cn2)c1,SSZNDFDJIFSTJO-HOTGVXAUSA-N,0,antagonist,1.0,5.0
CHEMBL3954363,CC1(Nc2ccc(C(F)(F)F)cn2)CCCC1NC(=O)c1ncccc1-n1nccn1,LLBYRKYILNTQEP-UHFFFAOYSA-N,0,antagonist,1.0,5.0
CHEMBL3954414,CCOc1ccc(C)cc1C(=O)N[C@H]1CCC[C@@H]1Nc1cnc(C(F)(F)F)cn1,XJJSVHDKBXHBLI-GJZGRUSLSA-N,0,antagonist,1.0,5.0
CHEMBL3954609,COc1cccc(OC)c1C1CCCCC(=O)N1Cc1ccc(Oc2ccccc2)cc1,JBPPBINKZMOAGD-UHFFFAOYSA-N,0,antagonist,1.0,6.73
CHEMBL3954630,COc1cc(NCCn2cc(NC(=O)c3ncoc3-c3cccc(C)c3)cn2)nc(OC)n1,MWBQVBFYNBPWJN-UHFFFAOYSA-N,0,antagonist,1.0,7.52
CHEMBL3954632,COc1cccc(OC)c1C1CCC(=O)N1Cc1ccc(Oc2nccs2)cc1,FTHSKHDDVKRQCI-UHFFFAOYSA-N,0,antagonist,1.0,6.67
CHEMBL3954697,COc1cccc(OC)c1C1CC(C)C(=O)N1Cc1ccc2ccccc2c1,XJMHPMOXJUHAIL-UHFFFAOYSA-N,0,antagonist,1.0,6.34
CHEMBL3954732,O=C(c1cccc(Cl)c1-n1nccn1)N1CCOC[C@H]1Cc1cc(-c2ncon2)ccc1F,CGFVLVBFXFGDNF-MRXNPFEDSA-N,0,antagonist,1.0,6.08
CHEMBL3954756,Cc1cccc(C(=O)N2CCOC[C@H]2Cc2cc(-n3nccn3)ccc2Cl)c1-n1nccn1,FIPXBPYXRCPALA-LJQANCHMSA-N,0,antagonist,1.0,5.79
CHEMBL3954899,Cc1nc(C(F)(F)F)cnc1N[C@H]1CCC[C@@H]1NC(=O)c1ccccc1-n1nccn1,KCWBNNAUBOUGBI-GJZGRUSLSA-N,0,antagonist,1.0,5.0
CHEMBL3954973,Cc1ccc(-n2nccn2)c(C(=O)N2CCOC[C@H]2Cc2cccc(-n3cccn3)c2)n1,ZITMXEDGKUYCKA-HXUWFJFHSA-N,0,antagonist,1.0,5.47
CHEMBL3955074,Cc1onc(-c2ccccc2Cl)c1C(=O)N1CC[C@H]1c1nc(-c2cccc(Cl)c2C)no1,PAGBJZJVDMBYEH-SFHVURJKSA-N,0,antagonist,1.0,6.18
CHEMBL3955148,COc1cccc(OC)c1C1CCC(=O)N1Cc1ccnc(-c2ccccc2)c1,TUPHNZHOLLEXOB-UHFFFAOYSA-N,0,antagonist,1.0,6.92
CHEMBL3955337,COc1cccc(OC)c1[C@@H]1CCCC(=O)N1Cc1ccc2ccccc2n1,ADMREWYBXXZUMI-IBGZPJMESA-N,0,antagonist,1.0,6.48
CHEMBL3955473,COc1cccc(OC)c1C1CC(C)C(=O)N1Cc1ccccc1OC(F)(F)F,HBVIEOAVGNJPNG-UHFFFAOYSA-N,0,antagonist,1.0,7.06
CHEMBL3955491,COc1cc(OC)c(C2CCC(=O)N2Cc2ccc(OC(F)(F)F)cc2)c(OC)c1,GNLURNURWXRIRN-UHFFFAOYSA-N,0,antagonist,1.0,6.57
CHEMBL3955752,O=C(c1cccn2cncc12)N1CCC(F)(F)[C@@H](Oc2ccc3ccccc3n2)C1,HDXOKNFWVWBAOR-IBGZPJMESA-N,0,antagonist,1.0,5.5
CHEMBL3955790,COc1cccc(OC)c1C1CCCC(=O)N1Cc1cc2ccccc2o1,OCTOQPZKGOMKKM-UHFFFAOYSA-N,0,antagonist,1.0,6.77
CHEMBL3955828,CCOc1cccc(Cl)c1[C@@H]1C[C@H](Cl)C(=O)N1Cc1ccc(OC(F)(F)F)cc1,BHQSBAYDDMEKCM-HOTGVXAUSA-N,0,antagonist,1.0,7.34
CHEMBL3955953,O=C(N[C@H]1CCC[C@@H]1Nc1ccc(C(F)(F)F)cn1)c1ccccc1-n1cccn1,FMHILWNARCKYLW-IRXDYDNUSA-N,0,antagonist,1.0,5.0
CHEMBL3956147,O=C(c1ccccc1-n1nccn1)N1CCOC[C@H]1Cc1cccc(-c2ncco2)c1,HVSHPQWTNYULCB-LJQANCHMSA-N,0,antagonist,1.0,5.7
CHEMBL3956436,COc1cccc(F)c1C(=O)N[C@H]1CCC[C@@H]1Nc1ccc(C(F)(F)F)cn1,MQGZPOWHHLFRQJ-KBPBESRZSA-N,0,antagonist,1.0,5.12
CHEMBL3956441,COc1ccc2ncn(CCn3cc(NC(=O)c4ncoc4-c4cccc(C)c4)cn3)c2c1,DQJNIDZSJODNPQ-UHFFFAOYSA-N,0,antagonist,1.0,8.07
CHEMBL3956526,COc1cc(C(=O)N2CC[C@H]2c2nc(-c3cccc(F)c3C)no2)c(-n2nccn2)cc1C,GVFDXVKQDXCIBM-SFHVURJKSA-N,0,antagonist,1.0,8.4
CHEMBL3956556,CC[C@@H]1CN(C(=O)c2ccc(C)cc2-n2nccn2)[C@H](Cc2cccc(-n3nccn3)c2)CO1,UJDZZHFYTLBQSA-FGZHOGPDSA-N,0,antagonist,1.0,6.98
CHEMBL3956662,COc1cccc(OC)c1C1CCCC(=O)N1Cc1nc2ccccc2s1,OAZRKJVWHBACBD-UHFFFAOYSA-N,0,antagonist,1.0,6.07
CHEMBL3956679,Cc1ccc(-n2nccn2)c(C(=O)N2CC[C@H]2c2nc(-c3ccccc3Cl)no2)c1,GLQGXTZSKHQCMH-SFHVURJKSA-N,0,antagonist,1.0,7.4
CHEMBL3956786,COc1cccc(OC)c1C1CCCC(=O)N1Cc1cccc(OC(F)F)c1,NARHBIYXYMDLPF-UHFFFAOYSA-N,0,antagonist,1.0,7.11
CHEMBL3956915,O=C(N[C@H]1CCC[C@@H]1Nc1cnc(C(F)(F)F)cn1)c1c(F)ccc(F)c1-n1nccn1,SLTIITHGCVLBFP-STQMWFEESA-N,0,antagonist,1.0,5.0
CHEMBL3956993,O=C(N[C@H]1CC(F)(F)C[C@@H]1Nc1ccc(OC(F)(F)F)cn1)c1ccccc1-n1nccn1,KTBNUTACVJYWNB-GJZGRUSLSA-N,0,antagonist,1.0,5.0
CHEMBL3957094,Cc1noc(-c2ccccc2C(=O)N[C@H]2CCC[C@]2(C)Nc2cnc(C(F)(F)F)cn2)n1,HOGCJGWOKMWHMI-YWZLYKJASA-N,0,antagonist,1.0,5.0
CHEMBL3957144,COc1cccc(OC)c1C1CCCC(=O)N1Cc1cccc(-c2ccncc2)c1,URZVYLCWCFRJGT-UHFFFAOYSA-N,0,antagonist,1.0,7.19
CHEMBL3957156,COc1cccc(OC)c1C1CC(C)C(=O)N1Cc1ccnc(-c2ncc(C)s2)c1,BNGROQZZKLNDIO-UHFFFAOYSA-N,0,antagonist,1.0,7.29
CHEMBL3957175,Cc1ccc(C(=O)N2CCO[C@H](C)[C@H]2Cc2cccc(-n3nccn3)c2)c(-n2nccn2)c1,WOQOCTXBEIMJQF-XMSQKQJNSA-N,0,antagonist,1.0,5.46
CHEMBL3957444,COc1cccc(OC)c1C1CCCCC(=O)N1Cc1cccc(-c2cscn2)c1,ZMTCNVKXOVTJKY-UHFFFAOYSA-N,0,antagonist,1.0,7.72
CHEMBL3957489,Cc1ccc(-n2nccn2)c(C(=O)N2CC[C@H]2c2nc(-c3ccccc3C)no2)c1,RTSMIOKUBXCXSN-IBGZPJMESA-N,0,antagonist,1.0,7.72
CHEMBL3957500,CCOc1cc(F)ccc1[C@@H]1C[C@@H](O)C(=O)N1Cc1ccc(OC(F)(F)F)cc1,RFXGPXSRKNMNKO-DLBZAZTESA-N,0,antagonist,1.0,5.87
CHEMBL3957590,COc1cc(C(=O)N2CC[C@H]2c2nc(-c3ccccc3OC(F)(F)F)no2)c(-n2nccn2)cc1C,CTKBFWJKMMLDTD-INIZCTEOSA-N,0,antagonist,1.0,8.22
CHEMBL3957620,COc1ccc(-n2nccn2)c(C(=O)N2CCOC[C@H]2Cc2cc(-n3nccn3)ccc2F)c1,JBGQDYPWYFNNTI-GOSISDBHSA-N,0,antagonist,1.0,5.95
CHEMBL3957752,Cc1ccc(-n2nccn2)c(C(=O)N2CCOC[C@H]2Cc2cccc(-c3ccccn3)c2)c1,QQGJVBSRNSZDOO-JOCHJYFZSA-N,0,antagonist,1.0,5.99
CHEMBL3957833,COc1cccc(OC)c1C1CC(C)C(=O)N1Cc1ccc(OC(F)(F)F)c(F)c1,VVSRDQVMSLZZIY-UHFFFAOYSA-N,0,antagonist,1.0,6.74
CHEMBL3957941,O=C(N[C@H]1CCC[C@@H]1Nc1cnc(C(F)(F)F)cn1)c1ccccc1-n1nccn1,WAXRXPQAVVNYLR-KBPBESRZSA-N,0,antagonist,1.0,5.0
CHEMBL3958101,CCc1nc(C(F)(F)F)cnc1N[C@H]1CCC[C@@H]1NC(=O)c1ncccc1-n1nccn1,UFGCLPDMIZHEED-KBPBESRZSA-N,0,antagonist,1.0,5.0
CHEMBL3958107,COc1ccc2ccn(CCn3cc(NC(=O)c4ncoc4-c4cccc(C)c4)cn3)c2c1,QSGDIIDNYHCWCV-UHFFFAOYSA-N,0,antagonist,1.0,8.100000000000001
CHEMBL3958111,COc1cccc(OC)c1C1CCCCC(=O)N1Cc1ccc2sc(C)nc2c1,LOZVYDSGHVOKPW-UHFFFAOYSA-N,0,antagonist,1.0,7.54
CHEMBL3958239,O=C(N[C@H]1CCC[C@@H]1Nc1ccc(C(F)(F)F)cn1)c1cccc(F)c1-n1nccn1,WEGPMPXYQLUZNL-HOTGVXAUSA-N,0,antagonist,1.0,5.0
CHEMBL3958542,CCOc1cccc(F)c1[C@@H]1C[C@@H](O)C(=O)N1Cc1ccc(OC(F)(F)F)cc1,OTNPTVOOFJAOQW-JKSUJKDBSA-N,0,antagonist,1.0,7.48
CHEMBL3958622,COc1ccnc(OC)c1C1CC(C)C(=O)N1Cc1cccc(-c2csc(C)n2)c1,RRXDXVXPVJIGDF-UHFFFAOYSA-N,0,antagonist,1.0,6.95
CHEMBL3958706,COc1cc(C(=O)N2CC[C@H]2c2noc(-c3ccccc3OC(F)(F)F)n2)c(-n2nccn2)cc1F,UEHAGGQKTBZZLN-HNNXBMFYSA-N,0,antagonist,1.0,7.11
CHEMBL3958727,O=C(N[C@H]1CCC[C@@H]1Nc1cnc(C2CC2)cn1)c1ccccc1-n1nccn1,WDKJBDYAMCBXSL-IRXDYDNUSA-N,0,antagonist,1.0,5.0
CHEMBL3958891,CCOc1cccc(F)c1C1CC(C)C(=O)N1Cc1cccc(-c2ncc(C)s2)c1,RIRYXIASDPQCQR-UHFFFAOYSA-N,0,antagonist,1.0,8.7
CHEMBL3958937,COc1ccc(CN2C(=O)CCCC2c2c(OC)cccc2OC)cc1,JVROGSREYCFSNK-UHFFFAOYSA-N,0,antagonist,1.0,6.4
CHEMBL3958954,Cc1nc(C(=O)N2CC[C@H]2c2nc(-c3ccccc3OC(F)(F)F)no2)c(-c2ccccc2C)s1,IDPQIUDRENYMKS-KRWDZBQOSA-N,0,antagonist,1.0,6.38
CHEMBL3959036,COc1cc(-c2ocnc2C(=O)Nc2cnn(CCn3ccc4cc(OC)c(OC)cc43)c2)ccc1C,NVWLBWMTSKDZMB-UHFFFAOYSA-N,0,antagonist,1.0,6.96
CHEMBL3959128,CCOc1ncccc1-c1nnc([C@@H]2CCN2C(=O)c2cc(C)ccc2-n2nccn2)[nH]1,PKOKFVHTQBGJKS-SFHVURJKSA-N,0,antagonist,1.0,7.04
CHEMBL3959140,O=C(NC1CC(F)(F)CC1Nc1ccc(C(F)(F)F)cn1)c1ccccc1-n1nccn1,KDDGILRGTBBNDE-UHFFFAOYSA-N,0,antagonist,1.0,5.029999999999999
CHEMBL3959151,COc1cc2ccn(CCn3nc(C)c(NC(=O)c4ncoc4-c4cccc(C)c4)c3C)c2cc1OC,MBJLTWHRJKMWEB-UHFFFAOYSA-N,0,antagonist,1.0,6.33
CHEMBL3959304,Cc1cccc(-c2ocnc2C(=O)Nc2cnn(CCNc3nc4cc(Cl)ccc4o3)c2)c1,RNPMQXMSFRNAIQ-UHFFFAOYSA-N,0,antagonist,1.0,5.29
CHEMBL3959470,O=C(c1ccc(C(F)(F)F)cc1-n1nccn1)N1CCOC[C@H]1Cc1cccc(-n2nccn2)c1,APWITTXYMQNNTN-LJQANCHMSA-N,0,antagonist,1.0,6.88
CHEMBL3959617,Cc1cccc(-c2ocnc2C(=O)N2CC[C@H]2c2nc(-c3ccccc3OC(F)(F)F)no2)c1,NYGUAMUCEKKQLZ-INIZCTEOSA-N,0,antagonist,1.0,6.52
CHEMBL3959670,COc1cccc(OC)c1C1CCCC(=O)N1Cc1cc2ccccc2n1C,NSZOOLJZICMMOL-UHFFFAOYSA-N,0,antagonist,1.0,7.39
CHEMBL3959783,CCOc1ncccc1-c1nc([C@@H]2CCN2C(=O)c2cc(C)ccc2-n2nccn2)no1,VWAPJTCYQBYLJV-SFHVURJKSA-N,0,antagonist,1.0,8.7
CHEMBL3959904,COc1ccc(C[C@@H]2COCCN2C(=O)c2cc(C)ccc2-n2nccn2)cc1-c1ncon1,PNRIERFKCYVVOG-GOSISDBHSA-N,0,antagonist,1.0,7.38
CHEMBL3959981,COc1cccc(OC)c1C1CCCCC(=O)N1Cc1cccc(-c2ccccc2)n1,IEYYLRXQRJUCOL-UHFFFAOYSA-N,0,antagonist,1.0,7.58
CHEMBL3960019,COc1cc(OC)nc(N[C@H](C)Cn2cc(NC(=O)c3ncoc3-c3cccc(C)c3)cn2)n1,GKWBHFQZXGYBAN-OAHLLOKOSA-N,0,antagonist,1.0,6.45
CHEMBL3960262,COc1cccc(OC)c1C1CC(C)C(=O)N1Cc1cc2cc(F)ccc2n1C,DYSDXWPNOMDVOS-UHFFFAOYSA-N,0,antagonist,1.0,6.85
CHEMBL3960391,O=C(c1ccccc1-n1nccn1)N1CCOC[C@@H]1Cc1cccc(-n2nccn2)c1,HCNLIVZSGOZAEH-IBGZPJMESA-N,0,antagonist,1.0,5.35
CHEMBL3960536,O=C1CCC(c2ccccc2-c2ccccc2)N1Cc1cccc(-c2ccccc2)c1,ZAMDUPISIIFIES-UHFFFAOYSA-N,0,antagonist,1.0,6.27
CHEMBL3960556,O=C(c1ccc(F)cc1-n1nccn1)N1CCOC[C@H]1Cc1cccc(-n2nccn2)c1,QCNZPQHXWUCBEP-LJQANCHMSA-N,0,antagonist,1.0,6.015000000000001
CHEMBL3960693,O=C(c1cc(F)ccc1-n1nccn1)N1CCOC1Cn1ccc(-c2ccc(F)cc2)n1,RLIZZUBDICNGEF-UHFFFAOYSA-N,0,antagonist,1.0,6.63
CHEMBL3960974,COc1cc(C(=O)N2CC[C@H]2c2nc(-c3ccccc3OC(F)(F)F)no2)c(-n2nccn2)cc1F,FLEPWMSNJHLEST-HNNXBMFYSA-N,0,antagonist,1.0,7.41
CHEMBL3961068,O=C(N[C@H]1CCC[C@@H]1Nc1ccc(C(F)(F)F)cn1)c1ccccc1Cl,GWLZLMIQIQBKLX-GJZGRUSLSA-N,0,antagonist,1.0,5.0
CHEMBL3961144,Cc1cccc(-c2ocnc2C(=O)Nc2cnn(CCn3ccc4ccccc43)c2)c1,GPMPRCWKFVUNFH-UHFFFAOYSA-N,0,antagonist,1.0,7.03
CHEMBL3961204,O=C(c1ccc(C(F)(F)F)cc1-n1nccn1)N1CCOC[C@H]1Cc1cc(-n2nccn2)ccc1F,HYFRBSMLWUEXKY-GOSISDBHSA-N,0,antagonist,1.0,6.8
CHEMBL3961425,O=C(NC1CC(F)(F)CC1Nc1cnc(C(F)(F)F)cn1)c1ccccc1-n1nccn1,YPQRRFHXHDMNBY-UHFFFAOYSA-N,0,antagonist,1.0,5.0
CHEMBL3961858,Cc1ccc(-n2nccn2)c(C(=O)N2[C@H](Cn3ccc(-c4ccc(F)cn4)n3)OC[C@@H]2C)c1,DPVRTJAYOKJIFQ-AOMKIAJQSA-N,0,antagonist,1.0,7.38
CHEMBL3961871,Cc1ccc(-n2nccn2)c(C(=O)N2[C@@H]3CC[C@H]2[C@H](COc2ccc(F)cn2)C3)n1,WGJDXEJAXMDTDU-UAGQMJEPSA-N,0,antagonist,1.0,6.995
CHEMBL3962013,COc1ccc(OC(F)(F)F)cc1CN1C(=O)C(C)CC1c1c(OC)cccc1OC,DQPCWUWHHKIBQE-UHFFFAOYSA-N,0,antagonist,1.0,6.35
CHEMBL3962055,O=C(c1ccccc1-n1nccn1)N1CCOC[C@H]1Cc1cccc(-c2ncccn2)c1,RHBCBAZYIYZIMR-HXUWFJFHSA-N,0,antagonist,1.0,5.72
CHEMBL3962071,COc1cccc(OC)c1C1CCCC(=O)N1Cc1cccc(-c2cncs2)c1,ACRPTJULOPXGFI-UHFFFAOYSA-N,0,antagonist,1.0,7.77
CHEMBL3962086,COc1c(F)cccc1-c1noc([C@H]2CCN2C(=O)c2ccc(C)cc2-n2nccn2)n1,HJDKRWJGSBWZFK-QGZVFWFLSA-N,0,antagonist,1.0,7.48
CHEMBL3962237,COc1cncc(OC)c1C1CCCC(=O)N1Cc1cccc(-c2ccccn2)c1,VJUIXCOOQUYPSQ-UHFFFAOYSA-N,0,antagonist,1.0,7.05
CHEMBL3962408,COc1cc(CN2C(=O)C(C)CC2c2c(OC)cccc2OC)ccc1OC(F)F,HNDLNRVVUUYXHR-UHFFFAOYSA-N,0,antagonist,1.0,6.63
CHEMBL3962597,COc1ccc2[nH]cc(CCn3cc(NC(=O)c4ncsc4-c4ccccc4)cn3)c2c1,XCRAMDMRKDZDGJ-UHFFFAOYSA-N,0,antagonist,1.0,7.19
CHEMBL3962710,Cc1ccc(C(=O)N2CCOC[C@H]2Cc2cccc(-n3cccn3)c2)c(-n2nccn2)c1,WYFQHYNFGVNXFG-OAQYLSRUSA-N,0,antagonist,1.0,6.5
CHEMBL3962811,COc1cccc(OC)c1C1CCCCC(=O)N1Cc1cccc(-n2cccn2)n1,HCZHZFFMGNOCCI-UHFFFAOYSA-N,0,antagonist,1.0,6.37
CHEMBL3962902,Cc1ccc(C(=O)N2C[C@@H](C)OC[C@H]2Cc2cc(-c3ncccn3)ccc2F)c(-n2nccn2)c1,HYSRABRBUHZYQJ-WIYYLYMNSA-N,0,antagonist,1.0,6.58
CHEMBL3962927,Cc1ccc(-c2ncccn2)c(C(=O)N2CC[C@H]2c2nnc(-c3ccccc3OC(F)(F)F)[nH]2)c1,PJGYTNQIRSYAMS-SFHVURJKSA-N,0,antagonist,1.0,6.46
CHEMBL3962952,COc1cccc(OC)c1C1CC(C)C(=O)N1Cc1csc(-c2ccccc2)n1,QOFWEFQLAAVPSJ-UHFFFAOYSA-N,0,antagonist,1.0,7.27
CHEMBL3963023,Cc1ccc(C(=O)N2CCOC[C@H]2Cc2cc(-n3nccn3)ccc2C)c(-n2nccn2)c1,QRQCKASOXSZLKU-OAQYLSRUSA-N,0,antagonist,1.0,5.995
CHEMBL3963082,COc1cccc(-n2cccn2)c1C(=O)N[C@H]1CCC[C@@H]1Nc1cnc(C(F)(F)F)cn1,BFGSQTIQMVPAIG-KBPBESRZSA-N,0,antagonist,1.0,5.0
CHEMBL3963262,Cc1cc(C(=O)N2CCOC[C@H]2Cc2cccc(-c3ncon3)c2)c(-n2nccn2)cc1C,BTNLZELUPKRKLO-HXUWFJFHSA-N,0,antagonist,1.0,7.68
CHEMBL3963320,C[C@]1(Nc2cnc(C(F)(F)F)cn2)CCC[C@@H]1NC(=O)c1cc(Cl)ccc1-n1nccn1,WFGSTTYRNIKJJI-KXBFYZLASA-N,0,antagonist,1.0,5.25
CHEMBL3963425,COc1cccc(OC)c1C1CCCC(=O)N1Cc1cccc(OC(F)F)n1,BJBDGZHJEUJUCL-UHFFFAOYSA-N,0,antagonist,1.0,7.19
CHEMBL3963602,COc1cccc(OC)c1C1CCCC(=O)N1Cc1ccc(OC(C)C)cc1,BNRURYYDNBPFTE-UHFFFAOYSA-N,0,antagonist,1.0,7.8
CHEMBL3963632,Cc1nc(C(F)(F)F)cnc1N[C@H]1CCC[C@@H]1NC(=O)c1ncccc1-n1nccn1,KVMCNVWYIACSPG-STQMWFEESA-N,0,antagonist,1.0,5.0
CHEMBL3963637,CN(c1cnc(C(F)(F)F)cn1)[C@H]1CCC[C@@H]1NC(=O)c1ccccc1-n1nccn1,LFSJRMSOXMPYLY-HOCLYGCPSA-N,0,antagonist,1.0,5.0
CHEMBL3963773,Cc1cccc(-c2sc(C)nc2C(=O)N2CC[C@H]2c2nc(-c3ccccc3OC(F)(F)F)no2)c1,IHPXOMRZVPWOTK-KRWDZBQOSA-N,0,antagonist,1.0,6.92
CHEMBL3964074,Cc1cccc(-c2ocnc2C(=O)Nc2cnn(CCOc3cnc4ccccc4n3)c2)c1,PHLDAHHMNAPBQI-UHFFFAOYSA-N,0,antagonist,1.0,6.08
CHEMBL3964151,Cc1ccc(-n2nccn2)c(C(=O)N2CC[C@H]2c2nc(-c3c(C)cccc3F)no2)c1,CAQSJYDHFANXMS-SFHVURJKSA-N,0,antagonist,1.0,6.94
CHEMBL3964256,CCOc1ncccc1-c1nc([C@@H]2CCN2C(=O)c2cc(Cl)c(C)cc2-n2nccn2)no1,KYNVYTOEXFMNLS-KRWDZBQOSA-N,0,antagonist,1.0,9.0
CHEMBL3964349,CCOc1cccc(F)c1[C@@H]1C[C@H](F)C(=O)N1Cc1ccc(OC(F)(F)F)c(Cl)c1,QWQQJMSWYYTSLP-GJZGRUSLSA-N,0,antagonist,1.0,8.4
CHEMBL3964366,Cc1ccc(C(=O)N2CCOC[C@H]2Cc2cccc(-n3nccn3)c2F)c(-n2nccn2)c1,YNLXALPSUPUEOW-GOSISDBHSA-N,0,antagonist,1.0,5.6850000000000005
CHEMBL3964401,COc1cccc(OC)c1C1CCC(=O)N1Cc1ccc(Oc2nc(C)cs2)cc1,RUQICYBKEJVNCY-UHFFFAOYSA-N,0,antagonist,1.0,6.9
CHEMBL3964419,CCOc1cccc(F)c1C1CC(C)C(=O)N1Cc1ccnc(-n2cccn2)c1,RSHVBRLERJHIGL-UHFFFAOYSA-N,0,antagonist,1.0,8.05
CHEMBL3964513,O=C(NC1CCCC1Cc1ccc(C(F)(F)F)cn1)c1ccccc1-n1nccn1,IKUCTWUQIFHMNW-UHFFFAOYSA-N,0,antagonist,1.0,5.0
CHEMBL3964578,COc1cccc(OC)c1C1CCCC(=O)N1Cc1cnn(-c2ccccc2)c1,LMMPJOIAPQATRY-UHFFFAOYSA-N,0,antagonist,1.0,6.94
CHEMBL3964719,O=C(c1ccccc1-n1nccn1)N1CCOC[C@H]1Cc1cccc(-c2ncon2)c1,CSOMRAVZERRDSF-GOSISDBHSA-N,0,antagonist,1.0,6.09
CHEMBL3964757,COc1cccc(F)c1[C@@H]1C[C@H](F)C(=O)N1Cc1ccc(OC(F)(F)F)cc1,RSSCYNJAIIIIET-GJZGRUSLSA-N,0,antagonist,1.0,7.18
CHEMBL3964827,COc1cc(-c2ocnc2C(=O)Nc2cnn(CCn3c(C)nc4ccccc43)c2)ccc1C,BMSARKHZDLDHKH-UHFFFAOYSA-N,0,antagonist,1.0,5.42
CHEMBL3964868,Cc1c(Cl)cccc1-c1nc([C@@H]2CCN2C(=O)c2cc(F)ccc2-c2ncccn2)no1,FEOJJNUHYZTQSC-IBGZPJMESA-N,0,antagonist,1.0,6.91
CHEMBL3964922,O=C1CCCC(c2c(F)cccc2C(F)(F)F)N1Cc1ccc(OC(F)(F)F)cc1,AKHRIKMRYSIIOK-UHFFFAOYSA-N,0,antagonist,1.0,5.23
CHEMBL3965024,Cc1ccc(-n2nccn2)c(C(=O)N2CC[C@H]2c2noc(-c3cccc(F)c3C)n2)c1,XODWTMJEFQLUSV-IBGZPJMESA-N,0,antagonist,1.0,8.1
CHEMBL3965025,Cc1ccc(C(=O)N2C[C@@H](C)OC[C@H]2Cc2cc(-c3ncccn3)ccc2F)c(-n2nccn2)c1C,SWDMQWHTMPUUHA-XMSQKQJNSA-N,0,antagonist,1.0,6.09
CHEMBL3965076,Cc1c(Cl)cccc1-c1noc([C@@H]2CCN2C(=O)c2ncsc2-c2cccc(Cl)c2)n1,GWUIMMKGQJLKAS-KRWDZBQOSA-N,0,antagonist,1.0,6.43
CHEMBL3965326,COc1ccc2c(c1C1CCCC(=O)N1Cc1cccc(-c3ccccc3)c1)OCO2,SLIKAZDQSXPQMR-UHFFFAOYSA-N,0,antagonist,1.0,7.52
CHEMBL3965358,COc1ccc2ccccc2c1C1CCCC(=O)N1Cc1cccc(-c2ncc(C)s2)c1,UBZCKQZTEFFDOL-UHFFFAOYSA-N,0,antagonist,1.0,7.23
CHEMBL3965481,COc1cccc(OC)c1C1CCCCC(=O)N1Cc1ccc2ccccc2n1,RBVYTFBEONOABB-UHFFFAOYSA-N,0,antagonist,1.0,7.09
CHEMBL3965500,Cc1c(Cl)cccc1-c1nc([C@@H]2CCN2C(=O)c2ccccc2-n2nccn2)no1,QXNDPXJOGZQXCO-SFHVURJKSA-N,0,antagonist,1.0,7.47
CHEMBL3965518,COc1ccccc1C1CCCC(=O)N1Cc1ccc2ccccc2c1,OKQMFWHOJSREIR-UHFFFAOYSA-N,0,antagonist,1.0,6.43
CHEMBL3965816,Cc1cc(C(=O)N2CC[C@H]2c2noc(-c3cccc(Cl)c3C)n2)c(-n2nccn2)cc1C,BAWRVITXGCLSQL-IBGZPJMESA-N,0,antagonist,1.0,8.7
CHEMBL3965827,Cc1ccc(-n2nccn2)c(C(=O)N2CCOC[C@H]2Cc2cc(-n3nccn3)ccc2Cl)c1,HZYFRDSVQFDLHM-LJQANCHMSA-N,0,antagonist,1.0,6.2
CHEMBL3965859,COc1cc(OC)nc(NCCn2cc(NC(=O)c3ncoc3-c3ccccc3F)cn2)n1,XYTDMGGAIOQVPY-UHFFFAOYSA-N,0,antagonist,1.0,7.39
CHEMBL3965895,COc1cccc(OC)c1C1CCC(=O)N1Cc1cccc(N2CCCCC2)c1,IFZMTWHWSLASIE-UHFFFAOYSA-N,0,antagonist,1.0,6.07
CHEMBL3965933,O=C(N[C@H]1CCC[C@@H]1Nc1cnc(C(F)(F)F)cn1)c1ncccc1C1CC1,AFBKMNNXFDRXES-KBPBESRZSA-N,0,antagonist,1.0,5.0
CHEMBL3966231,Cc1cc(C(=O)N2CC[C@H]2c2nc(-c3cccc(Cl)c3C)no2)c(-n2nccn2)cc1C,LBFZDWZNFZCFTN-IBGZPJMESA-N,0,antagonist,1.0,8.7
CHEMBL3966483,CC(C)c1nc(C(F)(F)F)cnc1N[C@H]1CCC[C@@H]1NC(=O)c1ccccc1-n1nccn1,ODRJDAPEFIEULH-HOTGVXAUSA-N,0,antagonist,1.0,5.45
CHEMBL3966568,Cc1cccc(-c2ocnc2C(=O)Nc2cnn(CCc3cn(C)c4ccccc34)c2)c1,LZJSUEXNZHVVTM-UHFFFAOYSA-N,0,antagonist,1.0,6.58
CHEMBL3966605,CC(C)Oc1cccc(F)c1[C@@H]1C[C@H](F)C(=O)N1Cc1ccc(OC(F)(F)F)cc1,WSELYEKFEBWTAJ-IRXDYDNUSA-N,0,antagonist,1.0,7.96
CHEMBL3966611,O=C(N[C@H]1CCC[C@@H]1Nc1ccc(C(F)(F)F)cn1)c1ccccc1-c1ncccn1,YJFUIESOIKYXRM-ROUUACIJSA-N,0,antagonist,1.0,5.0
CHEMBL3966888,COc1cc2ncn(CCn3cc(NC(=O)c4ncoc4-c4cccc(C)c4)cn3)c2cc1OC,KMHVJUCKPCZGFM-UHFFFAOYSA-N,0,antagonist,1.0,7.2
CHEMBL3966965,COc1cccc(OC)c1C1CCCCC(=O)N1Cc1cccc(N2CCCC2)c1,YGNNSLBDINPURJ-UHFFFAOYSA-N,0,antagonist,1.0,7.8
CHEMBL3966972,COc1ccc(F)c(OC)c1[C@@H]1C[C@@H](Cl)C(=O)N1Cc1ccc(OC(F)(F)F)cc1,ILLYINPVJKGWKE-HIFRSBDPSA-N,0,antagonist,1.0,5.75
CHEMBL3967022,O=C(N[C@H]1CCC[C@@H]1Nc1cnc(C(F)(F)F)cn1)c1cc(C2CC2)ccc1-n1nccn1,QUTFAVMXQMTGMH-IRXDYDNUSA-N,0,antagonist,1.0,5.0
CHEMBL3967125,O=C(c1cc(Cl)ccc1-n1nccn1)N1CCOC[C@H]1Cc1cc(-c2ncon2)ccc1F,GOPNUSXTFNCXKO-QGZVFWFLSA-N,0,antagonist,1.0,6.62
CHEMBL3967139,Cc1ccc(-n2nccn2)c(C(=O)N2CCOC[C@H]2Cc2cccc(-c3ccncc3)c2)c1,KQPLEQHOKPZPHW-HSZRJFAPSA-N,0,antagonist,1.0,5.68
CHEMBL3967251,O=C(c1ccccc1-n1nccn1)N1CCOC[C@H]1Cc1cccc(-c2nccs2)c1,FYEWZQAALXXWSM-LJQANCHMSA-N,0,antagonist,1.0,6.34
CHEMBL3967667,O=C(N[C@H]1CCC[C@@H]1Nc1cnc(C(F)(F)F)cn1)c1cc(F)ccc1-n1nccn1,UPDXOMIQLLPLFZ-KBPBESRZSA-N,0,antagonist,1.0,5.0
CHEMBL3967832,COc1cccc(OC)c1C1CCCC(=O)N1Cc1ccc(OCCF)cc1,YCLYXQUSYHIHEA-UHFFFAOYSA-N,0,antagonist,1.0,7.21
CHEMBL3967901,COc1ccc(Cl)c(OC)c1[C@@H]1C[C@H](F)C(=O)N1Cc1ccc(OC(F)(F)F)cc1,ALKRIZHABJGFFB-GJZGRUSLSA-N,0,antagonist,1.0,5.99
CHEMBL3968122,O=C(N[C@H]1CCC[C@@H]1Nc1ncc(C(F)(F)F)cc1F)c1ncccc1-c1ncccn1,YFSHMKRSYHMDMV-HOTGVXAUSA-N,0,antagonist,1.0,5.0
CHEMBL3968141,O=C(c1cc(Cl)ccc1-n1nccn1)N1CCOC[C@H]1Cc1cc(-n2nccn2)ccc1F,RWRHTRNNYAAULR-GOSISDBHSA-N,0,antagonist,1.0,6.73
CHEMBL3968171,COc1cccc(OC)c1C1CCCC(=O)N1Cc1cccc(-c2cccnc2)c1,GXWVOUXPUUSXQW-UHFFFAOYSA-N,0,antagonist,1.0,7.26
CHEMBL3968360,COc1cccc(OC)c1C1CCCCC(=O)N1Cc1ccc2nc(C)sc2c1,NWFKASOEMQBZIN-UHFFFAOYSA-N,0,antagonist,1.0,6.59
CHEMBL3968480,Cc1cc(C(=O)N2CCOC[C@H]2Cc2cc(-c3ncon3)ccc2F)c(-n2nccn2)cc1C,PUBPGWFEGLTPSV-LJQANCHMSA-N,0,antagonist,1.0,7.47
CHEMBL3968500,Cc1ccc(C(=O)N2CC[C@H]2c2noc(-c3cccc(Cl)c3C)n2)c(-n2nccn2)c1,QOBNXSVQORJTRZ-SFHVURJKSA-N,0,antagonist,1.0,8.05
CHEMBL3968605,COc1cc(C(=O)N2CC[C@H]2c2nc(-c3cccc(F)c3C)no2)c(-n2nccn2)cc1F,MJIDNGCQJQMYMY-KRWDZBQOSA-N,0,antagonist,1.0,7.57
CHEMBL3968722,O=C(c1ccccc1-n1nccn1)N1CCOC[C@H]1Cc1cc(-n2nccn2)ccc1F,HVGUQKUDHLWJBC-GOSISDBHSA-N,0,antagonist,1.0,5.56
CHEMBL3968919,O=C1CCCCC(c2ccccc2-c2ccccc2)N1Cc1cccc(-c2nccs2)c1,NYJLVIUYVMKPSD-UHFFFAOYSA-N,0,antagonist,1.0,7.11
CHEMBL3968942,COc1cc(C(=O)N2CCOC[C@H]2Cc2cccc(-n3nccn3)c2)c(-n2nccn2)cc1F,ASCMSCIVNMZFPN-GOSISDBHSA-N,0,antagonist,1.0,6.28
CHEMBL3968960,Cc1ccc(-n2nccn2)c(C(=O)NC2CCCC2Cc2ccc(C(F)(F)F)cn2)c1,JZZVVOYXYUGHND-UHFFFAOYSA-N,0,antagonist,1.0,5.0
CHEMBL3969035,COc1cc(Br)cnc1N[C@H]1CCC[C@@H]1NC(=O)c1ccccc1-n1nccn1,LAMKAOVXHIXULG-HOTGVXAUSA-N,0,antagonist,1.0,5.11
CHEMBL3969411,Cc1ccc(-n2nccn2)c(C(=O)N[C@H]2CCC[C@@H]2Nc2ccc(Cl)cn2)c1,MUEYQYQKFWJILD-IRXDYDNUSA-N,0,antagonist,1.0,5.0
CHEMBL3969627,COc1cccc(OC)c1C1CCC(=O)N1Cc1ccc(Oc2ccccc2)cc1,QDIASNGSQGQKNP-UHFFFAOYSA-N,0,antagonist,1.0,7.24
CHEMBL3969634,COc1ccc(F)c(OC)c1[C@@H]1C[C@H](F)C(=O)N1Cc1ccc(OC(F)(F)F)cc1,QOSKJOLEGJZPDC-GJZGRUSLSA-N,0,antagonist,1.0,6.53
CHEMBL3969685,CCOc1ccc(CN2C(=O)CCCC2c2c(OC)cccc2OC)cc1,MBEZYQYMHWTYCR-UHFFFAOYSA-N,0,antagonist,1.0,7.19
CHEMBL3969724,CCOc1ccccc1C1CCCC(=O)N1Cc1ccc(OC(F)(F)F)cc1,RUSFURXJIGWJEC-UHFFFAOYSA-N,0,antagonist,1.0,6.37
CHEMBL3969830,COc1ccnc(OC)c1C1CCCC(=O)N1Cc1cccc(-c2csc(C)n2)c1,ILPKRFOPCQBPFG-UHFFFAOYSA-N,0,antagonist,1.0,7.89
CHEMBL3969853,COc1cccc(OC)c1C1CCCC(=O)N1C(C)c1cnc(OC(F)F)c(Cl)c1,HMIGQZCCCBMNIM-UHFFFAOYSA-N,0,antagonist,1.0,7.47
CHEMBL3969869,Cc1cccc(-c2ocnc2C(=O)Nc2cnn(CCNc3nc4ccccc4n3C)c2)c1,RMRKKVLRYNGOOM-UHFFFAOYSA-N,0,antagonist,1.0,6.04
CHEMBL3969984,O=C(c1cc(F)ccc1-n1nccn1)N1CCOC[C@H]1Cc1cccc(-n2nccn2)c1,HGBYUIVSHGPNIW-LJQANCHMSA-N,0,antagonist,1.0,6.08
CHEMBL3969988,COc1cccc(OC)c1C1CC(C)C(=O)N1Cc1cccc(OC(C)C)c1,CUHWSDROJUVQOG-UHFFFAOYSA-N,0,antagonist,1.0,7.03
CHEMBL3970006,COc1cccc(OC)c1C1CCC(=O)N1Cc1cccc(-c2noc(C)n2)c1,UDYWJNVTESMNPU-UHFFFAOYSA-N,0,antagonist,1.0,6.26
CHEMBL3970150,COc1ccc2c(c1C1CCCC(=O)N1Cc1cccc(-c3csc(C)n3)c1)OCO2,RCVHLVICUOZHDC-UHFFFAOYSA-N,0,antagonist,1.0,7.96
CHEMBL3970228,Cc1ccc(-n2nccn2)c(C(=O)N2CC[C@H]2c2nnc(-c3cccc(Cl)c3C)[nH]2)c1,RMWLTIZCOIDMKI-IBGZPJMESA-N,0,antagonist,1.0,6.62
CHEMBL3970371,COc1cc(OC)nc(NCCn2cc(NC(=O)c3ncoc3-c3cccc(C)c3)cn2)n1,LPVGXTRSJBXLPM-UHFFFAOYSA-N,0,antagonist,1.0,7.63
CHEMBL3970401,COc1cccc(OC)c1C1CC(C)C(=O)N1Cc1cc2ccccc2n1C,ZPHZFRUOGBYSMV-UHFFFAOYSA-N,0,antagonist,1.0,6.88
CHEMBL3970504,Cc1ccc(-n2nccn2)c(C(=O)N2CCOC[C@H]2Cc2cc(-c3ncccn3)ccc2F)c1,QIKVTMHZHYXNDE-HXUWFJFHSA-N,0,antagonist,1.0,6.43
CHEMBL3970650,CCOc1ncccc1-c1noc([C@@H]2CCN2C(=O)c2cc(OC)c(F)cc2-n2nccn2)n1,WNPVWEYECZTFJN-INIZCTEOSA-N,0,antagonist,1.0,7.57
CHEMBL3970835,CCOc1ncccc1-c1nc([C@@H]2CCN2C(=O)c2cc(OC)c(C)cc2-n2nccn2)no1,ACZVEIWPNAHIKZ-KRWDZBQOSA-N,0,antagonist,1.0,9.0
CHEMBL3971038,Cc1ccc(-c2ocnc2C(=O)Nc2cnn(CCn3c(C)nc4ccccc43)c2)cc1C,ORHMMZVXRTUOFY-UHFFFAOYSA-N,0,antagonist,1.0,6.12
CHEMBL3971086,COc1cccc(OC)c1C1CC(C)C(=O)N1Cc1cccc(-n2cccn2)c1,HZUHODWFLRDVRL-UHFFFAOYSA-N,0,antagonist,1.0,6.58
CHEMBL3971093,Cc1cccc(-c2ocnc2C(=O)Nc2cnn(CCNc3nc(C)cc(C)n3)c2)c1,GIOHADDLBXKIEE-UHFFFAOYSA-N,0,antagonist,1.0,6.58
CHEMBL3971116,Cc1ccc(C(=O)N2CCOC[C@H]2Cc2cc(F)cc(-n3nccn3)c2)c(-n2nccn2)c1,JOKDLAIJHCOJRF-HXUWFJFHSA-N,0,antagonist,1.0,6.55
CHEMBL3971174,Cc1nc(C(=O)N2CC[C@H]2c2nc(-c3cccc(Cl)c3C)no2)c(-c2ccccc2)s1,ZPOSANGTTLVZER-SFHVURJKSA-N,0,antagonist,1.0,6.88
CHEMBL3971206,O=C(N[C@H]1CCC[C@@H]1Nc1ccc(C(F)(F)F)cn1)c1ncccc1-n1nccn1,KMGNRPCKEDNRLB-KBPBESRZSA-N,0,antagonist,1.0,5.0
CHEMBL3971276,CC1(Nc2cnc(C(F)(F)F)cn2)CCCC1NC(=O)c1ccccc1-n1nccn1,HMHQKDBOHKCIIS-UHFFFAOYSA-N,0,antagonist,1.0,5.12
CHEMBL3971640,CCOc1ccc(F)c(F)c1[C@@H]1C[C@H](Cl)C(=O)N1Cc1ccc(OC(F)(F)F)cc1,XMJOXAWFAYHGOA-ZFWWWQNUSA-N,0,antagonist,1.0,6.895
CHEMBL3971715,COc1cccc(OC)c1C1CC(F)(F)C(=O)N1Cc1ccc2oc3ccccc3c2c1,YEGSYMNMIHXAMS-UHFFFAOYSA-N,0,antagonist,1.0,7.72
CHEMBL3971841,COc1ccc2c(CCn3cc(NC(=O)c4ncoc4-c4cccc(C)c4)cn3)c[nH]c2c1,XVNKCDRHFKJBBW-UHFFFAOYSA-N,0,antagonist,1.0,5.805
CHEMBL3971859,Cc1ccc(-n2nccn2)c(C(=O)N2CCOC[C@H]2Cc2cccc(-n3cccc3)c2)c1,HBIJQRRDMMOOSE-JOCHJYFZSA-N,0,antagonist,1.0,6.88
CHEMBL3971938,O=C(N[C@H]1CC(F)(F)C[C@@H]1Nc1ncc(C(F)(F)F)cc1F)c1ccccc1-n1nccn1,CEUMPKROGDDTHP-GJZGRUSLSA-N,0,antagonist,1.0,5.0
CHEMBL3972040,COc1ccc(C[C@@H]2COCCN2C(=O)c2c(C)cccc2-n2nccn2)cc1-c1ncon1,UWCQHIQVETWOCJ-GOSISDBHSA-N,0,antagonist,1.0,7.31
CHEMBL3972041,COc1cccc(OC)c1C1CCC(=O)N1Cc1ccc2ccccc2c1,LLSMZDUNJOKSBC-UHFFFAOYSA-N,0,antagonist,1.0,6.95
CHEMBL3972094,Cc1cccc(-c2ocnc2C(=O)Nc2cnn(CCn3ccc4ccc(Cl)nc43)c2)c1,FCSSRWMKKRIJJW-UHFFFAOYSA-N,0,antagonist,1.0,6.97
CHEMBL3972122,COc1cccc(OC)c1C1CCCCC(=O)N1Cc1ccc(-c2ccccc2)cc1,QYACYWJYVVSSHL-UHFFFAOYSA-N,0,antagonist,1.0,6.73
CHEMBL3972274,COc1cccc(OC)c1C1CCCCC(=O)N1Cc1cccc(-c2csc(C)n2)c1,JKTONSFRVQDZTK-UHFFFAOYSA-N,0,antagonist,1.0,8.52
CHEMBL3972319,Cc1ccc(-n2nccn2)c(C(=O)N2C[C@@H](C)OC[C@H]2Cc2cc(-n3ccnn3)ccc2F)c1,OSHBRXGINANDJA-YLJYHZDGSA-N,0,antagonist,1.0,5.96
CHEMBL3972328,O=C(N[C@H]1CCC[C@@H]1Nc1cnc(C(F)(F)F)cn1)c1cc(Cl)ccc1-n1cccn1,BVJAHTQQALEZIK-GJZGRUSLSA-N,0,antagonist,1.0,5.0
CHEMBL3972713,Cc1cccc(-c2ocnc2C(=O)Nc2c(C)nn(CCn3ccc4ccccc43)c2C)c1,OIJNVKUYCRDBFZ-UHFFFAOYSA-N,0,antagonist,1.0,6.74
CHEMBL3972733,C[C@@H]1CN(C(=O)c2cccc(Cl)c2-n2nccn2)[C@H](Cc2cc(-n3nccn3)ccc2F)CO1,CJILJTGWIHZLDC-CRAIPNDOSA-N,0,antagonist,1.0,6.34
CHEMBL3972749,Cc1cccc(C(=O)N2CCOC[C@H]2Cc2cc(-c3ncccn3)ccc2F)c1-n1nccn1,VLMPYJVCPJRPBH-HXUWFJFHSA-N,0,antagonist,1.0,5.59
CHEMBL3972793,Cc1ccc(C(=O)N2CC[C@H]2c2nnc(-c3ccccc3OC(F)(F)F)[nH]2)c(-n2nccn2)c1,BTIVAWUUKLYCEZ-INIZCTEOSA-N,0,antagonist,1.0,7.96
CHEMBL3972945,COc1cccc(OCCn2cc(NC(=O)c3ncoc3-c3cccc(C)c3)cn2)c1,HXCWDNJBHMREJD-UHFFFAOYSA-N,0,antagonist,1.0,6.29
CHEMBL3972999,Cc1ccc(C[C@@H]2COCCN2C(=O)c2ccccc2-n2nccn2)cc1-n1nccn1,XLQIWSDYHVBNIH-LJQANCHMSA-N,0,antagonist,1.0,6.0
CHEMBL3973097,O=C(c1nccc2[nH]cnc12)N1CCC(F)(F)[C@@H](Oc2ccc3ccccc3n2)C1,FEAVKDCRHLEQNS-INIZCTEOSA-N,0,antagonist,1.0,5.67
CHEMBL3973182,CCOc1cccc(F)c1C1CC(C)C(=O)N1Cc1cccc(OC(F)(F)F)c1,WCQJZAHESCTNJC-UHFFFAOYSA-N,0,antagonist,1.0,7.72
CHEMBL3973202,COc1cc(F)ccc1[C@@H]1C[C@H](Cl)C(=O)N1Cc1ccc(OC(F)(F)F)cc1,LKLSQZHWKXKGKO-HOTGVXAUSA-N,0,antagonist,1.0,6.23
CHEMBL3973203,CCOc1cccnc1C(=O)N[C@H]1CCC[C@]1(C)Nc1cnc(C(F)(F)F)cn1,LTHCKXDQKJPPIY-UGSOOPFHSA-N,0,antagonist,1.0,5.0
CHEMBL3973346,COc1ccc(F)c(OC)c1[C@@H]1C[C@H](Cl)C(=O)N1Cc1ccc(OC(F)(F)F)cc1,ILLYINPVJKGWKE-ZFWWWQNUSA-N,0,antagonist,1.0,6.71
CHEMBL3973412,O=C(N[C@H]1CCC[C@@H]1Nc1cnc(C(F)(F)F)cn1)c1cc(C(F)(F)F)ccc1-n1nccn1,ZNIXSLVEKJTFEB-KBPBESRZSA-N,0,antagonist,1.0,5.0
CHEMBL3973440,Cc1c(Cl)cccc1-c1noc([C@@H]2CCN2C(=O)c2cc(Cl)ccc2-n2nccn2)n1,HAOGPYPOEIIKFU-SFHVURJKSA-N,0,antagonist,1.0,7.31
CHEMBL3973456,O=C(N[C@H]1CCC[C@@H]1Oc1cc(C(F)(F)F)ccn1)c1ccccc1-n1nccn1,YRZWMQRXCSOHEI-RDJZCZTQSA-N,0,antagonist,1.0,5.0
CHEMBL3973633,CCOc1cccc(F)c1C1CC(C)C(=O)N1Cc1cccc(OC(F)F)c1,QBJBEALOLFIXNB-UHFFFAOYSA-N,0,antagonist,1.0,7.39
CHEMBL3973636,O=C(N[C@H]1CCC[C@@H]1Nc1ccc(C(F)(F)F)cn1)c1cc(F)ccc1-c1ncccn1,WGZOMLPWMCXKOL-ROUUACIJSA-N,0,antagonist,1.0,5.0
CHEMBL3973670,Cc1cccc(-c2ocnc2C(=O)Nc2cnn(CCNc3cnc4ccccc4n3)c2)c1,HAGOOZNMVLXYNQ-UHFFFAOYSA-N,0,antagonist,1.0,6.54
CHEMBL3973773,COc1cccc(OC)c1C1CCCCC(=O)N1Cc1csc(-c2ccccc2)n1,DVETXMSHKZDDED-UHFFFAOYSA-N,0,antagonist,1.0,8.22
CHEMBL3973879,COc1cccc(OC)c1C1CC(C)C(=O)N1Cc1cccc(OCC(F)(F)F)c1,ATPYATWACZYQRA-UHFFFAOYSA-N,0,antagonist,1.0,6.96
CHEMBL3973919,CCOc1ncccc1-c1noc([C@@H]2CCN2C(=O)c2ccc(C)cc2-n2nccn2)n1,STXGYVJCUCFQQD-KRWDZBQOSA-N,0,antagonist,1.0,7.0
CHEMBL3974018,Cc1cccc(-c2scnc2C(=O)N2CC[C@H]2c2nc(-c3ccccc3OC(F)(F)F)no2)c1,CVSXRMJEYMEUDP-INIZCTEOSA-N,0,antagonist,1.0,6.47
CHEMBL3974582,COc1ccc(-n2nccn2)c(C(=O)N2CCOC[C@H]2Cc2cc(-n3nccn3)ccc2F)c1F,AHOIUZFUVOTFMM-QGZVFWFLSA-N,0,antagonist,1.0,5.58
CHEMBL3974746,Cc1ccc(-n2nccn2)c(C(=O)N2CCOC[C@H]2Cc2cccc(-n3ccnn3)c2)c1,ZFYSWSAVTSDYNI-HXUWFJFHSA-N,0,antagonist,1.0,5.5
CHEMBL3974803,CCOc1ccc(F)c(F)c1[C@@H]1C[C@@H](O)C(=O)N1Cc1ccc(OC(F)(F)F)cc1,JCVMQAUFYWVRPO-LSDHHAIUSA-N,0,antagonist,1.0,7.24
CHEMBL3974993,Cc1cc(C(F)(F)F)cnc1N[C@H]1CCC[C@@H]1NC(=O)c1ccccc1-n1nccn1,QXRFJCGDSCLSCD-IRXDYDNUSA-N,0,antagonist,1.0,5.0
CHEMBL3975042,COc1ccnc(OC)c1C1CCCC(=O)N1Cc1ccc(F)c(-c2ccccn2)c1,ITIAEHHNBTWJML-UHFFFAOYSA-N,0,antagonist,1.0,6.87
CHEMBL3975065,COc1cccc(OC)c1C1CCCC(=O)N1Cc1cc(OC(F)F)ccn1,HECPHFOPICVYBK-UHFFFAOYSA-N,0,antagonist,1.0,6.32
CHEMBL3975066,CCOc1cccc(F)c1C1CC(C)C(=O)N1Cc1ccc2oc3ccccc3c2c1,XJZTXMOXMDLNSA-UHFFFAOYSA-N,0,antagonist,1.0,8.7
CHEMBL3975071,O=C(N[C@H]1CCC[C@@H]1Nc1ncc(C(F)(F)F)cc1F)c1cc(F)ccc1-c1ncccn1,LBSWXGJCSHWSJG-ROUUACIJSA-N,0,antagonist,1.0,5.0
CHEMBL3975104,Cc1ccc(-n2nccn2)c(C(=O)N[C@H]2CCC[C@@H]2Nc2cnc(C(F)(F)F)cn2)c1,UMYXNJREGGUZAA-GJZGRUSLSA-N,0,antagonist,1.0,5.0
CHEMBL3975164,CCc1nc(C(F)(F)F)cnc1N[C@H]1CCC[C@@H]1NC(=O)c1ccccc1-c1ncccn1,LIZVFVMYUNMICZ-ROUUACIJSA-N,0,antagonist,1.0,5.0
CHEMBL3975171,COc1cccc(OC)c1C1CCCC(=O)N1Cc1cccc(-n2ccnc2)c1,LOCBGVIBPMVXJC-UHFFFAOYSA-N,0,antagonist,1.0,6.74
CHEMBL3975373,COc1ccc2c(ccn2CCn2cc(NC(=O)c3ncoc3-c3cccc(C)c3)cn2)c1,AXWUDUISEZKIOY-UHFFFAOYSA-N,0,antagonist,1.0,6.24
CHEMBL3975385,O=C(N[C@H]1CCC[C@@H]1Nc1cnc(C(F)(F)F)cn1)c1ncccc1OC(F)(F)F,ZHBMNTVRIQHVHC-UWVGGRQHSA-N,0,antagonist,1.0,5.0
CHEMBL3975507,COc1ccc(C[C@@H]2COCCN2C(=O)c2ccccc2-n2nccn2)cc1-c1ncon1,HUPRZYCCDOZRQO-QGZVFWFLSA-N,0,antagonist,1.0,7.1
CHEMBL3975924,COc1cc(C(=O)N2CC[C@H]2c2noc(-c3ccccc3OC(F)(F)F)n2)c(-n2nccn2)cc1C,LUOTWXJCSHQCCF-INIZCTEOSA-N,0,antagonist,1.0,8.4
CHEMBL3976034,C[C@@H]1CN(C(=O)c2ccccc2-n2nccn2)[C@H](Cc2cccc(-n3nccn3)c2)CO1,QWFXFQGJPGRBQR-YLJYHZDGSA-N,0,antagonist,1.0,6.54
CHEMBL3976100,COc1cccc(OC)c1C1CCCCC(=O)N1Cc1ccc2c(c1)c1ccccc1n2C,ZLLBNENAJHSOEX-UHFFFAOYSA-N,0,antagonist,1.0,7.15
CHEMBL3976124,Cc1cccc(-c2ocnc2C(=O)Nc2cn(CCNc3ncc4ccccc4n3)cn2)c1,PIOHXIWXWMDISL-UHFFFAOYSA-N,0,antagonist,1.0,6.48
CHEMBL3976348,CCOc1cccc(F)c1C1CC(C)C(=O)N1Cc1ccnc(-c2nc(C)cs2)c1,HIWAQRPJABXYFG-UHFFFAOYSA-N,0,antagonist,1.0,8.7
CHEMBL3976423,COc1cc(F)ccc1[C@@H]1C[C@@H](Cl)C(=O)N1Cc1ccc(OC(F)(F)F)cc1,LKLSQZHWKXKGKO-CVEARBPZSA-N,0,antagonist,1.0,5.67
CHEMBL3976908,Cc1ccc(-c2sc(C)nc2C(=O)N2CC[C@H]2c2nc(-c3cccc(Cl)c3C)no2)cc1,JBWPUWSCVUPDON-IBGZPJMESA-N,0,antagonist,1.0,6.77
CHEMBL3977023,COc1ccc(C[C@@H]2COCCN2C(=O)c2ccc(F)cc2-n2nccn2)cc1-c1ncon1,CZXWCWCRILWJKE-QGZVFWFLSA-N,0,antagonist,1.0,7.22
CHEMBL3977087,COc1cccc(OC)c1C1CCCCC(=O)N1Cc1cccc(-c2ncccn2)c1,XKUGHTYMIFCAQZ-UHFFFAOYSA-N,0,antagonist,1.0,7.72
CHEMBL3977119,COc1cccc(OC)c1C1CC(C)C(=O)N1Cc1cccc(-c2cncs2)c1,MAHWHRGRZKEEJX-UHFFFAOYSA-N,0,antagonist,1.0,6.94
CHEMBL3977257,O=C(N[C@H]1CCC[C@@H]1Nc1cnc(C(F)(F)F)cn1)c1cc(Cl)ccc1-n1nccn1,WKBSTBOUYRSZBY-KBPBESRZSA-N,0,antagonist,1.0,5.0
CHEMBL3977273,CC[C@@H]1CN(C(=O)c2cc(C)ccc2-n2nccn2)[C@H](Cc2cccc(-n3nccn3)c2)CO1,SBZFLVKAWPYIDI-FGZHOGPDSA-N,0,antagonist,1.0,6.54
CHEMBL3977377,COc1ccc2[nH]cc(CCn3cc(NC(=O)c4ncoc4-c4cccc(C(F)(F)F)c4)cn3)c2c1,HUAYNAQDQBVYRU-UHFFFAOYSA-N,0,antagonist,1.0,7.8
CHEMBL3977479,O=C(N[C@H]1CCC[C@@H]1Nc1ncc(C(F)(F)F)cc1Cl)c1ncccc1-n1nccn1,ROTVISRNQQAPMT-KBPBESRZSA-N,0,antagonist,1.0,5.0
CHEMBL3977521,Cc1cccc(C(=O)N2CCOC[C@H]2Cc2cc(-n3nccn3)ccc2F)c1-n1nccn1,IKDFBCDOUXZRDH-LJQANCHMSA-N,0,antagonist,1.0,5.82
CHEMBL3978028,CCOc1c(F)cccc1[C@@H]1C[C@@H](O)C(=O)N1Cc1ccc(OC(F)(F)F)cc1,HZISCKGOUMXFHH-DLBZAZTESA-N,0,antagonist,1.0,5.78
CHEMBL3978231,O=C(N[C@H]1CCC[C@@H]1Nc1cnc(C(F)(F)F)cn1)c1cc(F)ccc1-n1cccn1,IJOPDICBJZUTHP-GJZGRUSLSA-N,0,antagonist,1.0,5.0
CHEMBL3978321,CCOc1cccc(F)c1C1CC(O)C(=O)N1Cc1ccc(OC(F)(F)F)c(Cl)c1,PJQSLZJZSLCYBD-UHFFFAOYSA-N,0,antagonist,1.0,7.82
CHEMBL3978354,Cc1ccc(-c2ncccn2)c(C(=O)N2CCCOC2Cn2ccc(-c3ccc(F)cc3)n2)n1,XMTCRKRHFLBROW-UHFFFAOYSA-N,0,antagonist,1.0,8.92
CHEMBL3978378,Cc1cc(-n2nccn2)c(C(=O)N2CC[C@H]2c2nc(-c3cccc(Cl)c3C)no2)cc1Cl,OOKVSHJMCQIHFA-SFHVURJKSA-N,0,antagonist,1.0,8.0
CHEMBL3978443,COc1cccc(OC)c1C1CCCCC(=O)N1Cc1cccc(-c2ccccc2)c1,MXAFQLDZSLKFSZ-UHFFFAOYSA-N,0,antagonist,1.0,7.92
CHEMBL3978561,CCOc1ncccc1-c1nc([C@@H]2CCN2C(=O)c2cc(OC)c(Cl)cc2-n2nccn2)no1,MWJLXCJLYMSCEX-INIZCTEOSA-N,0,antagonist,1.0,9.0
CHEMBL3978573,Cc1ccc(-n2nccn2)cc1C[C@@H]1COCCN1C(=O)c1ccccc1-n1nccn1,SKTHZCLPOHWFMH-HXUWFJFHSA-N,0,antagonist,1.0,5.79
CHEMBL3978623,Cc1ccc(-n2nccn2)c(C(=O)N2CC[C@H]2c2nc(-c3cccc(F)c3C)no2)c1,YIGGVJZHZCFJLK-IBGZPJMESA-N,0,antagonist,1.0,8.05
CHEMBL3978809,CCCOc1cccc(F)c1C1CC(C)C(=O)N1Cc1ccc(OC(F)(F)F)cc1,VDOBRSWULDPXEE-UHFFFAOYSA-N,0,antagonist,1.0,6.54
CHEMBL3978828,Cc1ccc(-n2nccn2)c(C(=O)N[C@H]2CCC[C@@H]2Nc2ncc(C(F)(F)F)cn2)c1,JDBTURUQQZGBCW-HOTGVXAUSA-N,0,antagonist,1.0,5.0
CHEMBL3978924,COc1cccc(OC)c1C1CCC(=O)N1Cc1cccc(-c2ccccc2)n1,PQZCENOFLMMCII-UHFFFAOYSA-N,0,antagonist,1.0,6.98
CHEMBL3978999,O=C(c1c(F)cccc1-n1nccn1)N1CCOC[C@H]1Cc1cc(-n2nccn2)ccc1F,LCWVNVDNSNRWAR-QGZVFWFLSA-N,0,antagonist,1.0,6.24
CHEMBL3979225,COc1ccc(CN2C(=O)C(C)CC2c2c(OC)cccc2OC)cc1OC(F)(F)F,UDMJYJFTLGMXQQ-UHFFFAOYSA-N,0,antagonist,1.0,6.29
CHEMBL3979268,COc1cccc(OC)c1C1CC(C)C(=O)N1Cc1cccc(-c2csc(C)n2)c1,LRUWAFBAMKJJRR-UHFFFAOYSA-N,0,antagonist,1.0,7.62
CHEMBL3979271,Cc1ccc(-n2nccn2)c(C(=O)N2[C@H](Cn3cc(-c4ccc(F)cn4)cn3)OC[C@@H]2C)c1,HROJDHGISWMAPH-AOMKIAJQSA-N,0,antagonist,1.0,6.56
CHEMBL3979471,COc1cc(C(=O)N2CC[C@H]2c2noc(-c3cccc(Cl)c3C)n2)c(-n2nccn2)cc1C,ZBWQCFJDDIQKRB-SFHVURJKSA-N,0,antagonist,1.0,8.7
CHEMBL3979585,Cc1c(Cl)cccc1-c1noc([C@@H]2CCN2C(=O)c2cc(C(F)(F)F)ccc2-n2nccn2)n1,KYLWZDMAQILNOW-SFHVURJKSA-N,0,antagonist,1.0,6.41
CHEMBL3979924,Cc1onc(-c2ccccc2Cl)c1C(=O)N1CC[C@H]1c1nc(-c2ccccc2OC(F)(F)F)no1,FXZGPFINMOYGHP-INIZCTEOSA-N,0,antagonist,1.0,5.92
CHEMBL3980118,COc1cccc(F)c1C1CC(C)C(=O)N1Cc1csc(-c2ccc(C)cc2)n1,MOXOWSSMOJNDCO-UHFFFAOYSA-N,0,antagonist,1.0,7.31
CHEMBL3980229,CCOc1cccnc1C(=O)N[C@H]1CCC[C@@H]1Nc1cnc(C(F)(F)F)cn1,UNOCWCFKRCVLND-RYUDHWBXSA-N,0,antagonist,1.0,5.0
CHEMBL3980334,COc1cccc(OC)c1C1CCCCC(=O)N1Cc1cnc(OC(F)F)c(Cl)c1,OWJWDXDGABGHJK-UHFFFAOYSA-N,0,antagonist,1.0,7.07
CHEMBL3980549,COc1cccc(OC)c1C1CCCC(=O)N1Cc1ccc2sccc2c1,OICORZNDSGZRFF-UHFFFAOYSA-N,0,antagonist,1.0,6.85
CHEMBL3980751,COc1cccc(F)c1C1CC(C)C(=O)N1Cc1ccc2ccccc2n1,PQPRPIGDFBVOQJ-UHFFFAOYSA-N,0,antagonist,1.0,6.48
CHEMBL3980766,Cc1ccc(C(=O)N2CCOC[C@H]2Cc2cc(-c3ncon3)ccc2F)c(-n2nccn2)c1,FJYYNLJIKKPGEW-GOSISDBHSA-N,0,antagonist,1.0,6.45
CHEMBL3980818,CCOc1cccc(F)c1C1CC(C)C(=O)N1Cc1cnc2ccccc2c1,VPRUQLQARPYIHN-UHFFFAOYSA-N,0,antagonist,1.0,6.16
CHEMBL3980821,O=C(N[C@H]1CCC[C@@H]1Nc1ncc(C(F)(F)F)nc1C1CC1)c1ncccc1-c1ncccn1,HMBQAXPSSHQUTP-HOTGVXAUSA-N,0,antagonist,1.0,5.0
CHEMBL3980856,Cc1ccc(-n2nccn2)c(C(=O)N2CCOC2Cn2ccc(-c3ccc(F)cn3)n2)c1,HWEPGAHHAQYJAV-UHFFFAOYSA-N,0,antagonist,1.0,7.73
CHEMBL3980919,COc1ccnc(OC)c1C1CCCC(=O)N1Cc1ccc2nc(C)sc2c1,BVDMAVDFBWSINA-UHFFFAOYSA-N,0,antagonist,1.0,5.82
CHEMBL3980961,Cc1ccc(NCCn2cc(NC(=O)c3ncoc3-c3cccc(C)c3)cn2)nc1,JMCZUXKBUQBLNN-UHFFFAOYSA-N,0,antagonist,1.0,5.98
CHEMBL3980990,Cc1ccc(F)c(C2CCCC(=O)N2Cc2ccc(OC(F)(F)F)cc2)c1F,JZNQVLJGTHYOPI-UHFFFAOYSA-N,0,antagonist,1.0,5.61
CHEMBL3981092,COc1cccc(OC)c1C1CCCC(=O)N1Cc1ccc(OCC2CC2)cc1,SFFPOJXQDRAKDL-UHFFFAOYSA-N,0,antagonist,1.0,7.41
CHEMBL3981188,COc1cccc(OC)c1C1CCCC(=O)N1Cc1cc2ccccc2s1,HXQDVULXKHMCKD-UHFFFAOYSA-N,0,antagonist,1.0,6.6
CHEMBL3981203,COc1cccc(Cl)c1[C@@H]1C[C@H](Cl)C(=O)N1Cc1ccc(OC(F)(F)F)cc1,ZCBBXBOHRNSQKC-GJZGRUSLSA-N,0,antagonist,1.0,6.97
CHEMBL3981316,Cc1cccc(-c2ocnc2C(=O)Nc2cnn(CCn3cnc4ccccc43)c2)c1,DEQPMCRUTTUENO-UHFFFAOYSA-N,0,antagonist,1.0,7.050000000000001
CHEMBL3981349,Cc1cc(-n2nccn2)c(C(=O)N2CC[C@H]2c2nc(-c3ccccc3OC(F)(F)F)no2)cc1Cl,FYXHSPBAUOZDFS-INIZCTEOSA-N,0,antagonist,1.0,7.89
CHEMBL3981385,Cc1ccc(-n2nccn2)c(C(=O)N2CCCC[C@H]2Cc2cccc(-n3nccn3)c2)c1,VYUBRYYCCNWARR-FQEVSTJZSA-N,0,antagonist,1.0,8.735
CHEMBL3981397,O=C(N[C@H]1CCC[C@@H]1Nc1cnc(C(F)(F)F)cn1)c1ncccc1-n1cccn1,MSEZGGXOLYNDLJ-STQMWFEESA-N,0,antagonist,1.0,5.0
CHEMBL3981412,Cc1ccc(-n2nccn2)c(C(=O)N2CCOC[C@H]2Cc2cccc(-n3nccn3)c2)c1F,JNZNQAZDCIXPAH-LJQANCHMSA-N,0,antagonist,1.0,6.48
CHEMBL3981448,O=C(NC1CCCC1Cc1cc(C(F)(F)F)ccn1)c1ccccc1-n1nccn1,MDUDGDCORVMJGD-UHFFFAOYSA-N,0,antagonist,1.0,5.3149999999999995
CHEMBL3981734,COc1cccc(OCC(O)CO)c1C1CCCC(=O)N1Cc1ccc(OC(F)(F)F)cc1,GPIFOPRXLUCGFP-UHFFFAOYSA-N,0,antagonist,1.0,6.13
CHEMBL3981762,COc1cc2c(ccn2CCn2cc(NC(=O)c3ncoc3-c3cccc(C)c3)cn2)cc1Cl,HXTMSAQWUOYVFU-UHFFFAOYSA-N,0,antagonist,1.0,7.4
CHEMBL3981788,CCc1nc(C(F)(F)F)cnc1N[C@H]1CCC[C@@H]1NC(=O)c1ncccc1-c1ncccn1,PKYIXHHHPKEYMH-HOTGVXAUSA-N,0,antagonist,1.0,5.0
CHEMBL3981923,CCOc1ncccc1-c1noc([C@@H]2CCN2C(=O)c2cc(C)ccc2-n2nccn2)n1,LQMOSTNDDQUZPY-SFHVURJKSA-N,0,antagonist,1.0,8.0
CHEMBL3982154,Cc1ccc(-n2nccn2)c(C(=O)N2CCOC[C@H]2Cc2cccc(-n3cccn3)c2)c1,GSBLIJRKLPIUPS-OAQYLSRUSA-N,0,antagonist,1.0,6.43
CHEMBL3982171,Cc1c(Cl)cccc1-c1noc([C@@H]2CCN2C(=O)c2ccccc2-n2nccn2)n1,XTZKUKVHVWZYBB-SFHVURJKSA-N,0,antagonist,1.0,7.13
CHEMBL3982244,COc1ccc2[nH]cc(CCn3cc(NC(=O)c4ncsc4-c4ccc(C)c(C)c4)cn3)c2c1,DFFLAJFPYJVHRP-UHFFFAOYSA-N,0,antagonist,1.0,6.65
CHEMBL3982470,Cc1cccc(-c2sc(C)nc2C(=O)N2CC[C@H]2c2nc(-c3cccc(Cl)c3C)no2)c1,LQOLXPPZPKLSDM-IBGZPJMESA-N,0,antagonist,1.0,6.55
CHEMBL3982714,Cc1cccc(-c2ocnc2C(=O)Nc2cnn(CCNc3nc4ccccc4o3)c2)c1,OKEUOUXPJJRKEI-UHFFFAOYSA-N,0,antagonist,1.0,6.63
CHEMBL3982812,COc1cccc(OC)c1C1CC(F)(F)C(=O)N1Cc1cccc(-c2ccccc2)c1,IQQJHNDTIRISLY-UHFFFAOYSA-N,0,antagonist,1.0,7.09
CHEMBL3982843,COc1cc(C(=O)N2CC[C@H]2c2noc(-c3ccccc3OC(F)(F)F)n2)c(-n2nccn2)cc1Cl,CXSOMSKKVALFEI-HNNXBMFYSA-N,0,antagonist,1.0,7.96
CHEMBL3982929,COc1cccc(OC)c1C1CCCC(=O)N1Cc1csc(Oc2ccccc2)n1,CKSSPOFRDLEYLY-UHFFFAOYSA-N,0,antagonist,1.0,6.76
CHEMBL3982936,CCOc1cc(F)ccc1[C@@H]1C[C@H](F)C(=O)N1Cc1ccc(OC(F)(F)F)cc1,XQFFUGYJZYHPFU-IRXDYDNUSA-N,0,antagonist,1.0,6.41
CHEMBL3982981,O=C(c1cc(C(F)(F)F)ccc1-n1nccn1)N1CC[C@H]1c1nc(-c2ccccc2OC(F)(F)F)no1,NLZGIUYNSSCTKJ-INIZCTEOSA-N,0,antagonist,1.0,6.62
CHEMBL3982996,Cc1cccc(C(=O)N2CCOC[C@H]2Cc2cc(Cl)cc(-n3nccn3)c2)c1-n1nccn1,KXYYELXHLGICGL-HXUWFJFHSA-N,0,antagonist,1.0,6.47
CHEMBL3983080,O=C(N[C@H]1CCC[C@@H]1Nc1cnc(C(F)(F)F)cn1)c1cc(C(F)(F)F)ccc1-n1ccnn1,BSCZULAFPWXOBX-KBPBESRZSA-N,0,antagonist,1.0,5.0
CHEMBL3983155,Cc1ccc(-n2nccn2)c(C(=O)N2CCOC2Cn2ccc(-c3ccc(F)cc3)n2)n1,QTGVVJKIDVNSKU-UHFFFAOYSA-N,0,antagonist,1.0,8.52
CHEMBL3983237,COc1cccc(OC)c1C1CCC(=O)N1Cc1cccc(-c2ccccc2)c1,QWQNWZZTQKWAOU-UHFFFAOYSA-N,0,antagonist,1.0,7.47
CHEMBL3983331,CCOc1cccc(F)c1[C@@H]1C[C@H](F)C(=O)N1Cc1ccc(OC(F)(F)F)c(F)c1,IJHCNMYKIPQSAC-GJZGRUSLSA-N,0,antagonist,1.0,7.68
CHEMBL3983362,COc1cccc(OC)c1C1CCCCC(=O)N1Cc1cccc(-c2ccncc2)c1,ZKASVQZPUZZVJZ-UHFFFAOYSA-N,0,antagonist,1.0,7.07
CHEMBL3983377,COc1cc(C(=O)N2CC[C@H]2c2noc(-c3cccc(F)c3C)n2)c(-n2nccn2)cc1Cl,DCCVKITYDJJUIE-KRWDZBQOSA-N,0,antagonist,1.0,8.52
CHEMBL3983392,COc1cccc(OC)c1C1CCCC(=O)N1Cc1cc(-c2ccccc2)on1,GEDIFPHDSNDKNV-UHFFFAOYSA-N,0,antagonist,1.0,6.04
CHEMBL3983645,COc1cccc(OC)c1C1CCCC(=O)N1Cc1ccc(F)c(-c2ccccn2)c1,HNAXXWBRRKDQGR-UHFFFAOYSA-N,0,antagonist,1.0,7.58
CHEMBL3983793,COc1cccc(OC)c1C1CCC(=O)N1Cc1cccc(-c2ccccn2)c1,YZOUNJGAOILWHB-UHFFFAOYSA-N,0,antagonist,1.0,7.25
CHEMBL3983952,COc1cc(C(=O)N2CC[C@H]2c2noc(-c3cccc(F)c3OC)n2)c(-n2nccn2)cc1C,ZLLNKWYYCZAOMM-KRWDZBQOSA-N,0,antagonist,1.0,9.22
CHEMBL3983991,COc1cc(OC)nc(NCCn2cc(NC(=O)c3ncoc3-c3ccncn3)cn2)n1,HQXJZAUBTSPJLL-UHFFFAOYSA-N,0,antagonist,1.0,5.04
CHEMBL3983998,COc1cc(C(=O)N2CC[C@H]2c2nnc(-c3ccccc3OC(F)(F)F)[nH]2)c(-n2nccn2)cc1C,BTUQEMRGQGEBRH-INIZCTEOSA-N,0,antagonist,1.0,8.22
CHEMBL3984152,Cc1cccc(-c2ocnc2C(=O)Nc2cnn(CCNc3ncccn3)c2)c1,IRYANKDQBGVEFY-UHFFFAOYSA-N,0,antagonist,1.0,5.94
CHEMBL3984287,CCOc1cccc(F)c1C1CC(C)C(=O)N1Cc1cccc(-c2nc(Cl)cs2)c1,WRGYINVCPYAEMS-UHFFFAOYSA-N,0,antagonist,1.0,8.7
CHEMBL3984308,Cc1cccc(-c2ocnc2C(=O)Nc2cnn(CCn3ccc4cccnc43)c2)c1,KFHGCVUZEVMKMK-UHFFFAOYSA-N,0,antagonist,1.0,6.640000000000001
CHEMBL3984374,CCOc1ncccc1-c1nnc([C@@H]2CCN2C(=O)c2ccc(C)cc2-n2nccn2)[nH]1,PZWPXXDWHHHTKY-KRWDZBQOSA-N,0,antagonist,1.0,6.5
CHEMBL3984426,C[C@]1(Nc2cnc(C(F)(F)F)cn2)CCC[C@@H]1NC(=O)c1c(F)cccc1F,YNKKRZRUEQNSBR-SJCJKPOMSA-N,0,antagonist,1.0,5.0
CHEMBL3984705,Cc1ccc(C(=O)N2C[C@@H](C)OC[C@H]2Cc2cc(-n3nccn3)ccc2F)c(-n2nccn2)c1,MRMSRUZHMOGZGF-YLJYHZDGSA-N,0,antagonist,1.0,6.97
CHEMBL3984746,Cc1cccc(-c2ocnc2C(=O)Nc2cnn(CCn3ccc4cc(Cl)c(Cl)cc43)c2)c1,XVHHLHAYRHOBBF-UHFFFAOYSA-N,0,antagonist,1.0,7.09
CHEMBL3984889,CCOc1cccc(F)c1C1CC(C)C(=O)N1Cc1ccc(OC(F)(F)F)c(F)c1,YOPYIDHDUWIJLO-UHFFFAOYSA-N,0,antagonist,1.0,6.94
CHEMBL3985002,O=C(N[C@H]1CCC[C@@H]1Nc1ncc(C(F)(F)F)cc1F)c1ccccc1-c1ncccn1,WGMNUTPASQXMAP-ROUUACIJSA-N,0,antagonist,1.0,5.0
CHEMBL3985046,COc1cccc(OC)c1C1CCCCC(=O)N1Cc1cccc(-c2ncc(C)s2)c1,SDFNCQZAYMVNNG-UHFFFAOYSA-N,0,antagonist,1.0,8.52
CHEMBL3985158,COc1cc(C(=O)N2CC[C@H]2c2nnc(-c3ccccc3OC(F)(F)F)[nH]2)c(-n2nccn2)cc1Cl,VMOMVQOYYDQOCJ-HNNXBMFYSA-N,0,antagonist,1.0,8.3
CHEMBL3985172,COc1cccc(OC)c1C1CCCCC(=O)N1Cc1ccnc(-c2ccccc2)c1,ATRIZXMBLDKENW-UHFFFAOYSA-N,0,antagonist,1.0,7.24
CHEMBL3985205,COc1cc(OC)nc(N[C@@H](C)Cn2cc(NC(=O)c3ncoc3-c3cccc(C)c3)cn2)n1,GKWBHFQZXGYBAN-HNNXBMFYSA-N,0,antagonist,1.0,6.57
CHEMBL3985381,COc1cc(OC)nc(CCCn2cc(NC(=O)c3ncoc3-c3cccc(C)c3)cn2)n1,FQDLQPHNRNYXAM-UHFFFAOYSA-N,0,antagonist,1.0,7.38
CHEMBL3985473,COc1cccc(OC)c1C1CC(C)C(=O)N1Cc1ccc2c(ccn2C)c1,DCXJWQSSOWSEHV-UHFFFAOYSA-N,0,antagonist,1.0,6.28
CHEMBL3985508,COc1cccc(OC)c1C1CC(C)C(=O)N1Cc1ccc2c(c1)c1ccccc1n2C,QBFVICIPVCMJGN-UHFFFAOYSA-N,0,antagonist,1.0,6.96
CHEMBL3985579,O=C1CCCC(c2ccccc2OC(F)(F)F)N1Cc1ccc(OC(F)(F)F)cc1,HUNLNCQMCSFNLM-UHFFFAOYSA-N,0,antagonist,1.0,5.58
CHEMBL3985601,C[C@]1(Nc2cnc(C(F)(F)F)cn2)CCC[C@@H]1NC(=O)c1ncccc1OC(F)(F)F,SJAGXZSCDINIMC-ZBEGNZNMSA-N,0,antagonist,1.0,5.0
CHEMBL3985659,COc1ccc2nc(C)oc2c1C1CCCC(=O)N1Cc1ccc2ccccc2n1,ZKDBZAPJINOVIE-UHFFFAOYSA-N,0,antagonist,1.0,5.99
CHEMBL3985696,COc1ccnc(OC)c1C1CCCC(=O)N1Cc1cccc(-c2nccs2)c1,KPXAKWWRUYDCGE-UHFFFAOYSA-N,0,antagonist,1.0,7.66
CHEMBL3985834,COc1ccnc(OC)c1C1CC(C)C(=O)N1Cc1ccc2oc3ccccc3c2c1,KZHOUIVIZGUISG-UHFFFAOYSA-N,0,antagonist,1.0,7.89
CHEMBL3985846,Cc1ccc(C(=O)N2CCOC[C@H]2Cc2cc(-n3nccn3)ccc2Cl)c(-n2nccn2)c1C,KJPCUIQPIJYTDA-HXUWFJFHSA-N,0,antagonist,1.0,5.61
CHEMBL3985911,Cc1noc(-c2ccccc2C(=O)N[C@H]2CCC[C@@H]2Nc2ncc(C(F)(F)F)nc2C)n1,MQFGLOKBLRCNJM-HOTGVXAUSA-N,0,antagonist,1.0,5.0
CHEMBL3985942,Cc1ccc(-n2nccn2)c(C(=O)N2CCCOC2Cn2ccc(-c3ccc(F)cn3)n2)c1,AEZZJXJIJFSUEM-UHFFFAOYSA-N,0,antagonist,1.0,8.92
CHEMBL3986037,COc1ccnc(OC)c1C1CCCC(=O)N1Cc1cccc(-c2ccccc2)c1,JHDAZDIJSXFJGK-UHFFFAOYSA-N,0,antagonist,1.0,7.47
CHEMBL3986061,CC1CC(c2ccccc2-c2ccccc2)N(Cc2cccc(-c3ccccc3)c2)C1=O,VRFHKAPZPRAWKA-UHFFFAOYSA-N,0,antagonist,1.0,6.22
CHEMBL3986090,Cc1cccc(-c2ocnc2C(=O)Nc2cnn(CCn3c(C)nc4ccccc43)c2)c1,CHDCQGIENIIKMC-UHFFFAOYSA-N,0,antagonist,1.0,6.75
CHEMBL3986127,COc1cccc(OC)c1C1CCCCC(=O)N1Cc1cccc(-n2nccn2)c1,HWYITMBMUBDYTG-UHFFFAOYSA-N,0,antagonist,1.0,7.48
CHEMBL3986272,COc1ccnc(OC)c1C1CC(C)C(=O)N1Cc1cccc(-c2ncc(C)s2)c1,OTYYFHOYBHWRFW-UHFFFAOYSA-N,0,antagonist,1.0,6.92
CHEMBL3986364,CCOc1ccccc1[C@@H]1C[C@H](Cl)C(=O)N1Cc1ccc(OC(F)(F)F)cc1,NWXYDRATJYUPPC-IRXDYDNUSA-N,0,antagonist,1.0,6.89
CHEMBL3986449,COc1cccc(Br)c1C(=O)N[C@H]1CCC[C@@H]1Nc1cnc(C(F)(F)F)cn1,GDIQXTJBBPARNE-RYUDHWBXSA-N,0,antagonist,1.0,5.0
CHEMBL3986532,COc1cc(OC)nc(N2CCCC2Cn2cc(NC(=O)c3ncoc3-c3cccc(C)c3)cn2)n1,BYHLJVNQNBXWBE-UHFFFAOYSA-N,0,antagonist,1.0,6.5
CHEMBL3986569,O=C(N[C@H]1CCC[C@@H]1Nc1cnc(C(F)(F)F)cn1)c1cc(F)ccc1-n1ccnn1,WPGPUWTZZGOWFK-KBPBESRZSA-N,0,antagonist,1.0,5.0
CHEMBL3986606,Cc1c(Cl)cccc1-c1noc([C@@H]2CCN2C(=O)c2ccc(Cl)cc2-n2nccn2)n1,OIGNSHLFYCBDJY-KRWDZBQOSA-N,0,antagonist,1.0,7.96
CHEMBL3986621,Cc1noc(-c2ccccc2C(=O)N[C@H]2CCC[C@@H]2Nc2ncc(C(F)(F)F)cn2)n1,VKQITOHHZFRWOU-HOTGVXAUSA-N,0,antagonist,1.0,5.0
CHEMBL3986684,COc1cccc(OC)c1C1CCCCC(=O)N1Cc1cccc(Oc2ccccc2)c1,TVMJDAICAGNDBR-UHFFFAOYSA-N,0,antagonist,1.0,7.01
CHEMBL3986689,Cc1cc(-n2nccn2)c(C(=O)N2CC[C@H]2c2noc(-c3ccccc3OC(F)(F)F)n2)cc1Cl,OGUYVKJUECVEBN-INIZCTEOSA-N,0,antagonist,1.0,8.22
CHEMBL3986710,COc1cccc(OC)c1C1CC(C)C(=O)N1Cc1cccc(-n2cccn2)n1,CMOIZFQRFFEJJY-UHFFFAOYSA-N,0,antagonist,1.0,5.93
CHEMBL3986786,COc1ccc2c(CCn3cc(NC(=O)c4ncoc4-c4cccc(C)c4)cn3)cn(C)c2c1,PAWGFRQASRYUDG-UHFFFAOYSA-N,0,antagonist,1.0,6.18
CHEMBL3987121,COc1cccc(OC)c1C(=O)N[C@H]1CCC[C@@H]1Nc1ccc(C(F)(F)F)cn1,YHPRZUWLSLAIRG-KBPBESRZSA-N,0,antagonist,1.0,5.0
CHEMBL3987122,COc1cc(F)ccc1[C@@H]1C[C@@H](O)C(=O)N1Cc1ccc(OC(F)(F)F)cc1,SFKVDEVAEYZPNH-JKSUJKDBSA-N,0,antagonist,1.0,5.66
CHEMBL3987155,CCOc1ccccc1[C@@H]1C[C@H](F)C(=O)N1Cc1ccc(OC(F)(F)F)cc1,DZELEOSMTMXDBO-IRXDYDNUSA-N,0,antagonist,1.0,7.01
CHEMBL4059661,COc1ccc(C(=O)N2C[C@H](Oc3nccc(C#N)c3C)CC[C@H]2C)c(C2CC2)n1,PYHYFXUZMSOPCS-RDTXWAMCSA-N,0,antagonist,1.0,8.135
CHEMBL4059968,CCN(C(=O)c1cc(C)ccc1-n1nccn1)[C@@H](C)Cn1nnc(-c2ccc(F)cc2)n1,LAPXEGYDIDMVOP-INIZCTEOSA-N,0,antagonist,1.0,8.59
CHEMBL4060107,Cc1ccc(-n2nccn2)c(C(=O)N(C)[C@@H](C)Cn2cc(-c3ccc(F)cn3)cn2)c1,MLMWHEAQEAOHLI-INIZCTEOSA-N,0,antagonist,1.0,7.67
CHEMBL4060141,Cc1ccc(-n2nccn2)c(C(=O)N2C[C@@H]3CN(c4nc5cc(C)ccc5o4)C[C@@H]3C2)c1,QLPFNAYKQHZTPZ-HDICACEKSA-N,0,antagonist,1.0,6.68
CHEMBL4060270,O=C(c1ccccc1-n1nccn1)N1C[C@@H]2CN(c3nc4cc(Cl)ccc4o3)C[C@@H]2C1,ANNRLQHIJKDRKG-GASCZTMLSA-N,0,antagonist,1.0,6.62
CHEMBL4060310,Cc1c(C#N)ccnc1O[C@@H]1CC[C@@H](C)N(C(=O)c2ccccc2-n2ncnn2)C1,CHKPVFWCKNMZBQ-RHSMWYFYSA-N,0,antagonist,1.0,8.455
CHEMBL4060868,CCN(C(=O)c1cc(C)ccc1-n1nccn1)[C@@H](C)Cn1cc(-c2ccc(F)cn2)nn1,YLBYPMTXVWAXOX-INIZCTEOSA-N,0,antagonist,1.0,7.64
CHEMBL4060971,CCN(C(=O)c1cc(C)ccc1-c1ncccn1)[C@@H](C)Cn1nnc(-c2ccc(F)cc2)n1,LPFZYIGBGPEIEZ-KRWDZBQOSA-N,0,antagonist,1.0,7.44
CHEMBL4062167,COC(=O)c1cccnc1N[C@@H]1CC[C@@H](C)N(C(=O)c2ccccc2-n2nccn2)C1,XJPXAOVFVWBQMW-HZPDHXFCSA-N,0,antagonist,1.0,8.41
CHEMBL4062717,COc1ccc2c3c1O[C@H]1[C@H](N(C)C(=O)/C=C/c4ccoc4)CC[C@@]4(O)[C@@H](C2)N(C(=O)C2CC2)CC[C@]314,OZILLMNBXNRGSW-HAEYVOLGSA-N,0,antagonist,1.0,5.0
CHEMBL4062883,Cc1ccc(-n2nccn2)c(C(=O)N2C[C@H]3CN(Cc4nc5cc(Cl)ccc5o4)C[C@H]3C2)c1,CFLWJLBNXRWOFE-CALCHBBNSA-N,0,antagonist,1.0,5.74
CHEMBL4065091,COc1ccc(C(=O)N2C[C@H](Oc3nccc(C#N)c3C)CC[C@H]2C)c(-n2nccn2)n1,VBNZBEIKQYOXMG-RHSMWYFYSA-N,0,antagonist,1.0,8.1
CHEMBL4065909,CCN(C(=O)c1ccccc1-n1nccn1)[C@@H](C)Cn1nnc(-c2ccc(F)cc2)n1,XQNBEBURKKIKTM-HNNXBMFYSA-N,0,antagonist,1.0,7.21
CHEMBL4066977,Cc1ccc(-n2nccn2)c(C(=O)N(C)[C@H](Cn2ccc(-c3ccc(F)cn3)n2)C(C)C)c1,GPFFQAUSOZQYDP-HSZRJFAPSA-N,0,antagonist,1.0,6.02
CHEMBL4067287,Cc1c(C#N)ccnc1O[C@@H]1CC[C@@H](C)N(C(=O)c2ccccc2N2CCCC2)C1,SUQPHIUGBSAEAH-YLJYHZDGSA-N,0,antagonist,1.0,8.005
CHEMBL4067292,COc1ccc2c3c1O[C@H]1[C@H](N(C)C(=O)/C=C/c4ccoc4)CC[C@@]4(O)[C@@H](C2)N(S(=O)(=O)C2CC2)CC[C@]314,BIHASDXMXBNXJC-QCYCTRBGSA-N,0,antagonist,1.0,5.0
CHEMBL4068004,CC[C@@H](Cn1ccc(-c2ccc(F)cn2)n1)N(C)C(=O)c1cc(C)ccc1-n1nccn1,VFSSJHGGWPJHRS-SFHVURJKSA-N,0,antagonist,1.0,7.54
CHEMBL4068314,Cc1c(C#N)ccnc1O[C@@H]1CC[C@@H](C)N(C(=O)c2ccccc2C(F)(F)F)C1,KHCMVIHRDMAXLD-CZUORRHYSA-N,0,antagonist,1.0,8.094999999999999
CHEMBL4068322,COc1ccc2c3c1O[C@H]1[C@H](N(C)C(=O)/C=C/c4ccoc4)CC[C@@]4(O)[C@@H](C2)N(S(=O)(=O)c2cccc(Cl)c2)CC[C@]314,PBRQXWSWSALGLI-JKKCREDMSA-N,0,antagonist,1.0,5.0
CHEMBL4068766,Cc1ccc(-n2nccn2)c(C(=O)N[C@@H](C)Cn2cc(-c3ccc(F)cn3)cn2)c1,AFBNEJUAFDQQST-HNNXBMFYSA-N,0,antagonist,1.0,6.08
CHEMBL4068943,O=C(c1cc(Cl)ccc1-n1nccn1)N1C[C@@H]2CN(c3nc4cc(Cl)ccc4o3)C[C@@H]2C1,LULPIXQVSHYLQL-OKILXGFUSA-N,0,antagonist,1.0,5.9
CHEMBL4069535,CCN(C(=O)c1cc(C)ccc1-n1nccn1)[C@@H](C)Cn1nnc(-c2ccc(F)cn2)n1,ZKGLIXSQQKFLED-HNNXBMFYSA-N,0,antagonist,1.0,7.75
CHEMBL4069644,CCN(C(=O)c1cc(F)ccc1-n1nccn1)[C@@H](C)Cn1nnc(-c2ccc(F)cc2)n1,MHBLBSQHRANVNC-AWEZNQCLSA-N,0,antagonist,1.0,6.86
CHEMBL4069949,O=C(c1cc(C(F)(F)F)ccc1-n1nccn1)N1C[C@@H]2CN(c3nc4cc(Cl)ccc4o3)C[C@@H]2C1,BQUQHXBDGSNODR-OKILXGFUSA-N,0,antagonist,1.0,5.98
CHEMBL4069952,Cc1ccc(-n2nccn2)c(C(=O)N2CC3CCN(c4nc5cc(Cl)ccc5o4)C3C2)c1,JGXJJPWZJPFIBR-UHFFFAOYSA-N,0,antagonist,1.0,5.0
CHEMBL4070275,COc1ccc2c(c1)[C@]13CCN(S(=O)(=O)c4ccccc4)[C@H](C2)[C@]1(O)CC[C@@H](N(C)C(=O)/C=C/c1ccoc1)C3,QYOLBCOBEOPTAE-XYTXDKPASA-N,0,antagonist,1.0,5.0
CHEMBL4070565,CCN(C(=O)c1cc(C)ccc1-c1ncccn1)[C@@H](C)Cc1noc(-c2ccc(F)cc2)n1,NOGNYOCHJGNNCS-KRWDZBQOSA-N,0,antagonist,1.0,8.05
CHEMBL4071046,COc1ccc(C(=O)N2C[C@H](Oc3nccc(C#N)c3C)CC[C@H]2C)c(-c2ccncc2)n1,DDQFSNGVSUTALS-OXQOHEQNSA-N,0,antagonist,1.0,7.620000000000001
CHEMBL4071220,COc1ccc2c3c1O[C@H]1[C@H](N(C)C(=O)/C=C/c4ccoc4)CC[C@@]4(O)[C@@H](C2)N(S(=O)(=O)c2cccc(Br)c2)CC[C@]314,VBNUIAADDQWODP-JKKCREDMSA-N,0,antagonist,1.0,5.0
CHEMBL4071500,Cc1ccc(-n2nccn2)c(C(=O)N2C[C@@H]3CN(c4nc5cc(F)ccc5o4)C[C@@H]3C2)c1,PETOFNWBOXDXHK-IYBDPMFKSA-N,0,antagonist,1.0,6.88
CHEMBL4072543,Cc1ccc(-n2nccn2)c(C(=O)N2C[C@@H]3CN(c4nc(C)c(C)c(C)n4)C[C@@H]3C2)c1,ASVYPVLQERHICK-KDURUIRLSA-N,0,antagonist,1.0,5.32
CHEMBL4072715,C[C@@H]1CC[C@@H](Sc2cc(C#N)ccn2)CN1C(=O)c1ccccc1-n1nccn1,RUBZNQFRBGEBLL-NVXWUHKLSA-N,0,antagonist,1.0,7.89
CHEMBL4073607,CCN(C(=O)c1cc(C)ccc1-n1nccn1)[C@@H](C)Cn1cc(-c2ccc(F)cn2)cn1,KETDPAVPRYOAGQ-KRWDZBQOSA-N,0,antagonist,1.0,8.23
CHEMBL4073947,COc1ccc2c3c1O[C@H]1[C@H](N(C)C(=O)/C=C/c4ccoc4)CC[C@@]4(O)[C@@H](C2)N(S(=O)(=O)c2ccccc2C#N)CC[C@]314,UEOBNKIXAWAEPT-JVTMTZFISA-N,0,antagonist,1.0,5.0
CHEMBL4076262,COc1ccc2c3c1O[C@H]1[C@@H](N(C)C(=O)/C=C/c4ccoc4)CC[C@@]4(O)[C@@H](C2)N(S(=O)(=O)c2ccccc2)CC[C@]314,TYARCINDRAOWII-LPTAOCINSA-N,0,antagonist,1.0,5.0
CHEMBL4077821,CCN(C(=O)c1ccccc1-n1nccn1)[C@@H](C)Cc1noc(-c2ccc(F)cc2)n1,ZDVFZRUEEUXZRL-HNNXBMFYSA-N,0,antagonist,1.0,7.94
CHEMBL4078722,Cc1ccc(-n2nccn2)c(C(=O)N2C[C@@H]3CN(c4nc5cc(Cl)ccc5o4)C[C@@H]3C2)c1,ZPWKYAPCEXHFKK-IYBDPMFKSA-N,0,antagonist,1.0,6.69
CHEMBL4079177,COc1ccc(C(=O)N2C[C@H](Oc3nccc(C#N)c3C)CC[C@H]2C)c(SC)n1,YYMYXFQABPEWJD-CZUORRHYSA-N,0,antagonist,1.0,8.18
CHEMBL4079662,COc1ccc2c3c1O[C@H]1[C@H](N(C)C(=O)/C=C/c4ccoc4)CC[C@@]4(O)[C@@H](C2)N(S(=O)(=O)c2ccc(C)cc2)CC[C@]314,BOLPORDOKHHIGF-UFUMISKJSA-N,0,antagonist,1.0,5.0
CHEMBL4079714,Cc1ccc(-n2nccn2)c(C(=O)N2CC3CCCN(c4nc5cc(Cl)ccc5o4)C3C2)c1,GSWHSCSDJCTXBW-UHFFFAOYSA-N,0,antagonist,1.0,5.0
CHEMBL4079757,CC(=O)Nc1ccc(-c2ccccc2)c(C(=O)N2C[C@H](Oc3nccc(C#N)c3C)CC[C@H]2C)n1,JUMHMLNVFHEBSN-VGOFRKELSA-N,0,antagonist,1.0,8.32
CHEMBL4079856,Cc1ccc(-n2nccn2)c(C(=O)N2C[C@@H]3CN(c4nc5ccccc5o4)C[C@@H]3C2)c1,QQEKXEQMOMZPON-CALCHBBNSA-N,0,antagonist,1.0,6.75
CHEMBL4080357,CCN(C(=O)c1nc(C)ccc1-n1nccn1)[C@@H](C)Cc1noc(-c2ccc(F)cc2)n1,SSVVKBOEKJMVND-HNNXBMFYSA-N,0,antagonist,1.0,7.39
CHEMBL4080625,O=C(c1cc(OC(F)(F)F)ccc1-n1nccn1)N1C[C@@H]2CN(c3nc4cc(Cl)ccc4o3)C[C@@H]2C1,UJPHBEZZJUCDTJ-OKILXGFUSA-N,0,antagonist,1.0,5.82
CHEMBL4080670,CC(=O)Nc1cc(C(=O)N2C[C@H](Oc3nccc(C#N)c3C)CC[C@H]2C)c(-c2ccccc2)cn1,ZADUJRZZPVOADJ-VGOFRKELSA-N,0,antagonist,1.0,8.285
CHEMBL4080914,COc1ccc2c3c1O[C@H]1[C@H](N(C)C(=O)/C=C/c4ccoc4)CC[C@@]4(O)[C@@H](C2)N(S(=O)(=O)c2ccccc2)CC[C@]314,TYARCINDRAOWII-TVOCXUCUSA-N,0,antagonist,1.0,5.0
CHEMBL4081186,CCN(C(=O)c1cc(F)ccc1-n1nccn1)[C@@H](C)Cc1noc(-c2ccc(F)cc2)n1,VENYONTWRDJMIS-AWEZNQCLSA-N,0,antagonist,1.0,7.63
CHEMBL4081382,C[C@@H]1CC[C@@H](Oc2nccc3c2C(=O)OC3(C)C)CN1C(=O)c1ccccc1-n1nccn1,GUWWYBWZNZHGRM-HZPDHXFCSA-N,0,antagonist,1.0,7.75
CHEMBL4081615,COc1ccc(C(=O)N2C[C@H](Oc3nccc(C#N)c3C)CC[C@H]2C)c(-n2nccn2)c1,GNXXSBWPJIOWSN-DNVCBOLYSA-N,0,antagonist,1.0,8.39
CHEMBL4081763,COc1ccc2c3c1O[C@H]1[C@H](N(C)C(=O)/C=C/c4ccoc4)CC[C@@]4(O)[C@@H](C2)N(S(=O)(=O)c2ccccc2C(F)(F)F)CC[C@]314,HOPWDLRMFCRVSM-BOWFPTEESA-N,0,antagonist,1.0,5.0
CHEMBL4082033,Cc1ccc(-n2nccn2)c(C(=O)N2C[C@@H]3CN(c4nc5cc(OC(F)(F)F)ccc5o4)C[C@@H]3C2)c1,KSFWRTGGCRKLHJ-IYBDPMFKSA-N,0,antagonist,1.0,5.33
CHEMBL4082852,CCN(C(=O)c1cc(F)ccc1-n1nccn1)[C@@H](C)Cn1nnc(-c2ccc(F)cn2)n1,RZCMTDYOBWWFIA-ZDUSSCGKSA-N,0,antagonist,1.0,6.33
CHEMBL4083024,Cc1ccc(-n2nccn2)c(C(=O)N2C[C@@H]3CN(c4nc(-c5cccc(Cl)c5)co4)C[C@@H]3C2)c1,HPAIZJXOBPTMJW-KDURUIRLSA-N,0,antagonist,1.0,5.55
CHEMBL4083587,COc1ccc2c3c1O[C@H]1[C@H](N(C)C(=O)/C=C/c4ccoc4)CC[C@@]4(O)[C@@H](C2)N(S(=O)(=O)c2ccccc2Br)CC[C@]314,WHRUOXZVHORSKR-BOWFPTEESA-N,0,antagonist,1.0,5.0
CHEMBL4085017,Cc1ccc(-n2nccn2)c(C(=O)NCCn2cc(-c3ccc(F)cn3)cn2)c1,IIOKTGYGYMXVDL-UHFFFAOYSA-N,0,antagonist,1.0,5.84
CHEMBL4086531,Cc1c(C#N)ccnc1O[C@@H]1CC[C@@H](C)N(C(=O)c2ccccc2-n2nccn2)C1,BLMDZTJHXQWVJS-CRAIPNDOSA-N,0,antagonist,1.0,8.75
CHEMBL4087320,CCN(C(=O)c1nc(C)ccc1-n1nccn1)[C@@H](C)Cn1nnc(-c2ccc(F)cc2)n1,HNNSGEZQVPZHPI-HNNXBMFYSA-N,0,antagonist,1.0,6.92
CHEMBL4087451,Cc1ccc(-n2nccn2)c(C(=O)N(C)CCn2cc(-c3ccc(F)cn3)cn2)c1,WQFVGTASYSVBKL-UHFFFAOYSA-N,0,antagonist,1.0,7.29
CHEMBL4087602,CN(C(=O)/C=C/c1ccoc1)[C@@H]1CC[C@@]2(O)[C@H]3Cc4cccc5c4[C@@]2(CCN3S(=O)(=O)c2ccccc2)[C@H]1O5,PZLLKWWFNQQFRF-HGIXPCPFSA-N,0,antagonist,1.0,5.0
CHEMBL4087734,Cc1ccc(-n2nccn2)c(C(=O)N2C[C@@]3(F)CN(c4nc5cc(Cl)ccc5o4)C[C@@]3(F)C2)c1,UBIJKRJHZSJILK-ZRZAMGCNSA-N,0,antagonist,1.0,6.19
CHEMBL4088212,CCN(C(=O)c1cc(C)ccc1-c1ncccn1)[C@@H](C)Cn1nnc(-c2ccc(F)cn2)n1,PPEFAUONQBKWLW-INIZCTEOSA-N,0,antagonist,1.0,6.89
CHEMBL4088347,Cc1ccc(-n2nccn2)c(C(=O)N(C)[C@@H](C)Cn2ccc(-c3ccc(F)cn3)n2)c1,GESLELVSGPTNFL-INIZCTEOSA-N,0,antagonist,1.0,8.25
CHEMBL4088494,O=C(c1cc(F)ccc1-n1nccn1)N1C[C@@H]2CN(c3nc4cc(Cl)ccc4o3)C[C@@H]2C1,TXMFSJMVKQJJOQ-OKILXGFUSA-N,0,antagonist,1.0,6.1
CHEMBL4088538,Cc1c(C#N)ccnc1O[C@@H]1CC[C@@H](C)N(C(=O)c2cccnc2-c2ccccc2)C1,IFTYBIGPHOJMPL-DYESRHJHSA-N,0,antagonist,1.0,8.085
CHEMBL4089060,CCN(C(=O)c1cc(C)ccc1-n1nccn1)[C@@H](C)Cc1noc(-c2ccc(F)cn2)n1,WRTKUBDGKZTJTN-HNNXBMFYSA-N,0,antagonist,1.0,7.95
CHEMBL4089194,CCN(C(=O)c1cc(C)ccc1-n1nccn1)[C@H](C)Cn1ccc(-c2ccc(F)cn2)n1,UCTMYARPCLQYDJ-QGZVFWFLSA-N,0,antagonist,1.0,6.6
CHEMBL4089492,Cc1c(C#N)ccnc1O[C@@H]1CC[C@@H](C)N(C(=O)c2ccccc2OC(F)(F)F)C1,OBVPEWXALAKGHS-CZUORRHYSA-N,0,antagonist,1.0,8.45
CHEMBL4090659,CCN(C(=O)c1cc(F)ccc1-c1ncccn1)[C@@H](C)Cn1nnc(-c2ccc(F)cc2)n1,TYHOOCFBPYQMCS-HNNXBMFYSA-N,0,antagonist,1.0,6.27
CHEMBL4090815,Cc1ccc(-n2nccn2)c(C(=O)N2C[C@@H]3CN(c4ncc5cc(F)ccc5n4)C[C@@H]3C2)c1,KUZXTHIMFZRVFG-HDICACEKSA-N,0,antagonist,1.0,6.97
CHEMBL4090932,Cc1ccc(-n2nccn2)c(C(=O)N2C[C@@H]3CN(c4nc5cc(Cl)ccc5s4)C[C@@H]3C2)c1,FTHYBOBONAKUHY-IYBDPMFKSA-N,0,antagonist,1.0,5.93
CHEMBL4090936,Cc1ccc(-n2nccn2)c(C(=O)N2C[C@@]3(C)CN(c4nc5cc(Cl)ccc5o4)C[C@@]3(C)C2)c1,NVRQWYCSZKIPQC-PLQXJYEYSA-N,0,antagonist,1.0,5.22
CHEMBL4091475,CCN(C(=O)c1cc(C)ccc1-n1nccn1)[C@@H](C)Cc1noc(-c2ccc(F)cc2)n1,IWNMAIDPCKYHEC-INIZCTEOSA-N,0,antagonist,1.0,8.56
CHEMBL4091661,COC(=O)c1c(C#N)ccnc1O[C@@H]1CC[C@@H](C)N(C(=O)c2ccccc2-n2nccn2)C1,JFNKNPOSXSFDCP-NVXWUHKLSA-N,0,antagonist,1.0,7.72
CHEMBL4091834,COc1ccc2c3c1O[C@H]1[C@H](N(C)C(=O)/C=C/c4ccoc4)CC[C@@]4(O)[C@@H](C2)N(S(=O)(=O)c2ccccc2C)CC[C@]314,FLKWUZZPFJRMBG-DLMSQGOKSA-N,0,antagonist,1.0,5.0
CHEMBL4093272,Cc1ccc(-n2nccn2)c(C(=O)N2C[C@@H]3CN(c4nc5ccccc5n4C)C[C@@H]3C2)c1,JPXVDXZIPPRIBE-HDICACEKSA-N,0,antagonist,1.0,6.11
CHEMBL4094071,COc1ccc2c3c1O[C@H]1[C@H](N(C)C(=O)/C=C/c4ccoc4)CC[C@@]4(O)[C@@H](C2)N(C(=O)c2ccc(C)cc2)CC[C@]314,JZBIIZUKJFXAPU-PZXNYLMJSA-N,0,antagonist,1.0,5.57
CHEMBL4094742,CCOc1ccccc1C(=O)N1C[C@H](Oc2nccc(C#N)c2C)CC[C@H]1C,JPIWUEFZXNEMEU-CRAIPNDOSA-N,0,antagonist,1.0,8.685
CHEMBL4094746,CCCCS(=O)(=O)N1CC[C@]23c4c5ccc(OC)c4O[C@H]2[C@H](N(C)C(=O)/C=C/c2ccoc2)CC[C@@]3(O)[C@H]1C5,KRELBKNKKUYLQW-OKDLIUTPSA-N,0,antagonist,1.0,5.0
CHEMBL4095852,CCN(C(=O)c1cc(F)ccc1-c1ncccn1)[C@@H](C)Cc1noc(-c2ccc(F)cc2)n1,SVSUWORSBYUYII-HNNXBMFYSA-N,0,antagonist,1.0,7.1
CHEMBL4096073,Cc1ccc(-n2nccn2)c(C(=O)N[C@@H](C)Cn2ccc(-c3ccc(F)cn3)n2)c1,DHUXPQFVWPBKMT-HNNXBMFYSA-N,0,antagonist,1.0,7.23
CHEMBL4096217,Cc1ccc(-n2nccn2)c(C(=O)N2CCCC3CN(c4nc5cc(Cl)ccc5o4)CC32)c1,SBLUXTRIVHCWDF-UHFFFAOYSA-N,0,antagonist,1.0,5.0
CHEMBL4096258,C[C@@H]1CC[C@@H](Nc2cc(C#N)ccn2)CN1C(=O)c1ccccc1-n1nccn1,UKZSHHHAVAKCOP-NVXWUHKLSA-N,0,antagonist,1.0,7.54
CHEMBL4096735,COC(=O)c1cccnc1S[C@@H]1CC[C@@H](C)N(C(=O)c2ccccc2-n2nccn2)C1,SOHRJERCVHLDPL-HZPDHXFCSA-N,0,antagonist,1.0,8.36
CHEMBL4096766,CCN(C(=O)c1cc(C)ccc1-c1ncccn1)[C@@H](C)Cc1noc(-c2ccc(F)cn2)n1,ZYKKWUHUHNTMCV-INIZCTEOSA-N,0,antagonist,1.0,7.37
CHEMBL4096898,CCN(C(=O)c1nc(C)ccc1-c1ncccn1)[C@@H](C)Cn1nnc(-c2ccc(F)cc2)n1,IDUDPADEOMVUQR-INIZCTEOSA-N,0,antagonist,1.0,5.88
CHEMBL4097192,Cc1c(C#N)ccnc1O[C@@H]1CC[C@@H](C)N(C(=O)c2ccccc2C2CC2)C1,UJLBYGRXKZZXPT-DNVCBOLYSA-N,0,antagonist,1.0,8.600000000000001
CHEMBL4097196,COc1ccc2c3c1O[C@H]1[C@H](N(C)C(=O)/C=C/c4ccoc4)CC[C@@]4(O)[C@@H](C2)N(S(=O)(=O)c2cccc(F)c2)CC[C@]314,LJTYDIRSULJWIV-JKKCREDMSA-N,0,antagonist,1.0,5.0
CHEMBL4097697,COc1ccc2c3c1O[C@H]1[C@H](N(C)C(=O)/C=C/c4ccoc4)CC[C@@]4(O)[C@@H](C2)N(S(=O)(=O)c2cccc(C)c2)CC[C@]314,DSAXMMMTFWMNAS-LTMDYEENSA-N,0,antagonist,1.0,5.0
CHEMBL4097880,Cc1ccc(-n2nccn2)c(C(=O)N2C[C@@H]3CN(c4nc5cc(C(F)(F)F)ccc5o4)C[C@@H]3C2)c1,CHVKGZKBAFETMZ-IYBDPMFKSA-N,0,antagonist,1.0,6.29
CHEMBL4098119,Cc1c(C#N)ccnc1O[C@@H]1CC[C@@H](C)N(C(=O)c2ccc(Br)nc2-n2nccn2)C1,KBPPQZHPJZSYAJ-CZUORRHYSA-N,0,antagonist,1.0,7.914999999999999
CHEMBL4098384,CCN(C(=O)c1nc(C)ccc1-c1ncccn1)[C@@H](C)Cc1noc(-c2ccc(F)cc2)n1,OGRBDFWIZPXZCZ-INIZCTEOSA-N,0,antagonist,1.0,6.59
CHEMBL4098537,COc1ccc2oc(N3C[C@H]4CN(C(=O)c5cc(C)ccc5-n5nccn5)C[C@H]4C3)nc2c1,XCPCUEFZTJDTJV-CALCHBBNSA-N,0,antagonist,1.0,6.51
CHEMBL4098665,COc1ccc(-n2nccn2)c(C(=O)N2C[C@@H]3CN(c4nc5cc(Cl)ccc5o4)C[C@@H]3C2)c1,OGLIGWBPLMNRNF-GASCZTMLSA-N,0,antagonist,1.0,6.41
CHEMBL4098714,Cc1c(C#N)ccnc1O[C@@H]1CC[C@@H](C)N(C(=O)c2ccncc2-c2ccccc2)C1,ULVHKKXUBBTJCS-DYESRHJHSA-N,0,antagonist,1.0,7.470000000000001
CHEMBL4099210,CCN(C(=O)c1cc(F)ccc1-n1nccn1)[C@@H](C)Cc1noc(-c2ccc(F)cn2)n1,HCPNIIGCYVOXFN-ZDUSSCGKSA-N,0,antagonist,1.0,6.05
CHEMBL4099280,COc1ccc2c3c1O[C@H]1[C@H](N(C)C(=O)/C=C/c4ccoc4)CC[C@@]4(O)[C@@H](C2)N(S(=O)(=O)c2c(C)cc(C)cc2C)CC[C@]314,QEBGRLWRZZWFEG-FSQJKEEFSA-N,0,antagonist,1.0,5.0
CHEMBL4099612,COC(=O)c1cccnc1O[C@@H]1CC[C@@H](C)N(C(=O)c2ccccc2-n2nccn2)C1,ZBRUUEXOSMQJML-HZPDHXFCSA-N,0,antagonist,1.0,8.03
CHEMBL4100428,CCN(C(=O)c1cc(C)ccc1-n1nccn1)[C@@H](C)Cn1ccc(-c2ccc(F)cn2)n1,UCTMYARPCLQYDJ-KRWDZBQOSA-N,0,antagonist,1.0,8.79
CHEMBL4101007,Cc1ccc(-n2nccn2)c(C(=O)N2C[C@@H]3CN(c4ncnc5ccccc45)C[C@@H]3C2)c1,YWGPKWQBLJWLLK-HDICACEKSA-N,0,antagonist,1.0,5.77
CHEMBL4102998,Cc1ccc(-n2nccn2)c(C(=O)N2CC3CN(c4nc5cc(Cl)ccc5o4)CC3(C)C2)c1,UBYPLEYZBXWWJH-UHFFFAOYSA-N,0,antagonist,1.0,5.96
CHEMBL4103978,Cc1ccc(-n2nccn2)c(C(=O)N2CCC3CN(c4nc5cc(Cl)ccc5o4)CC32)c1,JWCHVZKNVFIZEJ-UHFFFAOYSA-N,0,antagonist,1.0,6.45
CHEMBL4105072,COc1ccc2c3c1O[C@H]1[C@H](N(C)C(=O)/C=C/c4ccoc4)CC[C@@]4(O)[C@@H](C2)N(S(=O)(=O)c2ccccc2[N+](=O)[O-])CC[C@]314,BWAOHASPDHILPO-BOWFPTEESA-N,0,antagonist,1.0,5.0
CHEMBL4105616,Cc1ccc(-n2nccn2)c(C(=O)N2C[C@@]3(F)CN(c4nc5ccccc5o4)C[C@@]3(F)C2)c1,NINDNNCRDYFQQU-ZRZAMGCNSA-N,0,antagonist,1.0,6.24
CHEMBL4107152,Cc1ccc(-n2nccn2)c(C(=O)N2C[C@H](Oc3ncccc3C)CC[C@H]2C)c1,NIJNBEMGKNLDQD-QZTJIDSGSA-N,0,antagonist,1.0,7.5
CHEMBL4107773,Cc1ccc(-c2ncccn2)c(C(=O)N2[C@@H]3CC[C@H]2[C@H](COc2ccccn2)C3)n1,WKBJARZMMUKHBI-SCTDSRPQSA-N,0,antagonist,1.0,5.82
CHEMBL4111139,Cc1ccc(-n2nccn2)c(C(=O)N2C[C@@H](C)O[C@H]2Cn2cc(-c3ccc(F)cn3)cn2)c1,XIJFGHZYWVCPFJ-ZHRRBRCNSA-N,0,antagonist,1.0,8.01
CHEMBL4112780,CCC(c1ccc(OC(F)(F)F)cc1)N1C(=O)CCCC1c1c(OC)cccc1OC,KGRQIFLCDBULOT-UHFFFAOYSA-N,0,antagonist,1.0,5.25
CHEMBL4113266,O=C(c1cccc(F)c1-c1ncccn1)N1[C@@H]2CC[C@H]1[C@H](Nc1ccc(C(F)(F)F)cn1)C2,BDCUQVJRZGYIDS-OLMNPRSZSA-N,0,antagonist,1.0,5.96
CHEMBL4113530,Cc1ccc(-n2nccn2)c(C(=O)N2C[C@H](Oc3cccc(C)n3)CC[C@H]2C)c1,PROIOQNXYLRCTR-QZTJIDSGSA-N,0,antagonist,1.0,7.33
CHEMBL4114472,C[C@@]1(Nc2cnc(C(F)(F)F)cn2)CCC[C@H]1NC(=O)c1ccccc1-n1nccn1,HMHQKDBOHKCIIS-DNVCBOLYSA-N,0,antagonist,1.0,5.85
CHEMBL4114541,Cc1ccc(-n2nccn2)c(C(=O)N2[C@H](C)CO[C@H]2Cn2ccc(-c3ccc(F)cn3)n2)c1,DPVRTJAYOKJIFQ-ZHRRBRCNSA-N,0,antagonist,1.0,7.26
CHEMBL4114837,Cc1ccc(-n2nccn2)c(C(=O)N2[C@H](C)CO[C@H]2Cn2cc(-c3ccc(F)cn3)cn2)c1,HROJDHGISWMAPH-ZHRRBRCNSA-N,0,antagonist,1.0,6.34
CHEMBL4115063,Cc1ccc(-n2nccn2)c(C(=O)N2CCOC[C@H]2Cc2ccc(C)c(-n3nccn3)c2)c1,GZYDOWPTMSDVRI-HXUWFJFHSA-N,0,antagonist,1.0,6.58
CHEMBL4115403,O=C(c1ccccc1-n1nccn1)N1[C@@H]2CC[C@H]1[C@H](Nc1cnc(C(F)(F)F)cn1)C2,OFWIILUUJMRMOZ-XPKDYRNWSA-N,0,antagonist,1.0,6.11
CHEMBL4116175,COc1ccc2c3c1O[C@H]1[C@H](N(C)C(=O)/C=C/c4ccoc4)CC[C@@]4(O)[C@@H](C2)N(S(=O)(=O)c2ccc(N(C)C)cc2)CC[C@]314,YUPVVXOPUZZHJZ-VTMXUODKSA-N,0,antagonist,1.0,5.0
CHEMBL4116482,COc1ccc2c3c1O[C@H]1[C@H](N(C)C(=O)/C=C/c4ccoc4)CC[C@@]4(O)[C@@H](C2)N(S(=O)(=O)c2ccccc2N(C)C)CC[C@]314,MVNBYORCXATCAJ-ZFEMXKDYSA-N,0,antagonist,1.0,5.88
CHEMBL4213974,COc1ccc2c3c1O[C@H]1[C@H](N(C)C(=O)/C=C/c4ccoc4)CC=C4[C@@H](C2)N(S(=O)(=O)c2ccccc2)CC[C@]431,KGZLDZUYPRWTIZ-CEXAHVDPSA-N,0,antagonist,1.0,5.0
CHEMBL4215362,COc1ccc2c3c1O[C@H]1[C@H](N(C)C(=O)/C=C/c4ccoc4)CC[C@H]4[C@@H](C2)N(S(=O)(=O)c2ccccc2)CC[C@@]341,CSTWAODTAKMZMG-XADNFDQUSA-N,0,antagonist,1.0,5.0
CHEMBL4297590,COc1ccc(-n2nccn2)c(C(=O)N2CCC[C@@]2(C)c2nc3c(C)c(Cl)ccc3[nH]2)c1,NBGABHGMJVIVBW-QHCPKHFHSA-N,0,antagonist,1.0,8.769775539310864
CHEMBL435826,COc1cc2c(cc1OC)CN(C(=O)C(NCC1CCCCC1)C(C)(C)C)CC2,LINUTILUQQLJPE-UHFFFAOYSA-N,0,antagonist,1.0,5.0
CHEMBL444407,COc1ccc(CC2c3cc(OC)c(OC)cc3CCN2C(C(=O)Nc2ccc3c(c2)OCO3)c2ccccc2)cc1OC,XLAYTQSXXHBEQX-UHFFFAOYSA-N,0,antagonist,1.0,5.74
CHEMBL4445194,CC(/C=C/c1ccccc1)=N/Nc1nc(Nc2ccccc2)nc(-n2nc(C)cc2C)n1,IGIZJMOCGLLQTO-MMJMHBKGSA-N,0,antagonist,1.0,4.84
CHEMBL444602,COc1cc2c(cc1OC)CN(C(=O)[C@@H](NCc1nccs1)C(C)(C)C)CC2,YGPCRRKKELXRHI-LJQANCHMSA-N,0,antagonist,1.0,7.23
CHEMBL4471376,CCOC(=O)c1c(NC(=O)C(C)Sc2nnc(CNC(=O)c3cc(OC)cc(OC)c3)n2-c2ccccc2OC)sc2c1CCC2,GJLLOKTZLWBJEY-UHFFFAOYSA-N,0,antagonist,1.0,6.0
CHEMBL4473709,C=CCN1C(=O)C2(Nc3ccccc3C(=O)N2c2ccccc2OC)c2ccccc21,ICNRHSXEHSIYCI-UHFFFAOYSA-N,0,antagonist,1.0,6.0
CHEMBL4475736,COC(=O)CN(C(C)=O)C(c1ccccc1)c1cc(Br)ccc1NC(=O)c1ccccc1Cl,GSPWQWXABHYRBK-UHFFFAOYSA-N,0,antagonist,1.0,5.685
CHEMBL451281,COc1cc2c(cc1OC)C(Cc1ccc(Oc3ncccn3)c(OC)c1)N(CC(=O)NCc1ccccc1)CC2,RRBYCHHICVPEJB-UHFFFAOYSA-N,0,antagonist,1.0,6.62
CHEMBL453134,CCN(CC)C(=O)CN(c1cc(N(C)C)ccc1Cl)S(=O)(=O)c1ccc(OC)c(OC)c1,CXSYEHJQXBPDDT-UHFFFAOYSA-N,0,antagonist,1.0,8.3
CHEMBL4531556,COc1ccc(N(CC(=O)NC(C)c2ccccc2)S(=O)(=O)c2ccc(OC)c(OC)c2)cc1,JEAMDNZXOGZFSZ-UHFFFAOYSA-N,0,antagonist,1.0,7.0
CHEMBL453915,CCN(Cc1cccc(C)n1)C(=O)CN(c1cc(N(C)C)ccc1Cl)S(=O)(=O)c1ccc(OC)c(OC)c1,COTCXYOMCAJJEQ-UHFFFAOYSA-N,0,antagonist,1.0,8.3
CHEMBL453916,CCN(Cc1ccn(C)n1)C(=O)CN(c1cc(N(C)C)ccc1Cl)S(=O)(=O)c1ccc(OC)c(OC)c1,DIQZXLPSIRCTIZ-UHFFFAOYSA-N,0,antagonist,1.0,8.15
CHEMBL454125,CCN(Cc1cc(C)n(C)n1)C(=O)CN(c1cc(N(C)C)ccc1Cl)S(=O)(=O)c1ccc(OC)c(OC)c1,TZDJMSJKPHUEKP-UHFFFAOYSA-N,0,antagonist,1.0,8.4
CHEMBL454132,Cc1cccc(-c2sc(CCCO)nc2C(=O)N2C[C@H]3C[C@H]3[C@H]2CNC(=O)c2c(C)nc3sccn23)c1,JEAVKGWTICGJLV-VAMGGRTRSA-N,0,antagonist,1.0,7.77
CHEMBL454133,Cc1cccc(-c2sc(N)nc2C(=O)N2CC[C@H]2CNC(=O)c2c(Cl)nc3sccn23)c1,UPXYLINNYITONY-ZDUSSCGKSA-N,0,antagonist,1.0,8.3
CHEMBL4544095,Cc1ccc(C(O)(C(=O)NNc2cc(Cl)ccc2Cl)c2ccc(C)cc2)cc1,AOQQIAVAWKITHZ-UHFFFAOYSA-N,0,antagonist,1.0,5.89
CHEMBL4548914,Cc1cccc2c1[nH]c1nc(N/N=C\c3c4ccccc4cc4ccccc34)nnc12,BDUKBHXDUOFMQX-WGARJPEWSA-N,0,antagonist,1.0,6.4
CHEMBL454924,COc1cc2c(cc1OC)C(CCc1ccc(F)c(F)c1)N(C(C(=O)NCC1CC1)c1ccccc1)CC2,MGTLLLVBSOYCAX-UHFFFAOYSA-N,0,antagonist,1.0,7.85
CHEMBL455136,CNC(=O)[C@@H](c1ccccc1)N1CCc2cc(OC)c(OC)cc2[C@@H]1CCc1ccc(C(F)(F)F)cc1,DKMACHNQISHMDN-RPLLCQBOSA-N,0,antagonist,1.0,8.1
CHEMBL455137,CCN(CC)C(=O)CN(c1ccc(C)cc1)S(=O)(=O)c1ccc(C(C)(C)C)cc1,OFXZJOZJRALMEK-UHFFFAOYSA-N,0,antagonist,1.0,8.3
CHEMBL4577444,O=C(c1nccc2[nH]cnc12)N1CCC(F)(F)C(Oc2ccc3ccccc3n2)C1,FEAVKDCRHLEQNS-UHFFFAOYSA-N,0,antagonist,1.0,5.231509894828755
CHEMBL4578783,O=C(CSc1nnc(-c2cccs2)n1Cc1ccco1)Nc1ccc2c(c1)OCCO2,JYTVYKHADDASOT-UHFFFAOYSA-N,0,antagonist,1.0,6.7
CHEMBL4592258,CC[C@@]12CCCN3CCc4c([nH]c5ccccc45)[C@]31N(Cc1cn(Cc3ccccc3)nn1)C(=O)C2,RASNSQALOJWHCP-URLMMPGGSA-N,0,antagonist,1.0,5.65
CHEMBL461772,CCc1nc(OC)c2n1CCN([C@@H](C(=O)NC)c1ccccc1)C2CCc1ccc(C)c(C)c1,QNLPHNYLCGQRJK-XSWBTSGESA-N,0,antagonist,1.0,8.4
CHEMBL461773,CCn1nc(C)c2c1CCCN([C@@H](C(=O)NC)c1ccccc1)[C@H]2CCc1cc(F)c(C)c(F)c1,BJEYXQMLWATVMU-RPLLCQBOSA-N,0,antagonist,1.0,8.22
CHEMBL462433,CCc1nc(OC)c2n1CCN([C@@H](C(=O)NC)c1ccccc1)[C@H]2CCc1ccc(C)c(F)c1,KJEQHRBTEUGGOC-LADGPHEKSA-N,0,antagonist,1.0,8.7
CHEMBL4633158,O=C(c1ccccc1-n1nccn1)N1CCCO[C@H]1Cn1ccc(-c2ccc(F)cn2)n1,VWFHAQXJYLRSEX-NRFANRHFSA-N,0,antagonist,1.0,8.58
CHEMBL4633205,Cc1ccc(-n2nccn2)c(C(=O)N2CCCC[C@@H]2Cn2ccc(-c3ccc(F)cn3)n2)c1,GGEFNKYUDAADPY-LJQANCHMSA-N,0,antagonist,1.0,7.28
CHEMBL4633255,Cc1ccc(-n2nccn2)c(C(=O)N2CSC[C@H]2Cn2ccc(-c3ccc(F)cn3)n2)c1,GTAYPYFUGIRKPJ-QGZVFWFLSA-N,0,antagonist,1.0,7.88
CHEMBL4633683,Cc1ccc(-n2nccn2)c(C(=O)N2COC[C@H]2Cn2ccc(-c3ccc(F)cn3)n2)c1,CJCNOTJDZIWTHH-QGZVFWFLSA-N,0,antagonist,1.0,6.88
CHEMBL4633992,Cc1ccc(-n2nccn2)c(C(=O)N2CCS[C@H]2Cn2ccc(-c3ccc(F)cn3)n2)c1,YGFUOBBTHVRKKB-NRFANRHFSA-N,0,antagonist,1.0,5.64
CHEMBL4634034,Cc1ccc(-n2nccn2)c(C(=O)N2CCCO[C@H]2Cn2ncc(-c3ccc(F)cn3)n2)c1,JCFJSYCJOIPVJT-NRFANRHFSA-N,0,antagonist,1.0,8.73
CHEMBL4634476,O=C(c1cc(F)ccc1-c1ncccn1)N1CCCO[C@H]1Cn1ccc(-c2ccc(F)cn2)n1,YZRHBGIKWQSFJJ-QFIPXVFZSA-N,0,antagonist,1.0,8.34
CHEMBL4635632,Cc1ccc(-n2nccn2)c(C(=O)N2CCC[C@@H]2Cn2ccc(-c3ccc(F)cn3)n2)c1,OMTCPGOATBMMKY-GOSISDBHSA-N,0,antagonist,1.0,6.5
CHEMBL4637497,Cc1ccc(-n2nccn2)c(C(=O)N2CCCO[C@H]2Cc2cnn(-c3ccc(F)cn3)c2)c1,GJIDHTCQPKWTIL-QFIPXVFZSA-N,0,antagonist,1.0,8.69
CHEMBL4637671,Cc1ccc(-n2nccn2)c(C(=O)N2CCCO[C@H]2Cn2cc(-c3ccc(F)cn3)nn2)c1,FHNOEJCFWIIASK-NRFANRHFSA-N,0,antagonist,1.0,8.51
CHEMBL4637711,Cc1ccc(-n2nccn2)c(C(=O)N2CCCO[C@H]2Cn2cc(-c3ccc(F)cc3)cn2)c1,AQFPGDOPAWNDQW-QHCPKHFHSA-N,0,antagonist,1.0,9.11
CHEMBL4638046,Cc1ccc(-n2nccn2)c(C(=O)N2CCCO[C@H]2Cn2ccc(-c3ccc(F)cn3)n2)c1,AEZZJXJIJFSUEM-QFIPXVFZSA-N,0,antagonist,1.0,8.9
CHEMBL4639148,Cc1ccc(-n2nccn2)c(C(=O)N2CCCC[C@H]2Cn2ccc(-c3ccc(F)cn3)n2)c1,GGEFNKYUDAADPY-IBGZPJMESA-N,0,antagonist,1.0,8.79
CHEMBL4641191,O=C(c1cc(F)ccc1-n1nccn1)N1CCCO[C@H]1Cn1ccc(-c2ccc(F)cn2)n1,SEIYMHWXOQHIRD-NRFANRHFSA-N,0,antagonist,1.0,8.71
CHEMBL4642480,Cc1ccc(-n2nccn2)c(C(=O)N2CCCO[C@H]2Cn2cc(-c3ccc(F)cn3)cn2)c1,GEFBDVVSBPPDRP-QFIPXVFZSA-N,0,antagonist,1.0,8.66
CHEMBL4643960,Cc1ccc(-n2nccn2)c(C(=O)N2CCCO[C@H]2Cc2noc(-c3ccc(F)cn3)n2)c1,HCUREBSNYDMSKO-FQEVSTJZSA-N,0,antagonist,1.0,8.44
CHEMBL4644741,Cc1ccc(-n2nccn2)c(C(=O)N2CCO[C@H]2Cn2ccc(-c3ccc(F)cn3)n2)c1,HWEPGAHHAQYJAV-NRFANRHFSA-N,0,antagonist,1.0,7.92
CHEMBL4644984,Cc1ccc(-c2ncccn2)c(C(=O)N2CCCO[C@H]2Cn2ccc(-c3ccc(F)cn3)n2)c1,REIHLDGDOFIXTP-QHCPKHFHSA-N,0,antagonist,1.0,8.5
CHEMBL4645246,Cc1ccc(-n2nccn2)c(C(=O)N2CCOC[C@H]2Cn2ccc(-c3ccc(F)cn3)n2)c1,OKROKECXNXWALA-GOSISDBHSA-N,0,antagonist,1.0,7.82
CHEMBL4645946,Cc1ccc(-n2nccn2)c(C(=O)N2CCCO[C@@H]2Cn2ccc(-c3ccc(F)cn3)n2)c1,AEZZJXJIJFSUEM-JOCHJYFZSA-N,0,antagonist,1.0,6.56
CHEMBL4645974,Cc1ccc(-n2nccn2)c(C(=O)N2CCC[C@H]2Cn2ccc(-c3ccc(F)cn3)n2)c1,OMTCPGOATBMMKY-SFHVURJKSA-N,0,antagonist,1.0,8.5
CHEMBL4646165,Cc1ccc(-n2nccn2)c(C(=O)N2CCCO[C@H]2Cn2ncn(-c3ccc(F)cn3)c2=O)c1,GFBOHJMHIJWVSG-FQEVSTJZSA-N,0,antagonist,1.0,8.27
CHEMBL4646361,Cc1ccc(-n2nccn2)c(C(=O)N2COCC[C@H]2Cn2ccc(-c3ccc(F)cn3)n2)c1,LFPIOOYGMXHBRI-SFHVURJKSA-N,0,antagonist,1.0,8.47
CHEMBL4647913,Cc1ccc(-n2nccn2)c(C(=O)N2CCO[C@@H]2Cn2ccc(-c3ccc(F)cn3)n2)c1,HWEPGAHHAQYJAV-OAQYLSRUSA-N,0,antagonist,1.0,5.63
CHEMBL4650341,COC(=O)N1CCC[C@H](NS(C)(=O)=O)[C@@H]1CO[C@H]1CC[C@@H](c2ccccc2)CC1,UXZAJSZFFARTEI-YRPNKDGESA-N,1,agonist,1.0,8.54
CHEMBL467577,CCN(CC)C(=O)CN(c1ccc(C)cc1)S(=O)(=O)c1ccccc1C,DGFZLVPWGWQYLN-UHFFFAOYSA-N,0,antagonist,1.0,7.24
CHEMBL468964,CCN(CC)C(=O)CN(c1ccc(C)cc1)S(=O)(=O)c1ccc(OC(F)(F)F)cc1,ZXCOMJKMQVAETR-UHFFFAOYSA-N,0,antagonist,1.0,5.74
CHEMBL468968,CCN(CC)C(=O)CN(c1ccc(C)cc1)S(=O)(=O)c1ccccc1Cl,HTKDZZULNSMOEM-UHFFFAOYSA-N,0,antagonist,1.0,6.1
CHEMBL468969,CCN(CC)C(=O)CN(c1ccc(C)cc1)S(=O)(=O)c1ccccc1F,SSZGUNLFUXQOIZ-UHFFFAOYSA-N,0,antagonist,1.0,5.47
CHEMBL469146,Cc1ccc(-n2nccn2)c(C(=O)N2CCCN(c3ncc4ccccc4n3)CC2)c1,AHMDYOOHWSZVAL-UHFFFAOYSA-N,0,antagonist,1.0,9.22
CHEMBL4740509,COC(=O)N1[C@H](C)C[C@H](NS(=O)(=O)NCF)[C@@H]1CO[C@H]1CC[C@@H](c2cccc(F)c2)CC1,SIHRJIMCGSWJED-XEGUMIITSA-N,1,agonist,1.0,9.64
CHEMBL4743991,O=C(c1c(F)cccc1-c1ncccn1)N1[C@@H]2CC[C@H]1[C@H](Nc1cnc(C(F)(F)F)cn1)C2,WQGAVWGGVVYYFU-WQVCFCJDSA-N,0,antagonist,1.0,6.25
CHEMBL4746205,O=C(c1ccccc1-n1nccn1)N1C2CCC1C(Oc1ccc(C(F)(F)F)cn1)C2,AXBDWANXRUPESE-UHFFFAOYSA-N,0,antagonist,1.0,5.475
CHEMBL4747380,O=C(c1ccc(F)cc1-c1ncccn1)N1[C@@H]2CC[C@H]1[C@H](Nc1cnc(C(F)(F)F)cn1)C2,FJQHMTUDGQPMMX-XYPHTWIQSA-N,0,antagonist,1.0,5.77
CHEMBL4749384,O=C(c1cccc(F)c1-c1ncccn1)N1[C@@H]2CC[C@H]1[C@H](Nc1ncc(C(F)(F)F)cc1Cl)C2,KLQOGXRJHFIGAB-XWIAVFTESA-N,0,antagonist,1.0,6.27
CHEMBL4750440,O=C(c1ccccc1-c1ncccn1)N1[C@@H]2CC[C@H]1[C@H](Nc1cnc(C(F)(F)F)cn1)C2,INBVGVYJGNXKID-XYPHTWIQSA-N,0,antagonist,1.0,6.28
CHEMBL4752792,O=C(c1cccc(F)c1-c1ncccn1)N1[C@@H]2CC[C@H]1[C@H](Nc1ncc(C(F)(F)F)cc1F)C2,BDRBQQPLBCKTIO-XWIAVFTESA-N,0,antagonist,1.0,5.96
CHEMBL4755620,CNS(=O)(=O)N[C@H]1C[C@@H](C)N(C(=O)OC)[C@H]1CO[C@H]1CC[C@@H](c2ccccc2)CC1,YLAIOQORXCTCRG-LGKHCZOZSA-N,0,antagonist,1.0,9.3
CHEMBL4755979,Cc1oc([C@@H]2CC[C@@H](C)N(C(=O)c3ccccc3-n3nccn3)C2)nc1C(C)(C)O,BCWFFIRXHYZBQY-GDBMZVCRSA-N,0,antagonist,1.0,7.89
CHEMBL4756711,CC[C@](C)(O)c1nc([C@@H]2CC[C@@H](C)N(C(=O)c3cscc3-n3nccn3)C2)oc1C,QIFHYQSASFBJSW-VWLHBSKXSA-N,0,antagonist,1.0,7.59
CHEMBL4757132,O=C(c1cccc(F)c1-c1ncccn1)N1C2CCC1C(Oc1cnc(C(F)(F)F)cn1)C2,ZDDXQIUMQYDLCQ-UHFFFAOYSA-N,0,antagonist,1.0,5.13
CHEMBL4786307,O=C(c1cccc(F)c1-c1ncccn1)N1[C@@H]2CC[C@H]1[C@H](Nc1cnc(C(F)(F)F)cn1)C2,NWUAUSABGZEYEW-WQVCFCJDSA-N,0,antagonist,1.0,6.16
CHEMBL4789372,C[C@@H]1CC[C@@H](c2nc(CN(C)C)c(-c3ccccc3)o2)CN1C(=O)c1ccccc1-n1nccn1,JKPFXWCWKYDCSB-TZIWHRDSSA-N,0,antagonist,1.0,6.01
CHEMBL4790356,[2H][C@@H]1C[C@@H](OC[C@H]2[C@@H](NS(=O)(=O)N(C)C)C[C@@H](C)N2C(=O)OC)CC[C@@]1([2H])c1cccc(F)c1,VRCBPPQSWQSLSW-QQQLQBHZSA-N,1,agonist,1.0,9.34
CHEMBL4794408,COC(=O)c1nc([C@@H]2CC[C@@H](C)N(C(=O)c3ccccc3-n3nccn3)C2)oc1-c1ccccc1,AZIMZRYVUDARIJ-IEBWSBKVSA-N,0,antagonist,1.0,5.865
CHEMBL4794726,CCOc1ccccc1C(=O)N1C[C@H](c2nc(C(C)(C)O)c(C)o2)CC[C@H]1C,SKJTYOPFRSHHKZ-GDBMZVCRSA-N,0,antagonist,1.0,7.92
CHEMBL4797068,O=C(c1cc(F)ccc1-c1ncccn1)N1[C@@H]2CC[C@H]1[C@H](Nc1cnc(C(F)(F)F)cn1)C2,FIOLWNKABYNAOW-XYPHTWIQSA-N,0,antagonist,1.0,6.14
CHEMBL4797142,COC(=O)C1(C)CC1c1coc([C@@H]2CC[C@@H](C)N(C(=O)c3ccccc3-n3nccn3)C2)n1,LCFNKEOIAZLRBA-BAZDSOKHSA-N,0,antagonist,1.0,7.75
CHEMBL4798102,O=C(c1cccn2ccnc12)N1CCC(F)(F)[C@@H](Oc2ccc3ccccc3n2)C1,OAATXFVQEMAHDA-SFHVURJKSA-N,0,antagonist,1.0,6.0
CHEMBL4799832,CNS(=O)(=O)N[C@H]1C[C@@H](C)N(C(=O)OC)[C@H]1CO[C@H]1CC[C@@H](c2cc(F)ccc2F)CC1,PGWXJDASJLKIBW-RXUQYVRZSA-N,1,agonist,1.0,9.33
CHEMBL485716,COc1ccc(OCCN(CC(=O)NCc2ccccc2Cl)Cc2ccc(F)c(F)c2)cc1OC,MMZYWKXQSQDUIZ-UHFFFAOYSA-N,0,antagonist,1.0,7.09
CHEMBL485717,COc1ccc(OCCN(CC(=O)NCc2ccccc2Cl)Cc2cccs2)cc1OC,FCWWAWVGMYGQKB-UHFFFAOYSA-N,0,antagonist,1.0,6.71
CHEMBL485915,COc1ccc(OCCCN(CC(=O)NCc2ccccc2)Cc2ccccc2)cc1OC,MAWKKMVAIDROIA-UHFFFAOYSA-N,0,antagonist,1.0,7.29
CHEMBL486116,COc1ccc(OCCN(CC(=O)NCc2ccccc2)Cc2ccc(F)c(F)c2)cc1OC,RDXCKOPSQQRRED-UHFFFAOYSA-N,0,antagonist,1.0,7.626439372640169
CHEMBL486117,COc1ccc(OCCN(CC(=O)NCc2ccccc2)Cc2cccs2)cc1OC,OGAACWFMUVJUEG-UHFFFAOYSA-N,0,antagonist,1.0,6.96
CHEMBL486323,COc1ccc(OCCN(CC(=O)NCc2ccccc2Cl)Cc2ccccc2)cc1OC,YSJWIJFFLBQVJN-UHFFFAOYSA-N,0,antagonist,1.0,6.82
CHEMBL486542,COc1ccc(OCCCN(CC(=O)NCc2ccccc2)Cc2ccc(F)c(F)c2)cc1OC,XYAUEJZEYBWBSI-UHFFFAOYSA-N,0,antagonist,1.0,6.97
CHEMBL486747,COc1ccc(OCCCN(CC(=O)NCc2ccccc2)Cc2cccs2)cc1OC,OYXDTXSFNWPPOR-UHFFFAOYSA-N,0,antagonist,1.0,6.88
CHEMBL487576,COc1ccc(OCCN(CC(=O)NCC(C)C)Cc2ccccc2)cc1OC,LJYCHSSQDKUHSU-UHFFFAOYSA-N,0,antagonist,1.0,6.52
CHEMBL487782,COc1ccc(OCCN(CC(=O)NCC(C)C)Cc2ccc(F)cc2)cc1OC,QWSXRCNRONNHQX-UHFFFAOYSA-N,0,antagonist,1.0,6.25
CHEMBL487979,COc1ccc(OCCN(CC(=O)NCC(C)C)Cc2ccc(F)c(F)c2)cc1OC,WFOCTQOYUGMQEA-UHFFFAOYSA-N,0,antagonist,1.0,6.64
CHEMBL487980,COc1ccc(OCCN(CC(=O)NCC(C)C)Cc2cccs2)cc1OC,DCZWPAABVCOXOF-UHFFFAOYSA-N,0,antagonist,1.0,6.49
CHEMBL489097,COc1cc2c(cc1OC)CN(C(=O)C(Cc1ccccc1)C(=O)c1cc(Cl)cc(Cl)c1)CC2,WJWAVTWCDWTTCP-UHFFFAOYSA-N,0,antagonist,1.0,7.44
CHEMBL489284,COc1ccc(CC2c3cc(OC)c(OC)cc3CCN2CC(=O)NC2CCc3ccccc32)cc1F,WRMUZKBAXLSEAP-UHFFFAOYSA-N,0,antagonist,1.0,5.57
CHEMBL489288,COc1ccc(CC2c3cc(OC)c(OC)cc3CCN2CC(=O)NCc2ccccc2)cc1,PVPYGDJQVLVJGW-UHFFFAOYSA-N,0,antagonist,1.0,5.0
CHEMBL489289,COc1cccc(CC2c3cc(OC)c(OC)cc3CCN2CC(=O)NCc2ccccc2)c1,MBXBOQPTUMHFIF-UHFFFAOYSA-N,0,antagonist,1.0,5.0
CHEMBL489303,COc1ccc(CC2c3cc(OC)c(OC)cc3CCN2CC(=O)NC2CCc3ccccc32)cc1,KZVKGPJADMQNID-UHFFFAOYSA-N,0,antagonist,1.0,5.0
CHEMBL489478,COc1cc2c(cc1OC)C(Cc1ccc(F)c(F)c1)N(CC(=O)NCc1ccccc1)CC2,QUECDYISVISNQP-UHFFFAOYSA-N,0,antagonist,1.0,5.0
CHEMBL489485,COc1cc2c(cc1OC)C(Cc1ccc(Cl)c(Cl)c1)N(CC(=O)NCc1ccccc1)CC2,FIPKTJXYARUTNO-UHFFFAOYSA-N,0,antagonist,1.0,6.55
CHEMBL489685,CCCCNC(=O)C(c1ccccc1)N1CCc2cc(OC)c(OC)cc2C1Cc1ccc(N(C)C)cc1,NVHDYZYBUOGTBZ-UHFFFAOYSA-N,0,antagonist,1.0,5.81
CHEMBL489686,CCCCNC(=O)C(c1ccccc1)N1CCc2cc(OC)c(OC)cc2C1CCc1ccc(F)c(F)c1,XEBPZCFVRSISHA-UHFFFAOYSA-N,0,antagonist,1.0,7.72
CHEMBL489884,COc1cc2c(cc1OC)C(Cc1ccc(C)c(C)c1)N(CC(=O)NCc1ccccc1)CC2,CICZEQONYJJENP-UHFFFAOYSA-N,0,antagonist,1.0,5.93
CHEMBL489893,CNC1CCCC1CN[C@H](C(=O)N1CCc2cc(OC)c(OC)cc2C1)C(C)(C)C,CUGHDZYIPPUBTP-RKOYOZNISA-N,0,antagonist,1.0,7.55
CHEMBL490082,COc1cc2c(cc1OC)C(Cc1ccc3ccccc3c1)N(C(C(=O)NC1CC1)c1ccccc1)CC2,RWSZLMVCERHQGM-UHFFFAOYSA-N,0,antagonist,1.0,7.1
CHEMBL490290,COc1ccc(CC2c3cc(OC)c(OC)cc3CCN2CC(=O)N(C)Cc2ccccc2)cc1OC,WYRVNRWVHSLADF-UHFFFAOYSA-N,0,antagonist,1.0,5.0
CHEMBL490291,COc1ccc(CC2c3cc(OC)c(OC)cc3CCN2CC(=O)NCc2ccccn2)cc1OC,KEWALFLCFJBWCO-UHFFFAOYSA-N,0,antagonist,1.0,5.0
CHEMBL490484,COc1ccc(CC2c3cc(OC)c(OC)cc3CCN2CC(=O)NC2CCc3ccccc32)cc1OC,SGHBDLOMRUXKQF-UHFFFAOYSA-N,0,antagonist,1.0,6.17
CHEMBL490489,COc1ccc(CC2c3cc(OC)c(OC)cc3CCN2CC(=O)NCc2ccccc2)cc1OC,FYSUZYYFUUADES-UHFFFAOYSA-N,0,antagonist,1.0,5.09
CHEMBL490675,COc1cc2c(cc1OC)C(Cc1ccc(F)c(F)c1)N(CC(=O)NC1CCc3ccccc31)CC2,BHSJTVPIBONPNY-UHFFFAOYSA-N,0,antagonist,1.0,5.0
CHEMBL490681,COc1ccc(CC2c3cc(OC)c(OC)cc3CCN2CC(=O)Nc2ccccc2)cc1OC,RLFWDBHTXGQMCU-UHFFFAOYSA-N,0,antagonist,1.0,5.0
CHEMBL490877,COc1cc2c(cc1OC)C(Cc1ccccc1)N(CC(=O)NCc1ccccc1)CC2,WQVAQRAJJHVITJ-UHFFFAOYSA-N,0,antagonist,1.0,5.21
CHEMBL490885,COc1ccc(CC2c3cc(OC)c(OC)cc3CCN2CC(=O)NC(C)c2ccccc2)cc1OC,BPPYYMZLRANARW-UHFFFAOYSA-N,0,antagonist,1.0,5.02
CHEMBL491086,COc1ccc(CC2c3cc(OC)c(OC)cc3CCN2CC(=O)NCc2cccnc2)cc1OC,QXTAWNHYFDPOOV-UHFFFAOYSA-N,0,antagonist,1.0,5.0
CHEMBL491278,COc1ccc(CC2c3cc(OC)c(OC)cc3CCN2CC(=O)NCc2ccncc2)cc1OC,LVMFRJZEFUGGFU-UHFFFAOYSA-N,0,antagonist,1.0,5.0
CHEMBL491468,COc1ccc(CC2c3cc(OC)c(OC)cc3CCN2CC(=O)NCc2ccno2)cc1OC,YJHYFEBHYQUJOB-UHFFFAOYSA-N,0,antagonist,1.0,5.0
CHEMBL493016,COCCNC(=O)C(c1ccccc1)N1CCc2cc(OC)c(OC)cc2C1Cc1ccc2ccccc2c1,YHEFEVGAPWSNHS-UHFFFAOYSA-N,0,antagonist,1.0,6.96
CHEMBL493427,COc1ccc2c(c1)C(NC(=O)CN1CCc3cc(OC)c(OC)cc3C1Cc1ccc(OC)c(OC)c1)CC2,JWMZPZFSAXVGMK-UHFFFAOYSA-N,0,antagonist,1.0,7.0
CHEMBL495732,CCN(CC)C(=O)CN(c1cc2c(C)nsc2cc1Cl)S(=O)(=O)c1ccc(OC)c(OC)c1,ZPBRRONLQIUFGU-UHFFFAOYSA-N,0,antagonist,1.0,8.35
CHEMBL495770,CCN(CC)C(=O)CN(c1cc(Cl)ccc1N(C)C)S(=O)(=O)c1ccc(OC)c(OC)c1,IWOWCZWQGVGGSK-UHFFFAOYSA-N,0,antagonist,1.0,7.22
CHEMBL495963,CCN(CC)C(=O)CN(c1cc(N(C)C)ccc1OC)S(=O)(=O)c1ccc(OC)c(OC)c1,LPKAMAOOCWQPKY-UHFFFAOYSA-N,0,antagonist,1.0,6.62
CHEMBL495964,CCN(CC)C(=O)CN(c1ccc(Cl)c(N(C)C)c1)S(=O)(=O)c1ccc(OC)c(OC)c1,UOCIZKQLKVHWLY-UHFFFAOYSA-N,0,antagonist,1.0,6.1
CHEMBL495965,CCN(CC)C(=O)CN(c1ccc(C)cc1C#N)S(=O)(=O)c1ccc(OC)c(OC)c1,GSDMVFSJJRFYKW-UHFFFAOYSA-N,0,antagonist,1.0,8.4
CHEMBL495973,CCN(CC)C(=O)CN(c1cc(C(C)C)ccc1Cl)S(=O)(=O)c1ccc(OC)c(OC)c1,XRBOJBCFKPYFBP-UHFFFAOYSA-N,0,antagonist,1.0,7.05
CHEMBL495974,CCN(CC)C(=O)CN(c1cc(N(CC)CC)ccc1Cl)S(=O)(=O)c1ccc(OC)c(OC)c1,SMQQXFDYSJEWEM-UHFFFAOYSA-N,0,antagonist,1.0,5.62
CHEMBL496979,CCN(C(=O)CN(c1cc(N(C)C)ccc1Cl)S(=O)(=O)c1ccc(OC)c(OC)c1)c1cc(C)n(C)n1,UWSLMTIROKRJOV-UHFFFAOYSA-N,0,antagonist,1.0,8.4
CHEMBL496993,CCc1ccc(S(=O)(=O)N(CC(=O)N(CC)CC)c2ccc(C)cc2)cc1,OLDJYSWECNTPCR-UHFFFAOYSA-N,0,antagonist,1.0,7.05
CHEMBL497402,CCN(CC)C(=O)CN(c1ccc(C)cc1)S(=O)(=O)c1ccc(Br)cc1,RTEVSGHQXDGFOD-UHFFFAOYSA-N,0,antagonist,1.0,6.85
CHEMBL497403,CCN(CC)C(=O)CN(c1ccc(C)cc1)S(=O)(=O)c1ccc(F)cc1,XGESSNQODJMQDL-UHFFFAOYSA-N,0,antagonist,1.0,6.46
CHEMBL497404,CCN(CC)C(=O)CN(c1ccc(C)cc1)S(=O)(=O)c1ccc(C#N)cc1,OVNXWLGFXQERGG-UHFFFAOYSA-N,0,antagonist,1.0,5.93
CHEMBL497565,CCN(CC)C(=O)CN(c1ccc(C)cc1)S(=O)(=O)c1cccc(Cl)c1,YTOHYVGABBLAOV-UHFFFAOYSA-N,0,antagonist,1.0,6.86
CHEMBL497595,CCN(CC)C(=O)CN(c1cc(N2CCCC2)ccc1Cl)S(=O)(=O)c1ccc(OC)c(OC)c1,MYBQPXXUAPFSBW-UHFFFAOYSA-N,0,antagonist,1.0,5.79
CHEMBL497596,CCN(CC)C(=O)CN(c1cc(-n2cccc2)ccc1Cl)S(=O)(=O)c1ccc(OC)c(OC)c1,BYDRJTSSNUDNDM-UHFFFAOYSA-N,0,antagonist,1.0,5.93
CHEMBL497768,CCN(CC)C(=O)CN(c1cc(N(C)C)ccc1C#N)S(=O)(=O)c1ccc(OC)c(OC)c1,TXVUGXYXNQGGID-UHFFFAOYSA-N,0,antagonist,1.0,8.0
CHEMBL497807,CCN(CC)C(=O)CN(c1cc(C(F)(F)F)ccc1Cl)S(=O)(=O)c1ccc(OC)c(OC)c1,FGPKKZFMCYCTAW-UHFFFAOYSA-N,0,antagonist,1.0,7.32
CHEMBL498014,CCN(C(=O)CN(c1cc2c(C)nsc2cc1Cl)S(=O)(=O)c1ccc(OC)c(OC)c1)c1ccccn1,MVBFCYKQJURDCE-UHFFFAOYSA-N,0,antagonist,1.0,8.3
CHEMBL498618,CCN(C(=O)CN(c1cc(N(C)C)ccc1Cl)S(=O)(=O)c1ccc(OC)c(OC)c1)c1cnc(C)cn1,ZRZRIQACDKFLPN-UHFFFAOYSA-N,0,antagonist,1.0,8.52
CHEMBL498619,CCN(C(=O)CN(c1cc(N(C)C)ccc1Cl)S(=O)(=O)c1ccc(OC)c(OC)c1)c1ccn(C)n1,RHNCEVPYSOOJRS-UHFFFAOYSA-N,0,antagonist,1.0,8.15
CHEMBL5070320,COc1ccc(-c2cccc(C(=O)N(C)Cc3ccncc3)c2)cc1S(=O)(=O)Nc1cccc(NCCNC(=O)c2cccc(C)c2)c1,WIANBLHLJZGLLG-UHFFFAOYSA-N,1,agonist,1.0,7.62
CHEMBL5072262,CCOC(=O)N1CCC[C@H](NS(C)(=O)=O)[C@@H]1CO[C@H]1CC[C@@H](c2ccccc2)CC1,GHZYGSCCYQLHKJ-WOZUAGRISA-N,1,agonist,1.0,7.82
CHEMBL5073349,CCS(=O)(=O)N[C@@H]1CCCN(C(C)=O)[C@H]1CO[C@H]1CC[C@@H](C(C)C)CC1,BXCHBUYDFXKLTP-HCXYKTFWSA-N,1,agonist,1.0,4.522878745280337
CHEMBL5074631,CCS(=O)(=O)N[C@H]1CCCN(C(C)=O)[C@H]1CO[C@H]1CC[C@H](C(C)C)CC1,BXCHBUYDFXKLTP-VJANTYMQSA-N,1,agonist,1.0,4.522878745280337
CHEMBL5075230,COc1ccc(-c2cc(C(=O)N(C)C)cs2)cc1S(=O)(=O)Nc1cccc(NCCNC(=O)c2cccc(C)c2)c1,RJVFPRRKAKVBCE-UHFFFAOYSA-N,1,agonist,1.0,6.62
CHEMBL5075266,COc1ccc(-c2cccc(C(=O)N(C)C)c2)cc1S(=O)(=O)Nc1cccc(N2CCN(C(=O)c3ccccc3N(C)C)CC2)c1,FTNOXFRCOIJEQU-UHFFFAOYSA-N,1,agonist,1.0,5.0
CHEMBL5075508,COc1ccc(-c2cncc(C(=O)N(C)C)c2)cc1S(=O)(=O)Nc1cccc(NCCNC(=O)c2cccc(C)c2)c1,BVNNUYPDXMUKRO-UHFFFAOYSA-N,1,agonist,1.0,6.21
CHEMBL507557,Cc1cccc(-c2sc(C)nc2C(=O)N2CCC[C@@H](NC(=O)c3c(C)nc4sccn34)C2)c1,IHOWAUFNMUXKFO-GOSISDBHSA-N,0,antagonist,1.0,7.3
CHEMBL5078948,CCN(CC)c1cccc(-c2ccc(OC)c(S(=O)(=O)Nc3cccc(NCCNC(=O)c4ccccc4N(C)C)c3)c2)c1,DRWABAQNYIWVBP-UHFFFAOYSA-N,1,agonist,1.0,5.38
CHEMBL5079739,COc1ccc(CCC(=O)N(C)C)cc1S(=O)(=O)Nc1cccc(NCCNC(=O)c2cccc(C)c2)c1,DMGMYSSCXFMXSI-UHFFFAOYSA-N,1,agonist,1.0,5.0
CHEMBL5079935,COc1ccc(-c2cccc(C(C)(C)C)c2)cc1S(=O)(=O)Nc1cccc(NCCNC(=O)c2ccccc2N(C)C)c1,CIKOUCMYGNIROY-UHFFFAOYSA-N,1,agonist,1.0,5.0
CHEMBL5080082,COc1ccc(-c2cccc(C(=O)N(C)C)c2)cc1S(=O)(=O)Nc1cccc(N2CCN(C(=O)c3cccc(C)c3)CC2)c1,MXUIFIWRAXJOQB-UHFFFAOYSA-N,1,agonist,1.0,5.0
CHEMBL5080486,COc1ccc(-c2cccc(C(=O)N(C)CCc3ccccn3)c2)cc1S(=O)(=O)Nc1cccc(NCCNC(=O)c2cccc(C)c2)c1,ZHBHQVFZEHBCQK-UHFFFAOYSA-N,1,agonist,1.0,7.0
CHEMBL5081645,COc1ccc(-c2csc(C(=O)N(C)C)n2)cc1S(=O)(=O)Nc1cccc(NCCNC(=O)c2cccc(C)c2)c1,CJICLZZRCICGHD-UHFFFAOYSA-N,1,agonist,1.0,6.45
CHEMBL5082069,COc1ccc(-c2cccc(C(=O)N(C)CCN(C)C)c2)cc1S(=O)(=O)Nc1cccc(NCCNC(=O)c2cccc(C)c2)c1,TTYBEFMUPWUSJY-UHFFFAOYSA-N,1,agonist,1.0,6.53
CHEMBL5082357,COc1ccc(-c2cccc(C(=O)N3CCCCC3)c2)cc1S(=O)(=O)Nc1cccc(NCCNC(=O)c2ccccc2N(C)C)c1,GISVSZPKNJCVCN-UHFFFAOYSA-N,1,agonist,1.0,6.34
CHEMBL5082665,CC(=O)N1CCC[C@H](NS(C)(=O)=O)[C@@H]1CO[C@H]1CC[C@@H](c2ccccc2)CC1,JYJTZUGIUWJJIK-WOZUAGRISA-N,1,agonist,1.0,7.27
CHEMBL5082761,COc1ccc(-c2cccc(C(=O)N3CCCC3)c2)cc1S(=O)(=O)Nc1cccc(NCCNC(=O)c2ccccc2N(C)C)c1,RNUXBGMNIFGXPW-UHFFFAOYSA-N,1,agonist,1.0,6.6
CHEMBL5083054,COc1ccc(-c2cccc(C(=O)N(C)C)c2)cc1S(=O)(=O)Nc1cccc(NCCCNC(=O)c2cccc(C)c2)c1,DUHQSSMVRNELCD-UHFFFAOYSA-N,1,agonist,1.0,6.43
CHEMBL5083235,COc1ccc(-c2cccc(C(=O)NCc3ccccn3)c2)cc1S(=O)(=O)Nc1cccc(NCCNC(=O)c2cccc(C)c2)c1,XLYRZJRWGZKMSC-UHFFFAOYSA-N,1,agonist,1.0,6.33
CHEMBL5083834,CC(=O)N1CCC[C@H](N(C)S(C)(=O)=O)[C@@H]1CO[C@H]1CC[C@@H](C(C)C)CC1,PCCHODVGQHVBGM-RDGPPVDQSA-N,1,agonist,1.0,4.522878745280337
CHEMBL5084444,CCS(=O)(=O)NC1CCCN(C(C)=O)C1COC1CCC(C(C)C)CC1,BXCHBUYDFXKLTP-UHFFFAOYSA-N,1,agonist,1.0,6.24
CHEMBL5084458,COc1ccc(-c2cccc(C(=O)N(C)Cc3ccccc3)c2)cc1S(=O)(=O)Nc1cccc(NCCNC(=O)c2cccc(C)c2)c1,LCCDICCIIOWTER-UHFFFAOYSA-N,1,agonist,1.0,6.27
CHEMBL5084798,COc1ccc(-c2cccc(C(=O)N(C)Cc3ccccn3)c2)cc1S(=O)(=O)Nc1cccc(NCCNC(=O)c2cccc(C)c2)c1,FNNBODIQDVXVRV-UHFFFAOYSA-N,1,agonist,1.0,6.97
CHEMBL5084909,COc1ccc(-c2cc(C(=O)N(C)C)ccn2)cc1S(=O)(=O)Nc1cccc(NCCNC(=O)c2cccc(C)c2)c1,AWWLPLGGILQPKC-UHFFFAOYSA-N,1,agonist,1.0,6.17
CHEMBL5085320,CC(=O)N1CCC[C@H](NS(=O)(=O)C(C)C)[C@@H]1CO[C@H]1CC[C@@H](C(C)C)CC1,KYMDPDRXJOEXIR-YRPNKDGESA-N,1,agonist,1.0,6.52
CHEMBL5085472,COc1ccc(-c2cccc(C(F)(F)F)c2)cc1S(=O)(=O)Nc1cccc(NCCNC(=O)c2ccccc2N(C)C)c1,OAOKGVZNZKUCKP-UHFFFAOYSA-N,1,agonist,1.0,5.0
CHEMBL5085597,CCS(=O)(=O)N[C@H]1CCCN(C(C)=O)[C@H]1CO[C@H]1CC[C@@H](C(C)C)CC1,BXCHBUYDFXKLTP-RDGPPVDQSA-N,1,agonist,1.0,7.17
CHEMBL5085916,CC(=O)N1CCC[C@H](NS(C)(=O)=O)[C@@H]1CO[C@H]1CC[C@@H](C(C)C)CC1,AOMXASJNOXDGQS-MHORFTMASA-N,1,agonist,1.0,6.77
CHEMBL5085975,COc1ccc(-c2cccc(C(=O)N(C)C)c2)cc1S(=O)(=O)Nc1cccc(NCC(C)NC(=O)c2cccc(C)c2)c1,DGUKYJGWBQBUSU-UHFFFAOYSA-N,1,agonist,1.0,6.42
CHEMBL5086009,COc1ccc(-c2cccc(C(=O)N(C)C)n2)cc1S(=O)(=O)Nc1cccc(NCCNC(=O)c2cccc(C)c2)c1,WKSWITOUPJYOBQ-UHFFFAOYSA-N,1,agonist,1.0,7.13
CHEMBL5086127,COc1ccc(-c2cccc(CN(C)C)c2)cc1S(=O)(=O)Nc1cccc(NCCNC(=O)c2ccccc2N(C)C)c1,BPEUXQBJONDZHF-UHFFFAOYSA-N,1,agonist,1.0,6.25
CHEMBL5086661,COc1ccc(/C=C/C(=O)N(C)C)cc1S(=O)(=O)Nc1cccc(NCCNC(=O)c2cccc(C)c2)c1,MCOTVCKDCTYVQY-WYMLVPIESA-N,1,agonist,1.0,5.0
CHEMBL5087233,COc1ccc(-c2ccnc(C(=O)N(C)C)c2)cc1S(=O)(=O)Nc1cccc(NCCNC(=O)c2cccc(C)c2)c1,OKRHSKXIJIQZKQ-UHFFFAOYSA-N,1,agonist,1.0,6.24
CHEMBL5087440,COc1ccc(-c2cccc(C(=O)N(C)Cc3ccncc3)c2)cc1C(=O)Nc1cccc(NCCNC(=O)c2cccc(C)c2)c1,TWAJJKNZPTXWJK-UHFFFAOYSA-N,1,agonist,1.0,6.06
CHEMBL5087774,COc1ccc(-c2cccc(C(=O)N(C)CCc3ccncc3)c2)cc1S(=O)(=O)Nc1cccc(NCCNC(=O)c2cccc(C)c2)c1,NCGVSVVLKIHANQ-UHFFFAOYSA-N,1,agonist,1.0,7.17
CHEMBL5088300,CCCN(CCC)c1cccc(-c2ccc(OC)c(S(=O)(=O)Nc3cccc(NCCNC(=O)c4ccccc4N(C)C)c3)c2)c1,FXDKXRKNBMOYKT-UHFFFAOYSA-N,1,agonist,1.0,5.0
CHEMBL5088323,CCC(=O)N1CCC[C@H](NS(C)(=O)=O)[C@@H]1CO[C@H]1CC[C@@H](c2ccccc2)CC1,UOTZWGSJNUWUJV-WOZUAGRISA-N,1,agonist,1.0,8.64
CHEMBL5088669,COc1ccc(-c2cccc(N(C)C)c2)cc1S(=O)(=O)Nc1cccc(NCCNC(=O)c2ccccc2N(C)C)c1,IRMPTCDBRAACAO-UHFFFAOYSA-N,1,agonist,1.0,5.67
CHEMBL5089283,CCNC(=O)N1CCC[C@H](NS(C)(=O)=O)[C@@H]1CO[C@H]1CC[C@@H](c2ccccc2)CC1,GCSPLXQGOXYDRB-WOZUAGRISA-N,1,agonist,1.0,9.75
CHEMBL5089335,CCCNC(=O)c1cccc(-c2ccc(OC)c(S(=O)(=O)Nc3cccc(NCCNC(=O)c4ccccc4N(C)C)c3)c2)c1,NMCIZLIOATYHKE-UHFFFAOYSA-N,1,agonist,1.0,6.12
CHEMBL5089837,COc1ccc(-c2cccc(C(C)C)c2)cc1S(=O)(=O)Nc1cccc(NCCNC(=O)c2ccccc2N(C)C)c1,VAVGZCCGXWHDBQ-UHFFFAOYSA-N,1,agonist,1.0,5.0
CHEMBL5090790,COc1ccc(-c2cccc(C(=O)N(C)c3ccccn3)c2)cc1S(=O)(=O)Nc1cccc(NCCNC(=O)c2cccc(C)c2)c1,GFRCXSOXCUBJFD-UHFFFAOYSA-N,1,agonist,1.0,6.35
CHEMBL5091029,COc1ccc(-c2cccc(C(=O)NCCN(C)C)c2)cc1S(=O)(=O)Nc1cccc(NCCNC(=O)c2cccc(C)c2)c1,BZLLPQORIPMPMN-UHFFFAOYSA-N,1,agonist,1.0,5.79
CHEMBL5091326,COc1ccc(-c2cccc(C(=O)N(C)C)c2)cc1S(=O)(=O)Nc1cccc(CCNC(=O)c2ccccc2-n2nccn2)c1,AMTAVIZAVFJXIJ-UHFFFAOYSA-N,1,agonist,1.0,8.28
CHEMBL5091377,CCCS(=O)(=O)N[C@H]1CCCN(C(C)=O)[C@H]1CO[C@H]1CC[C@@H](C(C)C)CC1,PGPHOCNBEFFTNM-YRPNKDGESA-N,1,agonist,1.0,6.0
CHEMBL5091670,CCS(=O)(=O)N[C@@H]1CCCN(C(C)=O)[C@H]1CO[C@H]1CC[C@H](C(C)C)CC1,BXCHBUYDFXKLTP-MKXGPGLRSA-N,1,agonist,1.0,4.522878745280337
CHEMBL5091864,CC(=O)N1CCC[C@H](NS(C)(=O)=O)[C@@H]1CO[C@H]1CC[C@@H](C)CC1,IABNEMZFAGHVLK-UKMLZYKCSA-N,1,agonist,1.0,5.62
CHEMBL5092182,COc1ccc(-c2csc(C(=O)N(C)C)c2)cc1S(=O)(=O)Nc1cccc(NCCNC(=O)c2cccc(C)c2)c1,VBXMNHVQADZGMH-UHFFFAOYSA-N,1,agonist,1.0,6.78
CHEMBL5092277,COc1ccc(-c2cccc(C(=O)N(C)C)c2)cc1S(=O)(=O)Nc1cccc(NCCCNC(=O)c2ccccc2N(C)C)c1,UYNRZZOQXGZCHQ-UHFFFAOYSA-N,1,agonist,1.0,6.39
CHEMBL5092370,CCN(CC)C(=O)c1cccc(-c2ccc(OC)c(S(=O)(=O)Nc3cccc(NCCNC(=O)c4ccccc4N(C)C)c3)c2)c1,MXBYSOQCWOUEKI-UHFFFAOYSA-N,1,agonist,1.0,6.65
CHEMBL5092923,CS(=O)(=O)N[C@H]1CCCN[C@H]1CO[C@H]1CC[C@@H](c2ccccc2)CC1,GWXIWAAZEKCXMJ-RDGPPVDQSA-N,1,agonist,1.0,6.27
CHEMBL5093957,COc1ccc(-c2cccc(C(=O)N(C)C)c2)cc1S(=O)(=O)Nc1cccc(NCC(C)NC(=O)c2ccccc2N(C)C)c1,NLCKGCWJWABOKP-UHFFFAOYSA-N,1,agonist,1.0,6.59
CHEMBL509417,Cc1cccc(-c2sc(C)nc2C(=O)N2[C@H](CNC(=O)c3c(C)nc4sccn34)C[C@@H]3C[C@@H]32)c1,BBILWLLJFSWYFO-QYZOEREBSA-N,0,antagonist,1.0,7.62
CHEMBL5094264,CC(=O)N1CCC[C@H](NC(=O)O)[C@@H]1CO[C@H]1CC[C@@H](C(C)C)CC1,TYDOPBUNPNYVPH-YVSFHVDLSA-N,1,agonist,1.0,4.522878745280337
CHEMBL5094915,COc1ccc(-c2cccc(C(=O)N(C)Cc3cccnc3)c2)cc1S(=O)(=O)Nc1cccc(NCCNC(=O)c2cccc(C)c2)c1,RCIRUDLVTXPQQZ-UHFFFAOYSA-N,1,agonist,1.0,6.87
CHEMBL510425,CCN(CC)C(=O)CN(c1ccc(C)cc1)S(=O)(=O)c1ccc(OC)c(OC)c1,XYNNXNVPFFLPEB-UHFFFAOYSA-N,0,antagonist,1.0,7.72
CHEMBL513527,CCN(CC)C(=O)CN(c1ccc(C)cc1)S(=O)(=O)c1cccc(C)c1,AULQUOVVGUPXLG-UHFFFAOYSA-N,0,antagonist,1.0,7.22
CHEMBL5169635,CCN(C(=O)NC[C@H]1COCC(=O)N1)[C@H](C)c1cccc(-c2cn3ccnc3c(OC)n2)c1,LLTFOCDCBJJRPK-QAPCUYQASA-N,1,agonist,1.0,6.71
CHEMBL5170308,COc1ccc(C(=O)Nc2cccc([C@]3(C)O[C@@H]4CO[C@H]5N4[C@@H]3O[C@@]5(C)c3cccc(NC(=O)c4ccc(OC)cc4)c3)c2)cc1,CEFZLJAZLPOVTE-FEIGQPKUSA-N,0,antagonist,1.0,5.0
CHEMBL5170597,COc1ccc(-c2cccc(C(=O)N(C)C)c2)cc1S(=O)(=O)Nc1ccc2cccc(NC(=O)c3ccccc3)c2c1,QIQCFGKZXZPCTC-UHFFFAOYSA-N,1,agonist,1.0,6.06
CHEMBL5171076,COc1ccc(CC(=O)N(C)C2CCCc3ccc(NS(=O)(=O)c4cc(-c5cccc(C(=O)N(C)C)c5)ccc4OC)cc32)cc1,AUBQSRXATQWTBD-UHFFFAOYSA-N,1,agonist,1.0,8.44
CHEMBL5171636,CCN(C(=O)N[C@@H](CCC(F)(F)F)C(F)(F)F)[C@H](C)c1cccc(-c2ccc3nccn3c2)c1,MTADIKRUSNRSEU-BEFAXECRSA-N,1,agonist,1.0,8.15
CHEMBL5171737,COc1ccc(-c2cccc(C(=O)N(C)C)c2)cc1S(=O)(=O)Nc1ccc2ccc(N(C)C(=O)c3ccccc3)cc2c1,RXPUSLPAVKWKNE-UHFFFAOYSA-N,1,agonist,1.0,5.0
CHEMBL5171804,CN(C)c1ccc(C(=O)Nc2cccc([C@]3(C)O[C@H]4CO[C@@H]5N4[C@H]3O[C@@]5(C)c3cccc(NC(=O)c4ccc(N(C)C)cc4)c3)c2)cc1,ADACZQFMOTWXLI-HJEOPMBSSA-N,0,antagonist,1.0,5.0
CHEMBL5171902,COc1cccc(C(=O)N(C)c2c(C)ccc3ccc(NS(=O)(=O)c4cc(-c5cccc(C(=O)N(C)C)c5)ccc4OC)cc23)c1,MWYZJAXNKVNHOZ-UHFFFAOYSA-N,1,agonist,1.0,7.51
CHEMBL5172765,COc1ccc(C(=O)Nc2cccc([C@@]3(C)O[C@@H]4CO[C@H]5N4[C@@H]3O[C@]5(C)c3cccc(NC(=O)c4ccc(OC)cc4)c3)c2)cc1,CEFZLJAZLPOVTE-VNCSWJDHSA-N,0,antagonist,1.0,7.58
CHEMBL5173055,CN(C)c1ccc(C(=O)Nc2cccc([C@@]3(C)O[C@H]4CO[C@@H]5N4[C@H]3O[C@]5(C)c3cccc(NC(=O)c4ccc(N(C)C)cc4)c3)c2)cc1,ADACZQFMOTWXLI-PAVKKKSZSA-N,0,antagonist,1.0,5.0
CHEMBL5173902,CCN(C(=O)N[C@@H](CCC(F)(F)F)C(F)(F)F)[C@@H](c1cc(-c2cc(OC)c3ncn(C)c3c2)c(OC)cn1)C(F)(F)F,VLXVMMFUHZFPQE-FPOVZHCZSA-N,1,agonist,1.0,7.53
CHEMBL5174113,COc1ccc(C(=O)Nc2cccc([C@]3(C)O[C@H]4CO[C@@H]5N4[C@H]3O[C@@]5(C)c3cccc(NC(=O)c4ccc(OC)cc4)c3)c2)cc1,CEFZLJAZLPOVTE-WMUVQLMLSA-N,0,antagonist,1.0,7.84
CHEMBL5174799,COc1cccc(C(=O)Nc2c(C)ccc3ccc(NS(=O)(=O)c4cc(-c5cccc(C(=O)N(C)C)c5)ccc4OC)cc23)c1,AIDQVIXFFODAGI-UHFFFAOYSA-N,1,agonist,1.0,8.04
CHEMBL5175108,C[C@@]1(c2cccc(NC(=O)c3ccccc3)c2)O[C@H]2CO[C@@H]3N2[C@H]1O[C@@]3(C)c1cccc(NC(=O)c2ccccc2)c1,RVRKAFDLIHFNFY-KMACTHOASA-N,0,antagonist,1.0,7.82
CHEMBL5175413,CCCN(C(=O)Cc1cccc(OC)c1)C1CCCc2ccc(NS(=O)(=O)c3cc(-c4cccc(C(=O)N(C)C)c4)ccc3OC)cc21,CQKFALOLZLFXNV-UHFFFAOYSA-N,1,agonist,1.0,7.36
CHEMBL5175431,CCN(C(=O)N[C@@H](C1CCCC(F)(F)C1)C(F)(F)F)[C@H](C)c1cccc(-c2cn3ccnc3c(OC)n2)c1,ASMFYWPVOKVIDT-SZBOGAFOSA-N,1,agonist,1.0,9.05
CHEMBL5175432,COc1cccc(C(=O)Nc2cccc3ccc(NS(=O)(=O)c4cc(-c5cccc(C(=O)N(C)C)c5)ccc4OC)cc23)c1,RHMGRPVSNOOTPE-UHFFFAOYSA-N,1,agonist,1.0,7.61
CHEMBL5175830,C[C@@]1(c2cccc(NC(=O)c3ccccn3)c2)O[C@H]2CO[C@@H]3N2[C@H]1O[C@@]3(C)c1cccc(NC(=O)c2ccccn2)c1,HDOBFJAGHGMUMY-LJEIBCANSA-N,0,antagonist,1.0,7.16
CHEMBL5176007,COc1cccc(C(=O)N(C)c2cccc3ccc(NS(=O)(=O)c4cc(-c5cccc(C(=O)N(C)C)c5)ccc4OC)cc23)c1,SUASABZOFHVKPN-UHFFFAOYSA-N,1,agonist,1.0,7.64
CHEMBL5176560,C[C@@]1(c2cccc(NC(=O)c3cccnc3)c2)O[C@H]2CO[C@@H]3N2[C@H]1O[C@@]3(C)c1cccc(NC(=O)c2cccnc2)c1,GCTCPNHMOPKFIC-LJEIBCANSA-N,0,antagonist,1.0,6.58
CHEMBL5176663,CCN1C(=O)N[C@@H](CCC(C)(F)F)CCOCCOc2nc(cc3ccnn23)-c2cc(ncc2OC)[C@H]1C,PGNHVYRQJPGZAU-MSOLQXFVSA-N,1,agonist,1.0,9.6
CHEMBL5177846,CC1CC(NS(C)(=O)=O)C2COC3CCC(CC3)c3nc(c(F)cc3F)OCCOC(=O)N12,AHDQPITWFVUJKR-UHFFFAOYSA-N,1,agonist,1.0,10.15
CHEMBL5179094,CCN(C(=O)NC1(C(F)(F)F)CCC1)[C@@H](c1cc(-c2cn3ccnc3c(OC)n2)c(OC)cn1)C(F)(F)F,GOHAKGBEAUBDLP-KRWDZBQOSA-N,1,agonist,1.0,7.34
CHEMBL5179969,COc1ccc(-c2cccc(C(=O)N(C)C)c2)cc1S(=O)(=O)Nc1ccc2cccc(N(C)C(=O)c3ccccc3)c2c1,MEFWUBSRJLRTEK-UHFFFAOYSA-N,1,agonist,1.0,5.71
CHEMBL5180121,CCN(C(=O)N[C@@H](CCC(F)(F)F)C(F)(F)F)C(c1cc(-c2cc(OC)c3nccn3n2)c(OC)cn1)C(F)(F)F,OIDIFRVDOSYDEZ-ZENAZSQFSA-N,1,agonist,1.0,8.33
CHEMBL5180145,COc1ccc(-c2cccc(C(=O)N(C)C)c2)cc1S(=O)(=O)Nc1ccc2c(c1)C(N(C)C(=O)Cc1ccccc1)CCC2,FCIJDCSSCKRINT-UHFFFAOYSA-N,1,agonist,1.0,7.97
CHEMBL5180400,C[C@]1(c2cccc(NC(=O)c3ccncc3)c2)O[C@H]2CO[C@@H]3N2[C@H]1O[C@]3(C)c1cccc(NC(=O)c2ccncc2)c1,KELBLERTZGHUSW-NBUBIBOFSA-N,0,antagonist,1.0,5.0
CHEMBL5181519,C[C@@]1(c2cccc(NC(=O)c3ccncc3)c2)O[C@H]2CO[C@@H]3N2[C@H]1O[C@@]3(C)c1cccc(NC(=O)c2ccncc2)c1,KELBLERTZGHUSW-LJEIBCANSA-N,0,antagonist,1.0,6.75
CHEMBL5181668,CN(C)c1cccc(C(=O)Nc2cccc([C@]3(C)O[C@H]4CO[C@@H]5N4[C@H]3O[C@@]5(C)c3cccc(NC(=O)c4cccc(N(C)C)c4)c3)c2)c1,XGLXQYSUNAPXDT-HJEOPMBSSA-N,0,antagonist,1.0,5.0
CHEMBL5181823,CN(C)c1ccccc1C(=O)Nc1cccc([C@]2(C)O[C@H]3CO[C@@H]4N3[C@H]2O[C@@]4(C)c2cccc(NC(=O)c3ccccc3N(C)C)c2)c1,XIISIGHKHRJRNN-HJEOPMBSSA-N,0,antagonist,1.0,5.0
CHEMBL5182672,CCN1C(=O)N[C@@H](CCC(C)(F)F)COCCCOc2nc(cc3ccnn23)-c2cc(ncc2OC)[C@H]1C,VAULSDDAUYFKCE-MSOLQXFVSA-N,1,agonist,1.0,9.37
CHEMBL5183051,CCN1C(=O)N[C@@H](CCC(F)(F)F)CCOCCOc2nc(cc3ccnn23)-c2cc(ncc2OC)[C@H]1C,NQJMQVMEPBABFR-SJORKVTESA-N,1,agonist,1.0,9.33
CHEMBL5183223,CCN1C(=O)N[C@@H](CCC(C)(F)F)CCOCCOc2nc(cc3ccnn23)-c2ccnc(c2)[C@H]1C,YUARDLVSUBRLFK-MJGOQNOKSA-N,1,agonist,1.0,9.7
CHEMBL5183871,CC[C@H](CC(F)(F)F)NC(=O)N(CC)C(c1cc(-c2cn3ccnc3c(OC)n2)c(OC)cn1)C(C)(F)F,UPRYKUIFRBALAJ-MJTSIZKDSA-N,1,agonist,1.0,8.09
CHEMBL5184107,CCN(C(=O)NC(Cn1nccn1)C(F)(F)F)[C@H](C)c1cccc(-c2cn3ccnc3c(OC)n2)c1,DWZTZJYICKBFPW-NYRJJRHWSA-N,1,agonist,1.0,8.55
CHEMBL5184945,COc1ccc(-c2cccc(C(=O)N(C)C)c2)cc1S(=O)(=O)Nc1ccc2c(c1)C(N(C)C(=O)C1CCCCC1)CCC2,KLABFLKPWCVSRA-UHFFFAOYSA-N,1,agonist,1.0,6.08
CHEMBL5185441,CN(C)c1cccc([C@]2(C)O[C@H]3CO[C@@H]4N3[C@H]2O[C@@]4(C)c2cccc(N(C)C)c2)c1,RCFLTVBXTXMLIM-LSBAASHUSA-N,0,antagonist,1.0,6.18
CHEMBL5186006,COc1cccc(CC(=O)N(C)c2cccc3c2CC(NS(=O)(=O)c2cc(-c4cccc(C(=O)N(C)C)c4)ccc2OC)CC3)c1,SRWURRXGCPDCNE-UHFFFAOYSA-N,1,agonist,1.0,5.0
CHEMBL5186755,COc1cccc(CC(=O)NC2CCCc3ccc(NS(=O)(=O)c4cc(-c5cccc(C(=O)N(C)C)c5)ccc4OC)cc32)c1,FVCVSGMGPAHFBT-UHFFFAOYSA-N,1,agonist,1.0,7.58
CHEMBL5187194,COc1cccc(CC(=O)OC2CCCc3ccc(NS(=O)(=O)c4cc(-c5cccc(C(=O)N(C)C)c5)ccc4OC)cc32)c1,JXNSEEZSSPOGPN-UHFFFAOYSA-N,1,agonist,1.0,6.38
CHEMBL5187376,COc1cccc(CC(=O)N(CC2CC2)C2CCCc3ccc(NS(=O)(=O)c4cc(-c5cccc(C(=O)N(C)C)c5)ccc4OC)cc32)c1,INSNGTFXDDOTII-UHFFFAOYSA-N,1,agonist,1.0,7.11
CHEMBL5187462,CCCCC(=O)N(C)C1CCCc2ccc(NS(=O)(=O)c3cc(-c4cccc(C(=O)N(C)C)c4)ccc3OC)cc21,QMTDZDZRPANYIK-UHFFFAOYSA-N,1,agonist,1.0,5.72
CHEMBL5189784,COc1ccc(-c2cccc(C(=O)N(C)C)c2)cc1S(=O)(=O)Nc1ccc2c(c1)C(N(C)C(=O)Cc1cccc(F)c1)CCC2,VPHHICAZTSKBJV-UHFFFAOYSA-N,1,agonist,1.0,8.19
CHEMBL5190162,CN(C)c1ccccc1C(=O)Nc1cccc([C@@]2(C)O[C@H]3CO[C@@H]4N3[C@H]2O[C@]4(C)c2cccc(NC(=O)c3ccccc3N(C)C)c2)c1,XIISIGHKHRJRNN-PAVKKKSZSA-N,0,antagonist,1.0,5.0
CHEMBL5190258,CCN(C(=O)N[C@@H](CCC(F)(F)F)C(F)(F)F)[C@H](C)c1cc(-c2cn3ccnc3c(OC)n2)c(OC)cn1,ITBXEGSPKUHVQU-ACJLOTCBSA-N,1,agonist,1.0,9.22
CHEMBL5190821,CC1CC(NS(=O)(=O)N(C)C)C2COC3CCC(CC3)c3cccc(c3)OCCOC(=O)N12,AHKAUACERUFWPY-UHFFFAOYSA-N,1,agonist,1.0,10.0
CHEMBL5191466,CCN(C(=O)N[C@@H](CCC(F)(F)F)C(F)(F)F)[C@H](C)c1cccc(-c2cc(OC)c3ncc(Cl)n3c2)c1,UCRYSHHYUHKRSO-KUHUBIRLSA-N,1,agonist,1.0,9.15
CHEMBL5191910,CCN(C(=O)N[C@@H](CCC(F)(F)F)C(F)(F)F)C(C)c1ccnc(-c2cn3ccnc3c(OC)n2)n1,SAPWMOBTPHCLBU-CVRLYYSRSA-N,1,agonist,1.0,5.98
CHEMBL5191943,C[C@]1(c2cccc(NC(=O)c3cccnc3)c2)O[C@H]2CO[C@@H]3N2[C@H]1O[C@]3(C)c1cccc(NC(=O)c2cccnc2)c1,GCTCPNHMOPKFIC-NBUBIBOFSA-N,0,antagonist,1.0,5.0
CHEMBL5192028,COc1ccc(-c2cccc(C(=O)N(C)C)c2)cc1S(=O)(=O)Nc1ccc2c(c1)C(N(C)C(=O)c1ccccc1)CCC2,LXWBRGZMMQAYIG-UHFFFAOYSA-N,1,agonist,1.0,6.21
CHEMBL5192110,COc1ccc(C(=O)Nc2cccc(C3(C)OC4COC5N4C3OC5(C)c3cccc(NC(=O)c4ccc(OC)cc4)c3)c2)cc1,CEFZLJAZLPOVTE-UHFFFAOYSA-N,0,antagonist,1.0,6.390000000000001
CHEMBL519258,COc1ccc(OCCN(CC(=O)NCc2ccccc2)Cc2ccccc2)cc1OC,SULDHGUMUNQJLE-UHFFFAOYSA-N,0,antagonist,1.0,7.5614393726401685
CHEMBL5192814,COc1cccc(CC(=O)N(C)[C@H]2CCCc3ccc(NS(=O)(=O)c4cc(-c5cccc(C(=O)N(C)C)c5)ccc4OC)cc32)c1,XONYJYAZEWRESR-YTTGMZPUSA-N,1,agonist,1.0,8.57
CHEMBL5193254,COc1cccc(C(=O)Nc2cccc([C@]3(C)O[C@@H]4N5[C@H](CO[C@H]53)O[C@@]4(C)c3cccc(NC(=O)c4ccccc4)c3)c2)c1,KWZATPHLNBHNFW-VYKSXFOXSA-N,0,antagonist,1.0,8.27
CHEMBL5194412,COc1cccc(CC(=O)N(C)c2cccc3ccc(NS(=O)(=O)c4cc(-c5cccc(C(=O)N(C)C)c5)ccc4OC)cc23)c1,ZAUUZIRLIWCWEF-UHFFFAOYSA-N,1,agonist,1.0,6.65
CHEMBL5194511,COc1ccc(-c2cccc(C(=O)N(C)C)c2)cc1S(=O)(=O)Nc1ccc2c(c1)C(N(C)C(=O)Cc1cccc(O)c1)CCC2,PRKVEMBABPOWOC-UHFFFAOYSA-N,1,agonist,1.0,7.24
CHEMBL5194793,CC1CC(NS(C)(=O)=O)C2COC3CCC(CC3)c3cccc(n3)OCCCOC(=O)N12,FHGPLEXQYXUKIC-UHFFFAOYSA-N,1,agonist,1.0,10.3
CHEMBL5194980,COc1ccc(C(=O)Nc2cccc([C@@]3(C)O[C@H]4CO[C@@H]5N4[C@H]3O[C@]5(C)c3cccc(NC(=O)c4ccc(OC)cc4)c3)c2)cc1,CEFZLJAZLPOVTE-SIJDRCJTSA-N,0,antagonist,1.0,5.0
CHEMBL5195414,C[C@@H]1C[C@H](NS(=O)(=O)N(C)C)[C@@H]2COC3CCC(CC3)c3ccccc3/C=C/OC(=O)N12,STIPETWZTMTJFW-WZOSIZDNSA-N,1,agonist,1.0,10.05
CHEMBL5196421,CCN(C(=O)N[C@@H]1CCCN(CC#N)C1)[C@H](C)c1cccc(-c2cn3ccnc3c(OC)n2)c1,AHYWJQUWZIMPQR-WIYYLYMNSA-N,1,agonist,1.0,9.15
CHEMBL5196538,CC1CC(NS(C)(=O)=O)C2COC3CCC(CC3)c3cccc(n3)OCCOC(=O)N12,WVFXYDZOGYLDMS-UHFFFAOYSA-N,1,agonist,1.0,10.4
CHEMBL5197041,C[C@]1(c2cccc(NC(=O)c3ccccc3)c2)O[C@H]2CO[C@@H]3N2[C@H]1O[C@]3(C)c1cccc(NC(=O)c2ccccc2)c1,RVRKAFDLIHFNFY-HVRVSHBKSA-N,0,antagonist,1.0,5.0
CHEMBL5197252,COc1ccc(-c2cccc(C(=O)N(C)C)c2)cc1S(=O)(=O)Nc1ccc2c(c1)C(N(C)C(=O)CCc1ccccc1)CCC2,IXCIAEVFRWNKFU-UHFFFAOYSA-N,1,agonist,1.0,6.9
CHEMBL5198385,CCN1C(=O)N[C@@H](c2cnc(C)s2)CCCCCOc2nc(cn3ccnc23)-c2cc(ncc2OC)[C@H]1C,ZYGDDUFFDBXRQV-YLJYHZDGSA-N,1,agonist,1.0,9.43
CHEMBL5198468,COc1ccc(-c2cccc(C(=O)N(C)C)c2)cc1S(=O)(=O)Nc1ccc2c(c1)C(N(C)C(=O)Cc1cccc(N(C)C)c1)CCC2,XVWAZIIFDSSFJE-UHFFFAOYSA-N,1,agonist,1.0,8.25
CHEMBL5199362,C[C@@]1(c2cccc(NS(=O)(=O)c3ccccc3)c2)O[C@H]2CO[C@@H]3N2[C@H]1O[C@]3(C)c1ccc(NS(=O)(=O)c2ccccc2)cc1,FWDSDDUBGGLTLG-NRQMHRBESA-N,0,antagonist,1.0,6.65
CHEMBL5199597,COc1ccc(-c2cccc(C(=O)N(C)C)c2)cc1S(=O)(=O)Nc1ccc2c(c1)C(N(C)C(=O)Cc1cccnc1)CCC2,NWTFCQUYQYCEOJ-UHFFFAOYSA-N,1,agonist,1.0,6.82
CHEMBL5200151,CC(C)(C)OC(=O)Nc1cccc([C@]2(C)O[C@H]3CO[C@@H]4N3[C@H]2O[C@@]4(C)c2cccc(NC(=O)OC(C)(C)C)c2)c1,HWPGSJXNDFFMTJ-VQVMIVEFSA-N,0,antagonist,1.0,6.75
CHEMBL5200472,COc1ccc(CN(C)C2CCc3ccc(NS(=O)(=O)c4cc(-c5cccc(C(=O)N(C)C)c5)ccc4OC)cc32)cc1,AALQUECXBILQKO-UHFFFAOYSA-N,1,agonist,1.0,8.48
CHEMBL5200587,COc1ccccc1CC(=O)N(C)C1CCCc2ccc(NS(=O)(=O)c3cc(-c4cccc(C(=O)N(C)C)c4)ccc3OC)cc21,BYBSSFQICDINMK-UHFFFAOYSA-N,1,agonist,1.0,8.45
CHEMBL5201030,CCN(C(=O)Cc1cccc(OC)c1)C1CCCc2ccc(NS(=O)(=O)c3cc(-c4cccc(C(=O)N(C)C)c4)ccc3OC)cc21,XSUFQYDPVJKPPD-UHFFFAOYSA-N,1,agonist,1.0,7.71
CHEMBL5202268,COc1ccc(-c2cccc(C(=O)N(C)C)c2)cc1S(=O)(=O)Nc1ccc2ccc(NC(=O)c3ccccc3)cc2c1,SWKASTCTANRNSR-UHFFFAOYSA-N,1,agonist,1.0,5.0
CHEMBL5202328,CC[C@@H](NC(=O)N(CC)[C@H](C)c1cccc(-c2cn3ccnc3c(OC)n2)c1)C1CC(F)(F)CCO1,BFODNMSNJKVNLT-IKQMYLSPSA-N,1,agonist,1.0,9.1
CHEMBL5202688,C[C@]1(c2cccc(NC(=O)c3ccccn3)c2)O[C@H]2CO[C@@H]3N2[C@H]1O[C@]3(C)c1cccc(NC(=O)c2ccccn2)c1,HDOBFJAGHGMUMY-NBUBIBOFSA-N,0,antagonist,1.0,5.0
CHEMBL5203080,COc1ccc(-c2cccc(C(=O)N(C)C)c2)cc1S(=O)(=O)Nc1ccc2c(c1)C(N(C)C(=O)Nc1ccccc1)CCC2,JFMYCCJMEOAUMO-UHFFFAOYSA-N,1,agonist,1.0,6.85
CHEMBL5203334,CCN1C(=O)N[C@@H](C)CCCC2(CCOCC2)COc2nc(cn3ccnc23)-c2cc(ncc2OC)[C@H]1C,FZKCBXJFSVPJLC-VQTJNVASSA-N,1,agonist,1.0,9.54
CHEMBL5203737,COc1ccccc1C(=O)Nc1cccc([C@]2(C)O[C@@H]3N4[C@H](CO[C@H]42)O[C@@]3(C)c2cccc(NC(=O)c3ccccc3)c2)c1,PENNQVRJCWPIOY-VYKSXFOXSA-N,0,antagonist,1.0,7.25
CHEMBL5203887,COc1cccc(CC(=O)N(C)[C@@H]2CCCc3ccc(NS(=O)(=O)c4cc(-c5cccc(C(=O)N(C)C)c5)ccc4OC)cc32)c1,XONYJYAZEWRESR-JGCGQSQUSA-N,1,agonist,1.0,9.24
CHEMBL5204003,CCOc1cccc(CC(=O)N(C)C2CCCc3ccc(NS(=O)(=O)c4cc(-c5cccc(C(=O)N(C)C)c5)ccc4OC)cc32)c1,RXVOJRINYVSUDX-UHFFFAOYSA-N,1,agonist,1.0,8.67
CHEMBL5205313,COc1cccc(CC(=O)N(C)C2CCCc3ccc(NS(=O)(=O)c4cc(-c5cccc(C(=O)N(C)C)c5)ccc4OC)cc32)c1,XONYJYAZEWRESR-UHFFFAOYSA-N,1,agonist,1.0,8.82
CHEMBL5205584,COc1cccc(C(=O)Nc2cccc([C@@]3(C)O[C@H]4CO[C@@H]5N4[C@H]3O[C@]5(C)c3cccc(NC(=O)c4ccccc4OC)c3)c2)c1,YJBXBJHGHOTWGH-SIJDRCJTSA-N,0,antagonist,1.0,6.14
CHEMBL5206338,Cc1ccc2nc1C1CCC(CC1)OCC1C(NS(C)(=O)=O)CC(C)N1C(=O)OCCO2,NQKQGEGFPCILBI-UHFFFAOYSA-N,1,agonist,1.0,10.0
CHEMBL5207082,COc1cccc(C(=O)Nc2cccc([C@@]3(C)O[C@H]4CO[C@@H]5N4[C@H]3O[C@]5(C)c3cccc(NC(=O)c4cccc(OC)c4)c3)c2)c1,KCRJEMJYJAJRBB-SIJDRCJTSA-N,0,antagonist,1.0,5.0
CHEMBL5207350,COc1ccc2c3c1O[C@H]1[C@H](N(C)C(=O)/C=C/c4ccoc4)CC[C@H]4[C@@H](C2)N(S(=O)(=O)c2ccccc2N(C)C)CC[C@@]341,HRJOGQLVJXHXEW-QHVAUOSFSA-N,0,antagonist,1.0,5.0
CHEMBL5207891,CN(C)c1cccc(C(=O)Nc2cccc([C@@]3(C)O[C@H]4CO[C@@H]5N4[C@H]3O[C@]5(C)c3cccc(NC(=O)c4cccc(N(C)C)c4)c3)c2)c1,XGLXQYSUNAPXDT-PAVKKKSZSA-N,0,antagonist,1.0,5.0
CHEMBL5208227,COc1ccc2c3c1O[C@H]1[C@H](N(C)C(=O)/C=C/c4ccoc4)CC=C4[C@@H](C2)N(S(=O)(=O)c2ccccc2N(C)C)CC[C@]431,MBETVHLFGXAETJ-NSCYIRBMSA-N,0,antagonist,1.0,5.0
CHEMBL5208651,CCN(C(=O)N[C@@H](CCC(F)(F)F)C(F)(F)F)[C@H](C)c1cc(-c2cn3ccnc3c(OC)n2)c(=O)n(C)c1,ULVKXIPNGXNHJQ-DYVFJYSZSA-N,1,agonist,1.0,7.98
CHEMBL5208933,COc1ccc(C(=O)N(C)c2cccc3ccc(NS(=O)(=O)c4cc(-c5cccc(C(=O)N(C)C)c5)ccc4OC)cc23)cc1,UWAXEEBSTWFJEU-UHFFFAOYSA-N,1,agonist,1.0,7.29
CHEMBL5209514,COc1ccccc1C(=O)N(C)c1cccc2ccc(NS(=O)(=O)c3cc(-c4cccc(C(=O)N(C)C)c4)ccc3OC)cc12,UJZZBLDXPCFFFR-UHFFFAOYSA-N,1,agonist,1.0,5.0
CHEMBL521024,COc1ccc(OCCN(CC(=O)NCc2ccccc2Cl)Cc2ccc(F)cc2)cc1OC,JCHRFDGINXJKFH-UHFFFAOYSA-N,0,antagonist,1.0,6.86
CHEMBL521540,CCN(CC)C(=O)CN(c1cccc(N(C)C)c1C#N)S(=O)(=O)c1ccc(OC)c(OC)c1,RCRJCGGDCWSHES-UHFFFAOYSA-N,0,antagonist,1.0,6.96
CHEMBL521579,COc1cc2c(cc1OC)C(Cc1ccc3c(c1)OCO3)N(CC(=O)NCc1ccccc1)CC2,QONDXCRQUGCFSH-UHFFFAOYSA-N,0,antagonist,1.0,5.0
CHEMBL521649,CCCCNC(=O)C(c1ccccc1)N1CCc2cc(OC)c(OC)cc2C1Cc1ccc(OC)c(OC)c1,IHCFTGHARRXKNR-UHFFFAOYSA-N,0,antagonist,1.0,5.74
CHEMBL521713,CCN(CC)C(=O)CN(c1cc(C)ccc1Cl)S(=O)(=O)c1ccc(OC)c(OC)c1,XVLFGOHQYXKNSU-UHFFFAOYSA-N,0,antagonist,1.0,8.1
CHEMBL522443,COc1ccc(CC2c3cc(OC)c(OC)cc3CCN2CC(=O)N2CCc3ccccc3C2)cc1OC,COBNBIAOBJLGQO-UHFFFAOYSA-N,0,antagonist,1.0,5.022878745280337
CHEMBL522574,CCN(CC)C(=O)CN(c1cc(C#N)ccc1Cl)S(=O)(=O)c1ccc(OC)c(OC)c1,SVSITUVEUCFUJX-UHFFFAOYSA-N,0,antagonist,1.0,6.33
CHEMBL522786,COc1cc2c(cc1OC)C(Cc1ccc(C)c(C)c1)N(CC(=O)NC1CCc3ccccc31)CC2,YGJXGLLZMWNQHE-UHFFFAOYSA-N,0,antagonist,1.0,5.38
CHEMBL522927,COc1cccc(CC2c3cc(OC)c(OC)cc3CCN2CC(=O)NC2CCc3ccccc32)c1,IHIKZZHKYNNQTE-UHFFFAOYSA-N,0,antagonist,1.0,5.25
CHEMBL522957,COc1ccc(C[C@H]2c3cc(OC)c(OC)cc3CCN2CC(=O)NCCc2ccccc2)cc1OC,YVHFWLYZVUCPFZ-VWLOTQADSA-N,0,antagonist,1.0,5.0
CHEMBL522975,COc1ccc(CC2c3cc(OC)c(OC)cc3CCN2CC(=O)N(C)C2CCCCC2)cc1OC,BADLGKGMDLCRRC-UHFFFAOYSA-N,0,antagonist,1.0,5.0
CHEMBL523963,COc1ccc(CC2c3cc(OC)c(OC)cc3CCN2CC(=O)NC2Cc3ccccc3C2)cc1OC,RLJVDLOZEWOSAC-UHFFFAOYSA-N,0,antagonist,1.0,5.96
CHEMBL524093,COc1cc2c(cc1OC)C(Cc1ccccc1)N(CC(=O)NC1CCc3ccccc31)CC2,AOHGDIAKNFOWEK-UHFFFAOYSA-N,0,antagonist,1.0,5.0
CHEMBL524139,COc1cc2c(cc1OC)C(Cc1ccc3c(c1)OCO3)N(CC(=O)NC1CCc3ccccc31)CC2,PSMVBRYVVNJIGG-UHFFFAOYSA-N,0,antagonist,1.0,5.0
CHEMBL524267,CCN(CC)C(=O)CN(c1ccc(C)cc1)S(=O)(=O)c1ccc(C)cc1,OIZZIGIDVRTSOX-UHFFFAOYSA-N,0,antagonist,1.0,6.63
CHEMBL524440,CCN(CC)C(=O)CN(c1ccc(C)cc1)S(=O)(=O)c1ccc(OC)cc1,AIXCMUNOUXBXJD-UHFFFAOYSA-N,0,antagonist,1.0,6.18
CHEMBL524806,CCN(CC)C(=O)CN(c1ccc(C)cc1)S(=O)(=O)c1cccc(F)c1,IDGKPFDIDHMPNS-UHFFFAOYSA-N,0,antagonist,1.0,6.08
CHEMBL525010,CCN(C(=O)CN(c1cc(N(C)C)ccc1Cl)S(=O)(=O)c1ccc(OC)c(OC)c1)c1cccc(C)n1,QHQFOBUXHCEYNJ-UHFFFAOYSA-N,0,antagonist,1.0,8.3
CHEMBL5267025,Cc1ccc(-c2ncccn2)c(C(=O)N2C[C@@H]3C[C@@H]3C[C@H]2CNc2nnc(C(F)(F)F)s2)n1,FODYTDYTISQCDH-RDBSUJKOSA-N,0,antagonist,1.0,5.8
CHEMBL526821,CCN(CC)C(=O)CN(c1cc(N(C)CC)ccc1Cl)S(=O)(=O)c1ccc(OC)c(OC)c1,LUNZEQYEAOZSDT-UHFFFAOYSA-N,0,antagonist,1.0,6.36
CHEMBL526837,CCN(C(=O)CN(c1cc2c(C)nsc2cc1Cl)S(=O)(=O)c1ccc(OC)c(OC)c1)c1cccc(C)n1,KGULASVFSCTHIO-UHFFFAOYSA-N,0,antagonist,1.0,8.15
CHEMBL5273790,Cc1ccc(-n2nccn2)c(C(=O)N2CCC[C@@H](COc3ccc(F)cn3)C2)c1,DNLONETYZDCELL-MRXNPFEDSA-N,0,antagonist,1.0,7.54
CHEMBL5275530,CCCCCCCCS(=O)(=O)NC[C@]1(C)O[C@@H]2CO[C@H]3N2[C@@H]1O[C@@]3(C)CNS(=O)(=O)CCCCCCCC,RATYEQBHVVOPSV-OYHZZYGJSA-N,1,agonist,1.0,5.79
CHEMBL5278013,CC(C)(C)OC(=O)NC[C@]1(C)O[C@@H]2CO[C@H]3N2[C@@H]1O[C@@]3(C)CNC(=O)OC(C)(C)C,DGGLKYUWVUJLNM-QUUXKOAQSA-N,1,agonist,1.0,5.41
CHEMBL5278966,CCCCCCCCS(=O)(=O)NC[C@@]1(C)O[C@H]2CO[C@@H]3N2[C@H]1O[C@]3(C)CNS(=O)(=O)CCCCCCCC,RATYEQBHVVOPSV-QWDLEPIUSA-N,1,agonist,1.0,5.62
CHEMBL528990,COc1ccc(OCCN(CC(=O)NCc2ccccc2)Cc2ccc(F)cc2)cc1OC,RUWQDQCSWXDKCM-UHFFFAOYSA-N,0,antagonist,1.0,7.616439372640169
CHEMBL5393867,COc1cccc(CC(=O)N(C)[C@H]2CCCc3ccc(NS(=O)(=O)c4cc(/C=C/C(=O)Nc5ccncc5)ccc4OC)cc32)c1,CUXJBONFEXBSTQ-XLRZBZHBSA-N,1,agonist,1.0,5.78
CHEMBL5394185,COc1cccc(CC(=O)N(C)C2CCCc3ccc(NS(=O)(=O)c4ccccc4OC)cc32)c1,CJPCAMVWJRJSTF-UHFFFAOYSA-N,1,agonist,1.0,5.07
CHEMBL5396114,COc1cccc(CC(=O)N(C)C2CCCc3ccc(NS(=O)(=O)c4cc(/C=C/C(=O)Nc5ccncc5)ccc4OC)cc32)c1,CUXJBONFEXBSTQ-RVDMUPIBSA-N,1,agonist,1.0,6.64
CHEMBL5397081,COc1cc(OC)nc(NCCN(CC2CC2)C(=O)c2nc(C3CC3)oc2-c2cccc(C)c2)n1,YDNOQERODFOXJI-UHFFFAOYSA-N,0,antagonist,1.0,8.4
CHEMBL5400403,Cc1cccc(-c2ocnc2C(=O)Nc2cnn(Cc3ccccc3)c2)c1,QPVKICIGNRWKJE-UHFFFAOYSA-N,0,antagonist,1.0,5.73
CHEMBL5403259,CCCCNC(=O)/C=C/c1ccc(OC)c(S(=O)(=O)Nc2ccc3c(c2)C(N(C)C(=O)Cc2cccc(OC)c2)CCC3)c1,FHMMSWVMGKTXDU-NBVRZTHBSA-N,1,agonist,1.0,5.0
CHEMBL5403398,COc1cccc(CC(=O)N(C)C2CCCc3ccc(NS(=O)(=O)c4cc(/C=C/C(N)=O)ccc4OC)cc32)c1,DPABQWXVKAWCPJ-RVDMUPIBSA-N,1,agonist,1.0,5.15
CHEMBL5403758,CC(C)C(=O)N1C(C)CN(S(=O)(=O)c2ccccc2)CC1C(=O)NCc1ccc(-c2ccco2)c(F)c1,FGVITNLHMXPEIQ-UHFFFAOYSA-N,1,agonist,1.0,7.95
CHEMBL5405864,CNC(=O)/C=C/c1ccc(OC)c(S(=O)(=O)Nc2ccc3c(c2)C(N(C)C(=O)Cc2cccc(OC)c2)CCC3)c1,GFTYHVCWEKQDJQ-FOWTUZBSSA-N,1,agonist,1.0,5.0
CHEMBL5406322,COc1cccc(CC(=O)N(C)C2CCCc3ccc(NS(=O)(=O)c4cc(/C=C/C(=O)NCCN(C)C)ccc4OC)cc32)c1,LBRFHSUITQXHSN-GHRIWEEISA-N,1,agonist,1.0,5.62
CHEMBL5407752,COc1cccc(CC(=O)N(C)C2CCCc3ccc(NS(=O)(=O)c4cc(/C=C/C(=O)Nc5ccccn5)ccc4OC)cc32)c1,MNIHPUJALPLIKH-NBVRZTHBSA-N,1,agonist,1.0,6.02
CHEMBL5409300,Cc1cc(-c2ccco2)c(F)cc1CNC(=O)C1CN(S(=O)(=O)c2ccccc2)CC(C)N1C(=O)C(C)C,XHHOBSJTSLUZJK-UHFFFAOYSA-N,1,agonist,1.0,7.83
CHEMBL5410302,COc1cccc(CC(=O)N(C)C2CCCc3ccc(NS(=O)(=O)c4cc(CCC(=O)N(C)C)ccc4OC)cc32)c1,FSDWMNQLRPNHQL-UHFFFAOYSA-N,1,agonist,1.0,5.19
CHEMBL5410801,COc1cccc(CC(=O)N(C)C2CCCc3ccc(NS(=O)(=O)c4cc(/C=C/C(=O)N(C)c5ccncc5)ccc4OC)cc32)c1,MGKSJMYZDVGBDL-FOWTUZBSSA-N,1,agonist,1.0,6.56
CHEMBL5411141,COc1cccc(CC(=O)N(C)C2CCCc3ccc(NS(=O)(=O)c4cc(-c5ccccc5)ccc4OC)cc32)c1,ZVRWRGBSAHJCTI-UHFFFAOYSA-N,1,agonist,1.0,5.89
CHEMBL5412659,COc1ccc2[nH]cc(CCn3cc(NC(=O)c4cc(C)ccc4-n4nccn4)cn3)c2c1,UMMNYAAWBBOFSP-UHFFFAOYSA-N,0,antagonist,1.0,5.166215625343521
CHEMBL5415291,COc1ccc2[nH]cc(CCn3cc(NC(=O)c4ccccc4-n4nccn4)cn3)c2c1,RWXWYBBNWMWQEJ-UHFFFAOYSA-N,0,antagonist,1.0,5.33
CHEMBL5415350,COc1cccc(CC(=O)N(C)C2CCCc3ccc(NS(=O)(=O)c4cc(/C=C/C(=O)Nc5cccnc5)ccc4OC)cc32)c1,AQOABJZISSUACA-GHRIWEEISA-N,1,agonist,1.0,6.53
CHEMBL5416623,Cc1ccc2c(C(=O)N(C)C)cc(S(=O)(=O)Nc3cccc(NCCNC(=O)c4cccc(C)c4)c3)c-2cc1,QIRVLBIVORZLIC-UHFFFAOYSA-N,0,antagonist,1.0,5.7
CHEMBL5417451,COc1cccc(CC(=O)N(C)[C@@H]2CCCc3ccc(NS(=O)(=O)c4cc(/C=C/C(=O)Nc5ccncc5)ccc4OC)cc32)c1,CUXJBONFEXBSTQ-YTUVCLRASA-N,1,agonist,1.0,6.78
CHEMBL5418783,COc1ccc2[nH]cc(CCn3cc(NC(=O)c4nc(C)oc4-c4cccc(C)c4)cn3)c2c1,RSSTVCNCBAXDPR-UHFFFAOYSA-N,0,antagonist,1.0,5.75
CHEMBL5420255,Cc1cc(-c2ccco2)ccc1CNC(=O)C1CN(S(=O)(=O)c2ccccc2)CC(C)N1C(=O)C(C)C,ZPKBFZUYCOSZGP-UHFFFAOYSA-N,1,agonist,1.0,7.88
CHEMBL5421250,COc1c(C#N)ccnc1N1C2CCC1CN(C(=O)c1cccnc1-n1cccn1)C2,TTWYDKRRYUJERD-UHFFFAOYSA-N,0,antagonist,1.0,7.96
CHEMBL5422241,CC(C)C(=O)N1C(C)CN(S(=O)(=O)c2ccccc2)CC1C(=O)NCc1ccc(-c2ccco2)cc1,PUEKMRWBWJJGTO-UHFFFAOYSA-N,1,agonist,1.0,7.85
CHEMBL5422351,COc1cccc(CC(=O)N(C)C2CCCc3ccc(NS(=O)(=O)c4cc(/C=C/C(=O)Nc5ccccc5)ccc4OC)cc32)c1,YRXQBHZRMFLDLJ-CAPFRKAQSA-N,1,agonist,1.0,5.48
CHEMBL5422607,CC(=O)c1ccc(Cn2cc(NC(=O)c3ncoc3-c3cccc(C)c3)cn2)o1,LHSVUAGZCIQFIE-UHFFFAOYSA-N,0,antagonist,1.0,5.615
CHEMBL5422867,COc1cccc(CC(=O)N(C)C2CCCc3ccc(NS(=O)(=O)c4cc(CCCC(=O)N(C)C)ccc4OC)cc32)c1,LKPRQLYLRGGSKG-UHFFFAOYSA-N,1,agonist,1.0,5.99
CHEMBL5423828,COc1cccc(CC(=O)N(C)C2CCCc3ccc(NS(=O)(=O)c4cc(CC(=O)N(C)C)ccc4OC)cc32)c1,CMADEYXERMKKAW-UHFFFAOYSA-N,1,agonist,1.0,6.72
CHEMBL5428873,COc1cccc(CC(=O)N(C)C2CCCc3ccc(NS(=O)(=O)c4cc(/C=C/C(=O)N(C)C)ccc4OC)cc32)c1,HUZHUCCIFMNHFH-GHRIWEEISA-N,1,agonist,1.0,5.0
CHEMBL5431242,Cc1cccc(C(=O)NCCNc2cccc(NS(=O)(=O)c3cc(C(=O)N(C)C)c4ccc(C(=O)N(C)C)ccc3-4)c2)c1,YUTGVUKNBDJDDM-UHFFFAOYSA-N,0,antagonist,1.0,5.3
CHEMBL5434113,COc1cccc(CC(=O)N(C)C2CCCc3ccc(NS(=O)(=O)c4cc(C(=O)N(C)C)ccc4OC)cc32)c1,WOSUBCDSLPBKKU-UHFFFAOYSA-N,1,agonist,1.0,6.84
CHEMBL5437937,Cc1cccc(C(=O)NCCN(C(=O)C(F)(F)F)c2cccc(NS(=O)(=O)c3cc(C(=O)N(C)C)c4ccc(C(=O)N(C)C)ccc3-4)c2)c1,AWYFITISVGICNY-UHFFFAOYSA-N,0,antagonist,1.0,5.3
CHEMBL5438232,COCCNC(=O)/C=C/c1ccc(OC)c(S(=O)(=O)Nc2ccc3c(c2)C(N(C)C(=O)Cc2cccc(OC)c2)CCC3)c1,SVHJRNUECWPPGV-FOWTUZBSSA-N,1,agonist,1.0,5.0
CHEMBL5439872,CC(C)C(=O)N1[C@H](C)CN(S(=O)(=O)c2ccccc2)C[C@@H]1C(=O)NCc1ccc(-c2ccco2)cc1,PUEKMRWBWJJGTO-HYBUGGRVSA-N,1,agonist,1.0,8.17
CHEMBL5440528,CCc1cc(-c2ccco2)ccc1CNC(=O)C1CN(S(=O)(=O)c2ccccc2)CC(C)N1C(=O)C(C)C,ZQYNIJNDSLEBIN-UHFFFAOYSA-N,1,agonist,1.0,7.96
CHEMBL5440627,Cc1ccc2c(C(=O)C(F)(F)F)cc(S(=O)(=O)Nc3cccc(NCCNC(=O)c4cccc(C)c4)c3)c-2cc1,KAHZEAYOPAANMH-UHFFFAOYSA-N,0,antagonist,1.0,5.3
CHEMBL5558345,COc1cc(C(=O)N2CCC[C@H]2c2noc(-c3ccccc3OC(F)(F)F)n2)c(-n2nccn2)cc1C,MZISTCJNJATLBB-KRWDZBQOSA-N,0,antagonist,1.0,8.4
CHEMBL5559244,COc1cc(C(=O)N2CCC[C@H]2c2nnc(-c3ccccc3OC(F)(F)F)[nH]2)c(-n2nccn2)cc1C,JOZFZVGLUUAMKM-KRWDZBQOSA-N,0,antagonist,1.0,8.52
CHEMBL5564739,Cc1cccc(-c2sc(C)nc2C(=O)N2CCC[C@H]2Cc2cccc(-c3ncon3)c2)c1,FASRRZAOIXPOCE-NRFANRHFSA-N,0,antagonist,1.0,8.36
CHEMBL5567578,Cc1cccc(-c2sc(C)nc2C(=O)N2CCC[C@H]2Cc2cccc(-n3ccnn3)c2)c1,QXKMDDLIDHJBFZ-NRFANRHFSA-N,0,antagonist,1.0,7.02
CHEMBL5568798,Cc1nc(C(=O)N2CCC[C@H]2Cc2cccc(-n3nccn3)c2)c(-c2ccc3c(c2)OCO3)s1,OMTPFVJZEZVSIP-IBGZPJMESA-N,0,antagonist,1.0,7.92
CHEMBL5569629,Cc1nc(C(=O)N2CCC[C@H]2Cc2cccc(-n3nccn3)c2)c(-c2ccc(F)cc2)s1,NEABXMFDQNNMBX-FQEVSTJZSA-N,0,antagonist,1.0,7.0
CHEMBL5571060,Cc1cccc(-c2sc(C)nc2C(=O)N2CCC[C@H]2Cc2cccc(-n3cccn3)c2)c1,NIEKUZAHPSOMLB-QFIPXVFZSA-N,0,antagonist,1.0,7.7
CHEMBL5571329,Cc1cccc(-n2nccn2)c1C(=O)N1CCOC[C@H]1Cc1cccc(-n2nccn2)c1,NSXAXFNVPYUUSU-HXUWFJFHSA-N,0,antagonist,1.0,5.71
CHEMBL5573121,Cc1cccc(-c2ncncc2C(=O)N2CCC[C@H]2Cc2cccc(-n3nccn3)c2)c1,RNTJSBLRSNYOCE-NRFANRHFSA-N,0,antagonist,1.0,7.4
CHEMBL5573198,Cc1ccc(-n2nccn2)c(C(=O)N2CCNC[C@H]2Cc2cccc(-n3nccn3)c2)c1,SSBGDZDWZASOAJ-HXUWFJFHSA-N,0,antagonist,1.0,6.18
CHEMBL5573476,O=C(c1ccccc1-c1ncccn1)N1CCC[C@H]1Cc1cccc(-n2nccn2)c1,AFXBOTJWXUOBKK-IBGZPJMESA-N,0,antagonist,1.0,7.24
CHEMBL5575306,Cc1cccc(-c2nccnc2C(=O)N2CCC[C@H]2Cc2cccc(-n3nccn3)c2)c1,GJEHIUNVVNIFIA-NRFANRHFSA-N,0,antagonist,1.0,7.4
CHEMBL5583621,COC[C@H](Cc1ccc(C)cc1)n1c(=N)n(C(c2ccc(C)cc2)C(F)(F)F)c2ccccc21,KIPAVZDKQDKQNF-XADRRFQNSA-N,1,agonist,1.0,5.85
CHEMBL5583672,CCC(=O)NCC(Cc1ccc(C)cc1)n1c(=N)n(Cc2ccc(C)cc2)c2ccccc21,OUDRBZCWNITYKJ-UHFFFAOYSA-N,1,agonist,1.0,5.195
CHEMBL5583730,Cc1ccc(C[C@@H](CNC(=O)CO)n2c(=N)n(Cc3ccc(C)cc3)c3ccccc32)cc1,CXVSRMKXOCVSJS-QHCPKHFHSA-N,1,agonist,1.0,5.86
CHEMBL5584053,CCCOC[C@H](Cc1ccc(C)cc1)n1c(=N)n(Cc2ccc(C)cc2)c2ccccc21,GALDNASEAMOSET-VWLOTQADSA-N,1,agonist,1.0,5.37
CHEMBL5584087,Cc1ccc(C[C@@H](COCCC#N)n2c(=N)n(C(C)c3ccc(C)cc3)c3cccnc32)cc1,UEJRZAHCBBDPIN-TUXUZCGSSA-N,1,agonist,1.0,5.84
CHEMBL5584131,Cc1ccc(C[C@@H](C(=O)N2CC(C#N)C2)n2c(=N)n(C(C)c3ccc(C)cc3)c3cccnc32)cc1,WYTRELALXGTYAT-UQTORGHUSA-N,1,agonist,1.0,5.855
CHEMBL5584134,CCC(c1ccc(C)cc1)n1c(=N)n([C@H](COC)Cc2ccc(C)cc2)c2ccccc21,APKDRFBCTSGBNK-SKCDSABHSA-N,1,agonist,1.0,5.66
CHEMBL5584168,Cc1ccc(C[C@@H](CNC(=O)CO)n2c(=N)n(C(C)c3ccc(C)cc3)c3ccccc32)cc1,VPHZDMLRKNMGQK-FHZUCYEKSA-N,1,agonist,1.0,6.18
CHEMBL5584170,Cc1cccc(-c2sc(C)nc2C(=O)N2CCC[C@H]2Cc2cccc(-c3ncccn3)c2)c1,JOFVCMFATFJQCO-QHCPKHFHSA-N,0,antagonist,1.0,8.32
CHEMBL5589678,COC[C@H](Cc1ccc(C)cc1)n1c(=N)n(C(c2ccc(C)cc2)C2CCC2)c2ccccc21,JNJAYXULQACSHK-QUWDGAPNSA-N,1,agonist,1.0,5.0
CHEMBL5589865,CC(=O)N(C)CC(Cc1ccc(C)cc1)n1c(=N)n(Cc2ccc(C)cc2)c2ccccc21,CKQOYKAPATXIQU-UHFFFAOYSA-N,1,agonist,1.0,5.48
CHEMBL5590120,Cc1ccc(CC(CNC(=O)c2ncco2)n2c(=N)n(Cc3ccc(C)cc3)c3ccccc32)cc1,QXONFKUBKSGBIK-UHFFFAOYSA-N,1,agonist,1.0,5.32
CHEMBL5590140,COC[C@H](Cc1ccc(C)cc1)n1c(=N)n(C(c2ccc(C)cc2)C(F)F)c2ccccc21,ZZZRJGAIICETHF-XADRRFQNSA-N,1,agonist,1.0,5.93
CHEMBL5590429,COCOC[C@H](Cc1ccc(C)cc1)n1c(=N)n(Cc2ccc(C)cc2)c2ccccc21,GVCRWBFUCLSMAG-DEOSSOPVSA-N,1,agonist,1.0,5.525
CHEMBL5590747,Cc1ccc(CC(CN)n2c(=N)n(Cc3ccc(C)cc3)c3ccccc32)cc1,NKVZZINRWRCWIA-UHFFFAOYSA-N,1,agonist,1.0,5.29
CHEMBL5590803,Cc1ccc(CC(CNS(C)(=O)=O)n2c(=N)n(Cc3ccc(C)cc3)c3ccccc32)cc1,ODFUNDXDTRMGSZ-UHFFFAOYSA-N,1,agonist,1.0,5.46
CHEMBL5590886,Cc1ccc(C[C@@H](CNC(=O)CO)n2c(=N)n(C(c3ccc(C)cc3)C3CC3)c3ccccc32)cc1,KDFPJNQTMUOHFH-GMMLNUAGSA-N,1,agonist,1.0,6.15
CHEMBL5590888,COC[C@H](Cc1ccc(C)cc1)n1c(=N)n(C(c2ccc(C)cc2)C2CC2)c2ccccc21,MNHJSBFJISDYKR-ALLRNTDFSA-N,1,agonist,1.0,5.965
CHEMBL5590905,Cc1ccc(CC(CO)n2c(=N)n(Cc3ccc(C)cc3)c3ccccc32)cc1,MHGGQRXBUPJKFQ-UHFFFAOYSA-N,1,agonist,1.0,5.3
CHEMBL5591159,COC[C@H](Cc1ccc(C)cc1)n1c(=N)n(C(C)c2ccc(C)cc2)c2ncccc21,NFRMWIZCOCCTTD-AKRCKQFNSA-N,1,agonist,1.0,5.26
CHEMBL5591173,Cc1ccc(C[C@H](CO)n2c(=N)n(Cc3ccc(C)cc3)c3ccccc32)cc1,MHGGQRXBUPJKFQ-JOCHJYFZSA-N,1,agonist,1.0,5.5
CHEMBL5591217,Cc1ccc(C[C@@H](CO)n2c(=N)n(Cc3ccc(C)cc3)c3cccc(F)c32)cc1,FPLDUGKMCPYTRQ-NRFANRHFSA-N,1,agonist,1.0,5.43
CHEMBL5591379,Cc1cccc(-c2sc(C)nc2C(=O)N2CCC[C@H]2Cc2ccc(-n3nccn3)cc2)c1,JNSHSGXVIAKESW-QFIPXVFZSA-N,0,antagonist,1.0,7.47
CHEMBL5591501,Cc1ccc(C[C@@H](C(=O)N2CC(C#N)C2)n2c(=N)n(C(C)c3ccc(C)cc3)c3ccccc32)cc1,TWXWHUOBHOUKMQ-WNWQKLGWSA-N,1,agonist,1.0,6.18
CHEMBL5591666,COCC[C@H](c1nccc(C)c1F)N1C[C@@H](C)N(C(=O)C(C)C)[C@@H](C(=O)NCc2ccc(-c3ccc(C)c(OC)n3)cc2)C1,IPXJUOSYBGYBMC-SUHSUELASA-N,1,agonist,1.0,8.51
CHEMBL5591669,Cc1ccc(C[C@@H](CNC(=O)c2ccco2)n2c(=N)n(Cc3ccc(C)cc3)c3ccccc32)cc1,POLWWJJFLLDETQ-VWLOTQADSA-N,1,agonist,1.0,5.0
CHEMBL5591864,COCCCOC[C@H](Cc1ccc(C)cc1)n1c(=N)n(Cc2ccc(C)cc2)c2ccccc21,ZKBZYMHYIPPLJD-SANMLTNESA-N,1,agonist,1.0,5.720000000000001
CHEMBL5592100,Cc1ccc(C[C@@H](CNC(=O)CC(F)(F)F)n2c(=N)n(Cc3ccc(C)cc3)c3ccccc32)cc1,JWCQUTLXPMTBHQ-QHCPKHFHSA-N,1,agonist,1.0,5.19
CHEMBL5592118,Cc1ccc(C[C@@H](C(=O)N2CC3(COC3)C2)n2c(=N)n(C(C)c3ccc(C)cc3)c3cccnc32)cc1,HMSWMKVEIYCXFN-XGCAABAXSA-N,1,agonist,1.0,5.165
CHEMBL5592207,Cc1ccc(C[C@@H](CNC(=O)c2cccc(C)n2)n2c(=N)n(Cc3ccc(C)cc3)c3ccccc32)cc1,LUOWHSAKUFVMCX-MHZLTWQESA-N,1,agonist,1.0,5.0
CHEMBL5592233,Cc1ccc(CC(CNC(=O)C2CC2)n2c(=N)n(Cc3ccc(C)cc3)c3ccccc32)cc1,YCKJCAQIDAGGEJ-UHFFFAOYSA-N,1,agonist,1.0,5.29
CHEMBL5592242,COC[C@H](Cc1ccc(C)cc1)n1c(=N)n(Cc2ccc(C)cc2)c2ccccc21,QIUBWNIAGQPVRV-QHCPKHFHSA-N,1,agonist,1.0,5.529999999999999
CHEMBL5592253,Cc1ccc(C[C@@H](CC#N)n2c(=N)n(C(C)c3ccc(C)cc3)c3cccnc32)cc1,GUMQZBCTLQOTEA-GWQXNCQPSA-N,1,agonist,1.0,5.26
CHEMBL5592318,COCOC[C@H](Cc1ccc(C)cc1)n1c(=N)n(C(C)c2ccc(C)cc2)c2cccnc21,FEVLZTYQOHASIC-FHZUCYEKSA-N,1,agonist,1.0,5.635
CHEMBL5592323,Cc1ccc(C[C@@H](CSC(C)C)n2c(=N)n(Cc3ccc(C)cc3)c3ccccc32)cc1,YEEPTGWRDDSGSX-VWLOTQADSA-N,1,agonist,1.0,5.285
CHEMBL5592355,Cc1ccc(C[C@@H](CNC(=O)CO)n2c(=N)n(C(c3ccc(C)cc3)C(C)C)c3ccccc32)cc1,NNKBIBPIALTCSH-GMMLNUAGSA-N,1,agonist,1.0,5.71
CHEMBL5592365,CC(=O)NC[C@H](Cc1ccc(C)cc1)n1c(=N)n(Cc2ccc(C)cc2)c2ccccc21,VCRAUQDFVKPSFM-DEOSSOPVSA-N,1,agonist,1.0,5.42
CHEMBL5592404,Cc1ccc(C[C@@H](CNC(=O)c2ncccc2C)n2c(=N)n(Cc3ccc(C)cc3)c3ccccc32)cc1,LTNKHSVEMTYEGW-MHZLTWQESA-N,1,agonist,1.0,5.0
CHEMBL5592434,Cc1ccc(C[C@@H](CO)n2c(=N)n(Cc3ccc(C)cc3)c3ccc(C(F)(F)F)cc32)cc1,QWHDLLLEWJWEIG-QFIPXVFZSA-N,1,agonist,1.0,5.5
CHEMBL5592630,Cc1ccc(C[C@@H](CO)n2c(=N)n(Cc3ccc(C)cc3)c3cc(Cl)ccc32)cc1,KJUVHZQEPWHGAB-QFIPXVFZSA-N,1,agonist,1.0,5.15
CHEMBL5592711,CSC[C@H](Cc1ccc(C)cc1)n1c(=N)n(Cc2ccc(C)cc2)c2ccccc21,MZQZSGZLGYZRBG-QHCPKHFHSA-N,1,agonist,1.0,5.465
CHEMBL5592886,COCCOC[C@H](Cc1ccc(C)cc1)n1c(=N)n(C(C)c2ccc(C)cc2)c2cccnc21,FEOYYTJKRQXXMU-TUXUZCGSSA-N,1,agonist,1.0,5.9
CHEMBL5592982,Cc1ccc(CC(CNC=O)n2c(=N)n(Cc3ccc(C)cc3)c3ccccc32)cc1,FWNKSTXAUAFNCU-UHFFFAOYSA-N,1,agonist,1.0,5.455
CHEMBL5593161,COCC[C@H](c1nccc(C)c1F)N1C[C@@H](C)N(C(=O)C(C)C)[C@@H](C(=O)NCc2ccc(-c3cccc(OC)n3)cc2)C1,DWUMMPVIMBBICX-XTBZXYEFSA-N,1,agonist,1.0,8.52
CHEMBL5593338,Cc1ccc(C[C@@H](CNC(=O)CO)n2c(=N)n(C(C)c3ccc(C)cc3)c3cccnc32)cc1,ZIZMJSPORAEHOB-AKRCKQFNSA-N,1,agonist,1.0,5.4399999999999995
CHEMBL5593357,Cc1ccc(C[C@@H](CO)n2c(=N)n(Cc3ccc(C)cc3)c3ccc(C)cc32)cc1,QWVQQTGIGJKYMF-QHCPKHFHSA-N,1,agonist,1.0,5.15
CHEMBL5593438,Cc1ccc(CC(CNC(=O)Cc2ccccc2)n2c(=N)n(Cc3ccc(C)cc3)c3ccccc32)cc1,XVCUVNJNMFUYJV-UHFFFAOYSA-N,1,agonist,1.0,5.15
CHEMBL5593454,Cc1ccc(CC(CNC(=O)CN(C)C)n2c(=N)n(Cc3ccc(C)cc3)c3ccccc32)cc1,SILJBXJLCUJMJQ-UHFFFAOYSA-N,1,agonist,1.0,5.390000000000001
CHEMBL5593469,Cc1ccc(C[C@@H](C(=O)N2CC(O)C2)n2c(=N)n(C(C)c3ccc(C)cc3)c3ccccc32)cc1,PGFWWKLUTCFCSA-YQAGWJQESA-N,1,agonist,1.0,6.02
CHEMBL5593523,Cc1ccc(CC(CNC(=O)c2ccccc2)n2c(=N)n(Cc3ccc(C)cc3)c3ccccc32)cc1,RUNGRPLELDGZQJ-UHFFFAOYSA-N,1,agonist,1.0,5.5
CHEMBL5593600,Cc1ccc(C[C@H](CNC(=O)CO)n2c(=N)n(Cc3ccc(C)cc3)c3ccccc32)cc1,CXVSRMKXOCVSJS-HSZRJFAPSA-N,1,agonist,1.0,5.5
CHEMBL5593628,Cc1ccc(C[C@@H](CNC(=O)[C@H](C)O)n2c(=N)n(Cc3ccc(C)cc3)c3ccccc32)cc1,PWJPLFZXYZBYSM-URXFXBBRSA-N,1,agonist,1.0,5.85
CHEMBL5593763,COCC(=O)NCC(Cc1ccc(C)cc1)n1c(=N)n(Cc2ccc(C)cc2)c2ccccc21,MFSWTADSYZHUKP-UHFFFAOYSA-N,1,agonist,1.0,5.245
CHEMBL5593776,Cc1ccc(C[C@@H](C[S+](C)[O-])n2c(=N)n(Cc3ccc(C)cc3)c3ccccc32)cc1,WPCBJKOUFHJQMG-YNBNEFOKSA-N,1,agonist,1.0,5.225
CHEMBL5593812,Cc1ccc(CC(CNC(=O)N(C)C)n2c(=N)n(Cc3ccc(C)cc3)c3ccccc32)cc1,VARRXCSBGFHVHZ-UHFFFAOYSA-N,1,agonist,1.0,5.34
CHEMBL5593816,Cc1ccc(CC(CNC(=O)Cc2ccccn2)n2c(=N)n(Cc3ccc(C)cc3)c3ccccc32)cc1,XBJUMPJVTSTSON-UHFFFAOYSA-N,1,agonist,1.0,5.505
CHEMBL5593988,COCCOC[C@H](Cc1ccc(C)cc1)n1c(=N)n(Cc2ccc(C)cc2)c2ccccc21,QHIRUCBYVSQJSM-VWLOTQADSA-N,1,agonist,1.0,5.64
CHEMBL5594090,CCSC[C@H](Cc1ccc(C)cc1)n1c(=N)n(Cc2ccc(C)cc2)c2ccccc21,CSSVXROHQJJHSW-DEOSSOPVSA-N,1,agonist,1.0,5.35
CHEMBL5594108,Cc1ccc(C[C@@H](C(=O)N2CC3(CNC3)C2)n2c(=N)n(C(C)c3ccc(C)cc3)c3ccccc32)cc1,RHFIFUBUIJKIGL-WOKNPCPGSA-N,1,agonist,1.0,5.0
CHEMBL5594258,CCOC[C@H](Cc1ccc(C)cc1)n1c(=N)n(Cc2ccc(C)cc2)c2ccccc21,QTYPUGRRHVHACC-DEOSSOPVSA-N,1,agonist,1.0,5.8100000000000005
CHEMBL5594259,Cc1ccc(CC(CNC(=O)Cc2cccnc2)n2c(=N)n(Cc3ccc(C)cc3)c3ccccc32)cc1,CIYOCQCYJQAEAK-UHFFFAOYSA-N,1,agonist,1.0,5.3149999999999995
CHEMBL5594319,Cc1ccc(CC(CNS(=O)(=O)C(F)(F)F)n2c(=N)n(Cc3ccc(C)cc3)c3ccccc32)cc1,FUWTZYCIASSCFU-UHFFFAOYSA-N,1,agonist,1.0,5.0
CHEMBL5594343,Cc1ccc(CC(CNC(N)=O)n2c(=N)n(Cc3ccc(C)cc3)c3ccccc32)cc1,AOFPTWZEVRYHAW-UHFFFAOYSA-N,1,agonist,1.0,5.71
CHEMBL5594364,Cc1ccc(CC(CNC(=O)CCCO)n2c(=N)n(Cc3ccc(C)cc3)c3ccccc32)cc1,IUDQRIWSAABQEG-UHFFFAOYSA-N,1,agonist,1.0,5.15
CHEMBL5594452,Cc1ccc(CC(CNC(=O)C(F)(F)F)n2c(=N)n(Cc3ccc(C)cc3)c3ccccc32)cc1,GYDRZUAVKGOPMV-UHFFFAOYSA-N,1,agonist,1.0,5.24
CHEMBL5594499,COC(=O)NCC(Cc1ccc(C)cc1)n1c(=N)n(Cc2ccc(C)cc2)c2ccccc21,IUEHNINSINXEFC-UHFFFAOYSA-N,1,agonist,1.0,5.515000000000001
CHEMBL5594522,Cc1ccc(CC(CNC(=O)Cc2ncccn2)n2c(=N)n(Cc3ccc(C)cc3)c3ccccc32)cc1,AIHAEVDJBWSWAD-UHFFFAOYSA-N,1,agonist,1.0,5.5
CHEMBL5594523,COCC[C@H](c1nccc(C)c1F)N1C[C@@H](C)N(C(=O)C(C)C)[C@@H](C(=O)NCc2ccc(-c3ccc(Cl)c(OC)n3)cc2)C1,JEPVEAOOECQUND-MWVDVNALSA-N,1,agonist,1.0,8.34
CHEMBL5594564,Cc1ccc(CC(CF)n2c(=N)n(Cc3ccc(C)cc3)c3ccccc32)cc1,PNUGGTHQBCEPCT-UHFFFAOYSA-N,1,agonist,1.0,5.54
CHEMBL5594638,Cc1ccc(CC(CNC(=O)CN)n2c(=N)n(Cc3ccc(C)cc3)c3ccccc32)cc1,DQDAJSDMYXIHME-UHFFFAOYSA-N,1,agonist,1.0,5.15
CHEMBL5594754,CCOC(=O)NCC(Cc1ccc(C)cc1)n1c(=N)n(Cc2ccc(C)cc2)c2ccccc21,DFPFHXVJSRKKMF-UHFFFAOYSA-N,1,agonist,1.0,5.4350000000000005
CHEMBL5594830,Cc1ccc(C[C@@H](CNC(=O)CF)n2c(=N)n(Cc3ccc(C)cc3)c3ccccc32)cc1,UXZUCSZMYWJVDR-QHCPKHFHSA-N,1,agonist,1.0,5.62
CHEMBL5594879,Cc1ccc(C[C@@H](CNC(=O)[C@@H](C)O)n2c(=N)n(Cc3ccc(C)cc3)c3ccccc32)cc1,PWJPLFZXYZBYSM-QPPBQGQZSA-N,1,agonist,1.0,5.64
CHEMBL5594996,Cc1cccc(-c2sc(C)nc2C(=O)N2CCC[C@H]2Cc2cccc(-n3nccn3)c2)c1,KYRKCIQITPJUGV-NRFANRHFSA-N,0,antagonist,1.0,8.43
CHEMBL5595010,COC[C@H](Cc1ccc(C)cc1)n1c(=N)n(C(CF)c2ccc(C)cc2)c2ccccc21,YNORGJYOEDZPDE-ZZHFZYNASA-N,1,agonist,1.0,5.56
CHEMBL5595073,COCC[C@H](c1nccc(C)c1F)N1C[C@@H](C)N(C(=O)C(C)C)[C@@H](C(=O)NCc2ccc(-c3cc(OC)cc(OC)n3)cc2)C1,SQNCUANJFJRDLW-HCLMJZEPSA-N,1,agonist,1.0,8.57
CHEMBL5595319,O=C(c1c(F)cccc1-n1nccn1)N1CCOC[C@H]1Cc1cccc(-n2nccn2)c1,ZMLQNVCQIIPQLS-GOSISDBHSA-N,0,antagonist,1.0,5.81
CHEMBL5595351,Cc1ccc(C[C@@H](CO)n2c(=N)n(Cc3ccc(C)cc3)c3ccccc32)cc1,MHGGQRXBUPJKFQ-QFIPXVFZSA-N,1,agonist,1.0,5.3
CHEMBL5595466,Cc1ccc(C[C@@H](CNC(=O)c2cccnn2)n2c(=N)n(Cc3ccc(C)cc3)c3ccccc32)cc1,TZLCYFZMFJQKGP-VWLOTQADSA-N,1,agonist,1.0,5.69
CHEMBL5595467,COCC[C@H](c1nccc(C)c1F)N1C[C@@H](C)N(C(=O)C(C)C)[C@@H](C(=O)NCc2ccc(-c3ccc(F)c(OC)n3)cc2)C1,JKHVVPJIJPXGAS-MWVDVNALSA-N,1,agonist,1.0,8.48
CHEMBL5595473,Cc1ccc(C[C@@H](C(=O)N2CCC(O)CC2)n2c(=N)n(C(C)c3ccc(C)cc3)c3ccccc32)cc1,YGPIJLZLBRLAQQ-IZCXSWDTSA-N,1,agonist,1.0,5.08
CHEMBL5595505,Cc1ccc(C[C@@H](CS(C)(=O)=O)n2c(=N)n(Cc3ccc(C)cc3)c3ccccc32)cc1,UVDULTWMYOUDPV-QHCPKHFHSA-N,1,agonist,1.0,5.324999999999999
CHEMBL5595569,Cc1ccc(C[C@@H](COCCN(C)C)n2c(=N)n(Cc3ccc(C)cc3)c3ccccc32)cc1,OLMANYNPUIMKGU-SANMLTNESA-N,1,agonist,1.0,5.7
CHEMBL5595607,COCC[C@H](c1nccc(C)c1F)N1C[C@@H](C)N(C(=O)C(C)C)[C@@H](C(=O)NCc2ccc(C#CC3CC3)cc2)C1,AXDWBMABNIBDTQ-XTBZXYEFSA-N,1,agonist,1.0,8.36
CHEMBL5595810,Cc1ccc(C[C@@H](CNS(=O)(=O)C(F)F)n2c(=N)n(Cc3ccc(C)cc3)c3ccccc32)cc1,GYTBIVDEFMXNSA-QFIPXVFZSA-N,1,agonist,1.0,5.19
CHEMBL5595851,Cc1ccc(CC(CNC(=O)Cc2ccncc2)n2c(=N)n(Cc3ccc(C)cc3)c3ccccc32)cc1,AOABCMDGISAISQ-UHFFFAOYSA-N,1,agonist,1.0,5.5
CHEMBL5595930,CNC(=O)NCC(Cc1ccc(C)cc1)n1c(=N)n(Cc2ccc(C)cc2)c2ccccc21,IUOVQKZGUMSVKD-UHFFFAOYSA-N,1,agonist,1.0,5.275
CHEMBL5595933,Cc1ccc(CC(CN(C)C)n2c(=N)n(Cc3ccc(C)cc3)c3ccccc32)cc1,WUBIDLZLTGRHRA-UHFFFAOYSA-N,1,agonist,1.0,5.375
CHEMBL5596026,CNCC(=O)NCC(Cc1ccc(C)cc1)n1c(=N)n(Cc2ccc(C)cc2)c2ccccc21,DSIJIRQGZCFQOA-UHFFFAOYSA-N,1,agonist,1.0,5.245
CHEMBL5618115,O=C(c1ccccc1-c1ccccc1)N1CCCN1Cc1cccc(-c2ncccn2)c1,LVFDHINOEJGHTJ-UHFFFAOYSA-N,0,antagonist,1.0,8.14
CHEMBL5618131,COc1cc(CN2[C@H]3c4ccccc4OC[C@H]3CN2C(=O)C2CCCCC2)cc(OC)c1,UIMLCHHUJFOQBT-CJFMBICVSA-N,0,antagonist,1.0,8.405000000000001
CHEMBL5618200,Cn1ccc(C(=O)N2C[C@@H]3COc4cc(F)ccc4[C@@H]3N2Cc2cccc(-c3ncccn3)c2)n1,OWVCUHCCLAHPEK-NTKDMRAZSA-N,0,antagonist,1.0,8.1
CHEMBL5618285,CN1C[C@H]2CN(C(=O)C3CCCCC3)N(Cc3cccc(-c4ncccn4)c3)[C@H]2c2ccccc21,KMLLBECGTRIHGC-RPLLCQBOSA-N,0,antagonist,1.0,8.54
CHEMBL5618292,Cn1ccc(C(=O)N2C[C@@H]3CCc4cc(F)ccc4[C@@H]3N2Cc2cccc(-c3ncccn3)c2)n1,JPORFXWIBQIBLN-SQJMNOBHSA-N,0,antagonist,1.0,8.48
CHEMBL5618471,O=C(C1CCCCC1)N1C[C@@H]2COc3cc(F)ccc3[C@@H]2N1Cc1cccc(-c2ncccn2)c1,OIYSQHUALQGVNP-ATIYNZHBSA-N,0,antagonist,1.0,8.85
CHEMBL5618594,COc1ccc(C(=O)N2C[C@@H]3COc4cc(F)ccc4[C@@H]3N2Cc2cccc(-c3ncccn3)c2)cn1,DPEDZHZCLRBPSO-QFQXNSOFSA-N,0,antagonist,1.0,8.37
CHEMBL5618641,O=C(C1CCCCC1)N1C[C@@H]2Cc3ccccc3[C@@H]2N1Cc1cccc(-c2ncccn2)c1,NUSPCNSRGWNZOD-AZGAKELHSA-N,0,antagonist,1.0,8.92
CHEMBL5618656,Cc1cnc(C(=O)N2C[C@@H]3COc4cc(F)ccc4[C@@H]3N2Cc2cccc(-c3ncccn3)c2)s1,LFWCEAVXBWZYKA-AUSIDOKSSA-N,0,antagonist,1.0,8.3
CHEMBL5618659,Cc1cc(C(=O)N2C[C@@H]3CCc4cc(F)ccc4[C@@H]3N2Cc2cccc(-c3ncccn3)c2)nn1C,IQBQPKYTEMWHQG-BKMJKUGQSA-N,0,antagonist,1.0,8.92
CHEMBL5618671,Cc1ccc(-n2nccn2)c(C(=O)N2CCCN2Cc2ccn(-c3ccccc3)n2)c1,AHSULABMWQXHMG-UHFFFAOYSA-N,0,antagonist,1.0,8.33889035263304
CHEMBL5618682,Cn1ccc(C(=O)N2C[C@@H]3CCc4ccccc4[C@@H]3N2Cc2cccc(-c3ncccn3)c2)n1,JKZNWYLSCFXDCS-WIOPSUGQSA-N,0,antagonist,1.0,8.02
CHEMBL5618795,Cc1cc(C(=O)N2C[C@@H]3COc4cc(F)ccc4[C@@H]3N2Cc2cccc(-c3ncccn3)c2)nn1C,DGCYMZXGGJWTPE-CJFMBICVSA-N,0,antagonist,1.0,8.8
CHEMBL5618824,Cc1ccc(-n2nccn2)c(C(=O)N2CCCN2Cc2cccc(-c3ncccn3)c2)c1,OAFQCEGEQYCFCR-UHFFFAOYSA-N,0,antagonist,1.0,8.05
CHEMBL5618901,Cc1ccc(-n2nccn2)c(C(=O)N2CCCN2Cc2cnc(-c3ccccc3)s2)c1,NHRZLARRAZSSNB-UHFFFAOYSA-N,0,antagonist,1.0,8.42
CHEMBL5618940,Cc1cc(C(=O)N2C[C@@H]3CCc4ccccc4[C@@H]3N2Cc2cccc(-c3ncccn3)c2)nn1C,HMLZGOXPNQUWLR-JYFHCDHNSA-N,0,antagonist,1.0,9.0
CHEMBL5618989,O=C(C1CCCCC1)N1C[C@@H]2CCc3cccnc3[C@@H]2N1Cc1cccc(-c2ncccn2)c1,BOYWOUSWWTXOFQ-AZGAKELHSA-N,0,antagonist,1.0,7.62
CHEMBL5619028,Cc1ccc(-n2nccn2)c(C(=O)N2CCCN2Cc2cc(-c3ccccc3)[nH]n2)c1,QJIOQYNIYMMLJX-UHFFFAOYSA-N,0,antagonist,1.0,8.74
CHEMBL5619094,Cn1ccc(C(=O)N2C[C@@H]3Cc4cc(F)ccc4[C@@H]3N2Cc2cccc(-c3ncccn3)c2)n1,XYJXHSMRSNKPCL-GBXCKJPGSA-N,0,antagonist,1.0,7.62
CHEMBL5619160,O=C(c1cccc(-c2ccccc2)c1)N1CCCN1Cc1cccc(-c2ncccn2)c1,QMYRYDFEWLATQI-UHFFFAOYSA-N,0,antagonist,1.0,5.22
CHEMBL5619192,Cc1ccc(-n2nccn2)c(C(=O)N2CCCN2Cc2ncn(-c3ccccc3)n2)c1,JQAUBUKTUAAFTO-UHFFFAOYSA-N,0,antagonist,1.0,8.24
CHEMBL5619215,O=C(C1CCCCC1)N1C[C@@H]2CCc3cc(F)ccc3[C@@H]2N1Cc1cccc(-c2ncccn2)c1,ZTYVXYZQICUWOW-RPLLCQBOSA-N,0,antagonist,1.0,8.59
CHEMBL5619252,O=C(c1ccccc1)N1CCCN1Cc1cccc(-c2ncccn2)c1,XXPFPYLXMVXSBG-UHFFFAOYSA-N,0,antagonist,1.0,5.0
CHEMBL5619320,O=C(c1cccnc1)N1C[C@@H]2COc3cc(F)ccc3[C@@H]2N1Cc1cccc(-c2ncccn2)c1,VYNNVKWZVHGHEF-PXDATVDWSA-N,0,antagonist,1.0,8.41
CHEMBL5619400,O=C(C1CCCCC1)N1C[C@@H]2COc3cccnc3[C@@H]2N1Cc1cccc(-c2ncccn2)c1,AKMFDRZEDLKDEL-RCZVLFRGSA-N,0,antagonist,1.0,7.37
CHEMBL5619438,Cc1cc(C(=O)N2C[C@@H]3Cc4ccccc4[C@@H]3N2Cc2cccc(-c3ncccn3)c2)nn1C,FZDDFRNAUZJYNB-WIOPSUGQSA-N,0,antagonist,1.0,8.49
CHEMBL5619450,Cc1ccc(-n2nccn2)c(C(=O)N2CCCN2Cc2cnn(-c3ccccc3)n2)c1,KQBPICDNFNTNHQ-UHFFFAOYSA-N,0,antagonist,1.0,8.33
CHEMBL5619474,Cc1ccc(-n2nccn2)c(C(=O)N2CCCN2Cc2cc(-c3ccccc3)no2)c1,VRUBYJLGIKYBAN-UHFFFAOYSA-N,0,antagonist,1.0,8.1
CHEMBL5619529,O=C(c1ccccn1)N1C[C@@H]2COc3cc(F)ccc3[C@@H]2N1Cc1cccc(-c2ncccn2)c1,DUNPFBVKEJBJDW-CJFMBICVSA-N,0,antagonist,1.0,8.8
CHEMBL5619604,Cn1ccc(C(=O)N2C[C@@H]3Cc4ccccc4[C@@H]3N2Cc2cccc(-c3ncccn3)c2)n1,YGACWIDYYAHGDD-XUZZJYLKSA-N,0,antagonist,1.0,7.51
CHEMBL5619643,O=C(c1cncc(F)c1)N1C[C@@H]2COc3cc(F)ccc3[C@@H]2N1Cc1cccc(-c2ncccn2)c1,LBOOMLHSTGFZSQ-CJFMBICVSA-N,0,antagonist,1.0,8.66
CHEMBL5619651,O=C(c1cscn1)N1C[C@@H]2COc3cc(F)ccc3[C@@H]2N1Cc1cccc(-c2ncccn2)c1,AGUKCTFKQWNLSC-WZONZLPQSA-N,0,antagonist,1.0,8.26
CHEMBL5619706,Cc1cc(C(=O)N2C[C@@H]3COc4cc(F)ccc4[C@@H]3N2Cc2cccc(-c3ncccn3)c2)n(C)n1,TUAKDXOHUHYBRM-CJFMBICVSA-N,0,antagonist,1.0,9.05
CHEMBL5619847,O=C(C1CCCCC1)N1C[C@@H]2COc3cc(F)cnc3[C@@H]2N1Cc1cccc(-c2ncccn2)c1,ZRQPVUWXLKQQII-PXDATVDWSA-N,0,antagonist,1.0,8.74
CHEMBL5619957,CN1C[C@H]2CN(C(=O)C3CCCCC3)N(Cc3cccc(-c4ncccn4)c3)[C@H]2c2ncccc21,OLPWPVJKPCLZAL-JYFHCDHNSA-N,0,antagonist,1.0,6.96
CHEMBL5620002,O=C(C1CCCCC1)N1C[C@@H]2COc3ccccc3[C@@H]2N1Cc1cccc(-c2ncccn2)c1,IFIYHYUCRGZDCI-ZEQKJWHPSA-N,0,antagonist,1.0,9.0
CHEMBL5620026,COc1cc(CN2[C@@H]3c4ccccc4OC[C@@H]3CN2C(=O)C2CCCCC2)cc(OC)c1,UIMLCHHUJFOQBT-CPJSRVTESA-N,0,antagonist,1.0,6.25
CHEMBL5620133,O=C(C1CCCCC1)N1CCCN1Cc1cccc(-c2ncccn2)c1,JOPJKYBWJRJSFZ-UHFFFAOYSA-N,0,antagonist,1.0,5.0
CHEMBL5620180,Cc1nc(C(=O)N2C[C@@H]3COc4cc(F)ccc4[C@@H]3N2Cc2cccc(-c3ncccn3)c2)cs1,WQGLWMDRMSSGNV-NTKDMRAZSA-N,0,antagonist,1.0,8.57
CHEMBL5620196,O=C(C1CCCCC1)N1C[C@@H]2CCc3ccccc3[C@@H]2N1Cc1cccc(-c2ncccn2)c1,MASVQPOUODOSNG-AHKZPQOWSA-N,0,antagonist,1.0,8.62
CHEMBL5620251,O=C(C1CCCCC1)N1C[C@@H]2COc3ccccc3[C@@H]2N1Cc1cccc(-c2ncon2)c1,LIHWSYUGQWXXBX-ZJSXRUAMSA-N,0,antagonist,1.0,8.89
CHEMBL5620252,O=C(c1ccccc1-n1nccn1)N1CCCN1Cc1cccc(-c2ncccn2)c1,DLINKHARPOJPKX-UHFFFAOYSA-N,0,antagonist,1.0,7.32
CHEMBL5620268,O=C(C1CCCCC1)N1C[C@@H]2COc3ccccc3[C@@H]2N1Cc1cccc(-n2nccn2)c1,XBPCRHBKTGGYRS-PXDATVDWSA-N,0,antagonist,1.0,8.92
CHEMBL5620314,Cc1cc(C(=O)N2C[C@@H]3Cc4cc(F)ccc4[C@@H]3N2Cc2cccc(-c3ncccn3)c2)nn1C,PUZZWRPQBVSLOP-SQJMNOBHSA-N,0,antagonist,1.0,8.46
CHEMBL5631363,Cc1ccc(-n2nccn2)c(C(=O)N[C@H]2CCC[C@@H]2Nc2nc3ccc(F)cc3s2)c1,VJDXJRFAVKFQKJ-IRXDYDNUSA-N,0,antagonist,1.0,5.655
CHEMBL5739632,C[C@@H]1CC[C@@H](Oc2nccn3c(Cl)cnc23)CN1C(=O)c1ccccc1C1(C#N)CC1,CAQCOQFDIXDAKI-HZPDHXFCSA-N,0,antagonist,1.0,8.02
CHEMBL5739868,Cc1ccc2[nH]c([C@@H]3[C@@H](C)CCN3C(=O)c3nc(C)sc3-c3ccccc3)nc2c1,BVZBUBSILYCIEC-BTYIYWSLSA-N,0,antagonist,1.0,5.5
CHEMBL5739945,C=C1C[C@@H](c2nc3c(Cl)cccc3[nH]2)N(C(=O)c2nc(C)sc2-c2ccc(C)c(C)c2)C1,FAUMLKIFIPFSRN-FQEVSTJZSA-N,0,antagonist,1.0,8.52
CHEMBL5740063,COc1ccccc1-c1noc([C@@H]2CCCN2C(=O)c2nc(C)ccc2-n2nccn2)n1,VKDKGWXIMAVZSN-KRWDZBQOSA-N,0,antagonist,1.0,6.0
CHEMBL5740126,Cc1ccc(NC[C@@H]2[C@H](C)CCCN2C(=O)c2cc(C)ccc2-c2ncccn2)nc1,PXAVUEYDDTVGEN-DENIHFKCSA-N,0,antagonist,1.0,5.301029995663981
CHEMBL5740157,COC(=O)c1c(C#N)ccnc1O[C@@H]1CC[C@@H](C)N(C(=O)c2cc(F)ccc2-c2nc(C)no2)C1,FCYZNQPUQHCMDQ-CXAGYDPISA-N,0,antagonist,1.0,7.6
CHEMBL5740204,CCN(CCc1cccc(C(C)(C)O)n1)C(=O)c1cccnc1OC(C)C,NSGYHDFDOIKRSK-UHFFFAOYSA-N,0,antagonist,1.0,6.88
CHEMBL5740286,Cc1c(Cl)cccc1-c1nnc([C@]2(C)CCCN2C(=O)c2cc(Cl)ccc2-n2nccn2)[nH]1,DTXKFFFJIWLWGK-QHCPKHFHSA-N,0,antagonist,1.0,7.47
CHEMBL5740297,CC(C)OC(=O)N1[C@H](C)C[C@H](NS(=O)(=O)N(C)C)[C@@H]1COC1CCN(c2ncc(F)cn2)CC1,XSDZIZHTTVRTMX-MNEFBYGVSA-N,0,antagonist,1.0,8.94
CHEMBL5740356,C[C@@H]1CC[C@@H](Oc2cc(OCC(F)(F)F)ccn2)CN1C(=O)c1ccsc1-n1nccn1,AMYVAZAFHPSJDZ-UKRRQHHQSA-N,0,antagonist,1.0,7.26
CHEMBL5740490,COc1cc2nc([C@@H]3[C@@H](C)CCN3C(=O)c3cc(C(F)(F)F)ccc3-n3nccn3)[nH]c2cc1OC,KMMYNAWBITWGII-ZSEKCTLFSA-N,0,antagonist,1.0,6.55
CHEMBL5740678,CSc1ccc2nc([C@@H]3CCCN3C(=O)c3cnc(C)nc3-c3ccc(Cl)c(Cl)c3)[nH]c2c1,IDWUVVAPAGGUJX-NRFANRHFSA-N,0,antagonist,1.0,7.38
CHEMBL5740731,Cc1cc(C(=O)N2CCC[C@@]2(C)c2nc3cc(OC(F)(F)F)ccc3[nH]2)c(-n2nccn2)cc1C,LBJZNSFFKPMUSD-QHCPKHFHSA-N,0,antagonist,1.0,7.78
CHEMBL5740967,Cc1nc(C(=O)N2CCCC2c2nc3c(C)cccc3[nH]2)c(-c2cccc(Cl)c2)s1,IQZVWQTXKCYZJP-UHFFFAOYSA-N,0,antagonist,1.0,7.37
CHEMBL5740980,Cc1ccc(-n2nccn2)c(C(=O)N2CCC[C@@H](C)[C@H]2CNc2nc3cc(F)ccc3o2)c1,XYJCAEKTDPOHKG-IIBYNOLFSA-N,0,antagonist,1.0,7.0
CHEMBL5740996,O=C(c1ccoc1)N1CCC[C@H]1c1nc(-c2ccccc2)no1,BPTLXAFCHBUBJE-AWEZNQCLSA-N,0,antagonist,1.0,5.0
CHEMBL5741051,COC[C@H](Cc1ccc(C)cc1)n1c(=N)n(Cc2ccc(C)cc2)c2cccc(C)c21,HMGZMCWXNZUVMJ-DEOSSOPVSA-N,1,agonist,1.0,6.0
CHEMBL5741269,CCN(CCc1cccc(C(C)(C)O)n1)C(=O)c1ccccc1OCC(F)(F)F,TVFYVGJCTXKANW-UHFFFAOYSA-N,0,antagonist,1.0,6.58
CHEMBL5741352,C[C@@H]1CC[C@@H](Nc2nccc3c2C(=O)OC3(C)C)CN1C(=O)c1ccccc1-c1ncccn1,ROHXLMQNGHESKG-IAGOWNOFSA-N,0,antagonist,1.0,7.58
CHEMBL5741406,Cc1nc(C(=O)N2CCCC2c2nc3c(C(C)C)cccc3[nH]2)c(-c2cccc(Cl)c2)s1,MAXFGUGFXXQSTA-UHFFFAOYSA-N,0,antagonist,1.0,6.61
CHEMBL5741518,Cc1ccc(-n2nccn2)c(C(=O)N2CCC[C@@H](C)[C@H]2CNc2ncc(C(F)(F)F)cc2F)c1,ZGIXUPFDDFNPTE-FOIQADDNSA-N,0,antagonist,1.0,6.08
CHEMBL5741604,Cc1ccc(-c2cnn(C)c2)c(C(=O)N2CCC[C@@H](C)[C@H]2CNc2ccc(F)cn2)c1,TZEVSDDQMYMRFX-VGOFRKELSA-N,0,antagonist,1.0,5.301029995663981
CHEMBL5741624,Cc1nc(C(=O)N2CCCC2c2nc3c(Br)cccc3[nH]2)c(-c2cccc(Cl)c2)s1,LBHAHXJIWUHVTE-UHFFFAOYSA-N,0,antagonist,1.0,7.51
CHEMBL5741689,C[C@@H]1CCCN(C(=O)c2ccccc2-c2ncccn2)[C@@H]1CNc1ccc(C(F)(F)F)cn1,FQSKEAZCYOLTPI-OXQOHEQNSA-N,0,antagonist,1.0,5.301029995663981
CHEMBL5741811,Cc1ccc(-n2nccn2)c(C(=O)N2CCC[C@H]2c2nc(-c3cn(C)c4ncccc34)no2)c1,YVTHIABVFFJHMP-FQEVSTJZSA-N,0,antagonist,1.0,7.96
CHEMBL5741960,Cc1ccc(-n2nccn2)c(C(=O)N2CCC[C@H]2c2ncc(-c3ccccc3)o2)c1,WEBDXOXYNXOYMN-FQEVSTJZSA-N,0,antagonist,1.0,6.33
CHEMBL5742000,COC(=O)c1cc(O[C@@H]2CC[C@@H](C)N(C(=O)c3ccccc3-n3nccn3)C2)ncc1C(F)(F)F,HCOYXYNEARNHMC-HUUCEWRRSA-N,0,antagonist,1.0,7.24
CHEMBL5742009,O=C(NC[C@@H]1C[C@@H](F)CN1C(=O)c1ccccc1-c1ccccc1)c1cccc2cccnc12,QTPNZRYZZTWQMZ-YADHBBJMSA-N,0,antagonist,1.0,7.52
CHEMBL5742074,COc1ccc(C(=O)N2C[C@H](Oc3nccc(C#N)c3OC)CC[C@H]2C)c(-c2ncccn2)n1,JPWNKVMDFOWJKP-NVXWUHKLSA-N,0,antagonist,1.0,6.97
CHEMBL5742090,Cc1ccc(-n2nccn2)c(C(=O)N2CCC[C@@]2(C)c2nc3c4c(ccc3[nH]2)OCCO4)c1,QXPNKSQHKNGBBW-DEOSSOPVSA-N,0,antagonist,1.0,7.54
CHEMBL5742154,CS(=O)(=O)N[C@H]1CCCN(C(=O)C2CCCCC2)[C@H]1COC1CCN(c2ccccc2F)CC1,XQOWQNOMOOLDDW-UPVQGACJSA-N,1,agonist,1.0,5.75
CHEMBL5742284,COCC(Cc1ccc(C)cc1)n1c(=N)n(C(CF)c2ccc(C)cc2)c2ccccc21,YNORGJYOEDZPDE-UHFFFAOYSA-N,1,agonist,1.0,5.82
CHEMBL5742494,Cc1nc(C(=O)N2CC(F)(F)C[C@@H](C)C2CNc2ncc(C(F)(F)F)cn2)c(-c2ncccc2C)s1,FYUURWLAHHANOR-JBZHPUCOSA-N,0,antagonist,1.0,5.301029995663981
CHEMBL5742529,Cc1ccc(-c2cccc(C)c2C)c(C(=O)N2CCC[C@@]2(C)c2nc3cc(C(F)(F)F)ccc3[nH]2)c1,GEXXUNUUVMICCM-NDEPHWFRSA-N,0,antagonist,1.0,6.7
CHEMBL5742571,Cc1ccc(-n2nccn2)c(C(=O)N2CC[C@H](C)[C@H]2c2nc3cc(C)c(C)cc3[nH]2)c1,CPZDWSPKSZMENA-NYHFZMIOSA-N,0,antagonist,1.0,6.81
CHEMBL5742679,CC(O)c1cnc2c(O[C@@H]3CC[C@@H](C)N(C(=O)c4ccccc4-n4nccn4)C3)nccn12,QDZASSNJWPYQSG-PWZMFNOBSA-N,0,antagonist,1.0,6.94
CHEMBL5742684,C[C@@H]1CC[C@@H](Oc2nccn3c(Cl)cnc23)CN1C(=O)c1ccsc1-n1nccn1,KGTBEKFEEFNSRO-CHWSQXEVSA-N,0,antagonist,1.0,7.84
CHEMBL5742703,COCC(=O)N1CCC[C@H](NS(C)(=O)=O)[C@@H]1CO[C@H]1CC[C@@H](C(C)C)CC1,NTBGARRLKDSVGU-MHORFTMASA-N,1,agonist,1.0,6.48
CHEMBL5742709,CCN(CCN(C)c1nc(C)cc(C)n1)C(=O)c1ccccc1CC(F)F,OQLOKSXQUPMLOG-UHFFFAOYSA-N,0,antagonist,1.0,7.02
CHEMBL5742750,COC(=O)c1c(OC)ccnc1S[C@@H]1CC[C@@H](C)N(C(=O)c2ccccc2-n2nccn2)C1,OFVGDRMIJXPRRN-HZPDHXFCSA-N,0,antagonist,1.0,7.96
CHEMBL5742787,C[C@@H]1CC[C@@H](N(C)c2nccc3c2C(=O)OC3(C)C)CN1C(=O)c1ccccc1-n1ncnn1,ZGPBKGLLZIBGSJ-HZPDHXFCSA-N,0,antagonist,1.0,6.9
CHEMBL5742832,O=C(c1cc(F)c(F)cc1-n1nccn1)N1CCC[C@H]1c1nc(-c2ccccc2OC(F)(F)F)no1,ZHOGJEPPCJWXMP-INIZCTEOSA-N,0,antagonist,1.0,6.69
CHEMBL5742850,COc1ccc(-n2nccn2)c(C(=O)N2CCC[C@H]2c2nc(-c3cccc(F)c3C)no2)c1,PTCUMGQXAABERF-FQEVSTJZSA-N,0,antagonist,1.0,8.1
CHEMBL5742889,Cc1oc(CCN(C(=O)c2ccccc2-n2nccn2)C2CCC2)nc1C(C)(C)O,AKSAUVCIVBWFKZ-UHFFFAOYSA-N,0,antagonist,1.0,7.42
CHEMBL5743006,Cc1nc(C(=O)N2CC[C@H](C)[C@H]2c2nc3cc(C#N)ccc3[nH]2)c(-c2cccc(Cl)c2)s1,PZHYRUNAUPAIGR-ZSEKCTLFSA-N,0,antagonist,1.0,5.0
CHEMBL5743128,N#Cc1ccnc(N2CC[C@@H]3CCN(C(=O)c4ccccc4-n4ncnn4)C[C@@H]32)c1,VTNUMMZMVJCUET-LPHOPBHVSA-N,0,antagonist,1.0,6.96
CHEMBL5743289,CCCc1ccccc1C(=O)N1CCCC[C@@H]1Cc1nc(C(C)(C)O)c(C)o1,SOCRJBVUSAITRS-GOSISDBHSA-N,0,antagonist,1.0,6.97
CHEMBL5743291,CCOc1c(F)cccc1-c1noc([C@@H]2CCCN2C(=O)c2cc(C)ccc2-n2nccn2)n1,ALBXNFSZYZOJKH-FQEVSTJZSA-N,0,antagonist,1.0,8.15
CHEMBL5743304,CC(C)n1cc([C@@H]2CC[C@@H](C)N(C(=O)c3ccc(F)cc3-n3nccn3)C2)cn1,MNIMMRSCTMESKO-HZPDHXFCSA-N,0,antagonist,1.0,6.95
CHEMBL5743309,CCNC(=O)N1CCC[C@H](NS(C)(=O)=O)[C@@H]1COC1CCN(c2ccccc2F)CC1,JBCDUBKNXQIOJK-ICSRJNTNSA-N,1,agonist,1.0,6.6
CHEMBL5743326,CCN(CCc1ccc(C(C)(C)O)cn1)C(=O)c1ccc(OC)nc1C1CC1,MFQYMLWJXPNLIY-UHFFFAOYSA-N,0,antagonist,1.0,7.26
CHEMBL5743381,Cc1ccc(-n2nccn2)c(C(=O)N2CCC[C@H]2c2nc(-c3cccnc3OC3CCCC3)no2)c1,HCPXOQQYRDJNNC-QFIPXVFZSA-N,0,antagonist,1.0,6.63
CHEMBL5743388,CO[C@H]1CN(C(=O)c2cc(C)c(C)cc2-n2nccn2)C(C)(c2nc3c(C)c(Cl)ccc3[nH]2)C1,QGANVXHHDNOJNO-SMFUYQKNSA-N,0,antagonist,1.0,8.4
CHEMBL5743513,Cc1oc(N2CC3CN(C(=O)c4ccccc4CC(F)(F)F)CC3C2)nc1C(C)(C)O,ZSEUVLZVDFXWKP-UHFFFAOYSA-N,0,antagonist,1.0,6.64
CHEMBL5743536,COc1ccc(-c2sc(C)nc2C(=O)N2CC(F)(F)C[C@@H](C)C2CNc2ncc(C(F)(F)F)cn2)nc1,JRCHVLHKNWPBMC-MTATWXBHSA-N,0,antagonist,1.0,5.301029995663981
CHEMBL5743620,C[C@@H]1CC[C@@H](Oc2nccc3c2C(=O)OC3(C)C)CN1C(=O)c1cccc(F)c1-c1ncccn1,HLHRETJQKNGXFJ-HZPDHXFCSA-N,0,antagonist,1.0,6.86
CHEMBL5743689,C[C@@H]1C[C@H](NS(C)(=O)=O)[C@H](CO[C@H]2CC[C@@]3(c4ncc(F)cn4)C[C@H]3C2)N1C(=O)OC[C@H]1C[C@H]1F,MPRZOZUUCPFMKD-JWBWXVLPSA-N,0,antagonist,1.0,8.89
CHEMBL5743723,CCOc1ccnc(O[C@@H]2CC[C@@H](C)N(C(=O)c3ccsc3-n3nccn3)C2)c1,UJLQKWJTXFUAPI-GDBMZVCRSA-N,0,antagonist,1.0,7.66
CHEMBL5743728,Cc1ccc(-c2ccc(C)cc2C(=O)N2CCC[C@@]2(C)c2nc3cc(C(F)(F)F)c(Cl)cc3[nH]2)cc1,FXKDZHDPJITFLP-MHZLTWQESA-N,0,antagonist,1.0,7.21
CHEMBL5743794,CCCc1ccccc1C(=O)N(CC)CCN(C)c1nc(C)cc(C)n1,AGDLVWYRRUZCJS-UHFFFAOYSA-N,0,antagonist,1.0,7.7
CHEMBL5743848,Cc1ccc(-n2nccn2)c(C(=O)N2CCC[C@H]2c2nc(-c3cccc(Cl)c3C)no2)c1,NGQAYYCFKZGBNI-FQEVSTJZSA-N,0,antagonist,1.0,8.15
CHEMBL5743854,CS(=O)(=O)N[C@H]1CCCN(C(=O)C2CCCC2)[C@H]1COC1CCN(c2ccccc2F)CC1,WEYDMPKEVCLLJQ-GMAHTHKFSA-N,1,agonist,1.0,5.82
CHEMBL5743881,C=C1CC(c2nc3cc(Cl)c(C)cc3[nH]2)N(C(=O)c2nc(C3CC3)sc2-c2cccc(C)c2)C1,DJLJWBLLYZDVGW-UHFFFAOYSA-N,0,antagonist,1.0,8.7
CHEMBL5744146,Cc1ccc(-n2nccn2)c(C(=O)N2CCC[C@@H](C)[C@H]2CNc2nc3ccccc3o2)c1,XICYINDZEAEGIE-DYESRHJHSA-N,0,antagonist,1.0,6.8
CHEMBL5744458,CC(C)c1ccnc(N2CC[C@@H]3CCN(C(=O)c4ccccc4-n4nccn4)C[C@@H]32)c1C#N,XDDZAQKKYWTOOZ-MBSDFSHPSA-N,0,antagonist,1.0,6.89
CHEMBL5744842,C[C@@H]1CC(F)(F)CN(C(=O)c2nn(C)cc2-c2ccccn2)C1CNc1ccc(C(F)(F)F)cn1,NTTIHTPJXWYRFA-IKJXHCRLSA-N,0,antagonist,1.0,5.301029995663981
CHEMBL5744887,Cc1ccc(CC(CS(C)(=O)=O)n2c(=N)n(C(C)c3ccc(C)cc3)c3cccnc32)cc1,JWBLVHOHXDOHOV-UHFFFAOYSA-N,1,agonist,1.0,5.91
CHEMBL5745004,COC(=O)N1[C@H](C)C[C@H](NS(C)(=O)=O)[C@@H]1COC1CCC2(c3nccs3)CC2C1,PSILLWALVSIKCZ-OEXNIFSNSA-N,0,antagonist,1.0,6.75
CHEMBL5745110,Cc1oc(N2CC3CN(C(=O)c4cccnc4OCC(F)(F)F)CC3C2)nc1C(C)(C)O,ATTAFXWKLLYZRL-UHFFFAOYSA-N,0,antagonist,1.0,6.97
CHEMBL5745301,COC(=O)N1CCC[C@H](NS(C)(=O)=O)[C@@H]1CO[C@H]1CC[C@@H](c2ccccc2F)CC1,KVUOBRGDNORSIO-JSJNYSNDSA-N,1,agonist,1.0,8.47
CHEMBL5745392,COc1ccc(C(=O)N2C[C@H](Sc3cc(C#N)ccn3)CC[C@H]2C)c(-c2ncccn2)n1,WNKQSHFWORJJHF-NVXWUHKLSA-N,0,antagonist,1.0,6.06
CHEMBL5745426,COC[C@H](Cc1ccc(C)cc1)n1c(=N)n(Cc2cccc(C#N)c2)c2ccccc21,YVXNPDOBRSXHES-QHCPKHFHSA-N,1,agonist,1.0,5.3
CHEMBL5745489,C[C@@]1(c2nc3cc(C(F)(F)F)ccc3[nH]2)CCCN1C(=O)c1cc(F)ccc1-n1nccn1,MIOXUQJEONXBGM-NRFANRHFSA-N,0,antagonist,1.0,6.45
CHEMBL5745590,COc1ccnc(N[C@@H]2C[C@@H](C)N(C(=O)c3ccccc3C3(C#N)CC3)C2)c1,NPAHKMNLBIRPBC-HZPDHXFCSA-N,0,antagonist,1.0,7.62
CHEMBL5745614,COCCn1c([C@]2(C)CCCN2C(=O)c2cc(C)ccc2-c2cccc(F)c2)nc2cc(C)c(C)cc21,GNEHKJMUIPDIAZ-HKBQPEDESA-N,0,antagonist,1.0,6.94
CHEMBL5745621,C[C@@H]1CC[C@@H](c2cc([C@H](O)C(F)(F)F)no2)CN1C(=O)c1ccccc1C1(C#N)CC1,CFVAZBPUVLVBJL-LPMFXHHGSA-N,0,antagonist,1.0,7.38
CHEMBL5745950,CCCC(=O)N1CCC[C@H](NS(C)(=O)=O)[C@@H]1COC1CCN(c2ccccc2F)CC1,RTHSFHQPGSMFPV-FPOVZHCZSA-N,1,agonist,1.0,5.62
CHEMBL5745986,COc1ccccc1[C@H]1CC[C@@H](OC[C@@H]2NCCC[C@@H]2NS(C)(=O)=O)CC1,FJHULEFVSHHNCH-NBMJBFSESA-N,1,agonist,1.0,6.51
CHEMBL5746126,C=C1C[C@@H](c2nc3cc(C)c(C)cc3[nH]2)N(C(=O)c2cc(OC)c(OC)cc2-n2nccn2)C1,HHARXBHQEJEKNO-NRFANRHFSA-N,0,antagonist,1.0,8.0
CHEMBL5746149,CCC(O)(CC)c1cc([C@@H]2CC[C@@H](C)N(C(=O)c3ccccc3-n3nccn3)C2)no1,NLMWRULCYTWFST-IAGOWNOFSA-N,0,antagonist,1.0,6.26
CHEMBL5746210,Cc1ccc(-n2nccn2)c(C(=O)N2CCC[C@H]2c2cc(-c3ccccc3OC(F)(F)F)n[nH]2)c1,GJMJVTNZOWINCY-NRFANRHFSA-N,0,antagonist,1.0,6.84
CHEMBL5746331,COc1ccc(-c2nnc([C@@H]3CCCN3C(=O)c3cc(C)ccc3-n3nccn3)[nH]2)cc1,GPGBBGOQIYPTGZ-FQEVSTJZSA-N,0,antagonist,1.0,5.46
CHEMBL5746355,Cc1cc2[nH]c([C@@H]3[C@@H](C)CCN3C(=O)c3cc(Cl)ccc3-c3ccccc3)nc2cc1Cl,MYYWNWGKGXQLPB-OWJWWREXSA-N,0,antagonist,1.0,6.75
CHEMBL5746383,CCN(CCn1nc(C)c(C(C)(C)O)n1)C(=O)c1ccccc1N1CCCC1,FMZSSACVMYRPLG-UHFFFAOYSA-N,0,antagonist,1.0,7.82
CHEMBL5746475,Cc1nc(C(=O)N2CC[C@H](C)[C@H]2c2nc3c(Cl)cccc3[nH]2)c(-c2cc(F)cc(F)c2)s1,HRCRABPVGPISFD-YBTHPKLGSA-N,0,antagonist,1.0,5.69
CHEMBL5746509,COc1c(F)cccc1-c1nc([C@@H]2CCCN2C(=O)c2cccc(Cl)c2-n2nccn2)no1,CFKHMBOVJKIQSI-KRWDZBQOSA-N,0,antagonist,1.0,6.96
CHEMBL5746536,Cc1ccc(-c2nc(C(=O)N3CCC[C@@]3(C)c3nc4c(C)c(Cl)ccc4[nH]3)c(-c3ccc(F)cc3)s2)cc1C,WMMMRFRCCNPINT-HKBQPEDESA-N,0,antagonist,1.0,5.03
CHEMBL5746699,C=C1C[C@@H](c2nc3cc(Cl)c(C(F)(F)F)cc3[nH]2)N(C(=O)c2cc(C)ccc2-n2cccn2)C1,FVVWFCZTMFWMEU-NRFANRHFSA-N,0,antagonist,1.0,7.82
CHEMBL5746752,Cc1ccc(-c2cnn(C)c2)c(C(=O)N2CC3CCCC3C2CNc2ccc(C(F)(F)F)cn2)c1,NUMFDEALCNXBCG-UHFFFAOYSA-N,0,antagonist,1.0,5.44
CHEMBL5746758,CC(C)[C@H]1CC[C@@H](OC[C@H]2[C@@H](NS(C)(=O)=O)CCCN2C(=O)C2CN(S(C)(=O)=O)C2)CC1,QBNZQHMBKUSPGQ-RNQOJCNYSA-N,1,agonist,1.0,5.55
CHEMBL5746793,Cc1oc([C@@H]2CC[C@@H](C)N(C(=O)c3cnsc3-n3nccn3)C2)nc1C(C)(C)O,HRZRXHVTHQDKNO-DGCLKSJQSA-N,0,antagonist,1.0,6.94
CHEMBL5746852,CCOc1ccc(C)cc1C(=O)NC1CCCC1Cc1ccc2ccccc2n1,WFVWJLPQSRGMQT-UHFFFAOYSA-N,0,antagonist,1.0,5.6
CHEMBL5746891,CCN(CCN(C)c1cc(C#N)ccn1)C(=O)c1ccccc1OCC(F)(F)F,YTSFRTRPDLFICT-UHFFFAOYSA-N,0,antagonist,1.0,7.11
CHEMBL5746998,CCOc1ncccc1C(=O)N(CC)CCn1nc(C)c(C(C)(C)O)n1,AJCKXOUTKDIEKB-UHFFFAOYSA-N,0,antagonist,1.0,7.24
CHEMBL5747066,CCN(CCn1nc(C)c(C(C)(C)O)n1)C(=O)c1cccnc1OCC(F)F,RCMVPTOQLNZMBO-UHFFFAOYSA-N,0,antagonist,1.0,7.36
CHEMBL5747162,Cc1nc(C(=O)N2CCC[C@@]2(C)c2nc3c(C)c(C)c(Br)cc3[nH]2)c(-c2ccc(F)cc2)s1,WOMLJIMOFFDWMO-VWLOTQADSA-N,0,antagonist,1.0,8.1
CHEMBL5747199,Cc1ccc(-n2nccn2)c(C(=O)N2CCC[C@@H](C)[C@H]2CNc2ccc(F)cn2)c1,XUINUSYAEFGXPE-OXQOHEQNSA-N,0,antagonist,1.0,5.301029995663981
CHEMBL5747282,CCC(C)S(=O)(=O)N[C@H]1C[C@@H](C)N(C(=O)OC)[C@H]1CO[C@H]1CC[C@@]2(c3ncc(F)cn3)C[C@H]2C1,UCUHHQBYIUTPSM-LBWUBJCMSA-N,0,antagonist,1.0,8.1
CHEMBL5747340,CSc1cccc2nc([C@@H]3CCCN3C(=O)c3nc(C)sc3-c3cc(F)cc(F)c3)[nH]c12,WCZVADLDLKLJEI-KRWDZBQOSA-N,0,antagonist,1.0,6.79
CHEMBL5747352,CCCNC(=O)N1CCC[C@H](NS(C)(=O)=O)[C@@H]1CO[C@H]1CC[C@@H](C(C)C)CC1,FKLCVQLKHNAGTR-RDGPPVDQSA-N,1,agonist,1.0,8.66
CHEMBL5747441,C[C@@H]1CC(F)(F)CN(C(=O)c2cc(F)ccc2-n2nccn2)C1CNc1ncc(C(F)(F)F)cn1,GOWUUETXWITRAT-MTATWXBHSA-N,0,antagonist,1.0,5.301029995663981
CHEMBL5747473,CS(=O)(=O)N[C@H]1CCCN(C(=O)C2CC2(F)F)[C@H]1COC1CCN(c2ccccc2F)CC1,VCKOTSRZVWCURX-WNPSOCMYSA-N,1,agonist,1.0,6.0
CHEMBL5747483,COCC(Cc1ccc(C)cc1)n1c(=N)n(C(c2ccc(C)cc2)C2CC2)c2ccccc21,MNHJSBFJISDYKR-UHFFFAOYSA-N,1,agonist,1.0,6.0
CHEMBL5747506,CCN(CCc1nc(C(C)(C)O)c(C)o1)C(=O)c1cccnc1OCC(F)(F)F,SDTVUTMMUHWEJQ-UHFFFAOYSA-N,0,antagonist,1.0,7.01
CHEMBL5747537,C[C@@H]1CC[C@@H](Oc2nccn3c(C(F)(F)F)cnc23)CN1C(=O)c1ccccc1-c1ncccn1,SJYMAGKBDKVWTH-HZPDHXFCSA-N,0,antagonist,1.0,7.83
CHEMBL5747564,C[C@@]1(c2nc3cc(C(F)(F)F)ccc3[nH]2)CCCN1C(=O)c1ccccc1-n1cccn1,GDYCGICJXRQFAZ-QFIPXVFZSA-N,0,antagonist,1.0,5.97
CHEMBL5747573,C[C@@H]1CC[C@@H](Oc2nccc3c2C(=O)OC3(C)C)CN1C(=O)c1c(F)cccc1-c1ncccn1,GRSQHSOJGFEIFP-HZPDHXFCSA-N,0,antagonist,1.0,6.96
CHEMBL5747620,Cc1nc(C(=O)N2CC[C@H](C)[C@H]2c2nc3cc(C(F)(F)F)ccc3[nH]2)c(-c2ccccc2Cl)s1,PVNHNYYWPXLFBB-YUNKPMOVSA-N,0,antagonist,1.0,5.68
CHEMBL5747695,COc1ccc(-c2ccc(OC)c(F)c2C(=O)N2CCC[C@@]2(C)c2nc3c(C)c(Cl)ccc3[nH]2)cc1,LDASZAPWQDPTSQ-NDEPHWFRSA-N,0,antagonist,1.0,7.24
CHEMBL5747820,CC(C)OC(=O)N1CCC[C@H](NS(=O)(=O)CF)[C@@H]1CO[C@H]1CC[C@@]2(c3ncc(F)cn3)C[C@H]2C1,BRFNASSUECHNQQ-FLAFYDAQSA-N,0,antagonist,1.0,9.43
CHEMBL5747834,C[C@@H]1CC[C@@H](c2cc(C(C)(C)O)on2)CN1C(=O)c1ccccc1-n1nccn1,DNGHIQGLHKSAIM-HUUCEWRRSA-N,0,antagonist,1.0,7.33
CHEMBL5747948,Cc1ccc(-c2ccc(C)cc2C(=O)N2CCC[C@@]2(C)c2nc3cc(C)c(C)cc3n2CCF)cc1,BOXBCJUPUOXXMK-HKBQPEDESA-N,0,antagonist,1.0,7.41
CHEMBL5748020,COc1c(F)cccc1-c1noc([C@@H]2CCCN2C(=O)c2cc(C)ccc2-c2ccccn2)n1,AMUMNFNRAZYSFH-QFIPXVFZSA-N,0,antagonist,1.0,7.8
CHEMBL5748139,C[C@@H]1CC[C@@H](Oc2nccc3c2ncn3C)CN1C(=O)c1ccccc1-n1nccn1,PVHZNQMNBWCUEQ-HZPDHXFCSA-N,0,antagonist,1.0,7.54
CHEMBL5748226,C[C@@H]1CC(F)(F)CN(C(=O)c2nn(C)cc2-c2ncc(F)cn2)[C@@H]1COc1ncc(C(F)(F)F)cn1,PTANILSSAKZMOO-IAQYHMDHSA-N,0,antagonist,1.0,5.301029995663981
CHEMBL5748268,CC(C)OC(=O)N1[C@H](C)C[C@H](NS(=O)(=O)C(F)F)[C@@H]1CO[C@H]1CC[C@@]2(c3ncc(Cl)cn3)C[C@H]2C1,GUKUKTGXKKKMDY-QYWYSCOZSA-N,0,antagonist,1.0,8.35
CHEMBL5748281,CCNC(=O)N1CCC[C@H](NS(C)(=O)=O)[C@@H]1CO[C@H]1CC[C@@H](c2ccc(F)c(F)c2)CC1,BMQXRQSLTGEMNX-JHOJWFKBSA-N,1,agonist,1.0,9.0
CHEMBL5748283,CC(=O)n1cc(-c2noc([C@@H]3CCCN3C(=O)c3cc(C)ccc3-n3nccn3)n2)c2ccccc21,QVGFYLOJQRXNMV-QHCPKHFHSA-N,0,antagonist,1.0,7.64
CHEMBL5748461,COC(=O)N1[C@H](C)C[C@H](NS(=O)(=O)CC(F)(F)F)[C@@H]1CO[C@H]1CC[C@@]2(c3ncc(F)cn3)C[C@H]2C1,DUDXQOYJPRMTQN-ZDLSHRKJSA-N,0,antagonist,1.0,8.05
CHEMBL5748497,COC(=O)N1C(C2CC2)C[C@H](NS(C)(=O)=O)C1COC1CCC(c2ccccc2)CC1,WMAZLYFZRQACAK-RJJOETFMSA-N,0,antagonist,1.0,7.13
CHEMBL5748561,CCN(CCN(C)c1cc(C#N)ccn1)C(=O)c1ccccc1-n1cnnn1,MOTDZZQKMCUKKN-UHFFFAOYSA-N,0,antagonist,1.0,5.36
CHEMBL5748588,C=C1C[C@@H](c2nc3cc(Cl)c(C(F)(F)F)cc3[nH]2)N(C(=O)c2ccccc2-n2cccn2)C1,DCGHDLKMOANZKQ-FQEVSTJZSA-N,0,antagonist,1.0,7.18
CHEMBL5748826,CCOc1ncccc1C(=O)N(CC)CCN(C)c1cccc(C(C)(C)O)n1,NTKGNDNKHIDWKA-UHFFFAOYSA-N,0,antagonist,1.0,6.33
CHEMBL5748851,CC(C)C(C)(O)c1cc([C@@H]2CC[C@@H](C)N(C(=O)c3ccccc3-n3nccn3)C2)no1,SJIHDYMYGWGYTB-QVSFKUMNSA-N,0,antagonist,1.0,7.61
CHEMBL5748915,CCC(c1ccc(C)cc1)n1c(=N)n(C(COC)Cc2ccc(C)cc2)c2ccccc21,APKDRFBCTSGBNK-UHFFFAOYSA-N,1,agonist,1.0,6.0
CHEMBL5748987,COc1c(F)cccc1-c1cc([C@@H]2CCCN2C(=O)c2cc(C)ccc2-n2nccn2)on1,NVXVUURIOYXZOO-NRFANRHFSA-N,0,antagonist,1.0,7.58
CHEMBL5749005,CCc1cnc(OC[C@@H]2[C@H](C)CCCN2C(=O)c2nc(C)sc2-c2ccc(F)cc2)nc1,DSBRSKGUPLEZLR-FOIQADDNSA-N,0,antagonist,1.0,5.0
CHEMBL5749080,C[C@H]1C[C@H]2CCN(c3cc(C#N)ccn3)[C@H]2CN1C(=O)c1ccccc1-n1nccn1,IPQWRBIHEJSVJF-CDXJDZJCSA-N,0,antagonist,1.0,7.74
CHEMBL5749188,CO[C@@H]1C[C@@H](c2nc3ccc(Cl)c(C)c3[nH]2)N(C(=O)c2cc(F)ccc2-n2nccn2)C1,REULCEXUVQPBTK-KUHUBIRLSA-N,0,antagonist,1.0,8.4
CHEMBL5749195,Cc1oc(N2CC3CN(C(=O)c4cccnc4OC(C)C)CC3C2)nc1C(C)(C)O,ARMFMPNYGNTTJJ-UHFFFAOYSA-N,0,antagonist,1.0,6.9
CHEMBL5749274,Cc1ccc(NC[C@@H]2[C@H](C)CCCN2C(=O)c2nc(C)ccc2-n2nccn2)nc1,CFYSMVSUBYXIHB-VQIMIIECSA-N,0,antagonist,1.0,5.301029995663981
CHEMBL5749297,COc1ccccc1-c1sc(C)nc1C(=O)N1CC[C@H](C)[C@H]1c1nc2cc(C(F)(F)F)ccc2[nH]1,HSYQQLUUOHCUPB-ZSEKCTLFSA-N,0,antagonist,1.0,5.01
CHEMBL5749535,Cc1ccc(-c2ccccn2)c(C(=O)N2CCC[C@@H](C)[C@H]2CNc2ncc(C(F)(F)F)cn2)n1,FKSSVKQRFCEOFB-FOIQADDNSA-N,0,antagonist,1.0,5.301029995663981
CHEMBL5749547,C=C1C[C@@H](c2nc3cc(Cl)c(C(F)(F)F)cc3[nH]2)N(C(=O)c2c(-n3nccn3)ccc(OC)c2F)C1,VKEMFJQLLXIQRP-KRWDZBQOSA-N,0,antagonist,1.0,8.15
CHEMBL5749715,CCc1ccccc1[C@H]1CC[C@H](OC[C@H]2[C@@H](NS(=O)(=O)N(C)C)C[C@@H](C)N2C(=O)OC)CC1,VMZAEWOXNIRICA-GLFFXRKQSA-N,0,antagonist,1.0,6.96
CHEMBL5749846,Cc1nc(C(=O)N2CCC[C@H](C)[C@@H]2CNc2ccc(C(F)(F)F)cn2)c(-c2ccc(F)cc2)s1,SVCKMOGUOXOQCC-LIRRHRJNSA-N,0,antagonist,1.0,5.3979400086720375
CHEMBL5749872,CSc1ccc(C(=O)N2C[C@H](Oc3nccc(C#N)c3C)CC[C@H]2C)c(-n2nccn2)n1,IUASCLMQHTVTQW-RHSMWYFYSA-N,0,antagonist,1.0,7.595
CHEMBL5749986,C[C@@H]1CC[C@@H](c2nc(C(C)(C)O)cs2)CN1C(=O)c1ccc(F)cc1-n1nccn1,CUBFJUSUZGRTOL-ZIAGYGMSSA-N,0,antagonist,1.0,7.72
CHEMBL5750077,O=C(N[C@H]1CCC[C@@H]1Nc1nc2ccc(F)cc2s1)c1ccccc1-n1cccn1,IJDOZFOBWAKVFH-IRXDYDNUSA-N,0,antagonist,1.0,5.37
CHEMBL5750133,Cc1ccc(C[C@@H](COCc2ccc(C(C)C)cc2)n2c(=N)n(Cc3ccc(C)cc3)c3ccccc32)cc1,XXKIXHRSSJAFAK-YTTGMZPUSA-N,1,agonist,1.0,6.0
CHEMBL5750142,NC(=O)c1cccc([C@@H]2CCC[C@@H]2Nc2ncc(C(F)(F)F)cc2F)c1-n1nccn1,WMEIDAZZXGGFNY-LRDDRELGSA-N,0,antagonist,1.0,5.0
CHEMBL5750271,C[C@@H]1CC[C@@H](Oc2cc(OCF)ccn2)CN1C(=O)c1ccccc1-n1nccn1,QQRMCUBCWZJSDQ-NVXWUHKLSA-N,0,antagonist,1.0,8.1
CHEMBL5750309,C[C@@H]1CC[C@@H](Oc2cc([C@@](C)(O)C3CC3)ccn2)CN1C(=O)c1ccccc1-n1nccn1,LDSZHRSIWREZPR-CVBYOTHMSA-N,0,antagonist,1.0,7.89
CHEMBL5750349,CO[C@H]1CN(C(=O)c2nc(C)ccc2-n2nccn2)C(C)(c2nc3c(C)c(Cl)ccc3[nH]2)C1,COPUKJYYNMUOMZ-NKTHEXPSSA-N,0,antagonist,1.0,7.43
CHEMBL5750390,COC(=O)N1CCC[C@H](NS(C)(=O)=O)[C@@H]1CO[C@H]1CC[C@@H](c2cccc(OC)c2)CC1,PICSDPDTFKVXHU-OFCAXSSNSA-N,1,agonist,1.0,7.1
CHEMBL5750449,COC(=O)CCC(=O)N1CCC[C@H](NS(C)(=O)=O)[C@@H]1CO[C@H]1CC[C@@H](C(C)C)CC1,SLYDAKFCMIBLCG-RDGPPVDQSA-N,1,agonist,1.0,6.85
CHEMBL5750504,Cc1ccc(-n2cccn2)c(C(=O)N2CCC[C@H]2c2nc(-c3cccc(Cl)c3C)no2)c1,COTMFCFRNPCBHW-NRFANRHFSA-N,0,antagonist,1.0,7.85
CHEMBL5750564,COc1c(F)cccc1-c1nc([C@@H]2CCCN2C(=O)c2cc(C)c(C)cc2-n2nccn2)no1,BRUXZKWUDDEDNK-IBGZPJMESA-N,0,antagonist,1.0,9.4
CHEMBL5750684,C[C@@H]1CC[C@@H](Nc2nccc3c2cnn3C)CN1C(=O)c1ccccc1-n1nccn1,SUKVRFSDOQPLHL-HZPDHXFCSA-N,0,antagonist,1.0,7.22
CHEMBL5750771,C[C@@H]1CC[C@@H](Oc2ccc3c(c2)C(O)CC3)CN1C(=O)c1ccccc1-n1nccn1,JQYXDTJYVYRKOX-FVFSQFTHSA-N,0,antagonist,1.0,7.1
CHEMBL5750780,Cc1cccc(-c2noc([C@@H]3CCCN3C(=O)c3cc(C)ccc3-n3nccn3)n2)c1,YSALRRJZLXWJIR-FQEVSTJZSA-N,0,antagonist,1.0,7.39
CHEMBL5750962,C[C@@H]1CCCN(C(=O)c2cc(Cl)ccc2-n2nccn2)[C@@H]1CNc1ncc(C(F)(F)F)cn1,BKTDEMAGNQFCMV-FZKQIMNGSA-N,0,antagonist,1.0,5.89
CHEMBL5751004,CC(C)(C)OC(=O)N1CCC[C@H](NS(C)(=O)=O)[C@@H]1CO[C@H]1CC[C@@H](c2ccccc2)CC1,YRKGHWKMEPBORS-LRSLUSHPSA-N,1,agonist,1.0,5.77
CHEMBL5751149,Cc1ccc(-n2nccn2)c(C(=O)N2CCC[C@@]2(C)c2nc3cc(F)c(Br)cc3n2C)c1,ZZBUNILRIYPXRI-QHCPKHFHSA-N,0,antagonist,1.0,6.91
CHEMBL5751194,CCOc1ccccc1-c1noc([C@@H]2CCCN2C(=O)c2cc(OC)ccc2-n2nccn2)n1,AEQCSYKEJXBYLJ-FQEVSTJZSA-N,0,antagonist,1.0,8.05
CHEMBL5751296,Cc1ccc(C)c(-c2nc([C@@H]3CCCN3C(=O)c3ccc(Cl)cc3-n3nccn3)no2)c1,JFKPHXAMVDYFHM-IBGZPJMESA-N,0,antagonist,1.0,8.0
CHEMBL5751306,COc1ccc(C)cc1C(=O)N[C@H]1CCC[C@@H]1Nc1nc2ccc(F)cc2s1,VXEBXAHUVHAEKO-HOTGVXAUSA-N,0,antagonist,1.0,5.19
CHEMBL5751500,Cc1ccc(CC2CNC(=O)C/N=C3/N(Cc4ccc(C)cc4)c4ccccc4N32)cc1,DWYYIFQRAYSQTO-OHYPFYFLSA-N,1,agonist,1.0,5.3
CHEMBL5751520,CCN(CCn1ncc(C(C)(O)CC)n1)C(=O)c1ccccc1-n1nccn1,FEPMTSKQLGJPGN-UHFFFAOYSA-N,0,antagonist,1.0,7.19
CHEMBL5751597,Cc1cc(F)ccc1-c1nc(C(=O)N2CCC[C@@]2(C)c2nc3c(C)c(Cl)ccc3[nH]2)c(-c2ccc(F)cc2)s1,FOUTVJNYMONXMR-PMERELPUSA-N,0,antagonist,1.0,5.33
CHEMBL5751633,Cc1ccc(-c2cccc(OC(F)(F)F)c2)c(C(=O)N2CCC[C@@]2(C)c2nc3cc(C(F)(F)F)c(Cl)cc3[nH]2)c1,RIYMBXBCSJMBHS-SANMLTNESA-N,0,antagonist,1.0,6.4
CHEMBL5751764,CCN(CCN(C)c1cc(C#N)ccn1)C(=O)c1ccccc1N1CCCC1,NZDAWTMXKVVHSH-UHFFFAOYSA-N,0,antagonist,1.0,7.5
CHEMBL5751918,Cc1ccc(-c2sc(C)nc2C(=O)N2CCC[C@@]2(C)c2nc3c(F)c(F)ccc3[nH]2)cc1,OCNSXCZEMWBQOA-DEOSSOPVSA-N,0,antagonist,1.0,7.0
CHEMBL5752094,COc1c(F)cccc1-c1nc([C@@H]2CCCN2C(=O)c2ccccc2-n2nccn2)no1,RLTWWZBLCRMJMS-SFHVURJKSA-N,0,antagonist,1.0,7.92
CHEMBL5752182,COC(=O)N1[C@H](C)C[C@H](NS(=O)(=O)N(C)C)[C@@H]1COC1CCC2(c3cccc(F)c3)CC2C1,AKDUEDJQSIBITM-XBXCPQRLSA-N,0,antagonist,1.0,6.73
CHEMBL5752335,Cc1ccc(-n2cccn2)c(C(=O)N2CCC[C@@H](C)[C@H]2CNc2ccc(Cl)cn2)n1,CJERDRRFDFAZQE-DNVCBOLYSA-N,0,antagonist,1.0,5.301029995663981
CHEMBL5752525,COc1ccc(C(=O)N2C[C@H](Oc3nccc4c3C(=O)OC4(C)C)CC[C@H]2C)c(-n2nccn2)c1,BWIFWEXLHLCBAL-NVXWUHKLSA-N,0,antagonist,1.0,6.83
CHEMBL5752794,N#Cc1ccnc(N2CC[C@@H]3CCN(C(=O)c4ccccc4OC(F)F)C[C@@H]32)c1,QZHUJGVQVBMNAZ-RDJZCZTQSA-N,0,antagonist,1.0,5.82
CHEMBL5752835,CC(C)NC(=O)N1CCC[C@H](NS(C)(=O)=O)[C@@H]1CO[C@H]1CC[C@@H](C(C)C)CC1,YLSPJZHAMYRIBN-RDGPPVDQSA-N,1,agonist,1.0,8.64
CHEMBL5752860,CCOc1nc2cccc(C(=O)N(CC)CCN(C)c3cc(C#N)ccn3)c2[nH]1,VEVMQBDGUUTQEY-UHFFFAOYSA-N,0,antagonist,1.0,5.0
CHEMBL5752881,Cc1ccc(-n2nccn2)c(C(=O)N2CC[C@H](C)[C@H]2c2nc3c(C)cccc3[nH]2)c1,JALZGXKNABSZPI-KKSFZXQISA-N,0,antagonist,1.0,6.11
CHEMBL5752892,Cc1ccc(-c2cccnc2)c(C(=O)N2CC[C@H](C)[C@H]2c2nc3cc(Cl)c(C)cc3[nH]2)c1,ANXLFZIJLMJHRF-FYSMJZIKSA-N,0,antagonist,1.0,5.78
CHEMBL5752992,Cc1cccc(-c2sc(C)nc2C(=O)N2CCC[C@H]2c2nc(-c3cccc(Cl)c3C)no2)c1,ZOTOTCGPGIWVNJ-FQEVSTJZSA-N,0,antagonist,1.0,6.93
CHEMBL5753073,Cc1cccc(-n2nccn2)c1C(=O)N1C[C@H](Oc2nccc(C#N)c2C)CC[C@H]1C,NNYOYMBIEDPXHF-VQIMIIECSA-N,0,antagonist,1.0,8.809999999999999
CHEMBL5753212,CCc1cnc(NC[C@@H]2[C@H](C)CC(F)(F)CN2C(=O)c2nc(C)sc2-c2ccc(F)cc2)nc1,OUENKHLRGFWAEP-AUUYWEPGSA-N,0,antagonist,1.0,5.301029995663981
CHEMBL5753244,Cc1cccc(-c2ccc(C)cc2C(=O)N2CCC[C@@]2(C)c2nc3cc(C)c(C)cc3n2CCF)c1,GNQBXDHQOPMQJM-HKBQPEDESA-N,0,antagonist,1.0,7.72
CHEMBL5753268,Cc1ccc(-n2nccn2)c(C(=O)N2CC[C@H](C)[C@H]2c2nc3c(C(F)(F)F)cccc3[nH]2)c1,RBWNMKPVERQASZ-XOBRGWDASA-N,0,antagonist,1.0,5.73
CHEMBL5753340,COC[C@H](Cc1ccc(C)cc1)n1c(=N)n([C@@H](C)c2ccc(C)cc2)c2cccnc21,QGROROJTAULKRO-REWPJTCUSA-N,1,agonist,1.0,6.0
CHEMBL5753350,C[C@@H]1C[C@@H](Nc2nccc3ccccc23)CN1C(=O)c1ccccc1-n1nccn1,LDRXLAMNOJZDSW-SJLPKXTDSA-N,0,antagonist,1.0,7.82
CHEMBL5753435,COC(=O)N1[C@H](C)C[C@H](NS(C)(=O)=O)[C@@H]1COC1CCC2(c3ncc(C)cn3)CC2C1,FRSWZVLHDWLPTF-SCIXHCAUSA-N,0,antagonist,1.0,7.1
CHEMBL5753451,Cc1nc(-c2ccccc2)c(C(=O)N2CC(F)CCC2CNC(=O)c2cccc3cccnc23)s1,PDMLXAVPZLMYSF-UHFFFAOYSA-N,0,antagonist,1.0,8.4
CHEMBL5753527,Cc1ccc(-n2ncc(C)n2)c(C(=O)N2CCC[C@@H](C)[C@H]2CNc2nc3cc(Cl)ccc3o2)c1,LGAFETZZZJRZJI-OPAMFIHVSA-N,0,antagonist,1.0,5.96
CHEMBL5753647,C[C@@H]1CC(F)(F)CN(C(=O)c2nn(C)cc2-c2ncc(F)cn2)[C@@H]1CN(C)c1ncc(C(F)(F)F)cn1,MVUGYYBLSKGUOE-MLGOLLRUSA-N,0,antagonist,1.0,5.301029995663981
CHEMBL5753678,CSc1cccc2[nH]c([C@@H]3CCCN3C(=O)c3nc(C)ccc3-n3nccn3)nc12,JVQJEZPXXARTGW-INIZCTEOSA-N,0,antagonist,1.0,7.12
CHEMBL5753694,CCN(CCN(C)c1cccc(C(C)(C)O)n1)C(=O)c1ncccc1-n1nccn1,BVCWWOHSXWXVOE-UHFFFAOYSA-N,0,antagonist,1.0,6.51
CHEMBL5753709,Cc1ccc(-n2nccn2)c(C(=O)N2CCC[C@@]2(C)c2nc3cc(F)c(Br)cc3[nH]2)n1,GBHBXSJWPYVORA-NRFANRHFSA-N,0,antagonist,1.0,6.75
CHEMBL5753782,COc1cccc(OC)c1C(=O)NC1CCCC1Cc1ccc2ccccc2n1,BEAWQNXRRFJSHK-UHFFFAOYSA-N,0,antagonist,1.0,5.609999999999999
CHEMBL5753798,Cc1ccc(CC(CNC(=O)c2c(C)ncn2C)n2c(=N)n(Cc3ccc(C)cc3)c3ccccc32)cc1,CNRSNNWIKSUCRW-UHFFFAOYSA-N,1,agonist,1.0,6.0
CHEMBL5753843,Cc1ccc(-c2ccccn2)c(C(=O)N2CCC[C@@H](C)[C@H]2CNc2ccc(C(F)(F)F)cn2)c1,SWYPOYDCCSKIGI-WZONZLPQSA-N,0,antagonist,1.0,5.43
CHEMBL5753854,Cc1ccc(-c2ncccn2)c(C(=O)N2CCC[C@@H](C)[C@H]2CNc2ncc(C(F)(F)F)cn2)c1,DESSTILEFOJHSP-OXQOHEQNSA-N,0,antagonist,1.0,5.48
CHEMBL5754050,Cc1ccc(-n2ncc(C)n2)c(C(=O)N2CCC[C@@H](C)[C@H]2CNc2ccc(Cl)cn2)c1,SFYBTDUEJRTOHZ-IIBYNOLFSA-N,0,antagonist,1.0,5.301029995663981
CHEMBL5754100,COc1cc2nc([C@]3(C)CCCN3C(=O)c3nc(C)sc3-c3cc(F)cc(F)c3)[nH]c2cc1OC,PPRDGSMIGCVYHT-VWLOTQADSA-N,0,antagonist,1.0,7.33
CHEMBL5754128,COCCNC(=O)N1CCC[C@H](NS(C)(=O)=O)[C@@H]1CO[C@H]1CC[C@@H](C(C)C)CC1,SUQXQHOFISCNCM-RDGPPVDQSA-N,1,agonist,1.0,7.58
CHEMBL5754267,COc1cc(C(=O)N2CCC[C@H]2c2nc(-c3cccc(F)c3C)no2)c(-n2nccn2)cc1Cl,DEUNGEPMJAXTRL-SFHVURJKSA-N,0,antagonist,1.0,8.52
CHEMBL5754328,COc1cc2nc([C@]3(C)CCCN3C(=O)c3cc(Cl)ccc3-n3nccn3)[nH]c2cc1OC,WRTMDRWKXMIWFX-QHCPKHFHSA-N,0,antagonist,1.0,7.72
CHEMBL5754331,COc1c(Cl)cccc1-c1nnc([C@@H]2CCCN2C(=O)c2cc(C)ccc2-n2nccn2)[nH]1,ZJXBFVDZTOERAK-IBGZPJMESA-N,0,antagonist,1.0,7.85
CHEMBL5754340,COc1cccc(-c2noc([C@@H]3CCCN3C(=O)c3cc(C)ccc3-n3nccn3)n2)c1F,DPSHYCRWDAVSEB-SFHVURJKSA-N,0,antagonist,1.0,6.85
CHEMBL5754480,Cc1ccc(-n2nccn2)c(C(=O)N2CCC[C@H]2c2nc(-c3cccnc3OC(C)C)no2)c1,GKOVSCFLLBBOMY-FQEVSTJZSA-N,0,antagonist,1.0,7.66
CHEMBL5754488,Cc1ccccc1-c1noc([C@@H]2CCCN2C(=O)c2ccoc2)n1,PMZDJLWNMHHJNT-HNNXBMFYSA-N,0,antagonist,1.0,5.0
CHEMBL5754547,COC(=O)c1c(OC)cccc1O[C@@H]1CC[C@@H](C)N(C(=O)c2ccsc2-c2ncccn2)C1,GPHPAXLGRLDEPG-HZPDHXFCSA-N,0,antagonist,1.0,7.38
CHEMBL5754578,Cc1ccc(C)c(-c2nc([C@@H]3CCCN3C(=O)c3cc(Cl)ccc3-n3nccn3)no2)c1,OFAQXGAHPUYGDC-FQEVSTJZSA-N,0,antagonist,1.0,7.82
CHEMBL5754721,CS(=O)(=O)N[C@H]1CCCN(C(=O)[C@H]2CCC(=O)O2)[C@H]1CO[C@H]1CC[C@@H](c2ccccc2)CC1,LURURCBNPRWHKP-LILSUDLASA-N,1,agonist,1.0,7.4
CHEMBL5754725,Cc1oc(C[C@H]2CCCCN2C(=O)c2ccccc2CC(F)(F)F)nc1C(C)(C)O,RUKZONPMBYUTAP-MRXNPFEDSA-N,0,antagonist,1.0,6.93
CHEMBL5754758,COc1cc(C(=O)N2CCC[C@H]2c2cc(-c3cccc(Cl)c3C)on2)c(-n2nccn2)cc1C,JJYKGAQEFYNQGC-NRFANRHFSA-N,0,antagonist,1.0,9.0
CHEMBL5754797,C=C1C[C@@H](c2nc3ccc(OC)cc3[nH]2)N(C(=O)c2nc(C)ccc2-n2cccn2)C1,MRPHUDJMPZTNKP-FQEVSTJZSA-N,0,antagonist,1.0,7.47
CHEMBL5754960,COCCn1c(C2CCCN2C(=O)c2cc(C)ccc2-c2cccc(OC)c2)nc2cc(C)c(C)cc21,QLSRRRKGDHMVAP-UHFFFAOYSA-N,0,antagonist,1.0,6.72
CHEMBL5755084,COC(=O)N1[C@H](C)C[C@H](NS(=O)(=O)C2CC2)[C@@H]1CO[C@H]1CC[C@@]2(c3ncc(F)cn3)C[C@H]2C1,INDZQHIEQYNASV-KWXGJQNXSA-N,0,antagonist,1.0,8.52
CHEMBL5755096,C[C@@]1(c2nc3cc(C(F)(F)F)c(Cl)cc3[nH]2)CCCN1C(=O)c1cc(OC(F)(F)F)ccc1-n1nccn1,SAHMGWAHRTUSEG-NRFANRHFSA-N,0,antagonist,1.0,6.95
CHEMBL5755162,COc1ccc(-c2ccc(C)cc2C(=O)N2CCC[C@@]2(C)c2nc3cc(C(F)(F)F)ccc3[nH]2)cc1,BHKMJDJGCMWMET-MHZLTWQESA-N,0,antagonist,1.0,7.16
CHEMBL5755201,CC(C)OC(=O)N1CCC[C@H](NS(C)(=O)=O)[C@@H]1COC1CCN(c2ccccc2F)CC1,DNMKZFXOZHVXCY-FPOVZHCZSA-N,1,agonist,1.0,6.31
CHEMBL5755260,Cc1nc(C(=O)N2CCC[C@@H](C)[C@H]2CNc2ncc(Cl)cn2)c(-c2ccc(F)cc2)s1,HOYRKLOSSPBUHN-FZKQIMNGSA-N,0,antagonist,1.0,5.198970004336019
CHEMBL5755299,C=C1C[C@@H](c2nc3cc(Cl)c(C(F)(F)F)cc3[nH]2)N(C(=O)c2nc(C)ccc2-n2nccn2)C1,QGDVINLHLFFGCH-SFHVURJKSA-N,0,antagonist,1.0,8.05
CHEMBL5755472,C[C@@H]1CC[C@@H](c2nsc(C(C)(C)O)n2)CN1C(=O)c1ccccc1CS(C)(=O)=O,AJJUVSQDFMETJV-ZIAGYGMSSA-N,0,antagonist,1.0,6.71
CHEMBL5755478,COC(=O)C(C)(C)n1cc([C@@H]2CC[C@@H](C)N(C(=O)c3ccccc3-n3nccn3)C2)cn1,JKHUPHRIVNHDEC-IAGOWNOFSA-N,0,antagonist,1.0,7.34
CHEMBL5755586,Cc1c(Cl)cccc1-c1noc([C@@H]2CCCN2C(=O)c2cc(F)ccc2-n2nccn2)n1,BTEPZYPEINXPCH-IBGZPJMESA-N,0,antagonist,1.0,7.42
CHEMBL5755663,O=C(c1ccccc1-n1nccn1)N1CC[C@H]2CCN(C3=NC=CC4SCCC34)[C@H]2C1,WRXXYWNFLHYBNZ-LEDRIZOLSA-N,0,antagonist,1.0,5.0
CHEMBL5755962,COC[C@@H]1C[C@H](NS(=O)(=O)N(C)C)[C@H](CO[C@H]2CC[C@@H](c3cccc(F)c3)CC2)N1C(=O)OC,WSGQHCMEAHYGQS-SSCXBUAASA-N,0,antagonist,1.0,9.15
CHEMBL5756001,COC(=O)N1CCC[C@H](NS(C)(=O)=O)[C@@H]1CO[C@H]1CC[C@@H](c2ccccc2OC)CC1,LWECPUGTQDMNKQ-HNJRGHQBSA-N,1,agonist,1.0,8.54
CHEMBL5756377,COc1cccc(OC)c1C(=O)N[C@H]1CCC[C@H]1Nc1cnc2ccccc2n1,GIWGNHDZELXXNP-SJORKVTESA-N,0,antagonist,1.0,7.01
CHEMBL5756404,CCC(=O)NCC(Cc1ccc(C)cc1)n1/c(=N/C(=O)OC(C)(C)C)n(Cc2ccc(C)cc2)c2ccccc21,SESKKDMKXXUCCQ-JSLDZMDGSA-N,1,agonist,1.0,6.0
CHEMBL5756570,CS(=O)(=O)N[C@H]1CCCN(C(=O)[C@H]2CCOC2)[C@H]1CO[C@H]1CC[C@@H](c2ccccc2)CC1,HVGLNIHLBTZQEY-HPAIXVDQSA-N,1,agonist,1.0,7.6
CHEMBL5756600,Cc1oc(C[C@H]2CCCCN2C(=O)c2ccc(F)cc2-n2nccn2)nc1C(C)(C)O,KFGRQNJZKWEXFD-MRXNPFEDSA-N,0,antagonist,1.0,7.6
CHEMBL5756605,Cc1ccc(-n2ccc(C)n2)c(C(=O)N2CCC[C@@H](C)[C@H]2CNc2nnc(C(F)(F)F)s2)c1,KOTYWCBPAIQSPY-RDTXWAMCSA-N,0,antagonist,1.0,5.301029995663981
CHEMBL5756648,CSc1ccc2nc([C@@H]3CCCN3C(=O)c3cc(F)ccc3-n3nccn3)[nH]c2c1,DNSFJNRAJZVNBD-IBGZPJMESA-N,0,antagonist,1.0,7.62
CHEMBL5756838,CCCOc1ccccc1-c1noc([C@@H]2CCCN2C(=O)c2cc(C)ccc2-n2nccn2)n1,LQCPZLALXSTXLH-NRFANRHFSA-N,0,antagonist,1.0,6.9
CHEMBL5757089,COC(=O)N1CCC[C@H](NS(C)(=O)=O)[C@@H]1CO[C@H]1CC[C@]2(CC1)OCc1ccccc12,NPGRVNHNFNHNED-WCCBULMPSA-N,1,agonist,1.0,5.51
CHEMBL5757182,COC(=O)N1CCC[C@H](NS(C)(=O)=O)[C@@H]1COC1CCN(c2c(Cl)cccc2Cl)CC1,HBJRXGPZCKOXAV-ROUUACIJSA-N,1,agonist,1.0,5.48
CHEMBL5757219,CCN(CCN(C)c1nc(C)cc(C)n1)C(=O)c1ncccc1-n1nccn1,RJOJHBJNLKRONY-UHFFFAOYSA-N,0,antagonist,1.0,7.49
CHEMBL5757418,COC[C@H](Cc1ccc(C)cc1)n1c(=N)n(Cc2ccc(C)cc2)c2cccc(F)c21,GJNQHCDUYLDUTH-QFIPXVFZSA-N,1,agonist,1.0,5.3
CHEMBL5757460,COC(=O)c1c(C#N)ccnc1O[C@@H]1CC[C@@H](C)N(C(=O)c2ccccc2-c2ncccn2)C1,WTEXMGOAFNNVRP-SJLPKXTDSA-N,0,antagonist,1.0,7.885
CHEMBL5757597,Cc1nc(C(=O)N2CCC[C@H]2c2nc(-c3cccc(Cl)c3C)no2)c(-c2ccccc2F)s1,VYFDGMBAZRQISM-IBGZPJMESA-N,0,antagonist,1.0,7.11
CHEMBL5757815,C[C@@H]1CC[C@@H](c2cc(C(C)(C)O)no2)CN1C(=O)c1ccccc1-c1ccccc1,VHOGBPHESIEQLR-IEBWSBKVSA-N,0,antagonist,1.0,7.64
CHEMBL5757941,Cc1ccc2[nH]c([C@]3(C)CCCN3C(=O)c3ccccc3-c3ccccc3F)nc2c1C,PPMGNLBWJCRPEK-MHZLTWQESA-N,0,antagonist,1.0,7.37
CHEMBL5757978,COc1ccc(-n2nccn2)c(C(=O)N2CCC[C@@]2(C)c2nc3cc(C(F)(F)F)ccc3[nH]2)c1F,LPIQKQFKMBNGRD-QFIPXVFZSA-N,0,antagonist,1.0,6.24
CHEMBL5757996,CC(C)OC(=O)N1[C@H](C)C[C@H](NS(=O)(=O)N(C)C)[C@@H]1COC1CCC2(c3ncc(F)cn3)CC2C1,DIESGYCEZIBJID-VKKHGYNPSA-N,0,antagonist,1.0,8.59
CHEMBL5758025,Cc1ccc(-n2nccn2)c(C(=O)N2CCC[C@@]2(C)c2nc3cc(F)c(Cl)cc3[nH]2)c1,RGYVUKDVRWDAJB-QFIPXVFZSA-N,0,antagonist,1.0,6.87
CHEMBL5758203,Cc1nsc(-c2ccccc2)c1C(=O)N1C[C@H](Oc2nccc(C#N)c2C)CC[C@H]1C,XSCMBEVAJSZOEK-FOIQADDNSA-N,0,antagonist,1.0,7.7
CHEMBL5758252,CSc1ccc2nc([C@@H]3CCCN3C(=O)c3cnc(C)nc3-c3cc(Cl)cc(Cl)c3)[nH]c2c1,MZOVFNNJIFCVRX-NRFANRHFSA-N,0,antagonist,1.0,6.6
CHEMBL5758520,CCOc1ncccc1-c1nc([C@@H]2CCCN2C(=O)c2cc(OC)c(Cl)cc2-n2nccn2)no1,WLBCPTKNCBIYOL-KRWDZBQOSA-N,0,antagonist,1.0,9.0
CHEMBL5758800,Cc1ccc(-n2cccn2)c(C(=O)N2CCC[C@@]2(C)c2nc3cc(C(F)(F)F)c(Cl)cc3[nH]2)c1,NUZVJZMCEKEJIS-QHCPKHFHSA-N,0,antagonist,1.0,8.0
CHEMBL5758807,CC(C)OC(=O)N1[C@H](C)C[C@H](NS(=O)(=O)CF)[C@@H]1COC1CCC2(c3ncc(Cl)cn3)CC2C1,NOKJPINTWRVLAE-WOIDTSMQSA-N,0,antagonist,1.0,8.35
CHEMBL5758825,COC(=O)N1[C@H](CCO)C[C@H](NS(C)(=O)=O)[C@@H]1CO[C@H]1CC[C@@H](c2ccccc2)CC1,OGRVPMDMZOUGCB-MJCUULBUSA-N,0,antagonist,1.0,8.26
CHEMBL5758984,Cc1cccc(C(=O)N2CCC[C@H]2c2nc(-c3cccc(F)c3C)no2)c1-n1nccn1,PCQPJHXCPMGSBD-IBGZPJMESA-N,0,antagonist,1.0,7.05
CHEMBL5759017,CO[C@H]1CN(C(=O)c2nc(C)sc2-c2cccc(Cl)c2)C(C)(c2nc3c(C)c(Cl)ccc3[nH]2)C1,BWIVUNXAJXPBFO-SMFUYQKNSA-N,0,antagonist,1.0,7.8
CHEMBL5759029,Cc1ccc(-n2nccn2)c(C(=O)N2CCN(c3nc4ccc(Cl)cc4c(=O)[nH]3)CCC2C)c1,XXADCEYDQLQNKI-UHFFFAOYSA-N,0,antagonist,1.0,6.66
CHEMBL5759211,COC(=O)c1c(C#N)ccnc1O[C@@H]1CC[C@@H](C)N(C(=O)c2cccc(F)c2-c2noc(C)n2)C1,BHEHAWNZFJGPDP-CZUORRHYSA-N,0,antagonist,1.0,7.79
CHEMBL5759336,CC(=O)N1CCC[C@H](NS(C)(=O)=O)[C@@H]1CO[C@H]1CC[C@@H](c2c(F)cccc2F)CC1,BMGJYYNZHHFBJJ-JSJNYSNDSA-N,1,agonist,1.0,8.18
CHEMBL5759344,CC(=O)N1CCC[C@H](NS(C)(=O)=O)[C@@H]1CO[C@H]1CC[C@@H](c2cc(F)ccc2F)CC1,ITANCRFLMXHNQK-JHOJWFKBSA-N,1,agonist,1.0,7.57
CHEMBL5759370,O=C(c1ccccc1-n1nccn1)N1CC[C@H]2CCN(c3ccc(-n4ccnc4)nn3)[C@H]2C1,GCQOONHVPUNUSZ-PXNSSMCTSA-N,0,antagonist,1.0,5.0
CHEMBL5759526,COc1cc(C(=O)N2CCC[C@H]2c2nc(-c3cccc(F)c3OC)no2)c(-n2nccn2)cc1F,KLCQUHRBSBBNPE-KRWDZBQOSA-N,0,antagonist,1.0,8.0
CHEMBL5759707,CN(C(=O)c1cc(F)ccc1-n1nccn1)[C@H]1CCC[C@@H]1Nc1nc2ccc(F)cc2s1,AWDZNHIULYTTNC-LPHOPBHVSA-N,0,antagonist,1.0,6.08
CHEMBL5759878,C=C1C[C@@H](c2nc3ccc(Cl)c(C)c3[nH]2)N(C(=O)c2nc(C)ccc2-n2cccn2)C1,HLGWLGMOMLHIKH-IBGZPJMESA-N,0,antagonist,1.0,8.3
CHEMBL5759960,C[C@@H]1CC[C@@H](Oc2nccc3c2C(=O)OC3(C)C)CN1C(=O)c1cc(F)ccc1-c1ncccn1,WZEOLKUZTJTPNX-NVXWUHKLSA-N,0,antagonist,1.0,7.14
CHEMBL5760007,COc1ccc2nc([C@@H]3C[C@@H](OC)CN3C(=O)c3ccc(C)cc3-n3nccn3)[nH]c2c1,GSULCIGCVPFXKF-IERDGZPVSA-N,0,antagonist,1.0,7.48
CHEMBL5760066,CSc1cccc2nc([C@@H]3CCCN3C(=O)c3nc(C)sc3-c3ccc(C)cc3)[nH]c12,AHBLJDKOKSEQJP-SFHVURJKSA-N,0,antagonist,1.0,7.33
CHEMBL5760090,Cc1cc2[nH]c([C@@H]3[C@@H](C)CCN3C(=O)c3cc(F)ccc3-c3ccccc3)nc2cc1Cl,UMWXHHFCNWYXQV-OWJWWREXSA-N,0,antagonist,1.0,6.75
CHEMBL5760115,Cc1ccc(C(=O)N2CCC[C@@]2(C)c2nc3cc(OC(F)(F)F)ccc3[nH]2)c(-c2cccnc2)c1,IATWIZWLWPXEJY-VWLOTQADSA-N,0,antagonist,1.0,6.0
CHEMBL5760332,CCS(=O)(=O)N[C@H]1C[C@@H](C)N(C(=O)OC)[C@H]1CO[C@H]1CC[C@@]2(c3ncc(F)cn3)C[C@H]2C1,ZFJVRNBKXJAGJA-USHYOUQZSA-N,0,antagonist,1.0,9.03
CHEMBL5760360,COc1c(C#N)ccnc1O[C@@H]1CC[C@@H](CO)N(C(=O)c2cccnc2OCC(F)(F)F)C1,IPWFEGWGZNINGW-LSDHHAIUSA-N,0,antagonist,1.0,8.05
CHEMBL5760458,Cc1ccc(-n2nccn2)c(C(=O)N2CCC[C@@H](C)[C@H]2CNc2ncc(Cl)cn2)c1,NGSXSHQBMOQXPL-DNVCBOLYSA-N,0,antagonist,1.0,5.150514997831991
CHEMBL5760514,CCNC(=O)N1CCC[C@H](NS(C)(=O)=O)[C@@H]1CO[C@H]1C[C@@H](Cc2ccccc2)C1,GLXBTOQTDADSIE-YRPNKDGESA-N,1,agonist,1.0,5.43
CHEMBL5760515,COC(=O)N1CCC[C@H](NS(C)(=O)=O)[C@@H]1CO[C@H]1CC[C@@]2(CC1)OCc1ccccc12,NPGRVNHNFNHNED-UTYWTXRGSA-N,1,agonist,1.0,6.58
CHEMBL5760574,CC(=O)OCC(=O)N1CCC[C@H](NS(C)(=O)=O)[C@@H]1CO[C@H]1CC[C@@H](C(C)C)CC1,GHIHXHGHENGAIU-RDGPPVDQSA-N,1,agonist,1.0,7.22
CHEMBL5760626,COC(=O)N1[C@H](C)C[C@H](NS(=O)(=O)N(C)C)[C@@H]1CO[C@H]1CC[C@H](c2cc(F)cc(F)c2)CC1,QSTHHRAMHLMCPP-RLBUUEIYSA-N,0,antagonist,1.0,6.97
CHEMBL5760671,COc1ccc(-c2ccccc2C(=O)N2C[C@H](Oc3nccc(C#N)c3C)CC[C@H]2C)cn1,AUJNGEFGUPDJFF-DYESRHJHSA-N,0,antagonist,1.0,8.56
CHEMBL5760805,COc1cc(C(=O)N2CCC[C@H]2c2nc(-c3cccc(F)c3OC)no2)c(-n2nccn2)cc1OC,HAUFXBYQCBBPLG-KRWDZBQOSA-N,0,antagonist,1.0,7.7
CHEMBL5761053,COc1c(C#N)ccnc1O[C@@H]1CC[C@@H](C)N(C(=O)c2ccccc2C2CCC2)C1,ZTFGNAXMMSHFJI-VQIMIIECSA-N,0,antagonist,1.0,8.57
CHEMBL5761155,O=C(c1ccccc1-c1ncco1)N1CCC[C@H]1c1nc(-c2ccccc2OC(F)(F)F)no1,IBQDXPWHNMCKKW-KRWDZBQOSA-N,0,antagonist,1.0,7.52
CHEMBL5761272,Cc1ccc(-c2cnn(C)c2)c(C(=O)N2CCC[C@@H](C)[C@H]2CNc2nc3ccc(Cl)cc3o2)c1,IBZFIVQQDNDPRN-UZUQRXQVSA-N,0,antagonist,1.0,5.3979400086720375
CHEMBL5761292,Cc1ccc(CC(C(=O)N2CCC2)n2c(=N)n(Cc3ccc(C)cc3)c3ccccc32)cc1,QUGRECGNIQJPOG-UHFFFAOYSA-N,1,agonist,1.0,5.3
CHEMBL5761352,CCOC(=O)c1nc([C@@H]2CC[C@@H](C)N(C(=O)c3ccccc3-n3nccn3)C2)oc1Cl,YDTGYPDBMZYUJJ-ZIAGYGMSSA-N,0,antagonist,1.0,6.58
CHEMBL5761475,C[C@@H]1CC[C@@H](Oc2nccn3c(C(F)(F)F)cnc23)CN1C(=O)c1cccnc1-n1cccn1,XKLXYPZJASGHGH-HUUCEWRRSA-N,0,antagonist,1.0,7.62
CHEMBL5761548,O=C(N[C@H]1CCC[C@@H]1Nc1nc2ccc(F)cc2s1)c1ncccc1-n1cccn1,ZNHYIIOVQSLYRA-GJZGRUSLSA-N,0,antagonist,1.0,5.0
CHEMBL5761617,O=C(c1cccc(F)c1-c1ccn[nH]1)N1CCC[C@H]1c1nc(-c2ccccc2OC(F)(F)F)no1,VDDCPARAGTYUEF-KRWDZBQOSA-N,0,antagonist,1.0,8.0
CHEMBL5761868,C[C@@H]1CC[C@@H](Oc2nccc3c2C(=O)OC3(C)C)CN1C(=O)c1ccsc1-n1nccn1,IWJCQFPMFSMAAY-ZIAGYGMSSA-N,0,antagonist,1.0,7.41
CHEMBL5762061,COc1ccc(-n2cccn2)c(C(=O)N2CCC[C@H]2c2nc(-c3cccc(Cl)c3C)no2)c1,LKEXOZJOQISQCI-NRFANRHFSA-N,0,antagonist,1.0,7.55
CHEMBL5762128,CO[C@@H]1C[C@@H](c2nc3ccc(Cl)c(C)c3[nH]2)N(C(=O)c2ccccc2-c2ccccc2)C1,HKYUAAMXDHDSMG-JPYJTQIMSA-N,0,antagonist,1.0,7.24
CHEMBL5762315,Cc1ccc(-n2ccnn2)c(C(=O)N2CCC[C@@H](C)[C@H]2CNc2ccc(C(F)(F)F)cn2)c1,ZEKZASNCWSHDED-OXQOHEQNSA-N,0,antagonist,1.0,5.0
CHEMBL5762382,COc1c(C#N)ccnc1N[C@@H]1CC[C@@H](C)N(C(=O)c2ccsc2-n2nccn2)C1,IAPRICIRZAVFNL-UKRRQHHQSA-N,0,antagonist,1.0,7.96
CHEMBL5762707,CCOc1ncccc1-c1noc([C@@H]2CCCN2C(=O)c2cc(C)ccc2-c2ccccn2)n1,MWMQFJWXGDHJEA-QFIPXVFZSA-N,0,antagonist,1.0,7.85
CHEMBL5762914,C[C@@H]1CCCN(C(=O)c2cccc(F)c2-n2nccn2)[C@@H]1CNc1ncc(Cl)cn1,NJEKJYWFBCFQAD-CXAGYDPISA-N,0,antagonist,1.0,5.301029995663981
CHEMBL5762954,CS(=O)(=O)N[C@H]1CCCN(C(=O)C2CC2)[C@H]1CO[C@H]1CC[C@@H](c2cccc(F)c2)CC1,BSZKBFQXXVTZBO-AEMJNJESSA-N,1,agonist,1.0,9.08
CHEMBL5762989,C=C1C[C@@H](c2nc3cc(OC)ccc3[nH]2)N(C(=O)c2nc(C3CC3)sc2-c2ccc(C)cc2)C1,CJLNNJFBHCONPQ-QFIPXVFZSA-N,0,antagonist,1.0,7.1
CHEMBL5762994,CCN(CCN(C)c1cccc(C#N)n1)C(=O)c1ccccc1-n1nccn1,SPRKOKUPAATSDD-UHFFFAOYSA-N,0,antagonist,1.0,6.25
CHEMBL5763008,Cc1ccc(C(=O)N2CC[C@H](C)[C@H]2c2nc3cc(Cl)c(C)cc3[nH]2)c(-c2ncccn2)c1,BHENNGIUMKGHJN-NYHFZMIOSA-N,0,antagonist,1.0,6.89
CHEMBL5763064,CCN(CCN(C)c1nc(C)cc(C)n1)C(=O)c1cccnc1OC(C)C,PNCRQXVHBLHAKJ-UHFFFAOYSA-N,0,antagonist,1.0,7.1
CHEMBL5763170,Cc1ccc(CC(CNC(=O)O)n2c(=N)n(Cc3ccc(C)cc3)c3ccccc32)cc1,QUEWMWZZDJLCDG-UHFFFAOYSA-N,1,agonist,1.0,6.0
CHEMBL5763176,CCS(=O)(=O)N[C@H]1C[C@@H](C(F)F)N(C(=O)OC)[C@H]1CO[C@H]1CC[C@@]2(c3ncc(Cl)cn3)C[C@H]2C1,LLBAYTCQRJGYMB-VQCQMBHLSA-N,0,antagonist,1.0,8.85
CHEMBL5763366,O=C(c1ncsc1-c1ccccc1)N1CCC[C@H]1c1nnc(-c2ccccc2OC(F)(F)F)[nH]1,GYCUNKHIJTVJTO-INIZCTEOSA-N,0,antagonist,1.0,5.75
CHEMBL5763425,Cc1ccc(-n2nccn2)c(C(=O)N2CCC[C@H]2c2cnc(-c3cccc(Cl)c3C)[nH]2)c1,PLNJYEZEXQFNFQ-QFIPXVFZSA-N,0,antagonist,1.0,6.17
CHEMBL5763527,C=C1C[C@@H](c2nc3cccc(C)c3[nH]2)N(C(=O)c2nc(C)sc2-c2ccc(F)c(Br)c2)C1,CFSZFZQNXIYCLF-IBGZPJMESA-N,0,antagonist,1.0,9.0
CHEMBL5763573,CCOc1ncccc1-c1noc([C@@H]2CCCN2C(=O)c2nc(C)ccc2-n2nccn2)n1,PWFVKUBNBLUSME-KRWDZBQOSA-N,0,antagonist,1.0,7.34
CHEMBL5763621,C[C@@H]1CC[C@@H](c2nc(C(C)(C)O)cs2)CN1C(=O)c1ccsc1-c1ncccn1,PRNPLJDRJSPZTB-ZIAGYGMSSA-N,0,antagonist,1.0,6.94
CHEMBL5763709,COc1cccc(-c2cn(C)nc2C(=O)N2CC(F)(F)C[C@@H](C)C2CNc2ncc(C(F)(F)F)cn2)c1,ZYTSQTCNMVPOEH-MJTSIZKDSA-N,0,antagonist,1.0,5.301029995663981
CHEMBL5763735,COc1c(C#N)ccnc1O[C@@H]1CC[C@@H](CO)N(C(=O)c2cccnc2OC(C)C)C1,SHYUUZNKCRIVDY-DLBZAZTESA-N,0,antagonist,1.0,7.57
CHEMBL5763903,COc1c(Cl)cccc1-c1nnc([C@@H]2CCCN2C(=O)c2cc(C)c(C)cc2-n2nccn2)[nH]1,NZOOYKJWSORDBO-IBGZPJMESA-N,0,antagonist,1.0,8.52
CHEMBL5763981,C[C@@H]1CC[C@@H](c2cnn(CC3CC3)c2)CN1C(=O)c1ccccc1-n1nccn1,JXEMOSBQUQVRNZ-SJLPKXTDSA-N,0,antagonist,1.0,6.91
CHEMBL5764066,Cc1ccc(CC(CNC(=O)C2COC2)n2c(=N)n(Cc3ccc(C)cc3)c3ccccc32)cc1,KJFKHSOBOXLCTD-UHFFFAOYSA-N,1,agonist,1.0,5.3
CHEMBL5764084,N#Cc1ccnc(N2CC[C@@H]3CCN(C(=O)c4ccccc4-c4ccccc4)C[C@@H]32)c1,VXNOYNXYRVFOPX-URXFXBBRSA-N,0,antagonist,1.0,7.0
CHEMBL5764210,COc1cc(C)cc(-c2nc([C@@H]3CCCN3C(=O)c3ccc(Cl)cc3-n3nccn3)no2)c1,CDOIUTYZVCLBBB-IBGZPJMESA-N,0,antagonist,1.0,7.6
CHEMBL5764301,Cc1ccc(-n2cccn2)c(C(=O)N2CC[C@H](C)[C@H]2c2nc3c(C)cc(Cl)cc3[nH]2)c1,HDFPSVAFZJMHRE-NYHFZMIOSA-N,0,antagonist,1.0,5.93
CHEMBL5764384,C=C1CC(c2nc3c(OC)ccc(OC)c3[nH]2)N(C(=O)c2cc(C)sc2-c2ccc(C)c(C)c2)C1,PCVQDKMISDHVPO-UHFFFAOYSA-N,0,antagonist,1.0,7.64
CHEMBL5764594,Cc1ccc(-n2nccn2)c(C(=O)N2CCC[C@H]2c2nc(-c3cccc(F)c3F)no2)c1,LBLNCBKUVFTOAF-SFHVURJKSA-N,0,antagonist,1.0,6.82
CHEMBL5764693,Cc1nc(C(=O)N2CC[C@H](C)[C@H]2c2nc3cc(Cl)c(C)cc3[nH]2)c(-c2cccc(Cl)c2)s1,UNNYKAHMVYXHRC-QKVFXAPYSA-N,0,antagonist,1.0,6.17
CHEMBL5764738,CCN(CCN(C)c1cc(C#N)ccn1)C(=O)c1ccccc1-n1ccnc1,ULSDTCTVGPIMMV-UHFFFAOYSA-N,0,antagonist,1.0,5.0
CHEMBL5764853,COc1cc2nc([C@]3(C)CCCN3C(=O)c3cncnc3-c3ccccc3)[nH]c2cc1OC,RRGIIUBEDKAPRF-VWLOTQADSA-N,0,antagonist,1.0,6.33
CHEMBL5764993,COc1ccc2[nH]c([C@@H]3CCCN3C(=O)c3c(-n4nccn4)ccc(C)c3F)nc2c1,ILQINAUBJAOEPE-SFHVURJKSA-N,0,antagonist,1.0,7.72
CHEMBL5765144,CS(=O)(=O)N[C@H]1CCCN[C@H]1CO[C@H]1CC[C@@H](c2ccccc2C#N)CC1,NXYDTYSNNULULH-RKOGWWSCSA-N,1,agonist,1.0,5.6
CHEMBL5765183,C[C@@H]1CC[C@@H](Sc2cc(C#N)ccn2)CN1C(=O)c1ccsc1-n1nccn1,ZBXOYNVPFOVQIK-UKRRQHHQSA-N,0,antagonist,1.0,7.73
CHEMBL5765204,CCOc1ccccc1C(=O)N(CC)CCN(C)c1nc(C)cc(C)n1,JCBRAODYZJUEIE-UHFFFAOYSA-N,0,antagonist,1.0,7.8
CHEMBL5765297,CCOc1ccccc1-c1noc([C@@H]2CCCN2C(=O)c2ccccc2-n2nccn2)n1,XSFNOCADOGJMRF-IBGZPJMESA-N,0,antagonist,1.0,7.2
CHEMBL5765380,Cc1nc(C(=O)N2CCC[C@@]2(C)c2nc3cc(OC(F)(F)F)ccc3[nH]2)c(-c2ccc(F)cc2)s1,MQNKLBDKKXJIME-QHCPKHFHSA-N,0,antagonist,1.0,6.31
CHEMBL5765423,COc1cccc([C@H]2CC[C@@H](OC[C@@H]3NCCC[C@@H]3NS(C)(=O)=O)CC2)c1,GIONWKPBUKUQCU-RKOGWWSCSA-N,1,agonist,1.0,5.52
CHEMBL5765453,COc1cc(C(=O)N2CCC[C@H]2c2nnc(-c3ccccc3OC)[nH]2)c(-n2nccn2)cc1C,YACRFROESHCZFU-SFHVURJKSA-N,0,antagonist,1.0,7.46
CHEMBL5765494,CS(=O)(=O)N[C@H]1CCCN(C(=O)OC2CC2)[C@H]1COC1CCN(c2ccccc2F)CC1,ZQSWYMMAPBTFFO-FPOVZHCZSA-N,1,agonist,1.0,5.48
CHEMBL5765504,C=C1C[C@@H](c2nc3cccc(C)c3[nH]2)N(C(=O)c2nc(C)sc2-c2cccc(OC)c2)C1,JRMALTNQDGGHAS-FQEVSTJZSA-N,0,antagonist,1.0,9.15
CHEMBL5765556,CS(=O)(=O)N[C@H]1CCCN(C(=O)C2CC2)[C@H]1COC1CCN(c2ccccc2Cl)CC1,YBAKFEBOYCNLHZ-FPOVZHCZSA-N,1,agonist,1.0,5.7
CHEMBL5765625,Cc1ccnc(-c2sc(C)nc2C(=O)N2CC(F)(F)C[C@@H](C)C2CNc2ncc(C(F)(F)F)cn2)c1,KUUNPAYHPXSZPI-FWJOYPJLSA-N,0,antagonist,1.0,5.301029995663981
CHEMBL5765709,Cc1ccc(-n2ccc(C)n2)c(C(=O)N2CCC[C@@H](C)[C@H]2CNc2ncc(C#N)cn2)c1,KLNKUBNTJYXQPL-VGOFRKELSA-N,0,antagonist,1.0,5.301029995663981
CHEMBL5765719,CCOc1ncccc1C(=O)N1C[C@H](Oc2nccc(C#N)c2C)CC[C@H]1C,FUYTWFOYZZCNES-RHSMWYFYSA-N,0,antagonist,1.0,7.835000000000001
CHEMBL5765758,COC(=O)c1ncccc1C(=O)N1C[C@H](c2cc(C(C)(C)O)sn2)CC[C@H]1C,OFYXIDJHTMJOTD-CHWSQXEVSA-N,0,antagonist,1.0,7.36
CHEMBL5765843,O=C(N[C@H]1CCC[C@@H]1Nc1nc2c(Cl)cncc2s1)c1ccccc1-n1nccn1,HWWBOZJOUDOEKP-GJZGRUSLSA-N,0,antagonist,1.0,5.0
CHEMBL5765978,Cc1ccc(C(=O)N2CCC[C@H]2c2nc(-c3ccccc3OC(F)(F)F)no2)c(-n2nccn2)c1C,RZRVDGBRQQQNFE-SFHVURJKSA-N,0,antagonist,1.0,6.72
CHEMBL5766041,COc1ccc(C(=O)N2C[C@H](Oc3nccc(C#N)c3C)CC[C@H]2C)c(-c2ccnn2C)n1,CRJIKWORFZQUHN-CRAIPNDOSA-N,0,antagonist,1.0,7.535
CHEMBL5766090,Cc1ccc(C(=O)N2CC[C@H](C)[C@H]2c2nc3cc(Cl)c(C)cc3[nH]2)c(-c2ccccc2)c1,JMIBZSFVLXVCCF-GKVSMKOHSA-N,0,antagonist,1.0,6.96
CHEMBL5766296,Cc1c(Cl)cccc1-c1noc([C@@H]2CCCN2C(=O)c2ncsc2-c2cccc(Cl)c2)n1,POYAMGSHKBYUHV-SFHVURJKSA-N,0,antagonist,1.0,6.7
CHEMBL5766491,Cc1ccc(-c2cccc(C#N)c2)c(C(=O)N2CCC[C@@]2(C)c2nc3cc(C(F)(F)F)c(Cl)cc3[nH]2)c1,WPJXIHBNBGDCEC-MHZLTWQESA-N,0,antagonist,1.0,7.43
CHEMBL5766575,CCN(CCc1cccc(C(C)(C)O)n1)C(=O)c1ccccc1N1CCCC1,UIIZPVBBJIWSJM-UHFFFAOYSA-N,0,antagonist,1.0,7.06
CHEMBL5766684,CCN(CCN(C)c1nccc(C(C)(C)O)n1)C(=O)c1cccnc1-n1cccn1,NEYDZNIQOUUJJZ-UHFFFAOYSA-N,0,antagonist,1.0,7.43
CHEMBL5766919,COc1cccc(OC)c1C(=O)N[C@H]1CCC[C@H]1Nc1nc2ccccc2o1,IJGRYJUBVUCTIR-UONOGXRCSA-N,0,antagonist,1.0,5.72
CHEMBL5767063,Cc1oc(C[C@H]2CCCCN2C(=O)c2ccccc2OC(F)F)nc1C(C)(C)O,BINFNMQKVAJFPO-CQSZACIVSA-N,0,antagonist,1.0,7.01
CHEMBL5767080,COC(=O)N1[C@H](C)C[C@H](NS(=O)(=O)N(C)C)[C@@H]1COC1CCC2(c3ncc(F)cn3)CC2C1,ADPZSMMSPKGVBG-VKXOGPNKSA-N,0,antagonist,1.0,8.82
CHEMBL5767285,CS(=O)(=O)N[C@H]1CCCN[C@H]1CO[C@H]1CC[C@@H](c2cccc(F)c2F)CC1,AHHVMXBZXYMRMU-DACLVMHWSA-N,1,agonist,1.0,6.28
CHEMBL5767341,CC(C)Oc1ncccc1C(=O)N1C[C@H](c2nsc(C(C)(C)O)n2)CC[C@H]1C,DOUNPXXBCVVNRL-ZIAGYGMSSA-N,0,antagonist,1.0,6.53
CHEMBL5767481,C[C@@H]1CC[C@@H](Oc2nccc3c2COC3=O)CN1C(=O)c1cscc1-c1ncccn1,DKOUMURBENCDKJ-ZIAGYGMSSA-N,0,antagonist,1.0,7.7
CHEMBL5767541,CO[C@@H]1C[C@@H](c2nc3ccc(Cl)c(C)c3[nH]2)N(C(=O)c2nc(C)sc2-c2ccc(C)cc2)C1,KKQHPVFNBRPWMH-XLIONFOSSA-N,0,antagonist,1.0,8.05
CHEMBL5767594,Cc1ccc(-c2ncccn2)c(C(=O)N2CC(F)(F)C[C@@H](C)[C@H]2COc2ccc(C(F)(F)F)cn2)n1,TWPVLCYOEVDIRM-RDTXWAMCSA-N,0,antagonist,1.0,5.301029995663981
CHEMBL5767634,Cc1ccc(-n2nccn2)c(C(=O)N2CCC[C@@]2(C)c2nc3c(C(C)C)cccc3[nH]2)c1,YYHQHVXIDJNXRG-VWLOTQADSA-N,0,antagonist,1.0,7.23
CHEMBL5767653,Cc1nc(-c2ccccc2)c(C(=O)N2CCC(=O)[C@H]2CNC(=O)c2cccc3cccnc23)s1,VTUBYRUKBJKXRZ-HXUWFJFHSA-N,0,antagonist,1.0,5.85
CHEMBL5767795,COc1c(F)cccc1-c1noc([C@@H]2CCCN2C(=O)c2ccc(C)c(C)c2-n2nccn2)n1,FRHDWOKNLOHMLE-IBGZPJMESA-N,0,antagonist,1.0,6.6
CHEMBL5767868,Cc1nc(C(=O)N2CC(F)(F)C[C@@H](C)C2CNc2cnc(C(F)(F)F)cn2)c(-c2cccnc2)o1,BHPSLZVMAYAUIS-KEKZHRQWSA-N,0,antagonist,1.0,5.301029995663981
CHEMBL5767949,Cc1cccc(-c2sc(C)nc2C(=O)N2CC(F)(F)C[C@@H](C)C2CNc2ncc(C(F)(F)F)cn2)n1,FDRHYCOBFAWBCZ-MTATWXBHSA-N,0,antagonist,1.0,5.301029995663981
CHEMBL5768099,COc1ccc(C)c(-c2nc([C@@H]3CCCN3C(=O)c3ccc(Cl)cc3-n3nccn3)no2)c1,KOAIPQZPHNCZCQ-IBGZPJMESA-N,0,antagonist,1.0,7.8
CHEMBL5768251,Cc1cn2ccnc(N[C@@H]3CC[C@@H](C)N(C(=O)c4ccccc4-n4nccn4)C3)c2n1,YNXOHVSBXCHJEY-IAGOWNOFSA-N,0,antagonist,1.0,7.29
CHEMBL5768269,C[C@@H]1CC[C@@H](c2nc(C(C)(C)O)cs2)CN1C(=O)c1ccccc1-c1ncccn1,QCEODVZCKVSWEB-HZPDHXFCSA-N,0,antagonist,1.0,7.54
CHEMBL5768276,Cc1c(C#N)ccnc1O[C@@H]1CC[C@@H](C)N(C(=O)c2cccnc2OC(C)C)C1,RGWPFQDPGOFHAJ-CRAIPNDOSA-N,0,antagonist,1.0,7.865
CHEMBL5768322,COC(=O)c1ccnc(O[C@@H]2CC[C@@H](C)N(C(=O)c3ccc(OC)nc3-n3nccn3)C2)c1,RFHFKIXTZWGFGU-GDBMZVCRSA-N,0,antagonist,1.0,6.39
CHEMBL5768376,CC(C)(O)[C@@H]1CC[C@@H](Oc2cc(C#N)ccn2)CN1C(=O)c1ccccc1-n1nccn1,DVIPDIYFIQEKRB-XLIONFOSSA-N,0,antagonist,1.0,7.51
CHEMBL5768395,C[C@@H]1CC[C@@H](Oc2nccc3c2C(=O)OC3(C)C)CN1C(=O)c1ccc(F)cc1-n1nccn1,HTQLKLZBPJKLME-GDBMZVCRSA-N,0,antagonist,1.0,7.23
CHEMBL5768413,Cc1ccc(-n2nccn2)c(C(=O)N2CCC[C@H]2c2nnc(-c3cccc(Cl)c3)o2)c1,VNWIZJBEEPLXKZ-IBGZPJMESA-N,0,antagonist,1.0,5.77
CHEMBL5768555,C=C1C[C@@H](c2nc3cc(OC)ccc3[nH]2)N(C(=O)c2nccnc2-c2cccc(C)c2)C1,HEVIGAIHOBMTTM-NRFANRHFSA-N,0,antagonist,1.0,7.28
CHEMBL5768728,C=C1C[C@@H](c2nc3cc(OC)ccc3[nH]2)N(C(=O)c2nc(C)sc2-c2cccc(Cl)c2Cl)C1,PUSOBOFWGMFVMJ-IBGZPJMESA-N,0,antagonist,1.0,7.17
CHEMBL5768785,COc1c(F)cccc1-c1noc([C@@H]2CCCN2C(=O)c2cc(C#N)ccc2-n2nccn2)n1,XZQUFDROCUVNBL-IBGZPJMESA-N,0,antagonist,1.0,6.7
CHEMBL5768852,Cc1nc(C(=O)N2CCC[C@@]2(C)c2nc3cccc(C)c3[nH]2)c(-c2ccccc2)s1,WLNITWARANCOHN-DEOSSOPVSA-N,0,antagonist,1.0,7.89
CHEMBL5769171,CSc1cccc2nc([C@@H]3CCCN3C(=O)c3ccccc3-n3nccn3)[nH]c12,GLJRTAQBJNCMEO-KRWDZBQOSA-N,0,antagonist,1.0,7.77
CHEMBL5769226,CC(C)[C@H]1CC[C@@H](OC[C@H]2[C@@H](NS(C)(=O)=O)CCCN2C(=O)NC2CC2)CC1,SYMLSIDNJOTLRU-NQYYFHDYSA-N,1,agonist,1.0,7.89
CHEMBL5769262,CS(=O)(=O)N[C@H]1CCCN(C(=O)CO)[C@H]1CO[C@H]1CC[C@@H](c2ccccc2)CC1,UFRJTAZQORBOLY-YRPNKDGESA-N,1,agonist,1.0,7.68
CHEMBL5769283,COc1ccc(C(=O)N2C[C@H](Oc3nccc(C#N)c3C)CC[C@H]2C)c(C2CC2)c1,VYDHVEKOKBMNRV-FOIQADDNSA-N,0,antagonist,1.0,7.805
CHEMBL5769327,Cc1nc(C(=O)N2CCC[C@@H](C)[C@H]2CNc2cc(C(F)(F)F)ccn2)c(-c2ccc(F)cc2)s1,JQISCCGNNAKTQB-AUUYWEPGSA-N,0,antagonist,1.0,6.28
CHEMBL5769649,C[C@@H]1CCCN(C(=O)c2cccc(F)c2-c2ncccn2)[C@@H]1CNc1ncc(Cl)cn1,MQZYQMQHJPVUSJ-RDTXWAMCSA-N,0,antagonist,1.0,5.301029995663981
CHEMBL5769933,CC(=O)N1CCC[C@H](NS(C)(=O)=O)[C@@H]1CO[C@H]1CC[C@@H](c2ccccc2C(F)(F)F)CC1,BCZCQWJAFVHSSJ-JWWGGVBKSA-N,1,agonist,1.0,7.68
CHEMBL5769997,Cc1nc(C(=O)N2CCC[C@@]2(C)c2nc3c(C)c(Cl)ccc3[nH]2)c(-c2cccc(Cl)c2)s1,BHVUTIRHZGGMHB-DEOSSOPVSA-N,0,antagonist,1.0,8.3
CHEMBL5770001,CC(C)Oc1ccnc(O[C@@H]2CC[C@@H](C)N(C(=O)c3ccc(F)cc3-n3nccn3)C2)c1,NEZYDUOOYRFBSZ-VQIMIIECSA-N,0,antagonist,1.0,7.38
CHEMBL5770142,C[C@@H]1CC[C@@H](Oc2nccc(C#N)c2C#N)CN1C(=O)c1ccccc1-n1nccn1,LDTIYHLHBPAKHZ-NVXWUHKLSA-N,0,antagonist,1.0,7.88
CHEMBL5770150,Cc1ccc(-n2nccn2)c(C(=O)N2CCC[C@H]2c2nc(-c3cccnc3C)no2)c1,XNLSATLYUDTNKN-IBGZPJMESA-N,0,antagonist,1.0,7.54
CHEMBL5770200,Cc1ccc(-n2nccn2)c(C(=O)N2CCC[C@H]2c2nc(-c3cccnc3)no2)c1,CTTLAVJVGNLJIX-SFHVURJKSA-N,0,antagonist,1.0,6.05
CHEMBL5770240,COc1cc2nc([C@]3(C)CCCN3C(=O)c3cc(C)ccc3-n3nccn3)n(C)c2cc1OC,LFMHIWJWKKZZBF-VWLOTQADSA-N,0,antagonist,1.0,7.55
CHEMBL5770277,Cc1nc(C(=O)N2CCC[C@@]2(C)c2nc3cc(OC(F)(F)F)ccc3[nH]2)c(-c2ccc(C)c(C)c2)s1,HQVATFSVRAOBKU-VWLOTQADSA-N,0,antagonist,1.0,7.1
CHEMBL5770340,CCN(CCc1cccc(C(C)(C)O)n1)C(=O)c1ccccc1-n1cccn1,LHYYYUZDPQXSNR-UHFFFAOYSA-N,0,antagonist,1.0,7.18
CHEMBL5770703,O=C(c1ccccc1-n1nccn1)N1CC[C@H]2CCN(c3ncccn3)[C@H]2C1,IVBZSHIZHMNGPG-YJBOKZPZSA-N,0,antagonist,1.0,5.22
CHEMBL5770946,Cc1c(C#N)ccnc1N[C@@H]1C[C@@H](C)N(C(=O)c2ccccc2-n2nccn2)C1,CHGVHRSUBMZPPY-RHSMWYFYSA-N,0,antagonist,1.0,7.63
CHEMBL5771014,C[C@@H]1CC[C@@H](Oc2cccn3c(=O)n(C)nc23)CN1C(=O)c1ccccc1-n1nccn1,IOSIXLFVMLQDKV-HZPDHXFCSA-N,0,antagonist,1.0,6.75
CHEMBL5771021,Cc1cccc(-c2coc([C@@H]3CC[C@@H](C)N(C(=O)c4ccccc4-n4nccn4)C3)n2)c1,JSKKXMCMJIBKRP-UYAOXDASSA-N,0,antagonist,1.0,6.39
CHEMBL5771052,Cc1oc(C[C@H]2CCCCN2C(=O)c2cccnc2-c2ccccc2)nc1C(C)(C)O,BUJSMEBLRZMLRF-LJQANCHMSA-N,0,antagonist,1.0,7.42
CHEMBL5771333,Cc1nc(C(=O)N2CCC[C@@]2(C)c2nc3c(C)cccc3[nH]2)c(-c2cccc(Cl)c2)s1,RQFWKADMJMBRDJ-DEOSSOPVSA-N,0,antagonist,1.0,8.22
CHEMBL5771365,COC(=O)N1[C@H](C)C[C@H](NS(=O)(=O)N(C)C)[C@@H]1CO[C@@H]1CC[C@H](c2ccccc2)CC1F,MHJLNHMBGXXTOT-DFBUTHPASA-N,0,antagonist,1.0,7.97
CHEMBL5771582,Cc1ccc(-n2nccn2)c(C(=O)N2CCC[C@@H](C)[C@H]2CNc2nc3cc(Cl)ccc3o2)c1,NZVFTQSJWLBCIO-IIBYNOLFSA-N,0,antagonist,1.0,7.35
CHEMBL5771765,CC(=O)N1CCC[C@H](NS(C)(=O)=O)[C@@H]1COC1CCC(c2ccccc2)C1,HSUOLMXDGPQCJJ-GUMHCPJTSA-N,1,agonist,1.0,5.62
CHEMBL5771987,C=C1C[C@@H](c2nc3cc(OC)ccc3[nH]2)N(C(=O)c2cncnc2-c2cccc(C)c2)C1,BWAWBGVVGVJCLS-QFIPXVFZSA-N,0,antagonist,1.0,7.33
CHEMBL5772139,CC(C)OC(=O)N1[C@H](C)C[C@H](NS(=O)(=O)C(F)F)[C@@H]1CO[C@@H]1CC[C@]2(c3ncc(F)cn3)C[C@@H]2C1,OXOYRKUFKZNLMR-WAKFTTPJSA-N,0,antagonist,1.0,8.48
CHEMBL5772367,O=C(N[C@H]1CCC[C@@H]1Nc1nc2ccc(F)cc2s1)c1ncccc1N1CCCCC1,WZHLDCUPCBTAMU-IRXDYDNUSA-N,0,antagonist,1.0,5.0
CHEMBL5772402,CCn1c([C@]2(C)CCCN2C(=O)c2cc(C)ccc2-n2nccn2)nc2c(C)c(Cl)ccc21,KANLBBSZECYCLU-VWLOTQADSA-N,0,antagonist,1.0,8.7
CHEMBL5772416,C[C@@H]1CC(F)(F)CN(C(=O)c2nn(C)cc2-c2ncc(Cl)cn2)[C@@H]1CNc1ncc(C(F)(F)F)cn1,QVNUDGRCFPFXNF-IAQYHMDHSA-N,0,antagonist,1.0,5.301029995663981
CHEMBL5772493,CCC1(CC)C[C@H](N(COCC[Si](C)(C)C)S(C)(=O)=O)[C@H](CO[C@H]2CC[C@@H](c3ccccc3)CC2)N1Cc1ccccc1,OGSTUGXDIMELFB-HWFRFQLBSA-N,0,antagonist,1.0,6.5
CHEMBL5772690,Cc1ccc(-n2nccn2)c(C(=O)N2CCC[C@@H](C)[C@H]2CNc2nnc(C(F)(F)F)s2)n1,XZHWUADFCRIQAJ-BXUZGUMPSA-N,0,antagonist,1.0,5.301029995663981
CHEMBL5772703,C[C@@H]1CC[C@@H](c2cc([C@H](O)C(F)(F)F)no2)CN1C(=O)c1ccsc1-n1nccn1,IYRVMSQDPFXYDV-HFAKWTLXSA-N,0,antagonist,1.0,6.79
CHEMBL5772781,C[C@@H]1CC[C@@H](Oc2nccn3cncc23)CN1C(=O)c1ccccc1-n1nccn1,PETSBWHXOSNGNM-HZPDHXFCSA-N,0,antagonist,1.0,7.85
CHEMBL5772790,O=C(c1ccc(F)cc1-n1nccn1)N1CCC[C@H]1c1nc(-c2ccccc2OC(F)(F)F)no1,YGRYQOCDOCPIIX-INIZCTEOSA-N,0,antagonist,1.0,7.06
CHEMBL5772821,C=C1C[C@@H](c2nc3c(C)cccc3[nH]2)N(C(=O)c2nc(C)sc2-c2ccccc2)C1,CQHIJNMEVUISIX-IBGZPJMESA-N,0,antagonist,1.0,8.05
CHEMBL5772863,COC(=O)c1c(OC)ccnc1O[C@@H]1CC[C@@H](C)N(C(=O)c2ccc(F)cc2-c2noc(C)n2)C1,SSZFPXAFHQZHDQ-CZUORRHYSA-N,0,antagonist,1.0,7.23
CHEMBL5772878,Cc1ccc(-c2ncccn2)c(C(=O)N2CCC[C@@H](C)[C@H]2CNc2ccc(Cl)cn2)n1,SZHZMTWOKFVWTM-DNVCBOLYSA-N,0,antagonist,1.0,5.301029995663981
CHEMBL5772894,C[C@@H]1C[C@@H](Nc2cc(C#N)ccn2)CN1C(=O)c1ccccc1-n1nccn1,VNRGSEPNAFPAPI-GDBMZVCRSA-N,0,antagonist,1.0,7.64
CHEMBL5772955,Cc1ccc(-n2nccn2)c(C(=O)N2CCC[C@H]2c2nc(-c3ccccc3C(F)(F)F)no2)c1,SLBSYBMINGTPCZ-IBGZPJMESA-N,0,antagonist,1.0,7.41
CHEMBL5772992,Cc1ccc(C(=O)N2CCC[C@@H](C)[C@H]2CNc2ncc(Cl)cn2)c(-n2nccn2)c1,MQNUXSQQMWLMDO-DNVCBOLYSA-N,0,antagonist,1.0,5.03
CHEMBL5773090,COC(=O)N1CCC[C@H](NS(C)(=O)=O)[C@@H]1CO[C@H]1CC[C@@H](c2cc(F)cc(F)c2)CC1,KWKSYSCRIOGBIQ-WBCYEJBOSA-N,1,agonist,1.0,8.92
CHEMBL5773134,C[C@@H]1CC[C@@H](N(C)c2cc(C#N)ccn2)CN1C(=O)c1ccccc1-n1nccn1,AKVUXFVUFCVHPA-SJLPKXTDSA-N,0,antagonist,1.0,7.6
CHEMBL5773311,O=C(N[C@H]1CCC[C@@H]1Nc1nc2ccc(Cl)cc2s1)c1ccccc1-n1nccn1,PCFLJOMEOCZUJL-HOTGVXAUSA-N,0,antagonist,1.0,5.33
CHEMBL5773393,CC(C)[C@H]1CC[C@@H](OC[C@H]2[C@@H](NS(C)(=O)=O)CCCN2C(=O)N(C)C)CC1,YGTJIUHWJYMMKI-MHORFTMASA-N,1,agonist,1.0,6.14
CHEMBL5773780,CCOc1ccccc1C(=O)N1C[C@H](Oc2ccnc3ocnc23)CC[C@H]1C,RYYMOGIVOKFLFF-HUUCEWRRSA-N,0,antagonist,1.0,7.61
CHEMBL5773805,COc1cc(C(=O)N2CCC[C@H]2c2noc(-c3cc(C)ccc3C)n2)c(-n2nccn2)cc1Cl,IDVJAKOPKJBANF-IBGZPJMESA-N,0,antagonist,1.0,8.7
CHEMBL5773830,C=C1C[C@@H](c2nc3c(OC)ccc(OC)c3[nH]2)N(C(=O)c2nc(C)sc2-c2ccc(C)c(C)c2)C1,MIEIWPANAMLZKV-IBGZPJMESA-N,0,antagonist,1.0,8.15
CHEMBL5773842,COc1c(C#N)ccnc1O[C@@H]1CC[C@@H](C)N(C(=O)c2ccsc2-c2ncccn2)C1,VUPCSJNTEFJWTF-GDBMZVCRSA-N,0,antagonist,1.0,7.85
CHEMBL5773882,Cc1ccc(-c2cccnn2)c(C(=O)N2CCC[C@@H](C)[C@H]2CNc2ccc(C(F)(F)F)cn2)c1,ACOMRCGXBFTVES-VGOFRKELSA-N,0,antagonist,1.0,5.301029995663981
CHEMBL5774042,O=C(N[C@H]1CCC[C@@H]1Nc1nc2ccc(F)cc2o1)c1ccccc1-n1nccn1,DFTURMZSPIPCOT-HOTGVXAUSA-N,0,antagonist,1.0,5.0
CHEMBL5774285,C[C@@]1(c2nc3cc(C(F)(F)F)ccc3[nH]2)CCCN1C(=O)c1cc(-c2cccc(C#N)c2)ccc1-n1nccn1,NIPSJYKLXTWOPT-NDEPHWFRSA-N,0,antagonist,1.0,6.59
CHEMBL5774342,O=C(N[C@H]1CCC[C@@H]1Nc1nc2ccc(Cl)cc2s1)c1ncccc1OC(F)F,ACBLFXUXHCYYBZ-RYUDHWBXSA-N,0,antagonist,1.0,5.0
CHEMBL5774360,CCNC(=O)N1CCC[C@H](NS(C)(=O)=O)[C@@H]1CO[C@H]1CC[C@@H](c2cccc(F)c2F)CC1,QSUQYQFFTPNFFC-JSJNYSNDSA-N,1,agonist,1.0,9.66
CHEMBL5774472,CC(C)[C@H]1CC[C@@H](OC[C@H]2[C@@H](NS(C)(=O)=O)CCCN2C(=O)N2CCCC2)CC1,MRAXJCWWMJBFHA-YRPNKDGESA-N,1,agonist,1.0,6.03
CHEMBL5774594,C[C@@H]1CC[C@@H](c2cc(C(C)(C)O)sn2)CN1C(=O)c1cccnc1OCC(F)(F)F,ILESPBYNBQEYIU-CHWSQXEVSA-N,0,antagonist,1.0,7.64
CHEMBL5774794,Cc1ccc(CC(C(=O)N2CC(O)C2)n2c(=N)n(C(C)c3ccc(C)cc3)c3ccccc32)cc1,PGFWWKLUTCFCSA-UHFFFAOYSA-N,1,agonist,1.0,5.82
CHEMBL5774828,Cc1ccc(-n2nccn2)c(C(=O)N2CCC[C@H]2c2cc(-c3cccc(Cl)c3C)on2)c1,SIFXMAVPETUVES-QFIPXVFZSA-N,0,antagonist,1.0,8.7
CHEMBL5774973,Cc1ccc(-c2cnn(C)c2)c(C(=O)N2CCC[C@@H](C)[C@H]2CNc2ncccc2C(F)(F)F)c1,JOSOKVYNZLGFLZ-VGOFRKELSA-N,0,antagonist,1.0,5.301029995663981
CHEMBL5775107,COc1cc2nc([C@]3(C)CCCN3C(=O)c3cc(F)ccc3-n3nccn3)[nH]c2cc1OC,QAYKWVOFVKTOMS-QHCPKHFHSA-N,0,antagonist,1.0,6.81
CHEMBL5775129,Cc1nc(-c2ccccc2)c(C(=O)N2CC(N)CCC2CNC(=O)c2cccc3cccnc23)s1,WGLJHTQZRNCVHT-UHFFFAOYSA-N,0,antagonist,1.0,6.0
CHEMBL5775150,COc1c(F)cccc1-c1nc([C@@H]2CCCN2C(=O)c2cc(C)ccc2-n2nccn2)no1,RMNHSADRXFGNFC-IBGZPJMESA-N,0,antagonist,1.0,8.52
CHEMBL5775303,COc1ccc(-c2cccc(C(F)(F)F)c2)c(C(=O)N2CCC[C@@]2(C)c2nc3c(C)c(Cl)ccc3[nH]2)c1F,FXRZHZWBUBRWGW-MHZLTWQESA-N,0,antagonist,1.0,7.68
CHEMBL5775468,COc1ccc(-c2noc([C@@H]3CCCN3C(=O)c3cc(C)ccc3-n3nccn3)n2)cc1OC,CKHARRIHRDETTC-IBGZPJMESA-N,0,antagonist,1.0,6.88
CHEMBL5775486,COc1ccc(-c2ccc(C#N)cc2)c(C(=O)N2CCC[C@@]2(C)c2nc3c(C)c(Cl)ccc3[nH]2)c1F,ZOVIJJVOZDPONS-NDEPHWFRSA-N,0,antagonist,1.0,6.91
CHEMBL5775588,COc1ccc(C)cc1-c1nc([C@@H]2CCCN2C(=O)c2cc(Cl)ccc2-n2nccn2)no1,AIKROLIVVRRROF-IBGZPJMESA-N,0,antagonist,1.0,7.68
CHEMBL5775625,COc1ccc(-n2nccn2)c(C(=O)N2CCC[C@@]2(C)c2nc3c(C)c(Cl)ccc3n2C)c1,SABPYUNGMHYDLK-DEOSSOPVSA-N,0,antagonist,1.0,8.52
CHEMBL5775885,COc1cc2nc([C@@H]3[C@@H](C)CCN3C(=O)c3ncsc3-c3cccc(Cl)c3)[nH]c2cc1OC,HZQSENHXBOFDRH-ZSEKCTLFSA-N,0,antagonist,1.0,5.1
CHEMBL5776007,COC(=O)c1c(OC)ccnc1O[C@@H]1CC[C@@H](C)N(C(=O)c2cc(F)ccc2-c2nc(C)no2)C1,VBQPKGAPHUEERN-CZUORRHYSA-N,0,antagonist,1.0,7.46
CHEMBL5776124,Cc1ccc(-n2nccn2)c(C(=O)N2CC[C@H](C)[C@H]2c2nc3c(C)c(Cl)ccc3[nH]2)c1,FIIIFGLLUUQWSJ-QKKBWIMNSA-N,0,antagonist,1.0,6.71
CHEMBL5776475,COc1ccc(-c2ccc(C)cc2C(=O)N2CCC[C@@]2(C)c2nc3cc(C)c(C)cc3[nH]2)cc1,RYXBVHKKGAZTJT-LJAQVGFWSA-N,0,antagonist,1.0,7.43
CHEMBL5776762,C=C1C[C@@H](c2nc3cc(OC)ccc3[nH]2)N(C(=O)c2cnc(C)nc2-c2cccc(C)c2)C1,UINDGRKAEKTELE-QHCPKHFHSA-N,0,antagonist,1.0,7.25
CHEMBL5776830,COc1c(Cl)cccc1-c1nc([C@@H]2CCCN2C(=O)c2ccc(C)cc2-n2nccn2)no1,KYTNZCGPNOLKFR-SFHVURJKSA-N,0,antagonist,1.0,8.3
CHEMBL5776883,O=C(N[C@@H]1CC(F)(F)C[C@@H]1Nc1nc2ccc(F)cc2s1)c1ccccc1-n1nccn1,QTDPFBMGEYUINW-CVEARBPZSA-N,0,antagonist,1.0,5.35
CHEMBL5776892,CCC(OC(=O)N1[C@H](C)C[C@H](NS(C)(=O)=O)[C@@H]1CO[C@H]1CC[C@@]2(c3ncc(F)cn3)C[C@H]2C1)C(F)F,YOFCCKBVEJVKRQ-LOKWRUIBSA-N,0,antagonist,1.0,8.92
CHEMBL5776893,Cc1cc(-n2nccn2)c(C(=O)N2CCC[C@@]2(C)c2nnc(-c3ccccc3OC(F)(F)F)[nH]2)cc1Cl,RSXSJNWYISSNHS-QHCPKHFHSA-N,0,antagonist,1.0,8.1
CHEMBL5776952,COC[C@H](Cc1ccc(C)cc1)n1c(=N)n(CCc2c[nH]c3ccccc23)c2ccccc21,BXRICYAEYRXJHM-QHCPKHFHSA-N,1,agonist,1.0,6.0
CHEMBL5776969,CS(=O)(=O)N[C@H]1CCCN(C(=O)Cc2nccs2)[C@H]1CO[C@H]1CC[C@@H](c2ccccc2)CC1,MDUDPQVMHAHXIV-LRSLUSHPSA-N,1,agonist,1.0,6.85
CHEMBL5777017,Cc1nc(C(=O)N2CC(N)CCC2CNC(=O)c2cccc3cccnc23)c(-c2cccc(F)c2)s1,DGIIYCMWCFSJQG-UHFFFAOYSA-N,0,antagonist,1.0,6.12
CHEMBL5777057,Cc1c(Cl)ccc2[nH]c([C@]3(C)CCCN3C(=O)c3cc(F)ccc3-c3ncccn3)nc12,LLDKGDWBNRWLNX-DEOSSOPVSA-N,0,antagonist,1.0,7.68
CHEMBL5777076,CCOc1ccccc1C(=O)N1CCCC[C@@H]1Cc1nc(C(C)(C)O)c(C)o1,BLKSKTKSKTYCPY-MRXNPFEDSA-N,0,antagonist,1.0,7.55
CHEMBL5777140,C=C1C[C@@H](c2nc3cc(OC)ccc3[nH]2)N(C(=O)c2nc(C)sc2-c2ccc(C)c(C)c2)C1,UYNPCVHRRZNCOG-QFIPXVFZSA-N,0,antagonist,1.0,8.4
CHEMBL5777212,COc1cc(C(=O)N2CCC[C@H]2c2noc(-c3cccc(F)c3OC)n2)c(-n2nccn2)cc1F,YQZAEUXMYUXVKZ-KRWDZBQOSA-N,0,antagonist,1.0,8.3
CHEMBL5777346,Cc1nc(C(=O)N2CCC[C@@]2(C)c2nc3c(C)c(Cl)ccc3n2C)c(-c2cccc(Cl)c2)s1,JHGRYXUHXJQVFP-VWLOTQADSA-N,0,antagonist,1.0,8.52
CHEMBL5777379,CC(C)OC(=O)N1[C@H](C)C[C@H](NS(=O)(=O)C(F)F)[C@@H]1COC1CCC2(c3ncc(Cl)cn3)CC2C1,GUKUKTGXKKKMDY-TWBHTGRPSA-N,0,antagonist,1.0,7.97
CHEMBL5777427,C[C@@H]1CC(F)(F)CN(C(=O)c2nn(C)cc2-c2ccccc2F)C1CNc1ncc(C(F)(F)F)cn1,YUXXWUKCKPCRMB-YJJYDOSJSA-N,0,antagonist,1.0,5.301029995663981
CHEMBL5777500,C=C1C[C@@H](c2nc3cc(C(C)(C)C)ccc3[nH]2)N(C(=O)c2cc(OC(F)(F)F)ccc2-n2nccn2)C1,OOZUWXJMUQHOCO-QFIPXVFZSA-N,0,antagonist,1.0,6.32
CHEMBL5777576,CCOc1ncccc1C(=O)N(CC)CCN(C)c1nccc(C(C)(C)O)n1,MLYDNIIDGFOHJE-UHFFFAOYSA-N,0,antagonist,1.0,7.11
CHEMBL5777642,COC(=O)c1ccccc1C(=O)N1C[C@H](c2cc(C(C)(C)O)no2)CC[C@H]1C,OHKIQGQAIMSNQV-ZIAGYGMSSA-N,0,antagonist,1.0,6.6
CHEMBL5777650,Cc1ccc(CC(CNS(=O)(=O)c2ccccc2)n2c(=N)n(Cc3ccc(C)cc3)c3ccccc32)cc1,UJEIUOXZDMVOTK-UHFFFAOYSA-N,1,agonist,1.0,6.0
CHEMBL5777693,CSc1cccc2nc([C@@H]3CCCN3C(=O)c3cc(Cl)ccc3-n3nccn3)[nH]c12,SBLAGNNIUXMGLT-KRWDZBQOSA-N,0,antagonist,1.0,8.05
CHEMBL5777882,Cc1ccc(-n2cccn2)c(C(=O)N2CCC[C@@]2(C)c2nc3c(F)c(F)ccc3[nH]2)c1,ZODDQINEDFOVTK-QHCPKHFHSA-N,0,antagonist,1.0,6.07
CHEMBL5778315,CS(=O)(=O)N[C@H]1CCCN(C(=O)C2CC2)[C@H]1CO[C@H]1CC[C@@H](c2cc(F)cc(F)c2)CC1,ZUCCGXCBHREFON-NZYDNVMFSA-N,1,agonist,1.0,9.06
CHEMBL5778682,COC[C@H](Cc1ccc(C)cc1)n1c(=N)n(Cc2ccc(C(C)(C)C)cc2)c2ccccc21,ZZMFIGUVLYLINV-VWLOTQADSA-N,1,agonist,1.0,5.3
CHEMBL5778741,C/N=c1\n(Cc2ccc(C)cc2)c2cc(C)ccc2n1[C@H](COC)Cc1ccc(C)cc1,NHTIJGAUNBGEFH-JICWPOMZSA-N,1,agonist,1.0,6.0
CHEMBL5778823,Cc1ccccc1-c1nc(C(=O)N2CCC[C@@]2(C)c2nc3c(C)c(Cl)ccc3[nH]2)c(-c2ccc(F)cc2)s1,VIIJYMITGPYSRV-PMERELPUSA-N,0,antagonist,1.0,5.69
CHEMBL5778850,C=C1CN(C(=O)c2nc(C)sc2-c2ccc(Cl)cc2)C(C)(c2nc3cc(OC)ccc3[nH]2)C1,ZWOWJUQMUAXQFN-UHFFFAOYSA-N,0,antagonist,1.0,7.48
CHEMBL5778975,C=C1C[C@@H](c2nc3cc(OC)ccc3[nH]2)N(C(=O)c2nc(N(C)C)sc2-c2ccc(C)c(C)c2)C1,BOSWEVDHBVSIFV-QFIPXVFZSA-N,0,antagonist,1.0,8.05
CHEMBL5779086,C[C@@]1(c2nc3cc(C(F)(F)F)ccc3[nH]2)CCCN1C(=O)c1cc(OC(F)(F)F)ccc1-n1nccn1,JZQUDIXJXFYXAJ-NRFANRHFSA-N,0,antagonist,1.0,5.94
CHEMBL5779154,C=C1CC(c2nc3c(OC)ccc(OC)c3[nH]2)N(C(=O)c2nc(C3CC3)sc2-c2cccc(C)c2)C1,AFSCYCXJAKZMAT-UHFFFAOYSA-N,0,antagonist,1.0,8.52
CHEMBL5779155,COC(=O)N1[C@H](C)C[C@H](NS(C)(=O)=O)[C@@H]1COC1CCC2(c3ncc(F)cn3)CC2C1,QTXGDCJDHZCRQD-MKLSPKEASA-N,0,antagonist,1.0,8.2
CHEMBL5779181,CCN(CCN(C)c1cccc(C(C)(C)O)n1)C(=O)c1cccnc1OC(C)C,JMUFAAMOHYSPSU-UHFFFAOYSA-N,0,antagonist,1.0,6.41
CHEMBL5779424,Cc1c(Cl)cccc1-c1noc([C@@H]2CCCN2C(=O)c2cc(F)c(F)cc2-n2nccn2)n1,XAQYAXNHSQKRAY-SFHVURJKSA-N,0,antagonist,1.0,6.8
CHEMBL5779453,C=C1C[C@@H](c2nc3cc(OC)ccc3[nH]2)N(C(=O)c2nc(C)sc2-c2cccc(Cl)c2)C1,GHPUAFZXBOSWMH-FQEVSTJZSA-N,0,antagonist,1.0,8.15
CHEMBL5779540,Cc1ccc(-c2ccccn2)c(C(=O)N2CCC[C@@H](C)[C@H]2CNc2ccc(C(F)(F)F)cn2)n1,DLPSCLMVTPZXRV-IIBYNOLFSA-N,0,antagonist,1.0,5.301029995663981
CHEMBL5779601,Cc1ncccc1C(=O)N1CC[C@H]2CCN(c3cc(C#N)ccn3)[C@H]2C1,OUNCJXYFELDRIS-WMZOPIPTSA-N,0,antagonist,1.0,7.11
CHEMBL5779703,CSc1ccc2nc([C@@H]3CCCN3C(=O)c3nc(C)sc3-c3cccc(Cl)c3Cl)[nH]c2c1,GLIKJIRHPALZSN-SFHVURJKSA-N,0,antagonist,1.0,7.57
CHEMBL5780041,C=C1C[C@@H](c2nc3ccc(Cl)c(C)c3[nH]2)N(C(=O)c2nc(C)ccc2-n2nccn2)C1,NFLWNYJGNBARES-SFHVURJKSA-N,0,antagonist,1.0,8.4
CHEMBL5780103,COc1ccc(-c2ccc3c(c2)OCO3)c(C(=O)N2CCC[C@@]2(C)c2nc3c(C)c(Cl)ccc3[nH]2)c1F,RIEPGLIGKPPHQM-NDEPHWFRSA-N,0,antagonist,1.0,7.07
CHEMBL5780115,COc1cc(C(=O)N2CCC[C@H]2c2nc(-c3ccccc3OC(F)(F)F)no2)c(-n2nccn2)cc1Cl,FJNOZYLBMXDFMS-INIZCTEOSA-N,0,antagonist,1.0,7.77
CHEMBL5780266,CCOC(=O)N1[C@H](C)C[C@H](NS(=O)(=O)N(C)C)[C@@H]1CO[C@H]1CC[C@@]2(c3ncc(F)cn3)C[C@H]2C1,LKFKBPZCZXPGMP-YQRBJHIPSA-N,0,antagonist,1.0,9.39
CHEMBL5780355,COc1ccnc(O[C@@H]2CC[C@@H](C)N(C(=O)c3ccc(OC)nc3-c3ccccc3)C2)c1,QSJUOTMTYIOYGK-YLJYHZDGSA-N,0,antagonist,1.0,7.61
CHEMBL5780382,Cc1nc(S(=O)(=O)N2CCC[C@H](NS(C)(=O)=O)[C@@H]2CO[C@H]2CC[C@@H](C(C)C)CC2)cn1C,VXNKQYICHAODFO-YRPNKDGESA-N,1,agonist,1.0,5.89
CHEMBL5780391,Cc1nc(C(=O)N2CCC[C@H](C)[C@H]2CNc2ncc(C(F)(F)F)cn2)c(-c2ccc(F)cc2)s1,BPQDADCPUWZLIG-SCLBCKFNSA-N,0,antagonist,1.0,5.51
CHEMBL5780402,COc1ccccc1-c1nnc([C@@H]2CCCN2C(=O)c2ccc(C)cc2-n2nccn2)[nH]1,OWZUKTMMAJWROI-SFHVURJKSA-N,0,antagonist,1.0,6.9
CHEMBL5780631,CCNC(=O)N1CCC[C@H](NS(C)(=O)=O)[C@@H]1CO[C@H]1CC[C@@H](c2cccc(OC(F)(F)F)c2)CC1,BTOYWYKRBBLMTH-OFCAXSSNSA-N,1,agonist,1.0,8.01
CHEMBL5780816,COc1cc(C(=O)N2CCC[C@H]2c2nc(-c3ccccc3OC(F)(F)F)no2)c(-n2nccn2)cc1F,MPBUEQUXUZWXCG-INIZCTEOSA-N,0,antagonist,1.0,7.16
CHEMBL5780831,C[C@@H]1CCCN(C(=O)c2cc(F)ccc2-n2nccn2)[C@@H]1CNc1ncc(Cl)cn1,WKJZUFUODZRBPZ-FZKQIMNGSA-N,0,antagonist,1.0,5.301029995663981
CHEMBL5780942,Cc1nc(C(=O)N2CCCC2c2nc3cc(Br)ccc3[nH]2)c(-c2ccccc2)s1,AJNNVBVDDFIKBS-UHFFFAOYSA-N,0,antagonist,1.0,6.25
CHEMBL5780960,Cc1cccc(-c2ocnc2C(=O)N2CCC[C@H]2c2nc(-c3ccccc3OC(F)(F)F)no2)c1,QEGCRQMUQILSSB-KRWDZBQOSA-N,0,antagonist,1.0,7.35
CHEMBL5780980,COc1cc(C(=O)N2CCC[C@H]2c2noc(-c3cccc(Cl)c3C)n2)c(-n2nccn2)cc1C,GNFWZOLSZWTYRR-IBGZPJMESA-N,0,antagonist,1.0,9.0
CHEMBL5781103,COc1ccc(-c2ccccc2C(=O)N2CCC[C@@]2(C)c2nc3cc(C)c(C)cc3[nH]2)cc1,XEFXMACVISZBGQ-NDEPHWFRSA-N,0,antagonist,1.0,7.09
CHEMBL5781192,CCN(CCc1nc(C(C)(C)O)c(C)o1)C(=O)c1ccccc1-c1ccccc1,RTWDXTANYDNULV-UHFFFAOYSA-N,0,antagonist,1.0,7.54
CHEMBL5781207,COc1c(F)cccc1-c1nnc([C@@H]2CCCN2C(=O)c2cc(C)c(C)cc2-n2nccn2)[nH]1,JIXLYZFMWGQCJO-IBGZPJMESA-N,0,antagonist,1.0,8.1
CHEMBL5781399,CCN(CCN(C)c1cccc(C(C)(C)O)n1)C(=O)c1ccccc1-n1ncnn1,JMOVEDDRYRZKGL-UHFFFAOYSA-N,0,antagonist,1.0,7.16
CHEMBL5781413,N#Cc1cc(Cl)ncc1N1CC[C@@H]2CCN(C(=O)c3ccccc3-n3nccn3)C[C@@H]21,RIYBMHQMNVHTTD-YWZLYKJASA-N,0,antagonist,1.0,7.07
CHEMBL5781629,C=C1C[C@@H](c2nc3cc(C)c(C)cc3[nH]2)N(C(=O)c2c(-n3nccn3)ccc(C)c2F)C1,ULCIKPSKEABELY-FQEVSTJZSA-N,0,antagonist,1.0,7.92
CHEMBL5781706,Cc1nc(-c2ccccc2)c(C(=O)N2CC[C@@H](O)C[C@H]2CNC(=O)c2cccc3cccnc23)s1,OAWDJSBCYTYARA-LEWJYISDSA-N,0,antagonist,1.0,5.0
CHEMBL5781969,CCC1C[C@H](NS(C)(=O)=O)[C@H](CO[C@H]2CC[C@@H](c3ccccc3)CC2)N1Cc1ccccc1,HPOOHBCVEHBOOF-GTYYDSCXSA-N,0,antagonist,1.0,7.495
CHEMBL5782149,C[C@@H]1CC[C@@H](Sc2nccn3ccnc23)CN1C(=O)c1ccccc1-n1nccn1,YRLBEVPYAPWLKJ-HZPDHXFCSA-N,0,antagonist,1.0,7.99
CHEMBL5782275,C[C@@H]1CCCN(C(=O)c2c(F)cccc2-c2ncccn2)[C@@H]1CNc1ncc(C(F)(F)F)cn1,SUORDRLKFSHXJA-RDTXWAMCSA-N,0,antagonist,1.0,5.301029995663981
CHEMBL5782663,Cc1ccc(-c2ccccc2)c(C(=O)N2CC[C@H](C)[C@H]2c2nc3cc(Cl)c(C)cc3[nH]2)c1,FDRYHHDMMKPPLV-GKVSMKOHSA-N,0,antagonist,1.0,6.7
CHEMBL5782779,CCN(CCN(C)c1nccc(C#N)c1Cl)C(=O)c1ccccc1-n1nccn1,QOOBANMTKWHRSE-UHFFFAOYSA-N,0,antagonist,1.0,6.96
CHEMBL5782841,C[C@@H]1CC[C@@H](c2noc(C(C)(C)O)n2)CN1C(=O)c1ccsc1-n1nccn1,QVKTUUIDPKSFBE-VXGBXAGGSA-N,0,antagonist,1.0,7.41
CHEMBL5782908,COc1cc2nc([C@]3(C)CCCN3C(=O)c3cc(C)c(C)cc3-n3nccn3)n(C)c2cc1OC,SEMGRFYXHCNTNR-SANMLTNESA-N,0,antagonist,1.0,7.31
CHEMBL5782967,Cc1cc(C)c2nc([C@@H]3[C@@H](C)CCN3C(=O)c3nc(C)sc3-c3cccc(Cl)c3)[nH]c2c1,CSNOPSKKXVIYCS-FPTDNZKUSA-N,0,antagonist,1.0,6.6
CHEMBL5783026,CS(=O)(=O)N[C@H]1CCCN(C(=O)C(F)F)[C@H]1CO[C@H]1CC[C@@H](c2ccccc2)CC1,KIALYBQJSMJTAL-RDGPPVDQSA-N,1,agonist,1.0,7.51
CHEMBL5783069,CCN(CCn1nc(C)c(C(C)(C)O)n1)C(=O)c1ccccc1C1CCC1,YALYUHDVEKKLJS-UHFFFAOYSA-N,0,antagonist,1.0,7.89
CHEMBL5783329,C=C1C[C@@H](c2nc3cc(Cl)c(C(F)(F)F)cc3[nH]2)N(C(=O)c2ccc(C)cc2-n2nccn2)C1,MNUNSKOSZLHUMO-FQEVSTJZSA-N,0,antagonist,1.0,8.22
CHEMBL5783399,CO[C@H]1CN(C(=O)c2cc(C(F)(F)F)ccc2-n2nccn2)C(C)(c2nc3c(C)c(Cl)ccc3[nH]2)C1,RGCNNXGDSILIIC-NKTHEXPSSA-N,0,antagonist,1.0,6.6
CHEMBL5783533,CC(=O)N1CCC[C@H](NS(C)(=O)=O)[C@@H]1CO[C@H]1CC[C@@H](c2ccc(F)cc2F)CC1,YLMSKYPKJFAKGP-JHOJWFKBSA-N,1,agonist,1.0,6.09
CHEMBL5783613,Cc1ccc(-n2nccn2)c(C(=O)N2CCC[C@@]2(C)c2nc3c(Br)cccc3[nH]2)c1,CDIDBCUHDFTYTC-QFIPXVFZSA-N,0,antagonist,1.0,7.08
CHEMBL5783708,CC(C)Oc1ncccc1C(=O)N1C[C@H](c2cc(C(C)(C)O)on2)CC[C@H]1C,KQOAVKCMRUHGAH-HUUCEWRRSA-N,0,antagonist,1.0,5.74
CHEMBL5783739,CCN(CCn1ccc(C(C)(C)O)n1)C(=O)c1ccccc1-n1nccn1,NPOPIEOTWWAVRR-UHFFFAOYSA-N,0,antagonist,1.0,7.64
CHEMBL5783834,Cc1sc([C@@H]2CC[C@@H](C)N(C(=O)c3ccccc3-c3ncccn3)C2)nc1C(C)(C)O,RUKJPJHKOVOABS-NVXWUHKLSA-N,0,antagonist,1.0,7.57
CHEMBL5783880,Cc1ccc(-n2nccn2)c(C(=O)N2CC(F)(F)C[C@@H](C)C2COc2ccc(C(F)(F)F)cn2)n1,HDQNOLRYEAXWJX-FWJOYPJLSA-N,0,antagonist,1.0,5.301029995663981
CHEMBL5784020,COC(=O)C(NC(=O)[C@@H]1CC[C@@H](C)N(C(=O)c2ccccc2-n2nccn2)C1)C(=O)c1ccccc1,DWHOQTDQKXRQHU-ZSQVXAAVSA-N,0,antagonist,1.0,5.8
CHEMBL5784100,CCOc1c(F)cccc1-c1noc([C@@H]2CCCN2C(=O)c2cc(OC)c(F)cc2-n2nccn2)n1,JZSHLVXTXAIDRS-SFHVURJKSA-N,0,antagonist,1.0,7.28
CHEMBL5784118,Cc1nc(C(=O)N2CC(F)(F)C[C@@H](C)C2CNc2ncc(C(F)(F)F)cn2)c(-c2ccccc2F)s1,LHIUDQAGXIESSV-MTATWXBHSA-N,0,antagonist,1.0,5.68
CHEMBL5784200,Cc1ccc(-c2sc(C)nc2C(=O)N2CC[C@H](C)[C@H]2c2nc3cc(C(F)(F)F)ccc3[nH]2)cc1,BFKYTHINBUMHDW-QKKBWIMNSA-N,0,antagonist,1.0,5.66
CHEMBL5784322,C=C1CN(C(=O)c2nc(C)sc2-c2ccc(OC)cc2)C(C)(c2nc3cc(OC)ccc3[nH]2)C1,BETMAODUVDRNGP-UHFFFAOYSA-N,0,antagonist,1.0,7.47
CHEMBL5784395,C=C1C[C@@H](c2nc3cc(Cl)c(C)cc3[nH]2)N(C(=O)c2cc(C)ccc2-n2nccn2)C1,VUGJMWYSWHTWFF-NRFANRHFSA-N,0,antagonist,1.0,8.52
CHEMBL5784420,Cc1ccc(-n2cccn2)c(C(=O)N2CC[C@H](C)[C@H]2c2nc3cc(Cl)c(C)cc3[nH]2)c1,NHYKKPMJTBFKRC-NYHFZMIOSA-N,0,antagonist,1.0,5.89
CHEMBL5784425,Cc1nc(C(=O)N2CC(F)(F)C[C@@H](C)C2CNc2ncc(C(F)(F)F)cn2)c(-c2ccccn2)s1,DVIZGXDPTAOLNO-ZGTOLYCTSA-N,0,antagonist,1.0,5.301029995663981
CHEMBL5784461,O=C(c1cc(F)ccc1-n1nccn1)N1CCC[C@H]1c1nc(-c2ccccc2Cl)no1,XDCHNSZCYKKXTC-SFHVURJKSA-N,0,antagonist,1.0,6.09
CHEMBL5784747,C[C@@H]1C[C@H](NS(C)(=O)=O)[C@H](CO[C@H]2CC[C@@]3(c4ncc(F)cn4)C[C@H]3C2)N1C(=O)OCC1CC1(F)F,ILZONWZVMDGNFW-GMJDPTTISA-N,0,antagonist,1.0,9.15
CHEMBL5784795,C[C@@H]1CC(F)(F)CN(C(=O)c2nn(C)cc2-c2ccc(F)cc2)C1CNc1ccc(C(F)(F)F)cn1,RCMNVXJDMVVJLW-MJTSIZKDSA-N,0,antagonist,1.0,5.301029995663981
CHEMBL5785271,C=C1C[C@@H](c2nc3cc(OC)ccc3[nH]2)N(C(=O)c2ccsc2-c2ccc(C)c(C)c2)C1,LGXVRWFSKQATCI-QHCPKHFHSA-N,0,antagonist,1.0,8.05
CHEMBL5785319,Cc1ccc(CC(C(=O)N2CCCCC2)n2c(=N)n(Cc3ccc(C)cc3)c3ccccc32)cc1,PTVBXJZNFLMOHS-UHFFFAOYSA-N,1,agonist,1.0,5.3
CHEMBL5785341,CC(=O)N1CCC[C@H](NS(C)(=O)=O)[C@@H]1COC1CCC(F)(c2cccc(F)c2)CC1,ZMELDLDBKXDEEN-OMYXNUHHSA-N,1,agonist,1.0,6.68
CHEMBL5785355,Cc1ccccc1-c1cn(C)nc1C(=O)N1CC(F)(F)C[C@@H](C)C1CNc1ncc(C(F)(F)F)cn1,AXEFDOUGZIQSRI-NYRJJRHWSA-N,0,antagonist,1.0,5.301029995663981
CHEMBL5785648,O=C(NC[C@@H]1CC(F)(F)CN1C(=O)c1ccccc1-c1ccccc1)c1cccc2cccnc12,ORGZMHDPBVQARK-NRFANRHFSA-N,0,antagonist,1.0,7.12
CHEMBL5785665,CS(=O)(=O)N[C@H]1CCCN(C(=O)C2CC(=O)C2)[C@H]1COC1CCN(c2ccccc2F)CC1,WXQMIYGTYCOEFY-UNMCSNQZSA-N,1,agonist,1.0,5.3
CHEMBL5785707,COC(=O)N1[C@H](C)C[C@H](NS(C)(=O)=O)[C@@H]1CO[C@@H]1CC[C@]2(c3ncc(F)cn3)C[C@@H]2C1,QTXGDCJDHZCRQD-ARBVYLERSA-N,0,antagonist,1.0,7.61
CHEMBL5785734,CO[C@H]1CN(C(=O)c2ccccc2-n2nccn2)C(C)(c2nc3c(C)c(Cl)ccc3[nH]2)C1,MERASXPSAAHTHI-NKTHEXPSSA-N,0,antagonist,1.0,7.72
CHEMBL5785784,N#Cc1ccnc(N2CC[C@@H]3CCN(C(=O)c4nccnc4N4CCCC4)C[C@@H]32)c1,VBFWUGVDXFAWEO-ROUUACIJSA-N,0,antagonist,1.0,5.0
CHEMBL5785826,C[C@@H]1CC[C@@H](c2nsc(C(C)(C)O)n2)CN1C(=O)c1ccccc1-n1nccn1,YDZDAVMPLAEKGE-ZIAGYGMSSA-N,0,antagonist,1.0,7.57
CHEMBL5785884,Cc1nc(C(=O)N2CC[C@H](C)[C@H]2c2nc3c(C)cc(Cl)cc3[nH]2)c(-c2cc(F)cc(F)c2)s1,FQCXYSFMJUWYAN-MQJDWESPSA-N,0,antagonist,1.0,5.89
CHEMBL5785900,C[C@@H]1C[C@H](NS(C)(=O)=O)[C@H](CO[C@H]2CC[C@@]3(c4ncc(F)cn4)C[C@H]3C2)N1C(=O)OCC1(F)CCC1,RWUVUNULCZPJMO-YMVZEAGPSA-N,0,antagonist,1.0,8.21
CHEMBL5785926,COc1cccc(-c2noc([C@@H]3CCCN3C(=O)c3cc(C)ccc3-n3nccn3)n2)c1OC,WFRSYFPLJNYJBR-IBGZPJMESA-N,0,antagonist,1.0,7.33
CHEMBL5786022,CC(C)n1cc(-c2ncccn2)c(C(=O)N2CC(F)(F)C[C@@H](C)[C@H]2CNc2ncc(C(F)(F)F)cn2)n1,KXOPUEWAQANJOA-RHSMWYFYSA-N,0,antagonist,1.0,5.301029995663981
CHEMBL5786112,C[C@@H]1CC[C@@H](Oc2nccn3c(C(F)F)cnc23)CN1C(=O)c1ccccc1-c1cnccn1,XVSJSOYELCBCEQ-HZPDHXFCSA-N,0,antagonist,1.0,7.67
CHEMBL5786151,Cc1ccc(-c2ccccn2)c(C(=O)N2CC[C@H](C)[C@H]2c2nc3c(C)c(Cl)ccc3[nH]2)c1,PKAZGJSTOIIUAN-FYSMJZIKSA-N,0,antagonist,1.0,6.72
CHEMBL5786203,CCN(CCc1cccc(C(C)(C)O)n1)C(=O)c1ccccc1C1CCC1,NCLJAZSNKAWQFW-UHFFFAOYSA-N,0,antagonist,1.0,7.47
CHEMBL5786386,C[C@@H]1CC[C@@H](Oc2nccn3ccnc23)CN1C(=O)c1ccccc1-n1nccn1,OQONJHBJRAWTOY-HZPDHXFCSA-N,0,antagonist,1.0,7.45
CHEMBL5786409,CCOc1ncccc1-c1noc([C@@H]2CCCN2C(=O)c2cc(Cl)c(C)cc2-n2nccn2)n1,USGYMEPRBRHADY-SFHVURJKSA-N,0,antagonist,1.0,8.22
CHEMBL5786414,O=C(N[C@H]1CCC[C@@H]1Nc1nc2ccc(F)cc2s1)c1ncccc1-n1ccnn1,ZGCIMHAIPBFOLG-KBPBESRZSA-N,0,antagonist,1.0,5.0
CHEMBL5786431,CCN(CCc1cccc(C(C)(C)O)n1)C(=O)c1ccccc1OCC(F)F,JDWUIHDZOADYOZ-UHFFFAOYSA-N,0,antagonist,1.0,6.87
CHEMBL5786447,Cc1ccc(-n2nccn2)c(C(=O)N2CCC[C@H]2c2ncc(-c3ccccc3C(F)(F)F)[nH]2)c1,GNFQVQGBHPTENM-NRFANRHFSA-N,0,antagonist,1.0,6.93
CHEMBL5786457,C[C@@H]1CC(F)(F)CN(C(=O)c2nn(C)nc2-c2ccc(Cl)cn2)[C@@H]1CNc1ncc(C(F)(F)F)cn1,SIBUGFDXKIZXFH-IAQYHMDHSA-N,0,antagonist,1.0,5.301029995663981
CHEMBL5786462,CC(=O)N1CCC[C@H](NS(C)(=O)=O)[C@@H]1CO[C@H]1CC[C@@H](c2ccccc2F)CC1,JVJULDMOGKFBTE-JWWGGVBKSA-N,1,agonist,1.0,7.62
CHEMBL5786672,Cc1ccc(NC[C@@H]2[C@H](C)CCCN2C(=O)c2cc(C)ccc2-n2nccn2)nc1,WBTXYPRRDPEDHA-WIYYLYMNSA-N,0,antagonist,1.0,5.301029995663981
CHEMBL5786751,C=C1CC(c2nc3cc(Cl)c(C)cc3[nH]2)N(C(=O)c2cc(C)sc2-c2ccc(C)c(C)c2)C1,VNPCLSBSQDGYKE-UHFFFAOYSA-N,0,antagonist,1.0,7.72
CHEMBL5786858,COc1cc2nc([C@@H]3[C@@H](C)CCN3C(=O)c3c(-n4nccn4)ccc(OC)c3F)[nH]c2cc1OC,GRTCPKUAJWENQU-XMHCIUCPSA-N,0,antagonist,1.0,5.24
CHEMBL5786954,CCN(CCN(C)c1nc(C)cc(C)n1)C(=O)c1ccccc1OC(F)(F)F,LZJJQGONRPKHMU-UHFFFAOYSA-N,0,antagonist,1.0,8.03
CHEMBL5787007,C[C@@H]1CC(F)(F)CN(C(=O)c2nn(C)cc2-c2ccccc2)C1CNc1ncc(Cl)cn1,KGXFKADCIFYIAV-IKJXHCRLSA-N,0,antagonist,1.0,5.301029995663981
CHEMBL5787090,CCc1cnc(N[C@H]2CCC[C@H]2NC(=O)c2cc(C)ccc2-n2nccn2)nc1,HHTNYKJLHKZJQA-MSOLQXFVSA-N,0,antagonist,1.0,5.0
CHEMBL5787105,CCN(CCc1nc(C(C)(C)O)c(C)o1)C(=O)c1cccc(C)c1-n1nccn1,HVRPTOCVQBHQAQ-UHFFFAOYSA-N,0,antagonist,1.0,7.27
CHEMBL5787129,Cc1nnn(-c2ccccc2C(=O)N2C[C@H](Oc3nccc(C#N)c3C)CC[C@H]2C)n1,SIHBGDBWLBRDQZ-RDTXWAMCSA-N,0,antagonist,1.0,8.59
CHEMBL5787131,COC(=O)N1[C@H](C)C[C@H](NS(C)(=O)=O)[C@@H]1CO[C@H]1CC[C@@]2(c3ncccn3)C[C@H]2C1,QMZKWPGSNQEJBN-XILPYWAXSA-N,0,antagonist,1.0,8.35
CHEMBL5787169,Cc1c(Cl)ccc2[nH]c([C@@H]3[C@@H](C)CCN3C(=O)c3c(F)cccc3-c3ncccn3)nc12,SMZLSIZDWHJTDR-ZSEKCTLFSA-N,0,antagonist,1.0,6.66
CHEMBL5787203,Cc1nc(-c2cc(F)ccc2C(=O)N2C[C@H](Oc3nccc4c3C(=O)OC4(C)C)CC[C@H]2C)no1,JZXUNMNPEFHZRK-CZUORRHYSA-N,0,antagonist,1.0,6.63
CHEMBL5787214,Cc1noc(-c2ccccc2C(=O)N[C@H]2CCC[C@@H]2Nc2nc3ccc(F)cc3s2)n1,HAQWTGIMJAZGBJ-IRXDYDNUSA-N,0,antagonist,1.0,5.42
CHEMBL5787277,Cc1ccc(C(=O)N2CCC[C@H]2c2cnc(-c3ccccc3)[nH]2)c(-n2nccn2)c1,LMWZAXFNUGGIAS-FQEVSTJZSA-N,0,antagonist,1.0,6.41
CHEMBL5787331,Cc1ccc(-n2nccn2)c(C(=O)N[C@H]2CCC[C@@H]2Nc2ccc3ccccc3n2)c1,WSBPEVZVXLTIAJ-SFTDATJTSA-N,0,antagonist,1.0,5.39
CHEMBL5787343,C[C@@H]1CC[C@@H](c2cc([C@H](O)C(F)(F)F)no2)CN1C(=O)c1ccccc1-n1nccn1,IXJVJHDHSDULCH-VFVRVIDISA-N,0,antagonist,1.0,7.76
CHEMBL5787418,Cc1ccc(C(=O)N2CC[C@H](C)[C@H]2c2nc3cc(Cl)c(C)cc3[nH]2)c(-n2nccn2)c1,ORWFLSUKJBCAEL-QKKBWIMNSA-N,0,antagonist,1.0,7.29
CHEMBL5787462,COc1c(Cl)cccc1-c1nnc([C@@H]2CCCN2C(=O)c2ccc(C)cc2-n2nccn2)[nH]1,FHDNZNJPFZFVSL-SFHVURJKSA-N,0,antagonist,1.0,8.0
CHEMBL5787504,Cc1nc(C(=O)N2C[C@H](Oc3nccc(C#N)c3C)CC[C@H]2C)c(-c2ccc(F)cc2)s1,KIYVTVFULTUXJQ-JLTOFOAXSA-N,0,antagonist,1.0,7.83
CHEMBL5787595,COc1cccc2[nH]c([C@@H]3[C@@H](C)CCN3C(=O)c3nc(C)sc3-c3cccc(Cl)c3)nc12,HGVKAWCWIWNEEJ-ZSEKCTLFSA-N,0,antagonist,1.0,5.39
CHEMBL5787611,N#Cc1ccnc(N2CC[C@@H]3CCN(C(=O)c4cccnc4OCC(F)F)C[C@@H]32)c1,SMNWWWXBUBQYRC-RDJZCZTQSA-N,0,antagonist,1.0,6.83
CHEMBL5787613,Cc1ccc(-n2nccn2)c(C(=O)N2CCC[C@@]2(C)c2nnc(-c3ccccc3OC(F)(F)F)[nH]2)c1,ARHATBKAZZLECO-QHCPKHFHSA-N,0,antagonist,1.0,7.55
CHEMBL5787739,C[C@@]1(c2nc3cc(C(F)(F)F)c(Cl)cc3[nH]2)CCCN1C(=O)c1cc(C(F)(F)F)ccc1-n1nccn1,RDRKTXBESXXNKN-NRFANRHFSA-N,0,antagonist,1.0,6.68
CHEMBL5788019,COc1ccc(C(=O)N2CCCC[C@@H]2Cc2nc(C(C)(C)O)c(C)o2)c(C2CC2)n1,UIXPENHEWIPICY-MRXNPFEDSA-N,0,antagonist,1.0,6.3
CHEMBL5788118,CC[C@@H]1CC[C@@H](c2cc(C(C)(C)O)no2)CN1C(=O)c1ccccc1-n1nccn1,ADEGLZFPNJBGHH-HZPDHXFCSA-N,0,antagonist,1.0,7.37
CHEMBL5788215,CC(C)[C@H]1CC[C@@H](OC[C@H]2[C@@H](NS(C)(=O)=O)CCCN2C(=O)CCc2ccccc2)CC1,GYYBDAITWPSUTP-KIHHCIJBSA-N,1,agonist,1.0,5.39
CHEMBL5788541,CCOc1ncccc1-c1nc([C@@H]2CCCN2C(=O)c2cc(OC)c(F)cc2-n2nccn2)no1,XYHCBJMEXWMNOV-KRWDZBQOSA-N,0,antagonist,1.0,8.4
CHEMBL5788552,CCN(CCc1nccc(C(=O)OC)n1)C(=O)c1ccccc1-n1nccn1,QRHKTOYMMJWRJD-UHFFFAOYSA-N,0,antagonist,1.0,6.78
CHEMBL5788557,CC(=O)N1CCC[C@H](NS(C)(=O)=O)[C@@H]1CO[C@H]1CC[C@@H](c2ccc(F)c(F)c2)CC1,QAKTXKPNOXGFRN-JHOJWFKBSA-N,1,agonist,1.0,6.34
CHEMBL5788665,COC(=O)N1[C@H](C)C[C@H](NS(=O)(=O)N(C)C)[C@@H]1CO[C@H]1CC[C@@H](c2cc(F)cc(F)c2)CC1,QSTHHRAMHLMCPP-FTWGMDGFSA-N,0,antagonist,1.0,9.2
CHEMBL5788669,Cc1ccc(-n2nccn2)c(C(=O)N2CCC[C@H]2c2nc(-c3ccccc3Cl)no2)c1,AMECXQVHMZKCLX-IBGZPJMESA-N,0,antagonist,1.0,7.72
CHEMBL5788892,Cc1nc(C(=O)N2CC[C@H](C)[C@H]2c2nc3c(C(F)(F)F)cccc3[nH]2)c(-c2ccc(F)cc2)s1,FCDLZXAJCXLTRL-YUNKPMOVSA-N,0,antagonist,1.0,6.12
CHEMBL5789021,C[C@@H]1CC[C@@H](Sc2cc(C#N)ccn2)CN1C(=O)c1ccccc1-c1ncccn1,YFKXKXPHOFRRCB-SJLPKXTDSA-N,0,antagonist,1.0,7.72
CHEMBL5789051,Cc1ccc(-n2nccn2)c(C(=O)N2CCC[C@H]2c2nc(-c3cc(C)c(C)cn3)no2)c1,KTNQUTTYHKEAFX-FQEVSTJZSA-N,0,antagonist,1.0,6.62
CHEMBL5789142,Cc1nc(C(=O)N2CC[C@H](C)[C@H]2c2nc3c(Cl)cccc3[nH]2)c(-c2cccc(Cl)c2)s1,TWJUXJGFNPSWDO-YUNKPMOVSA-N,0,antagonist,1.0,5.97
CHEMBL5789156,COc1ccc(OC)c(C(=O)N[C@H]2CCC[C@@H]2Nc2nc3ccc(F)cc3s2)c1,SUXOJLAIDDIKGQ-HOTGVXAUSA-N,0,antagonist,1.0,5.68
CHEMBL5789210,Cc1noc(-c2ccccc2C(=O)N2CCC[C@H]2c2nc(-c3ccccc3OC(F)(F)F)no2)n1,IBQMHRAHGCHBKN-KRWDZBQOSA-N,0,antagonist,1.0,6.66
CHEMBL5789225,Cc1c(Br)cc2[nH]c([C@]3(C)CCCN3C(=O)c3c(F)cccc3-n3nccn3)nc2c1C,CUSXCIDGKYZTEG-QHCPKHFHSA-N,0,antagonist,1.0,8.05
CHEMBL5789236,COC(=O)N1[C@H](C)C[C@H](NS(C)(=O)=O)[C@@H]1CO[C@H]1CC[C@@H](c2cc(F)ccc2F)CC1,AVTDZSQCLSXCOX-RXUQYVRZSA-N,0,antagonist,1.0,8.78
CHEMBL5789287,COC[C@H](Cc1ccc(C)cc1)n1c(=N)n(Cc2ccsc2)c2ccccc21,STUBHJMJIROBLC-FQEVSTJZSA-N,1,agonist,1.0,6.0
CHEMBL5789313,CCC(C)(O)c1cccc(O[C@@H]2CC[C@@H](C)N(C(=O)c3ccccc3-n3nccn3)C2)c1,ZQAKKDFYQYWSRU-LCHCQGBESA-N,0,antagonist,1.0,7.62
CHEMBL5789395,Cc1nc(C(=O)N2CCC[C@H](C)[C@H]2CNc2nc3ccccc3o2)c(-c2ccc(F)cc2)s1,RSCBRJAESFFMDG-MGPUTAFESA-N,0,antagonist,1.0,6.6
CHEMBL5789601,Cc1cccc(-c2ccc(C)cc2C(=O)N2CCC[C@@]2(C)c2nc3c(C)c(C)ccc3[nH]2)c1,ONAAJCCLIZLUBD-LJAQVGFWSA-N,0,antagonist,1.0,8.15
CHEMBL5789641,C[C@@H]1CC(F)(F)CN(C(=O)c2nn(CC(F)(F)F)cc2-c2ncccn2)[C@@H]1CNc1ncc(C(F)(F)F)cn1,GEQZLCFUFPTQGG-IUODEOHRSA-N,0,antagonist,1.0,5.301029995663981
CHEMBL5789656,C=C1CC(c2nc3cccc(Cl)c3[nH]2)N(C(=O)c2nc(C3CC3)sc2-c2cccc(C)c2)C1,NNISSXBNAJEOBA-UHFFFAOYSA-N,0,antagonist,1.0,9.0
CHEMBL5789703,COc1c(F)cccc1-c1nnc([C@@H]2CCCN2C(=O)c2cc(Cl)c(C)cc2-n2nccn2)[nH]1,ZOJKXWFXEAGBLO-SFHVURJKSA-N,0,antagonist,1.0,8.7
CHEMBL5789792,C[C@@]1(c2nc(-c3ccccc3)no2)CCCN1C(=O)c1ccccc1-n1nccn1,WRKCZGBPGGGNBT-QFIPXVFZSA-N,0,antagonist,1.0,5.54
CHEMBL5789925,Cc1cnn2ccnc(O[C@@H]3CC[C@@H](C)N(C(=O)c4ccccc4-n4nccn4)C3)c12,AHONSBIUOSQTKE-IAGOWNOFSA-N,0,antagonist,1.0,7.72
CHEMBL5790140,CS(=O)(=O)N[C@H]1CCCN(C(=O)CC2CC2)[C@H]1COC1CCN(c2ccccc2F)CC1,OBXFOPFSYXJNPX-UNMCSNQZSA-N,1,agonist,1.0,5.66
CHEMBL5790278,C=C1C[C@@H](c2nc3cc(OC)ccc3[nH]2)N(C(=O)c2nc(C)sc2-c2cccc(C)c2)C1,JGSAZINDEZSQOU-NRFANRHFSA-N,0,antagonist,1.0,8.52
CHEMBL5790317,Cc1ccc(-n2nccn2)c(C(=O)N2CCC[C@H]2c2nc(-c3ccc4c(c3)OC(F)(F)O4)no2)c1,WQGITNWDLOYGLA-KRWDZBQOSA-N,0,antagonist,1.0,6.19
CHEMBL5790557,COc1cc(-c2noc([C@@H]3CCCN3C(=O)c3cc(C)ccc3-n3nccn3)n2)ccn1,NRDCSFPUBINGRT-SFHVURJKSA-N,0,antagonist,1.0,6.02
CHEMBL5790623,N#Cc1ccnc(N2CC[C@@H]3CCN(C(=O)c4ccccc4-n4nccn4)C[C@@H]32)n1,UAVUNRJVYJQBFH-KXBFYZLASA-N,0,antagonist,1.0,6.03
CHEMBL5790634,COC1CN(c2cccnc2C(=O)N[C@H]2CCC[C@@H]2Nc2nc3ccc(F)cc3s2)C1,LGPHVTUAYBELNI-HOTGVXAUSA-N,0,antagonist,1.0,5.0
CHEMBL5790732,CSc1cccc2nc([C@@H]3CCCN3C(=O)c3cc(C)ccc3-n3nccn3)[nH]c12,HTLSPVCAEDMMOW-SFHVURJKSA-N,0,antagonist,1.0,7.64
CHEMBL5790745,COc1ccc(-n2nccn2)c(C(=O)N2CC[C@H](C)[C@H]2c2nc3cc(Cl)c(C)cc3[nH]2)c1,CNCDUEDPGAHZTP-ZSEKCTLFSA-N,0,antagonist,1.0,7.11
CHEMBL5790771,CO[C@H]1CN(C(=O)c2nc(C)sc2-c2cccc(Cl)c2)C(C)(c2nc3c(C)cccc3[nH]2)C1,UKIOGYCAAMEJKJ-YDONVPIESA-N,0,antagonist,1.0,7.72
CHEMBL5790798,Cc1ccc(CC(CO)n2c(=N)n(Cc3ccsc3)c3ccccc32)cc1,XAZLFWGEBAQWNC-UHFFFAOYSA-N,1,agonist,1.0,6.0
CHEMBL5790859,Cc1ccc(-n2nccn2)c(C(=O)N2CCC[C@H]2c2nc(-c3ccccc3OC(F)(F)F)co2)c1,KTAATWIYCNEXBN-FQEVSTJZSA-N,0,antagonist,1.0,7.8
CHEMBL5790890,Cc1ccc(CC(CN(C)C(=O)CO)n2c(=N)n(C(C)c3ccc(C)cc3)c3cccnc32)cc1,WFJPNFFIVFPIFT-UHFFFAOYSA-N,1,agonist,1.0,5.5600000000000005
CHEMBL5790987,CN(C)S(=O)(=O)N[C@H]1CCCN(C(=O)OCC(F)(F)F)[C@H]1COC1CCN(c2ncccn2)CC1,JGZPMEOQRGKCIA-IRXDYDNUSA-N,1,agonist,1.0,6.77
CHEMBL5791008,CCOc1ccccc1C(=O)N[C@H]1CCC[C@@H]1Nc1nc2ccc(F)cc2s1,PANQUNPQBDJWKU-HOTGVXAUSA-N,0,antagonist,1.0,5.85
CHEMBL5791115,C=C1CC(c2nc3c(C)cccc3[nH]2)N(C(=O)c2cc(C)sc2-c2ccc(C)c(C)c2)C1,CGJIPORKYPTNBC-UHFFFAOYSA-N,0,antagonist,1.0,8.4
CHEMBL5791284,COC[C@H](Cc1ccc(C)cc1)n1c(=N)n(Cc2nc3ccccc3s2)c2ccccc21,NDGSYIRRGPNDEW-FQEVSTJZSA-N,1,agonist,1.0,5.3
CHEMBL5791327,C[C@@H]1CC[C@@H](Oc2nccn3c(C(F)F)cnc23)CN1C(=O)c1ccsc1-c1ncccn1,PGBGXXUVCLEVCA-ZIAGYGMSSA-N,0,antagonist,1.0,7.27
CHEMBL5791426,COc1cccc(-c2sc(C)nc2C(=O)N2CC[C@H](C)[C@H]2c2nc3c(Cl)cccc3[nH]2)c1,QODXQJPUROUTSV-ZSEKCTLFSA-N,0,antagonist,1.0,6.32
CHEMBL5791575,CC1(OC(=O)N2CCC[C@H](NS(C)(=O)=O)[C@@H]2COC2CCN(c3ncccn3)CC2)CC1,TXRQRJLDSMMLKT-ROUUACIJSA-N,1,agonist,1.0,6.58
CHEMBL5791580,Cc1ccc(-n2nccn2)c(C(=O)N2CCC[C@H]2c2nc(-c3cccc4cc[nH]c34)no2)c1,JSJSRBOREVOTHH-FQEVSTJZSA-N,0,antagonist,1.0,8.05
CHEMBL5791596,Cc1ccc(Cn2c(=N)n(C(CO)Cc3ccccc3)c3ccccc32)cc1,ZGNCOFUWRSBKMH-UHFFFAOYSA-N,1,agonist,1.0,5.3
CHEMBL5791745,CCNC(=O)N1CCC[C@H](NS(C)(=O)=O)[C@@H]1CO[C@H]1CCC[C@@H]1Oc1ccccc1,BIUJTBRAKWHGKG-MUGJNUQGSA-N,1,agonist,1.0,5.8
CHEMBL5791929,COC(=O)c1c(OC)ccnc1O[C@@H]1CC[C@@H](C)N(C(=O)c2cccc(F)c2-c2nc(C)no2)C1,BLOFCXIRTNYNSW-UKRRQHHQSA-N,0,antagonist,1.0,7.4
CHEMBL5792026,Cc1ccc(CC(CO)n2c(=N)n(Cc3ccc(C)cc3)c3cccnc32)cc1,JKYXRPDXSYWKAU-UHFFFAOYSA-N,1,agonist,1.0,5.3
CHEMBL5792083,COc1c(F)cccc1-c1nc([C@@H]2CCCN2C(=O)c2cc(Cl)ccc2-n2nccn2)no1,CEBUUBARAHDERG-SFHVURJKSA-N,0,antagonist,1.0,8.52
CHEMBL5792103,C[C@@H]1CC(F)(F)CN(C(=O)c2cc(Cl)ccc2-c2nnn(C)n2)C1CNc1cnc(C(F)(F)F)cn1,XNRHPQMAUHSGBV-ZRKZCGFPSA-N,0,antagonist,1.0,5.301029995663981
CHEMBL5792127,Cc1cc(C#N)ncc1N1CC[C@@H]2CCN(C(=O)c3ccccc3-n3nccn3)C[C@@H]21,FSGJIASGXBUEQL-JTSKRJEESA-N,0,antagonist,1.0,5.0
CHEMBL5792132,Cc1sc([C@@H]2CC[C@@H](C)N(C(=O)c3ccccc3-n3ncnn3)C2)nc1C(C)(C)O,AIXHGBDMNYPTQL-UKRRQHHQSA-N,0,antagonist,1.0,7.72
CHEMBL5792135,C[C@@H]1CC[C@@H](Oc2nccn3ccnc23)CN1C(=O)c1ccccc1CC(F)(F)F,PRDQZAKUHDJOIQ-GDBMZVCRSA-N,0,antagonist,1.0,7.3
CHEMBL5792268,CCS(=O)(=O)N[C@H]1C[C@@H](C)N(C(=O)OC)[C@H]1CO[C@@H]1CC[C@]2(c3ncc(F)cn3)C[C@@H]2C1,ZFJVRNBKXJAGJA-GMBQTQCJSA-N,0,antagonist,1.0,7.86
CHEMBL5792299,Cc1ccc(-c2cccnc2)c(C(=O)N2CC[C@H](C)[C@H]2c2nc3c(C)c(Cl)ccc3[nH]2)c1F,QSZJVKQXTFSOHN-OWJWWREXSA-N,0,antagonist,1.0,5.2
CHEMBL5792341,COC(C)(C)c1cc([C@@H]2CC[C@@H](C)N(C(=O)c3ccccc3-n3nccn3)C2)no1,IRCFHMLPZBLDAP-HZPDHXFCSA-N,0,antagonist,1.0,7.56
CHEMBL5792348,CS(=O)(=O)N[C@H]1CCCN(C(=O)[C@@H]2CCC(=O)O2)[C@H]1CO[C@H]1CC[C@@H](c2ccccc2)CC1,LURURCBNPRWHKP-WIYBCGNWSA-N,1,agonist,1.0,8.03
CHEMBL5792451,Cc1ccc(-c2ccccc2F)c(C(=O)N2CCC[C@@]2(C)c2nc3cc(C)c(C)cc3n2C)c1,PWESHWNSNAMDET-LJAQVGFWSA-N,0,antagonist,1.0,7.38
CHEMBL5792524,C=C1C[C@@H](c2nc3ccc(Cl)c(C)c3[nH]2)N(C(=O)c2nc(C)sc2-c2ccc(Cl)c(Cl)c2)C1,SKRGGMWIJIAQDK-IBGZPJMESA-N,0,antagonist,1.0,9.1
CHEMBL5792551,CCN(CCn1nc(C)c(C(C)(C)O)n1)C(=O)c1ccccc1OCC(F)F,LPDIGCJJKXKMPG-UHFFFAOYSA-N,0,antagonist,1.0,7.46
CHEMBL5792563,CCCc1ccccc1C(=O)N(CC)CCc1ccc(C(C)(C)O)cn1,HVRNTPYOVIRHIR-UHFFFAOYSA-N,0,antagonist,1.0,6.47
CHEMBL5792688,CO[C@H]1C[C@@H](c2nc3ccc(Cl)c(C)c3[nH]2)N(C(=O)c2cc(C)ccc2-n2nccn2)C1,VHWGLBVUOHRYHN-YWZLYKJASA-N,0,antagonist,1.0,7.16
CHEMBL5792690,CC[C@@H]1C[C@H](N(COCC[Si](C)(C)C)S(C)(=O)=O)[C@H](CO[C@H]2CC[C@@H](c3ccccc3)CC2)N1Cc1ccccc1,KSXZHYVKKKNBSN-ZPZOKNLESA-N,0,antagonist,1.0,8.09
CHEMBL5792766,C[C@@H]1CC(F)(F)CN(C(=O)c2nn(C)cc2-c2cccnc2)C1CNc1cnc(C(F)(F)F)cn1,KJYGIUAZLBGAHC-JBZHPUCOSA-N,0,antagonist,1.0,5.301029995663981
CHEMBL5792813,CCN(CCN(C)c1cccc(C(C)(C)O)n1)C(=O)c1ccccc1-n1nccn1,DQNDADHDXKZQQZ-UHFFFAOYSA-N,0,antagonist,1.0,7.91
CHEMBL5792872,COC(=O)c1c(OC)cccc1O[C@@H]1CC[C@@H](C)N(C(=O)c2ccccc2-n2ncnn2)C1,HZRYNAMRGBLXJJ-HZPDHXFCSA-N,0,antagonist,1.0,6.7
CHEMBL5792902,O=C(N[C@H]1CCC[C@@H]1Nc1nc2ccc(Cl)cc2s1)c1ncccc1-n1nccn1,YADZPQTWBQGVJH-KBPBESRZSA-N,0,antagonist,1.0,5.0
CHEMBL5792909,C[C@@]1(c2nc3cc(C(F)(F)F)ccc3[nH]2)CCCN1C(=O)c1cc(C#N)ccc1-n1nccn1,IQJRTUZGWDZKEF-QFIPXVFZSA-N,0,antagonist,1.0,6.58
CHEMBL5793024,CCN(CCc1ccc(C(C)(C)O)cn1)C(=O)c1ccccc1OC(F)(F)F,IXPXZLGEGUDEQP-UHFFFAOYSA-N,0,antagonist,1.0,6.62
CHEMBL5793089,Cc1ccc(-n2nccn2)c(C(=O)N2CCCN(c3nc4ccc(Cl)cc4c(=O)[nH]3)CC2)c1,PKNMJDVLHAXVPL-UHFFFAOYSA-N,0,antagonist,1.0,6.58
CHEMBL5793185,CCN(CCc1nc(C(C)(C)O)c(C)o1)C(=O)c1ccsc1-n1nccn1,GMTLOZOGNCQUBK-UHFFFAOYSA-N,0,antagonist,1.0,7.2
CHEMBL5793552,C[C@@H]1CCC(c2nc(CF)c(-c3ccccc3)o2)CN1C(=O)c1ccccc1-n1nccn1,TZHDKGCIJJNKDE-DUSLRRAJSA-N,0,antagonist,1.0,6.8
CHEMBL5793771,Cc1ccc(-n2nccn2)c(C(=O)N[C@H]2CCC[C@@H]2Cc2ccc3ccccc3n2)c1,ZHXUEUNSASSKLN-XXBNENTESA-N,0,antagonist,1.0,5.0
CHEMBL5793887,Cc1oc(C[C@H]2CCCCN2C(=O)c2ncccc2-n2nccn2)nc1C(C)(C)O,HMMWEDJZZZOSCI-OAHLLOKOSA-N,0,antagonist,1.0,6.65
CHEMBL5793897,C[C@@H]1CCCN(C(=O)c2cc(F)c(F)cc2-c2ncccn2)[C@@H]1CNc1ncc(Cl)cn1,SBTWFFJFXDIIKU-BFUOFWGJSA-N,0,antagonist,1.0,5.301029995663981
CHEMBL5794013,COc1c(Cl)cccc1-c1nc([C@@H]2CCCN2C(=O)c2cc(C)c(C)cc2-n2nccn2)no1,RHUPJZFHSQTXAK-IBGZPJMESA-N,0,antagonist,1.0,9.0
CHEMBL5794084,C[C@@H]1C[C@H](NS(C)(=O)=O)[C@H](CO[C@H]2CC[C@@]3(c4ncc(F)cn4)C[C@H]3C2)N1C(=O)OC[C@H]1[C@H](C)C1(F)F,GCCYPKKCVHPWTJ-SWJTXVIVSA-N,0,antagonist,1.0,9.0
CHEMBL5794134,CC(C)(O)c1cc([C@@H]2CCCN(C(=O)c3ccccc3OCC(F)(F)F)C2)on1,QJRJGQVLTGZTRF-CYBMUJFWSA-N,0,antagonist,1.0,6.67
CHEMBL5794138,CC#Cc1ccc(C)nc1C(=O)N1CC(F)(F)C[C@@H](C)[C@H]1CNc1ncc(C(F)(F)F)cn1,NMOABZGQUQGDCO-CXAGYDPISA-N,0,antagonist,1.0,5.301029995663981
CHEMBL5794195,COc1cc(OC)nc(N2CC[C@@H]3CCN(C(=O)c4ccccc4-n4nccn4)C[C@@H]32)n1,DGGZDROWAYVDPW-YJBOKZPZSA-N,0,antagonist,1.0,5.68
CHEMBL5794218,CCN(CCN(C)c1cccc(C(C)(C)O)n1)C(=O)c1ccccc1-n1cccn1,VJOHXQPFIPDCJH-UHFFFAOYSA-N,0,antagonist,1.0,7.03
CHEMBL5794224,Cc1cn2ccnc(O[C@@H]3CC[C@@H](C)N(C(=O)c4cccnc4OCC(F)(F)F)C3)c2n1,HPRZHGRPPJOIQY-HUUCEWRRSA-N,0,antagonist,1.0,7.47
CHEMBL5794238,O=C(c1ccccc1-c1ccccc1)N1CCC[C@H]1c1nnc(-c2ccccc2OC(F)(F)F)[nH]1,AXKCOULBYXGBHN-NRFANRHFSA-N,0,antagonist,1.0,7.08
CHEMBL5794274,CCN(CCc1nc(C(C)(C)O)c(C)o1)C(=O)c1ccccc1CC(F)(F)F,SHJMSRTZFIDZQH-UHFFFAOYSA-N,0,antagonist,1.0,6.68
CHEMBL5794390,Cc1c(Cl)ccc2[nH]c([C@]3(C)CCCN3C(=O)c3cc(Cl)ccc3-n3nccn3)nc12,ZDGPOSKGUZNOIJ-QFIPXVFZSA-N,0,antagonist,1.0,8.05
CHEMBL5794586,C[C@@H]1CC(F)(F)CN(C(=O)c2nn(C)cc2-c2ncccn2)C1CNc1ncc(C(F)(F)F)cn1,QEMYXMRZSJMQFL-KEKZHRQWSA-N,0,antagonist,1.0,5.301029995663981
CHEMBL5794606,COC(=O)N1[C@H](C)C[C@H](NS(C)(=O)=O)[C@@H]1CO[C@H]1CC[C@@H](C(C)C)CC1,AHFSKZZKXDKMPF-NRKLIOEPSA-N,0,antagonist,1.0,7.75
CHEMBL5794627,COc1cccc(-c2noc([C@@H]3CCCN3C(=O)c3cc(C)ccc3-n3nccn3)n2)c1,ODORFZKNSBZADC-FQEVSTJZSA-N,0,antagonist,1.0,7.47
CHEMBL5794814,CCN(CCN(C)c1nccc(C(C)(C)O)n1)C(=O)c1ccccc1-n1ncnn1,TXENDFXVXHYNDY-UHFFFAOYSA-N,0,antagonist,1.0,7.77
CHEMBL5794852,COc1ccc2nc([C@@H]3CCCN3C(=O)c3nc(C)sc3-c3ccc(C)cc3)[nH]c2c1,RUHSTWPONTYGMW-FQEVSTJZSA-N,0,antagonist,1.0,7.28
CHEMBL5794883,Cc1cccc(C(=O)N2C[C@H](Oc3nccc(C#N)c3C)CC[C@H]2C)c1-n1nccn1,ZLGOHPFJEPYOQA-VQIMIIECSA-N,0,antagonist,1.0,8.875
CHEMBL5794910,Cc1cncc(-c2ccc(C)cc2C(=O)N2CCC[C@@H](C)[C@H]2CNc2ccc(C(F)(F)F)cn2)c1,WZBOFEVZHIWEBH-NTKDMRAZSA-N,0,antagonist,1.0,5.46
CHEMBL5795221,CO[C@@H]1CN(c2ncc(F)cn2)CC[C@@H]1[C@@H]1C[C@H]2CC[C@@H](C1)N2[C@@H](C(N)=O)C1CC1,AXOUSJFGEOVDQT-SNHWRCJTSA-N,1,agonist,1.0,8.82
CHEMBL5795307,Cc1cccc(C(=O)N2CCC[C@@H](C)[C@H]2CNc2ncc(C(F)(F)F)cn2)c1-c1ncccn1,ARTSNUKMDAQOOP-DNVCBOLYSA-N,0,antagonist,1.0,5.63
CHEMBL5795389,Cc1ccc(-n2nccn2)c(C(=O)N2CCC[C@@]2(C)c2nc3cc(C)c(C)cc3[nH]2)n1,OVZVXTRBJGBXLZ-QHCPKHFHSA-N,0,antagonist,1.0,6.89
CHEMBL5795475,Cc1cc(C(=O)N2CCC[C@@]2(C)c2nc3cc(F)c(Br)cc3[nH]2)c(-n2nccn2)cc1C,XVMJBFKNJYLIGG-QHCPKHFHSA-N,0,antagonist,1.0,8.22
CHEMBL5795624,COc1ccc(-n2nccn2)c(C(=O)N2CCC[C@@]2(C)c2nc3cc(F)c(Br)cc3[nH]2)c1F,VYSNGMLKCGSKNF-QFIPXVFZSA-N,0,antagonist,1.0,6.21
CHEMBL5795667,COCC(Cc1ccc(C)cc1)n1c(=N)n(C(C)c2ccc(C)cc2)c2cccnc21,QGROROJTAULKRO-UHFFFAOYSA-N,1,agonist,1.0,5.91
CHEMBL5795729,O=C(N[C@H]1CCC[C@@H]1Nc1nc2ccc(F)cc2s1)c1ncccc1Br,PCPVMZZUSCLODN-STQMWFEESA-N,0,antagonist,1.0,5.0
CHEMBL5795839,C[C@@H]1C[C@@H](Nc2cc(C(F)F)ccn2)CN1C(=O)c1ccccc1-n1nccn1,RPDYVWNSIPEQKC-UKRRQHHQSA-N,0,antagonist,1.0,7.87
CHEMBL5795875,Cc1c(C#N)ccnc1O[C@@H]1CC[C@@H](C)N(C(=O)c2cc(Cl)ccc2-n2nccn2)C1,OFTQRGFHJNCFRQ-RDTXWAMCSA-N,0,antagonist,1.0,7.41
CHEMBL5796065,CCN(CCN(C)c1nc(C)cc(C)n1)C(=O)c1nccnc1N1CCCC1,PUWBONXQMIDQBH-UHFFFAOYSA-N,0,antagonist,1.0,6.49
CHEMBL5796093,Cc1sc([C@@H]2CC[C@@H](C)N(C(=O)c3ccsc3-c3ncccn3)C2)nc1C(C)(C)O,OUIXFSUFGLVQIE-UKRRQHHQSA-N,0,antagonist,1.0,7.06
CHEMBL5796118,Cc1ccc(-c2nc(C)sc2C(=O)N2CC[C@H](C)[C@H]2c2nc3c(C)cc(Cl)cc3[nH]2)cc1,VAWYWUQKZFFETF-FPTDNZKUSA-N,0,antagonist,1.0,6.0
CHEMBL5796182,Cc1c(Cl)cccc1-c1noc([C@@H]2CCCN2C(=O)c2cc(C#N)ccc2-n2nccn2)n1,HFPITLHILISNAP-FQEVSTJZSA-N,0,antagonist,1.0,6.61
CHEMBL5796315,CO[C@H]1CN(C(=O)c2cc(C)ccc2-n2nccn2)[C@](C)(c2nc3c(C)c(Cl)ccc3[nH]2)C1,SMWYFICPEVRFOB-GYCJOSAFSA-N,0,antagonist,1.0,8.7
CHEMBL5796415,CCOc1ncccc1-c1noc([C@@H]2CCCN2C(=O)c2cccc(F)c2-c2ccn[nH]2)n1,LJLAUJLSTXXHLU-SFHVURJKSA-N,0,antagonist,1.0,7.57
CHEMBL5796629,O=C(c1ccccc1-n1nccn1)N1CC[C@H]2CCN(c3nc4ccccc4o3)[C@H]2C1,CKCZLKFINOEYIQ-JXFKEZNVSA-N,0,antagonist,1.0,5.0
CHEMBL5796736,CC(C)OC(=O)N1CCC[C@H](NS(C)(=O)=O)[C@@H]1CO[C@@H]1CCN(c2ncccn2)C[C@H]1F,ZKWLIYIFBPMANN-VSZNYVQBSA-N,1,agonist,1.0,7.89
CHEMBL5796820,C[C@@H]1CC[C@@H](Oc2nccn3ccnc23)CN1C(=O)c1ccccc1C1(C#N)CC1,ICANWASJWYMFKN-IAGOWNOFSA-N,0,antagonist,1.0,7.84
CHEMBL5796985,COc1cc2nc([C@]3(C)CCCN3C(=O)c3nc(C)sc3-c3ccc(C(F)(F)F)cc3)[nH]c2cc1OC,IFEBHXKVKDHYNG-VWLOTQADSA-N,0,antagonist,1.0,6.38
CHEMBL5797040,C[C@@H]1CC[C@@H](Oc2ccnc3ocnc23)CN1C(=O)c1ccccc1-n1ncnn1,WRSBGKRWXHJPKB-ZIAGYGMSSA-N,0,antagonist,1.0,7.43
CHEMBL5797196,Cc1ccc(-c2cnn(C)c2)c(C(=O)N2CCC[C@@H](C)[C@H]2CNc2nc3cc(Cl)ccc3o2)c1,XCCLELVOLKRXME-UZUQRXQVSA-N,0,antagonist,1.0,6.1
CHEMBL5797233,Cc1ccc(-n2nccn2)c(C(=O)N2CCC[C@H]2c2cc(-c3cccc(C)c3C)no2)c1,LXBCMXPABDHUIZ-QHCPKHFHSA-N,0,antagonist,1.0,8.4
CHEMBL5797250,Cc1cn2ccnc(O[C@@H]3CC[C@@H](C)N(C(=O)c4ccccc4C4(C#N)CC4)C3)c2n1,SXVFMYAMZHNWPN-QZTJIDSGSA-N,0,antagonist,1.0,7.88
CHEMBL5797507,Cc1cc2nc([C@@H]3[C@@H](C)CCN3C(=O)c3cc(Cl)ccc3-n3nccn3)[nH]c2cc1C,OJVPFTHFYQCMAZ-ZSEKCTLFSA-N,0,antagonist,1.0,7.1
CHEMBL5797634,CC(C)[C@H]1CC[C@@H](OC[C@H]2[C@@H](NS(C)(=O)=O)CCCN2S(=O)(=O)c2cccnc2)CC1,KQRBLLFHZKZUDN-YHELAOLJSA-N,1,agonist,1.0,5.42
CHEMBL5797737,C[C@@H]1CC[C@@H](c2cc(C(C)(C)O)no2)CN1C(=O)c1ccccc1OCC(F)F,ZARPXHNCLJUNCT-ZIAGYGMSSA-N,0,antagonist,1.0,6.85
CHEMBL5797750,N#Cc1ccnc(N2CC[C@@H]3CCN(C(=O)c4cccnc4-c4ccccc4)C[C@@H]32)c1,GCOSQWUZOWRHBY-UGKGYDQZSA-N,0,antagonist,1.0,7.03
CHEMBL5797763,COc1cc(C(=O)N2CCC[C@H]2c2nc(-c3cccc(Cl)c3C)no2)c(-c2ncccn2)cc1C,XBUJZBOQNZNSMC-NRFANRHFSA-N,0,antagonist,1.0,7.92
CHEMBL5797811,Cc1ccc(-c2ccccn2)c(C(=O)N2CCC[C@@H](C)[C@H]2CNc2ccc(C#N)cn2)c1,MHCCELCMOQKEHD-NTKDMRAZSA-N,0,antagonist,1.0,5.301029995663981
CHEMBL5797887,N#Cc1ccnc(N2CC[C@@H]3CCN(C(=O)c4cccnc4-n4cccn4)C[C@@H]32)c1,DDEIRLQIXJGORV-HKUYNNGSSA-N,0,antagonist,1.0,7.43
CHEMBL5797905,COc1cccc(-c2ccc(C)cc2C(=O)N2CCC[C@@]2(C)c2nc3cc(C(F)(F)F)c(Cl)cc3[nH]2)c1,SPNKHSFFGNCOPO-MHZLTWQESA-N,0,antagonist,1.0,7.58
CHEMBL5797915,C[C@@H]1CC[C@@H](Oc2cc(OCC(F)F)ccn2)CN1C(=O)c1ccsc1-c1ncccn1,SSOLHLIZGQHOBQ-GDBMZVCRSA-N,0,antagonist,1.0,7.44
CHEMBL5798130,Cc1c(Cl)ccc2[nH]c([C@]3(C)CCCN3C(=O)c3nc(-c4ccc(F)cc4)sc3-c3ccc(F)cc3)nc12,GZUFHYMFQWALCS-LJAQVGFWSA-N,0,antagonist,1.0,6.28
CHEMBL5798201,Cc1cc2[nH]c([C@@H]3[C@@H](C)CCN3C(=O)c3c(F)cccc3-c3ccccc3)nc2cc1Cl,LVPCJLWAICMVGU-OWJWWREXSA-N,0,antagonist,1.0,5.97
CHEMBL5798237,Cc1ccc(-n2cccn2)c(C(=O)N2CCC[C@H]2c2nc(-c3cccc(Cl)c3C)no2)n1,OVDDOBCCFZYGFD-IBGZPJMESA-N,0,antagonist,1.0,6.7
CHEMBL5798383,COC[C@H](Cc1ccc(C)cc1)n1c(=N)n(Cc2ccc(F)c(F)c2)c2ccccc21,UHHXBBZSRGZQPA-FQEVSTJZSA-N,1,agonist,1.0,6.0
CHEMBL5798436,COC(=O)c1cc(C)nc(O[C@@H]2CC[C@@H](C)N(C(=O)c3ccccc3-n3nccn3)C2)c1,DXOASRLWOYQCCL-SJLPKXTDSA-N,0,antagonist,1.0,7.08
CHEMBL5798491,CO[C@H]1CN(C(=O)c2cc(Cl)ccc2-n2nccn2)C(C)(c2nc3c(C)c(Cl)ccc3[nH]2)C1,VKJYSIARVKDYIT-NKTHEXPSSA-N,0,antagonist,1.0,8.22
CHEMBL5798501,COC(=O)c1c(C2CCC2)ccnc1O[C@@H]1CC[C@@H](C)N(C(=O)c2ccccc2-n2nccn2)C1,NSXQPMFYLVYRFB-IEBWSBKVSA-N,0,antagonist,1.0,6.57
CHEMBL5798611,C[C@@H]1CC[C@@H](Oc2cc(OC(F)F)ccn2)CN1C(=O)c1cscc1-n1nccn1,CLCUVQHMSAJFFH-TZMCWYRMSA-N,0,antagonist,1.0,7.89
CHEMBL5798940,C[C@@H]1CC[C@@H](Sc2cc(C#N)ccn2)CN1C(=O)c1sccc1-c1ncccn1,LKZDFIMZVKYMKY-GDBMZVCRSA-N,0,antagonist,1.0,8.28
CHEMBL5798949,CCn1c([C@]2(C)CCCN2C(=O)c2cc(C)ccc2-c2cccc(OC)c2)nc2cc(C)c(C)cc21,LSMYNAIPGSYMGF-HKBQPEDESA-N,0,antagonist,1.0,7.46
CHEMBL5798960,Cc1c(Cl)ccc2[nH]c([C@]3(C)CCCN3C(=O)c3nc(-c4cccc(F)c4F)sc3-c3ccc(F)cc3)nc12,NSJMDFAFVJMALS-LJAQVGFWSA-N,0,antagonist,1.0,6.11
CHEMBL5799004,CS(=O)(=O)N[C@H]1CCCN(C(=O)[C@H]2C[C@@H]2F)[C@H]1COC1CCN(c2ccccc2F)CC1,RZJOCKDDAFARFG-WBKMXMRLSA-N,1,agonist,1.0,5.68
CHEMBL5799161,Cc1nc(C(=O)N2CCC[C@@]2(C)c2nc3c(C)c(C)c(Br)cc3[nH]2)c(-c2ccccc2C)s1,LBTMSWKGHBWYAU-SANMLTNESA-N,0,antagonist,1.0,8.22
CHEMBL5799167,Cc1cn2ccnc(O[C@@H]3CC[C@@H](C)N(C(=O)c4cscc4-n4nccn4)C3)c2n1,LIQARBFRBHCGLD-HUUCEWRRSA-N,0,antagonist,1.0,7.41
CHEMBL5799197,Cc1nc(C(=O)N2CC[C@H](C)[C@H]2c2nc3cc(Cl)c(C)cc3[nH]2)c(-c2cc(F)cc(F)c2)s1,GKGAVHIEIUAYHG-MQJDWESPSA-N,0,antagonist,1.0,5.7
CHEMBL5799316,Cc1ccc(-n2cccn2)c(C(=O)N2CCC[C@@]2(C)c2nc3c(C)c(Cl)ccc3[nH]2)c1,AWYCCGHIHBHRDF-DEOSSOPVSA-N,0,antagonist,1.0,7.85
CHEMBL5799463,CCc1ccnc(N2CC[C@@H]3CCN(C(=O)c4ccccc4-n4nccn4)C[C@@H]32)c1,XHAWEXDHHAWEDC-RXVVDRJESA-N,0,antagonist,1.0,5.99
CHEMBL5799475,Cc1ccc(-c2sc(C)nc2C(=O)N2CC(F)(F)C[C@@H](C)C2CNc2ncc(C(F)(F)F)cn2)nc1,IPJLXDURCSJATB-FWJOYPJLSA-N,0,antagonist,1.0,5.301029995663981
CHEMBL5799588,C[C@@H]1CCCN(C(=O)c2cc(Cl)ccc2-c2ncccn2)[C@@H]1CNc1ncc(Cl)cn1,YHWJWGGNLJCUJI-AUUYWEPGSA-N,0,antagonist,1.0,5.301029995663981
CHEMBL5799835,C[C@@H]1CC[C@@H](c2cc(C(C)(C)O)sn2)CN1C(=O)c1ccc(F)cc1-n1nccn1,AJNMLNUBNXEABO-ZIAGYGMSSA-N,0,antagonist,1.0,7.73
CHEMBL5799850,CC(C)[C@H]1CC[C@@H](OC[C@H]2[C@@H](NS(C)(=O)=O)CCCN2C(=O)NCC(F)(F)F)CC1,VYDIELLBAIYYLN-YVSFHVDLSA-N,1,agonist,1.0,8.54
CHEMBL5799864,COc1cccc(-c2ccc(C)cc2C(=O)N2CCC[C@@]2(C)c2nc3c(C)c(C)ccc3[nH]2)c1,SACAPMKUGKZWCN-LJAQVGFWSA-N,0,antagonist,1.0,7.85
CHEMBL5799956,C[C@@H]1CC(F)(F)CN(C(=O)c2nn(C)cc2-c2ncc(F)cn2)[C@@H]1CNc1ncc(C(F)(F)F)cn1,VGUTUOBAEJKCGW-IAQYHMDHSA-N,0,antagonist,1.0,5.301029995663981
CHEMBL5800140,C=C1C[C@@H](c2nc3cc(C)c(C)cc3[nH]2)N(C(=O)c2ccc(C)cc2-n2nccn2)C1,QACQHWVHRNFOFN-QFIPXVFZSA-N,0,antagonist,1.0,8.52
CHEMBL5800408,CCN(CCN(C)c1nccc(C#N)c1C)C(=O)c1ccccc1-n1nccn1,FKNAGPPGNKZRBQ-UHFFFAOYSA-N,0,antagonist,1.0,6.7
CHEMBL5800593,Cc1ccc(-n2ncc(C)n2)c(C(=O)N2CCC[C@@H](C)[C@H]2CNc2ccc(C(F)(F)F)cn2)c1,QOUUKDQKZCPNRX-IIBYNOLFSA-N,0,antagonist,1.0,6.6
CHEMBL5800636,C[C@@H]1CC[C@@H](Oc2nccc3c2C(=O)OC3(C)C)CN1C(=O)c1ccccc1-n1ncnn1,GVOCBSHHRNKXFF-HUUCEWRRSA-N,0,antagonist,1.0,6.96
CHEMBL5800770,N#Cc1ccnc(N2CC[C@@H]3CCN(C(=O)c4ccccc4C4CC4(F)F)C[C@@H]32)c1,RMNZHFJTJSRMTI-LIXNJBPUSA-N,0,antagonist,1.0,7.36
CHEMBL5800780,Cc1nc(C(=O)N2CCC[C@H]2c2nc3cccc(Cl)c3[nH]2)c(-c2cccc(Cl)c2)s1,YVJOHZJBIIZGQO-KRWDZBQOSA-N,0,antagonist,1.0,7.5
CHEMBL5800871,CS(=O)(=O)N[C@H]1CCCN(C(=O)CC2CC2)[C@H]1CO[C@H]1C[C@@H](c2ccccc2)C1,CYRXZBCYGABWIJ-WOZUAGRISA-N,1,agonist,1.0,6.23
CHEMBL5800929,COc1ccc2c3c1O[C@H]1[C@H](N(C)C(=O)NCc4ccccc4)CC[C@@]4(O)[C@@H](C2)N(S(=O)(=O)c2ccccc2)CC[C@]314,XOEVAOUIRQJQDB-RQZMOBKGSA-N,0,antagonist,1.0,5.0
CHEMBL5801133,COc1ccc(-c2ccccc2)c(C(=O)N2CCC[C@H]2c2nc(-c3ccccc3OC(F)(F)F)no2)c1,KFAYFXBNCHFRIM-QFIPXVFZSA-N,0,antagonist,1.0,7.46
CHEMBL5801219,O=C(c1ccccc1-n1nccn1)N1CC[C@H]2CCN(c3nccn4cccc34)[C@H]2C1,KFOKDBMBIFMJRP-UWJYYQICSA-N,0,antagonist,1.0,5.97
CHEMBL5801224,COC(=O)N1[C@H](C)C[C@H](NS(=O)(=O)C(F)F)[C@@H]1CO[C@H]1CC[C@@]2(c3ncc(Cl)cn3)C[C@H]2C1,LTWAHMCZSSOZFS-NCEORPFNSA-N,0,antagonist,1.0,8.92
CHEMBL5801310,C=C1C[C@@H](c2nc3cc(C(C)(C)C)ccc3[nH]2)N(C(=O)c2cc(C(F)(F)F)ccc2-n2nccn2)C1,BEVXRAMIPHZSQN-QFIPXVFZSA-N,0,antagonist,1.0,7.27
CHEMBL5801545,C=C1C[C@@H](c2nc3cc(OC)ccc3[nH]2)N(C(=O)c2ccccc2-c2ccc(C)cc2)C1,KAXREJIDRGZNPT-VWLOTQADSA-N,0,antagonist,1.0,7.43
CHEMBL5801607,C[C@@H]1CC[C@@H](c2cc(C(C)(C)O)on2)CN1C(=O)c1cccnc1OCC(F)(F)F,SCRRBUYJAVGDAF-CHWSQXEVSA-N,0,antagonist,1.0,6.64
CHEMBL5801957,C[C@@H]1CCCN(C(=O)c2ccc(F)cc2-n2nccn2)[C@@H]1CNc1ncc(C(F)(F)F)cn1,AUWCKIUJWSEYIL-FZKQIMNGSA-N,0,antagonist,1.0,5.301029995663981
CHEMBL5802026,COC(=O)N1CCC[C@H](NS(C)(=O)=O)[C@@H]1CO[C@H]1CC[C@@H](c2cc(F)ccc2F)CC1,QDCQATOYWNLFAU-ZXUOCUECSA-N,1,agonist,1.0,8.7
CHEMBL5802053,Cc1ccc(-c2ccnn2C)c(C(=O)N2CCC[C@@H](C)[C@H]2CNc2nc3cc(Cl)ccc3o2)c1,XXEPGDPDPBZUTQ-UZUQRXQVSA-N,0,antagonist,1.0,5.301029995663981
CHEMBL5802116,CC(C)OC(=O)N1CCC[C@H](NS(=O)(=O)N(C)C)[C@@H]1COC1CCN(c2ncccn2)CC1,YQNKRWPIJMZRDB-OALUTQOASA-N,1,agonist,1.0,7.77
CHEMBL5802132,COc1cccc(-c2sc(C)nc2C(=O)N2CCC[C@H]2c2nc3ccc(SC)cc3[nH]2)c1,HCILMPCKBIOOGY-FQEVSTJZSA-N,0,antagonist,1.0,7.21
CHEMBL5802158,O=C(c1cc(Cl)ccc1-n1nccn1)N1CCC[C@H]1c1nc(-c2ccccc2Cl)no1,GMCHRVBCTHUEQO-SFHVURJKSA-N,0,antagonist,1.0,6.82
CHEMBL5802333,CCOc1ncccc1-c1nnc([C@@H]2CCCN2C(=O)c2cc(C)ccc2-n2nccn2)o1,ULWSTKCSQKOTNN-IBGZPJMESA-N,0,antagonist,1.0,7.02
CHEMBL5802399,COC(=O)N1[C@H](C)C[C@H](NS(=O)(=O)C(F)(F)F)[C@@H]1CO[C@@H]1CC[C@]2(c3ncc(F)cn3)C[C@@H]2C1,OSLIIOHYFMQIQK-SJVVDHBYSA-N,0,antagonist,1.0,7.76
CHEMBL5802445,CS(=O)(=O)N[C@H]1CCCN(C(=O)C2CC2)[C@H]1COC1CCN(c2ncc(F)cn2)CC1,HKCIQYDGWBWBIZ-ROUUACIJSA-N,1,agonist,1.0,7.72
CHEMBL5802685,COC(=O)c1ccccc1C(=O)N1C[C@H](c2noc(C(C)(C)O)n2)CC[C@H]1C,AGPOBLCNTFOEAF-CHWSQXEVSA-N,0,antagonist,1.0,7.01
CHEMBL5802728,Cc1noc(-c2ccccc2C(=O)N2C[C@H](Oc3cc(OCC(F)F)ccn3)CC[C@H]2C)n1,LGYMRVULHQVVPL-RHSMWYFYSA-N,0,antagonist,1.0,7.28
CHEMBL5802737,Cc1ccc(Cn2c(=N)n([C@H](CO)[C@H](O)c3ccccc3)c3ccccc32)cc1,KGUVUIFGMVQCTD-DHIUTWEWSA-N,1,agonist,1.0,6.0
CHEMBL5802739,C[C@@H]1CC[C@@H](c2nc([C@@H](O)C(F)(F)F)cs2)CN1C(=O)c1ccccc1-n1nccn1,ODMUYTXYKYFIOD-PBFPGSCMSA-N,0,antagonist,1.0,7.82
CHEMBL5802861,Cc1c(Cl)ccc2[nH]c([C@@H]3[C@@H](C)CCN3C(=O)c3cc(C#N)ccc3-c3ccccc3)nc12,DPVNIWJITJOQSD-LMKMVOKYSA-N,0,antagonist,1.0,6.25
CHEMBL5802894,CC(OC(=O)N1CCC[C@H](NS(=O)(=O)N(C)C)[C@@H]1COC1CCN(c2ncccn2)CC1)C(F)(F)F,SXWILNQSEXQDEO-BEEDKBRMSA-N,1,agonist,1.0,6.48
CHEMBL5803012,Cc1c(Cl)ccc2[nH]c([C@@H]3[C@@H](C)CCN3C(=O)c3cc(F)ccc3-c3ccccc3)nc12,XABHSXXEMQYSHJ-OWJWWREXSA-N,0,antagonist,1.0,6.14
CHEMBL5803067,Cc1ccc(-c2nc(C(=O)N3CCC[C@@]3(C)c3nc4c(C)c(Cl)ccc4[nH]3)c(-c3ccc(F)cc3)s2)cc1Cl,BYYUDYOLLPJRFJ-PMERELPUSA-N,0,antagonist,1.0,5.19
CHEMBL5803169,C[C@@H]1CC[C@@H](c2nc(C3CC3)co2)CN1C(=O)c1ccccc1-n1nccn1,JVWJGUWZCKISSJ-GDBMZVCRSA-N,0,antagonist,1.0,7.33
CHEMBL5803339,Cc1ccc(C(=O)N2CCC[C@H]2c2nc(-c3ccccc3OC(F)(F)F)no2)c(-n2nccn2)c1,REPVSWJXPJSSQI-KRWDZBQOSA-N,0,antagonist,1.0,7.82
CHEMBL5803345,Cc1ccc(-c2nc(C)sc2C(=O)N2CC[C@H](C)[C@H]2c2nc3cc(Cl)c(C)cc3[nH]2)cc1,XMRLZYQSRYUEOY-FPTDNZKUSA-N,0,antagonist,1.0,6.27
CHEMBL5803398,CCOc1ccccc1C(=O)N(CC)CCc1nc(C(C)(C)O)c(C)o1,GMWVATSEFZBVOD-UHFFFAOYSA-N,0,antagonist,1.0,6.65
CHEMBL5803408,Cc1ccc(-n2nccn2)c(C(=O)N2CCC[C@@H](C)[C@H]2CNc2ccc(C#N)cn2)n1,JNSOWRQKOMDFFS-DNVCBOLYSA-N,0,antagonist,1.0,5.301029995663981
CHEMBL5803467,O=C(N[C@H]1CCC[C@@H]1Nc1nc2ccc(F)cc2s1)c1ccccc1Cl,WCSKESAUGFYFQM-GJZGRUSLSA-N,0,antagonist,1.0,5.46
CHEMBL5803477,COc1cc2nc(C3CCCN3C(=O)c3nc(C)sc3-c3ccccc3)[nH]c2cc1OC,VJEBUQJGRCXOIC-UHFFFAOYSA-N,0,antagonist,1.0,7.58
CHEMBL5803521,CSc1ccccc1C(=O)N1C[C@H](Sc2cc(C#N)ccn2)CC[C@H]1C,WMOLFBBUJPBDKQ-GDBMZVCRSA-N,0,antagonist,1.0,7.12
CHEMBL5803592,Cc1cc(C(=O)N2CCC[C@@]2(C)c2nnc(-c3cccc(Cl)c3C)[nH]2)c(-n2nccn2)cc1C,IOHDGXSKUQMSKN-VWLOTQADSA-N,0,antagonist,1.0,8.22
CHEMBL5803615,Cc1ccc(-c2ncccn2)c(C(=O)N2CCC[C@@H](C)[C@H]2CNc2ccc(C(F)(F)F)cn2)n1,AIAHNKPXRXURRU-DNVCBOLYSA-N,0,antagonist,1.0,5.4
CHEMBL5803659,COC(=O)N1[C@H](C)C[C@H](NS(C)(=O)=O)[C@@H]1CO[C@@H]1CC[C@]2(c3ncc(C)cn3)C[C@@H]2C1,FRSWZVLHDWLPTF-BCZAFHOVSA-N,0,antagonist,1.0,6.14
CHEMBL5803662,Cc1cnn(-c2ccccc2C(=O)N2C[C@H](Oc3nccc(C#N)c3C)CC[C@H]2C)c1,SNMYGHDQFMUIIW-YLJYHZDGSA-N,0,antagonist,1.0,8.525
CHEMBL5803764,CS(=O)(=O)N[C@H]1CCCN(C(=O)C2CCCCC2)[C@H]1COC1CCN(c2ncccn2)CC1,WQEPEHVRALKPIC-SFTDATJTSA-N,1,agonist,1.0,6.03
CHEMBL5803770,COc1c(C#N)ccnc1O[C@@H]1CC[C@@H](C)N(C(=O)c2cc(C)ccc2-n2nccn2)C1,SNQVMEYNHJTUIY-SJLPKXTDSA-N,0,antagonist,1.0,8.51
CHEMBL5803776,N#Cc1ccnc(N2CC[C@@H]3CCN(C(=O)c4nccnc4-n4cccn4)C[C@@H]32)c1,VGGFNAIABYSORL-IRXDYDNUSA-N,0,antagonist,1.0,6.93
CHEMBL5803906,COC[C@H](Cc1ccc(C)cc1)n1c(=N)n(Cc2ccc(C#N)cc2)c2ccccc21,CDQJNIODZPMKRY-QHCPKHFHSA-N,1,agonist,1.0,6.0
CHEMBL5803957,Cc1c(Cl)cccc1-c1noc([C@@H]2CCCN2C(=O)c2cc(OC(F)(F)F)ccc2-n2nccn2)n1,DPNQFIAPEJNVKH-IBGZPJMESA-N,0,antagonist,1.0,6.21
CHEMBL5804009,C=C1C[C@@H](c2nc3cc(Cl)c(C)cc3[nH]2)N(C(=O)c2nc(C)sc2-c2ccc(C)c(C)c2)C1,VPGMOJNQLSGSJB-QFIPXVFZSA-N,0,antagonist,1.0,9.0
CHEMBL5804304,C=C1C[C@@H](c2nc3cc(OC)ccc3[nH]2)N(C(=O)c2nc(C3CC3)sc2-c2cccc(C)c2)C1,ZKWUTQXFTBKBJC-QFIPXVFZSA-N,0,antagonist,1.0,7.62
CHEMBL5804341,Cc1ccc(-n2nccn2)c(C(=O)N2CCC[C@H]2c2ncc(-c3cccc(Cl)c3C)[nH]2)c1,LEQHKSFAFCYNIU-QFIPXVFZSA-N,0,antagonist,1.0,7.06
CHEMBL5804344,C[C@@H]1CC[C@@H](c2nc(CC(C)(C)O)c(-c3ccccc3)o2)CN1C(=O)c1ccccc1-n1nccn1,IHKOHJHDIAAYTL-TZIWHRDSSA-N,0,antagonist,1.0,7.21
CHEMBL5804354,Cc1cc(F)cc(C(=O)N2CCC[C@H]2c2nc(-c3ccccc3OC(F)(F)F)no2)c1-n1nccn1,QWIHDXNUIKISCS-KRWDZBQOSA-N,0,antagonist,1.0,6.82
CHEMBL5804372,C[C@@H]1CCCN(C(=O)c2cc(F)ccc2-c2ncccn2)[C@@H]1CNc1ncc(Cl)cn1,CTZGAXJGPLLTHJ-AUUYWEPGSA-N,0,antagonist,1.0,5.301029995663981
CHEMBL5804377,C[C@@H]1CC[C@@H](c2nc(-c3cccc(F)n3)co2)CN1C(=O)c1ccccc1-n1nccn1,TWMZBPMVJCHOOX-HZPDHXFCSA-N,0,antagonist,1.0,6.82
CHEMBL5804515,C[C@@H]1CCCN(C(=O)c2ccccc2-n2nccn2)[C@@H]1CNc1ncc(C(F)(F)F)cn1,AZURIOSHTDKNNJ-RDTXWAMCSA-N,0,antagonist,1.0,5.44
CHEMBL5804559,COC(=O)N1CCC[C@H](NS(C)(=O)=O)[C@@H]1CO[C@H]1CC[C@@H](c2ccccc2C(F)F)CC1,YHXIAOBZMFWYQX-JSJNYSNDSA-N,1,agonist,1.0,7.85
CHEMBL5804574,Cc1c(Cl)ccc2[nH]c([C@]3(C)CCCN3C(=O)c3cc(F)ccc3-c3ccccn3)nc12,NKWDQTGWZUKIGN-VWLOTQADSA-N,0,antagonist,1.0,7.14
CHEMBL5804591,Cc1ccc(-c2ccc(C)nc2C(=O)N2CC(F)(F)C[C@@H](C)[C@H]2CNc2ncc(C(F)(F)F)cn2)nc1,SEJUQBCUMUKZQN-FOIQADDNSA-N,0,antagonist,1.0,5.301029995663981
CHEMBL5804805,CS(=O)(=O)N[C@H]1CCCN[C@H]1CO[C@H]1CC[C@@H](c2ccccc2F)CC1,XOIBZMCBTBRPAQ-QXGSTGNESA-N,1,agonist,1.0,6.1850000000000005
CHEMBL5804849,Cc1ccc(-c2cccc(OC(F)(F)F)c2)c(C(=O)N2CCC[C@@]2(C)c2nc3cc(C(F)(F)F)ccc3[nH]2)c1,RHGSGGRXDIIROG-SANMLTNESA-N,0,antagonist,1.0,6.38
CHEMBL5804937,C[C@@H]1CCCN(C(=O)c2cc(F)ccc2-c2ncccn2)[C@@H]1CNc1ccc(C(F)(F)F)cn1,YWQIKKGXOBNSIM-FOIQADDNSA-N,0,antagonist,1.0,5.301029995663981
CHEMBL5805020,Cc1nc(C(=O)N2CCC[C@@H](C)[C@H]2CNc2ccc(C#N)cn2)c(-c2ccc(F)cc2)s1,HAHNLZKLQMINNS-FOIQADDNSA-N,0,antagonist,1.0,5.0
CHEMBL5805034,Cc1ccc(-c2ncccn2)c(C(=O)N2CC[C@H](C)[C@H]2c2nc3c(C)c(Cl)ccc3[nH]2)c1,WSDSQDXCGVOIST-NYHFZMIOSA-N,0,antagonist,1.0,6.55
CHEMBL5805043,CSc1cccc2nc([C@@H]3CCCN3C(=O)c3cncnc3-c3ccc(Cl)c(Cl)c3)[nH]c12,GUUSAHRICWMQQR-SFHVURJKSA-N,0,antagonist,1.0,7.77
CHEMBL5805071,C[C@@H]1CC[C@@H](Sc2cc(C#N)ccn2)CN1C(=O)c1ccccc1Oc1ccccc1,AEKIMKCOGCLDHO-WIYYLYMNSA-N,0,antagonist,1.0,7.2
CHEMBL5805072,Cc1ccc(-c2ccccn2)c(C(=O)N2CC(F)(F)C[C@@H](C)C2CNc2ncc(C(F)(F)F)cn2)n1,WPBHFNLFODBHKA-MJTSIZKDSA-N,0,antagonist,1.0,5.301029995663981
CHEMBL5805134,Cc1ccc(-n2nccn2)c(C(=O)N2CCC[C@@]2(C)c2nc3cc(Br)cc(C)c3[nH]2)c1,XSONELHLKWDPKV-QHCPKHFHSA-N,0,antagonist,1.0,7.7
CHEMBL5805258,Cc1ccc(-n2ncc(C)n2)c(C(=O)N2CCC[C@@H](C)[C@H]2CNc2ccc(F)cn2)c1,XTCVCLFBQLKQPA-IIBYNOLFSA-N,0,antagonist,1.0,5.301029995663981
CHEMBL5805351,Cc1ccc(C(=O)N2CCC[C@H]2c2cc(-c3ccccc3OC(F)(F)F)on2)c(-n2nccn2)c1,WLJCQLXKJHJGOS-IBGZPJMESA-N,0,antagonist,1.0,7.51
CHEMBL5805352,Cc1oc(C[C@H]2CCCCN2C(=O)c2ccccc2-c2ncccn2)nc1C(C)(C)O,RXYYBOWIMDDPQW-QGZVFWFLSA-N,0,antagonist,1.0,7.33
CHEMBL5805410,COc1cccc(C#Cc2ccccc2C(=O)N2CC[C@H](C)[C@H]2c2nc3c(C)c(Cl)ccc3[nH]2)c1,QFDUIRFVMRTEFQ-MYUZEXMDSA-N,0,antagonist,1.0,7.07
CHEMBL5805530,CSc1cccc2nc([C@@H]3CCCN3C(=O)c3nc(C)sc3-c3cccc(C(F)(F)F)c3)[nH]c12,KGKZRTMWKKDPKH-KRWDZBQOSA-N,0,antagonist,1.0,7.75
CHEMBL5805618,C=C1C[C@@H](c2nc3cc(OC)ccc3[nH]2)N(C(=O)c2ncsc2-c2cccc(Cl)c2)C1,JUCQHIDXGKSMCB-IBGZPJMESA-N,0,antagonist,1.0,6.99
CHEMBL5805633,COc1ccnc(O[C@@H]2CC[C@@H](C)N(C(=O)c3ccsc3-c3ncccn3)C2)c1,IHDPOVVYCVYVSA-GDBMZVCRSA-N,0,antagonist,1.0,7.68
CHEMBL5805652,CCNC(=O)N1CCC[C@H](NS(C)(=O)=O)[C@@H]1CO[C@H]1CC[C@@H](c2ccc(F)cc2F)CC1,UXWZTRYWSBHCKE-JHOJWFKBSA-N,1,agonist,1.0,8.6
CHEMBL5805783,C=C1C[C@@H](c2nc3cccc(C)c3[nH]2)N(C(=O)c2nc(C)sc2-c2ccc(Cl)c(Cl)c2)C1,XBKLSMQHNWPYAS-IBGZPJMESA-N,0,antagonist,1.0,9.0
CHEMBL5805823,Cc1ccc(-n2nccn2)c(C(=O)N2CCC[C@H]2c2nc(-c3cccc(Cl)c3C)no2)c1F,KINPBHSOFYDWIG-SFHVURJKSA-N,0,antagonist,1.0,7.85
CHEMBL5805925,Cc1ccc(CC(CNC(=O)C2CN2)n2c(=N)n(Cc3ccc(C)cc3)c3ccccc32)cc1,LTLYQXPUDMWICP-UHFFFAOYSA-N,1,agonist,1.0,6.0
CHEMBL5805980,COC(=O)Cc1nc([C@@H]2CC[C@@H](C)N(C(=O)c3ccccc3-n3nccn3)C2)oc1-c1ccccc1,GUXLMXSBOCJFKE-UYAOXDASSA-N,0,antagonist,1.0,7.355
CHEMBL5806153,Cc1cc(C(=O)N2CCC[C@@]2(C)c2nc3c(C)cc(Br)cc3[nH]2)c(-c2ccccc2)cn1,XJFSMLBDVGOZEL-SANMLTNESA-N,0,antagonist,1.0,7.16
CHEMBL5806270,CCN(CCN(C)c1nc(C)cc(C)n1)C(=O)c1cccnc1CC(F)(F)F,HXAPYZHGRMNUQS-UHFFFAOYSA-N,0,antagonist,1.0,6.37
CHEMBL5806274,CC(C)OC(=O)N1CCC[C@H](NS(=O)(=O)C2CC2)[C@@H]1COC1CCC2(c3ncc(F)cn3)CC2C1,FLGSEYGCHJJONG-JPYLGITNSA-N,0,antagonist,1.0,8.21
CHEMBL5806351,Cc1ccc(-n2nccn2)c(C(=O)N2CC[C@H](C)[C@H]2c2nc3c(C)c(C)ccc3[nH]2)c1,KCFDBTAICDQZSQ-AOMKIAJQSA-N,0,antagonist,1.0,6.0
CHEMBL5806434,Cc1ccc(C(=O)N2CC[C@H](C)[C@H]2c2nc3c(C)cc(Cl)cc3[nH]2)c(-n2nccn2)c1,LZTASGJPADXFHY-QKKBWIMNSA-N,0,antagonist,1.0,7.13
CHEMBL5806482,Cc1cc(C(=O)N2CCC[C@H]2c2nc(-c3cccc(Cl)c3C)no2)c(-n2cccn2)cc1C,YMCIMSDKANXDNQ-NRFANRHFSA-N,0,antagonist,1.0,8.22
CHEMBL5806555,CCN(CCN(C)c1nccc(C(C)(C)O)n1)C(=O)c1cccnc1OC(C)C,IBJOSCHWGCACFL-UHFFFAOYSA-N,0,antagonist,1.0,7.18
CHEMBL5806760,COC(=O)c1cc(O[C@@H]2CC[C@@H](C)N(C(=O)c3ccccc3-n3nccn3)C2)ncc1Br,PRYYWHVXNOSFPF-HUUCEWRRSA-N,0,antagonist,1.0,7.49
CHEMBL5806812,CO[C@@H]1C[C@@H](c2nc3ccc(Cl)c(C)c3[nH]2)N(C(=O)c2ccccc2-c2ccc(C)c(C)c2)C1,VRWZOKFNMBQHMA-NLFFAJNJSA-N,0,antagonist,1.0,7.89
CHEMBL5806834,CCN(CCN(C)c1cc(C#N)ccn1)C(=O)c1ccccc1OCCF,ZHLODDFDFVJBGE-UHFFFAOYSA-N,0,antagonist,1.0,7.32
CHEMBL5806837,CCN(CCN(C)c1cc(C#N)ccn1)C(=O)c1c(F)cccc1-n1nccn1,BSUZVBUCBMVFKV-UHFFFAOYSA-N,0,antagonist,1.0,7.47
CHEMBL5806838,CCN(CCN(C)c1nc(C)cc(C)n1)C(=O)c1ccccc1OCC(F)(F)F,XQCHKDHNDRGQAH-UHFFFAOYSA-N,0,antagonist,1.0,7.95
CHEMBL5806989,COc1cccnc1N[C@@H]1C[C@@H](C)N(C(=O)c2ccccc2OC(F)(F)F)C1,PUPBNSXIIGNQNG-CHWSQXEVSA-N,0,antagonist,1.0,7.39
CHEMBL5807022,CCN(CCn1nc(C)c(C(C)(C)O)n1)C(=O)c1ncccc1-c1ccccc1,NTQVLVPEYKBRCP-UHFFFAOYSA-N,0,antagonist,1.0,6.97
CHEMBL5807066,CC(O)(c1cnc(N2CC[C@@H]3CCN(C(=O)c4ccccc4-n4nccn4)C[C@@H]32)cn1)C(F)(F)F,YGZWCKJNAHHUFL-CIQNTRFYSA-N,0,antagonist,1.0,5.48
CHEMBL5807160,C=C1C[C@@H](c2nc3cccc(C)c3[nH]2)N(C(=O)c2cc(C)c(C)cc2-n2nccn2)C1,NLCCTTKFIBSEHA-NRFANRHFSA-N,0,antagonist,1.0,8.15
CHEMBL5807256,N#Cc1ccnc(N2CC[C@@H]3CCN(C(=O)c4cccnc4-n4nccn4)C[C@@H]32)c1,UQBYWSFRFVYPBB-WMZOPIPTSA-N,0,antagonist,1.0,5.82
CHEMBL5807262,CCOc1ccccc1C(=O)N(CC)CCc1ccc(C(C)(C)O)cn1,LVKOJTVTHNMJTM-UHFFFAOYSA-N,0,antagonist,1.0,6.26
CHEMBL5807274,Cc1ccc(C(=O)N2CCC[C@@]2(C)c2nc3cc(C(F)(F)F)ccc3[nH]2)c(-n2nccn2)c1,JSMYHRNRXDFXQW-QFIPXVFZSA-N,0,antagonist,1.0,7.24
CHEMBL5807576,Cc1ccc(-c2ccccn2)c(C(=O)N2CCC[C@H]2c2nc(-c3cccc(Cl)c3C)no2)c1,XMRRXJMXOZZRAE-QHCPKHFHSA-N,0,antagonist,1.0,7.6
CHEMBL5807612,COC(=O)c1c(C)ccnc1O[C@@H]1CC[C@@H](C)N(C(=O)c2ccccc2-n2nccn2)C1,XGAHNKKVQBNWTN-IAGOWNOFSA-N,0,antagonist,1.0,7.6
CHEMBL5807634,Cc1ccc(-n2nccn2)c(C(=O)N2CCC[C@@]2(C)c2nc3c(C)c(Cl)ccc3n2C)c1,MDIAYXGXQBIAME-DEOSSOPVSA-N,0,antagonist,1.0,8.52
CHEMBL5807661,CCN(CCN(C)c1nccc(C(C)(C)O)n1)C(=O)c1ccccc1CC(F)F,YMAWLTYAGRGBNI-UHFFFAOYSA-N,0,antagonist,1.0,7.69
CHEMBL5807743,Cc1oc(C[C@H]2CCCCN2C(=O)c2cccnc2OC(C)C)nc1C(C)(C)O,PXRYFCQUFHLNOH-MRXNPFEDSA-N,0,antagonist,1.0,7.44
CHEMBL5807763,CCOC(=O)c1c(C)ccnc1O[C@@H]1CC[C@@H](C)N(C(=O)c2ccccc2-n2nccn2)C1,DSWPTVKCBCROGK-QZTJIDSGSA-N,0,antagonist,1.0,8.08
CHEMBL5808032,COc1cc(C(=O)N2CCC[C@H]2c2noc(-c3ccccc3OC(F)(F)F)n2)c(-n2nccn2)cc1Cl,RCGXSJKXQQBROC-INIZCTEOSA-N,0,antagonist,1.0,8.22
CHEMBL5808294,Cc1cc2[nH]c([C@@H]3[C@@H](C)CCN3C(=O)c3c(F)cccc3-c3cccnc3)nc2cc1Cl,SECISWKEZAHASH-PSLXWICFSA-N,0,antagonist,1.0,5.75
CHEMBL5808544,CCN(CCN(C)c1nc(C)cc(C)n1)C(=O)c1ccccc1OC(F)F,ROVKCZCKOQHYAU-UHFFFAOYSA-N,0,antagonist,1.0,7.73
CHEMBL5808837,C[C@@H]1C[C@@H](N(C)c2cc(Br)ccn2)CN1C(=O)c1ccccc1-n1nccn1,PHBDBVVBJZMUFT-GDBMZVCRSA-N,0,antagonist,1.0,6.87
CHEMBL5809010,CCN(CCc1ccc(C(C)(C)O)cn1)C(=O)c1cccnc1OCC(F)F,IUFLMHYCVKPZRJ-UHFFFAOYSA-N,0,antagonist,1.0,6.47
CHEMBL5809231,COc1ccccc1-c1nnc([C@@H]2CCCN2C(=O)c2cc(C)c(C)cc2-n2nccn2)[nH]1,OWTICHBQSWXRQS-IBGZPJMESA-N,0,antagonist,1.0,7.16
CHEMBL5809248,Cc1c(C#N)ccnc1O[C@@H]1CC[C@@H](C)N(C(=O)c2cc(F)cnc2-c2nccs2)C1,VEEQAPLZSRNWFQ-CXAGYDPISA-N,0,antagonist,1.0,8.705
CHEMBL5809324,CC(C)OC(=O)N1[C@H](C)C[C@H](NS(=O)(=O)C(F)F)[C@@H]1CO[C@H]1CC[C@@]2(c3ncc(F)cn3)C[C@H]2C1,OXOYRKUFKZNLMR-QYWYSCOZSA-N,0,antagonist,1.0,8.92
CHEMBL5809416,Cc1ccc(-n2nccn2)c(C(=O)N2CCC[C@H]2c2nc(-c3ccccc3Cl)no2)n1,HFRQNGXYUVWPSR-KRWDZBQOSA-N,0,antagonist,1.0,5.84
CHEMBL5809543,CCN(CCn1nc(C)c(C(C)(C)O)n1)C(=O)c1ccccc1OC(F)F,NMKMDMUHZANIFP-UHFFFAOYSA-N,0,antagonist,1.0,7.46
CHEMBL5809797,COc1cc2nc([C@@H]3[C@@H](C)CCN3C(=O)c3ccc(C)cc3-n3nccn3)[nH]c2cc1OC,IJSLVODBWIHVSM-NYHFZMIOSA-N,0,antagonist,1.0,7.29
CHEMBL5809933,Cc1cc(-n2nccn2)c(C(=O)N2CCC[C@H]2c2nc(-c3ccccc3OC(F)(F)F)no2)cc1Cl,ARQJMHUEYJWKJG-KRWDZBQOSA-N,0,antagonist,1.0,7.72
CHEMBL5810023,Cc1ccc(-n2cccn2)c(C(=O)N2CCC[C@@]2(C)c2nc3cc(F)c(Br)cc3[nH]2)c1,OSUXTTPJIXQPOA-QHCPKHFHSA-N,0,antagonist,1.0,6.66
CHEMBL5810029,Cc1c(C#N)ccnc1O[C@@H]1CC[C@@H](C(C)(C)O)N(C(=O)c2ccccc2-n2nccn2)C1,OOIHUOJXYVFAOR-NQIIRXRSSA-N,0,antagonist,1.0,7.57
CHEMBL5810052,CCc1cnc(NCC2[C@H](C)CC(F)(F)CN2C(=O)c2nn(C)cc2-c2ccc(F)cn2)nc1,HSHWMPHODOZREO-MJTSIZKDSA-N,0,antagonist,1.0,5.301029995663981
CHEMBL5810092,CS(=O)(=O)N[C@H]1CCCN(C(=O)C2CC2)[C@H]1CO[C@H]1CC[C@@H](c2ccccc2OC(F)(F)F)CC1,FNJWCCBOYGOOOB-OFCAXSSNSA-N,1,agonist,1.0,6.89
CHEMBL5810360,CCOC(=O)c1nc(CCN(CC2CC2)C(=O)c2ccccc2-n2nccn2)oc1C,ALBMZQDZKVSBHO-UHFFFAOYSA-N,0,antagonist,1.0,7.68
CHEMBL5810394,COc1ccc2nc([C@@H]3CCCN3C(=O)c3c(C)cccc3-n3nccn3)[nH]c2c1,NJLZSDMGHQMASB-IBGZPJMESA-N,0,antagonist,1.0,7.66
CHEMBL5810559,CCN(CCn1nc(C)c(C(C)(C)O)n1)C(=O)c1cccnc1OCC(F)(F)F,CTJBOZYIDYYFKJ-UHFFFAOYSA-N,0,antagonist,1.0,7.68
CHEMBL5810567,Cc1nc(C(=O)N2CC[C@H](C)[C@H]2c2nc3c(C)cc(Cl)cc3[nH]2)c(-c2ccc(Cl)cc2)s1,NZBAPJBYGIRLSE-QKVFXAPYSA-N,0,antagonist,1.0,6.26
CHEMBL5810617,CCOc1ccccc1-c1noc([C@@H]2CCCN2C(=O)c2cc(C)ccc2-n2nccn2)n1,MOOJFCAHSQXGTF-FQEVSTJZSA-N,0,antagonist,1.0,8.4
CHEMBL5810644,COc1ccc2nc([C@@H]3CCCN3C(=O)c3nc(C)sc3-c3cccc(F)c3)[nH]c2c1,AYHCZBLXCBLRRG-IBGZPJMESA-N,0,antagonist,1.0,6.83
CHEMBL5810739,CCN(CCc1cc(C(C)(C)O)ccn1)C(=O)c1ccccc1-n1nccn1,CEONABWESYUGKH-UHFFFAOYSA-N,0,antagonist,1.0,7.16
CHEMBL5810850,C[C@@H]1CC[C@@H](c2cc([C@@H](O)C(F)(F)F)no2)CN1C(=O)c1ccsc1-c1ncccn1,WHCFQFSWDCGLFE-PSTGCABASA-N,0,antagonist,1.0,6.95
CHEMBL5810864,COc1cc2nc([C@@H]3[C@@H](C)CCN3C(=O)c3cc(F)ccc3-n3nccn3)[nH]c2cc1OC,RRKTZLOQAMJSPX-ZSEKCTLFSA-N,0,antagonist,1.0,6.61
CHEMBL5810870,COC(=O)N1[C@H](C)C[C@H](NS(C)(=O)=O)[C@@H]1CO[C@@H]1CC[C@]2(c3ncc(Cl)cn3)C[C@@H]2C1,BXXQKIRGQQUJQA-ARBVYLERSA-N,0,antagonist,1.0,7.06
CHEMBL5811062,CCS(=O)(=O)N[C@H]1CCCN(C(=O)Nc2ccccc2)[C@H]1CO[C@H]1CC[C@@H](C)CC1,FRZSBOLMXFUBOY-NRDMVMEKSA-N,1,agonist,1.0,6.06
CHEMBL5811125,CO[C@H]1CN(C(=O)c2cc(C)ccc2-n2nccn2)C(C)(c2nc3c(C)c(Cl)ccc3[nH]2)C1,SMWYFICPEVRFOB-YAOANENCSA-N,0,antagonist,1.0,8.15
CHEMBL5811135,Cc1ccc(-c2cnn(C(C)C)c2)c(C(=O)N2CCC[C@@H](C)[C@H]2CNc2ccc(C(F)(F)F)cn2)c1,YNHXASVWSHWIRI-NTKDMRAZSA-N,0,antagonist,1.0,6.07
CHEMBL5811163,CCOc1cccc(OCC)c1C(=O)N[C@H]1CCC[C@H]1Nc1nc2ccccc2o1,BQOYPIIQOXEPGR-JKSUJKDBSA-N,0,antagonist,1.0,6.34
CHEMBL5811297,Cc1ccc(-c2ccccn2)c(C(=O)N2CCC[C@H]2c2nc(-c3ccccc3C(F)(F)F)no2)c1,WVQGTXQFGXOAFG-QFIPXVFZSA-N,0,antagonist,1.0,6.88
CHEMBL5811541,CS(=O)(=O)N[C@H]1CCCN(C(=O)C2CC2)[C@H]1COC1CCN(c2cccc(F)c2Cl)CC1,ZOTNHDJCWDMYAO-ICSRJNTNSA-N,1,agonist,1.0,5.72
CHEMBL5811600,Cc1ccc(-c2ncccn2)c(C(=O)N2CCC[C@@H](C)[C@H]2CNc2ccc(C(F)(F)F)nn2)n1,JHTCOYRDBNZOHT-RHSMWYFYSA-N,0,antagonist,1.0,5.301029995663981
CHEMBL5811648,CC(C)OC(=O)N1[C@H](C)C[C@H](NS(=O)(=O)C(F)F)[C@@H]1COC1CCC2(c3ncc(F)cn3)CC2C1,OXOYRKUFKZNLMR-TWBHTGRPSA-N,0,antagonist,1.0,6.34
CHEMBL5811674,O=C(c1ccccc1-n1nccn1)N1CCC[C@H]1c1nc(-c2ccccc2Cl)no1,GVZMZYXMEFEHLG-SFHVURJKSA-N,0,antagonist,1.0,6.51
CHEMBL5811886,Cc1ccc2[nH]c([C@]3(C)CCCN3C(=O)c3ccccc3-c3cccc(F)c3)nc2c1C,XZCMURPQAGNXIT-MHZLTWQESA-N,0,antagonist,1.0,7.72
CHEMBL5811935,C[C@H]1C[C@@H]([C@@H]2C[C@H]3CC[C@@H](C2)N3[C@@H](C(N)=O)C2CC2)CCN1c1ncc(F)cn1,OLGODMIRYXFSBW-UYWHKNEXSA-N,1,agonist,1.0,8.36
CHEMBL5812002,CSc1cccc2nc([C@@H]3CCCN3C(=O)c3nc(C)sc3-c3cccc(Cl)c3Cl)[nH]c12,JZAKQDTYKYIGSJ-INIZCTEOSA-N,0,antagonist,1.0,6.71
CHEMBL5812169,CCNC(=O)N1CCC[C@H](NS(C)(=O)=O)[C@@H]1COC1CCN(c2ncccn2)CC1,RIVSHGVTJDTCGC-IRXDYDNUSA-N,1,agonist,1.0,8.34
CHEMBL5812345,CC(=O)N1CCC[C@H](NS(C)(=O)=O)[C@@H]1CO[C@H]1CC[C@@H](c2c(F)ccc(F)c2F)CC1,MNFYUJYODLNFLH-QXGSTGNESA-N,1,agonist,1.0,8.28
CHEMBL5812375,C=C1CC(c2nc3cc(C(C)(C)C)ccc3[nH]2)N(C(=O)c2nc(C3CC3)sc2-c2cccc(C)c2)C1,FGEGUGUQWDAXDY-UHFFFAOYSA-N,0,antagonist,1.0,7.17
CHEMBL5812523,COc1c(F)cccc1-c1noc([C@@H]2CCCN2C(=O)c2cc(C)cc(C)c2-n2nccn2)n1,DXEUYBMFYQTSPN-IBGZPJMESA-N,0,antagonist,1.0,7.82
CHEMBL5812530,C[C@@H]1CC[C@@H](c2nc([C@H](O)C(F)(F)F)cs2)CN1C(=O)c1ccccc1-n1nccn1,ODMUYTXYKYFIOD-XNJGSVPQSA-N,0,antagonist,1.0,6.78
CHEMBL5812711,Cc1ccc(-c2ncccn2)c(C(=O)N2CCC[C@@H](C)[C@H]2CNc2ncc(F)cc2F)c1,XOZXYXIDMIHDOT-IIBYNOLFSA-N,0,antagonist,1.0,5.4
CHEMBL5812817,Cc1ccc(-n2nccn2)c(C(=O)N2CCC[C@H]2c2nc(-c3cccc(C)c3C)no2)c1,VTEVWDZJGRFWAY-NRFANRHFSA-N,0,antagonist,1.0,7.89
CHEMBL5813055,COC(=O)c1c(OC)ccnc1O[C@@H]1CC[C@@H](C)N(C(=O)c2cc(F)ccc2-c2noc(C)n2)C1,FESPCMXZVOAYNW-CZUORRHYSA-N,0,antagonist,1.0,7.43
CHEMBL5813102,Cc1ccc(-n2nccn2)c(C(=O)N2C[C@@H](F)C[C@H]2c2nc3c(C)c(Cl)ccc3[nH]2)c1,BHKUHYOMYDNXGE-LIRRHRJNSA-N,0,antagonist,1.0,7.28
CHEMBL5813160,Cc1ccc(-c2ccccn2)c(C(=O)N2CCC[C@@]2(C)c2nc3c(C)c(Cl)ccc3[nH]2)c1,APOGCVQZYGMWMJ-SANMLTNESA-N,0,antagonist,1.0,7.96
CHEMBL5813252,COc1cc(C)cc(-c2nc([C@@H]3CCCN3C(=O)c3cc(C)c(C)cc3-n3nccn3)no2)c1,JWAFZGHEIPYAAF-NRFANRHFSA-N,0,antagonist,1.0,8.4
CHEMBL5813279,Cc1ccc(-c2ccccn2)c(C(=O)N2CCC[C@@H](C)[C@H]2CNc2ccc(C(F)(F)F)nn2)c1,SRCLRKQPKBHJOT-DYESRHJHSA-N,0,antagonist,1.0,5.4
CHEMBL5813333,CC(C)OC(=O)N1CCC[C@H](NS(=O)(=O)C(F)(F)F)[C@@H]1COC1CC[C@@]2(c3ncc(F)cn3)CC2C1,GJNYUWFIFLPFNS-XRJIJWLESA-N,0,antagonist,1.0,8.39
CHEMBL5813702,COc1cc(C(=O)N2CCC[C@H]2c2nc(-c3cccc(F)c3OC)no2)c(-c2ncccn2)cc1C,RTGIDLKDGHUJGH-FQEVSTJZSA-N,0,antagonist,1.0,8.22
CHEMBL5813828,Cc1ccc(-c2ccccc2)c(C(=O)N2CCC[C@@]2(C)c2nnc(-c3ccccc3OC(F)(F)F)[nH]2)c1,HUBYIXDVGHMDRD-MHZLTWQESA-N,0,antagonist,1.0,7.19
CHEMBL5813865,Cc1ccc(CC(CNS(C)(=O)=O)n2c(=O)n(Cc3ccc(C)cc3)c3ccccc32)cc1,RMCQUJOASUTCRP-UHFFFAOYSA-N,1,agonist,1.0,6.0
CHEMBL5814016,COc1ccc(-c2cccc(C)c2)c(C(=O)N2CCC[C@@]2(C)c2nc3c(C)c(Cl)ccc3[nH]2)c1F,LGLCYSWMISWOJF-NDEPHWFRSA-N,0,antagonist,1.0,7.8
CHEMBL5814028,Cc1ccc(C(=O)N2CCC[C@H]2c2nc(-c3cccc(Cl)c3C)no2)c(-n2nccn2)c1C,GFTSYYGFYPDBAI-FQEVSTJZSA-N,0,antagonist,1.0,6.54
CHEMBL5814256,N#Cc1ccc(-n2nccn2)c(C(=O)N2CCC[C@H]2c2nc(-c3ccccc3OC(F)(F)F)no2)c1,GLHCHKBHQKCXCE-SFHVURJKSA-N,0,antagonist,1.0,6.79
CHEMBL5814528,CS(=O)(=O)N[C@H]1CCCN(C(=O)C2CC2)[C@H]1CO[C@H]1CC[C@@H](c2cccc(OC(F)(F)F)c2)CC1,YEMSPJVUHNHYEM-NHRGSCSFSA-N,1,agonist,1.0,7.02
CHEMBL5814642,COc1ccc(-n2nccn2)c(C(=O)N2CCC[C@@]2(C)c2nc3cc(OC)c(OC)cc3[nH]2)c1,JAOXZMJRODOOQL-DEOSSOPVSA-N,0,antagonist,1.0,7.64
CHEMBL5814647,Cc1ccc(-n2nccn2)c(C(=O)N2CCC[C@@H](C)[C@H]2CN(C)c2ccc(C(F)(F)F)cn2)n1,QVIJSBXDLWKHDC-DNVCBOLYSA-N,0,antagonist,1.0,5.301029995663981
CHEMBL5814654,CC(C)[C@H]1CC[C@@H](OC[C@H]2[C@@H](NS(C)(=O)=O)CCCN2C(=O)CCO)CC1,NGHZOQCLAVIFAZ-MHORFTMASA-N,1,agonist,1.0,7.05
CHEMBL5814692,CCOc1ccc(C)nc1C(=O)NC1CCCC1Cc1ccc2ccccc2n1,WZTWSNNHLOGHMP-UHFFFAOYSA-N,0,antagonist,1.0,5.22
CHEMBL5814825,O=C(c1cc(F)ccc1-c1ccn[nH]1)N1CCC[C@H]1c1nc(-c2ccccc2OC(F)(F)F)no1,JZTUBUMHGNHDMB-SFHVURJKSA-N,0,antagonist,1.0,7.37
CHEMBL5814874,COc1cccc(OC)c1C(=O)N[C@H]1CCC[C@@H]1N(C)c1nc2ccc(F)cc2s1,TWWJAOFWTFXPRC-HOCLYGCPSA-N,0,antagonist,1.0,5.68
CHEMBL5814895,Cc1ccnc(S[C@@H]2CC[C@@H](C)N(C(=O)c3ccccc3-n3nccn3)C2)c1C#N,ABZHSBSEMRQVKS-IAGOWNOFSA-N,0,antagonist,1.0,7.62
CHEMBL5814996,Cc1nc(C(=O)N2CCC[C@@H](C)[C@H]2COc2nc3ccccc3o2)c(-c2ccc(F)cc2)s1,GWXZQMCHFMLSDI-FOIQADDNSA-N,0,antagonist,1.0,5.0
CHEMBL5815031,Cc1nc(C(=O)N2CCC[C@@H](C)[C@H]2COc2ccc(C(F)(F)F)cn2)c(-c2ccc(F)cc2)s1,JMPIATXFWNAJIK-AUUYWEPGSA-N,0,antagonist,1.0,5.0
CHEMBL5815168,C=C1CC(c2nc3cccc(SC)c3[nH]2)N(C(=O)c2nc(C3CC3)sc2-c2cccc(C)c2)C1,KSJSBJPGMOQINA-UHFFFAOYSA-N,0,antagonist,1.0,8.7
CHEMBL5815410,COC(=O)c1c(OC)ccnc1O[C@@H]1CC[C@@H](C)N(C(=O)c2ccc(OC)cc2-n2nccn2)C1,UZPNSOKXEIJOAV-NVXWUHKLSA-N,0,antagonist,1.0,7.29
CHEMBL5815469,C[C@@H]1CC[C@@H](c2nc(C(=O)N(C(=O)OC(C)(C)C)C(=O)OC(C)(C)C)c(Br)o2)CN1C(=O)c1ccccc1-n1nccn1,ADHMIUGHVJPTQZ-QZTJIDSGSA-N,0,antagonist,1.0,7.52
CHEMBL5815510,CCN(CCN(C)c1nc(C)cc(C)n1)C(=O)c1ccccc1-c1ncccn1,HUHRCAKELHAVDP-UHFFFAOYSA-N,0,antagonist,1.0,7.71
CHEMBL5815593,C[C@@H]1CCCN(C(=O)c2c(F)cccc2-n2nccn2)[C@@H]1CNc1ncc(Cl)cn1,VNXUTKPAQKSIRB-CXAGYDPISA-N,0,antagonist,1.0,5.301029995663981
CHEMBL5815615,CCN(CCc1nc(C(C)(C)O)c(C)o1)C(=O)c1ccccc1-n1cccn1,CWVPLMLFHSISTO-UHFFFAOYSA-N,0,antagonist,1.0,6.54
CHEMBL5815716,CS(=O)(=O)N[C@H]1CCCN[C@H]1CO[C@H]1CC[C@@H](c2c(F)ccc(F)c2F)CC1,REOONBLHEVHLQF-RMHZUWNSSA-N,1,agonist,1.0,6.7
CHEMBL5815745,C[C@@H]1CC(F)(F)CN(C(=O)c2nn(C)cc2-c2cccc(C(F)(F)F)n2)[C@@H]1CNc1ncc(C(F)(F)F)cn1,YEHLRXQLBNRBRJ-MLGOLLRUSA-N,0,antagonist,1.0,5.301029995663981
CHEMBL5815798,COc1c(-c2ccc3c(c2)OCO3)ccc(C(=O)N2CCC[C@@]2(C)c2nc3c(C)c(Cl)ccc3[nH]2)c1F,YEQKRXHOOOMDGX-NDEPHWFRSA-N,0,antagonist,1.0,7.07
CHEMBL5815799,Cc1ccc(-n2nccn2)c(C(=O)N2C[C@H](Oc3nccc(C#N)c3C)CC[C@H]2C)c1,LPGBUZWCPFQMPT-VQIMIIECSA-N,0,antagonist,1.0,8.685
CHEMBL5815800,C[C@@H]1CC[C@@H](Oc2cc(OCC(F)F)ccn2)CN1C(=O)c1cccc(F)c1-n1nccn1,VBAUBZFUSAQVDY-GDBMZVCRSA-N,0,antagonist,1.0,7.38
CHEMBL5815945,Cc1sc([C@@H]2CC[C@@H](C)N(C(=O)c3cscc3-n3nccn3)C2)nc1C(C)(C)O,SBIWXHUZTKKXFY-TZMCWYRMSA-N,0,antagonist,1.0,7.52
CHEMBL5815990,Cc1ccc(-n2nccn2)c(C(=O)N2CCC[C@@H](C)[C@H]2CNc2ccc(C3CC3)cn2)c1,ODRSUBOCIUQDQX-WZONZLPQSA-N,0,antagonist,1.0,6.23
CHEMBL5816017,Cc1nc(C(=O)N2CCC[C@H]2c2nnc(-c3ccccc3OC(F)(F)F)o2)c(-c2ccccc2F)s1,CLLOJHKBUJKOLG-KRWDZBQOSA-N,0,antagonist,1.0,7.22
CHEMBL5816036,Cc1ccc(-n2nccn2)c(C(=O)N2CCC[C@@]2(C)c2nc3c(C)cccc3[nH]2)c1,MPJLVWFWAOFGIH-QHCPKHFHSA-N,0,antagonist,1.0,7.23
CHEMBL5816067,CSc1ccc2[nH]c([C@@H]3CCCN3C(=O)c3c(-n4nccn4)ccc(C)c3F)nc2c1,QLHDVTDZPSQBBI-SFHVURJKSA-N,0,antagonist,1.0,7.55
CHEMBL5816222,CCOc1c(F)cccc1-c1noc([C@@H]2CCCN2C(=O)c2cc(C)c(C)cc2-n2nccn2)n1,WGOKCSOLQVLCKP-FQEVSTJZSA-N,0,antagonist,1.0,8.3
CHEMBL5816284,CCn1c([C@]2(C)CCCN2C(=O)c2cc(C)ccc2-n2nccn2)nc2cc(OC)c(OC)cc21,MCJXSALINKTKNY-SANMLTNESA-N,0,antagonist,1.0,7.38
CHEMBL5816469,COc1ccc(-n2nccn2)c(C(=O)N2CCC[C@@]2(C)c2nc3c(F)c(F)ccc3[nH]2)c1F,GSFHRSQVJWRTMZ-QFIPXVFZSA-N,0,antagonist,1.0,5.86
CHEMBL5816536,CCOc1ccccc1C(=O)N1C[C@H](c2cc(C(C)(C)O)no2)CC[C@H]1C,UONZSVLXLJZBRF-HUUCEWRRSA-N,0,antagonist,1.0,6.75
CHEMBL5816543,Cc1c(Cl)ccc2[nH]c([C@]3(C)CCCN3C(=O)c3nc(-c4ccccc4Cl)sc3-c3ccc(F)cc3)nc12,YGPJRSITDYKFHH-LJAQVGFWSA-N,0,antagonist,1.0,6.4
CHEMBL5816560,COc1ccc(-n2nccn2)c(C(=O)N2C[C@H](OC)CC2(C)c2nc3c(C)c(Cl)ccc3[nH]2)c1F,ZSVQXJJVUCRVNX-GMBBYQRISA-N,0,antagonist,1.0,6.54
CHEMBL5816593,CCc1ccccc1-c1nc([C@@H]2CCCN2C(=O)c2cc(Cl)ccc2-n2nccn2)no1,RKKXHCSZASMNJB-FQEVSTJZSA-N,0,antagonist,1.0,8.0
CHEMBL5816724,COC(=O)c1c(C#N)ccnc1O[C@@H]1CC[C@@H](C)N(C(=O)c2cccc(C)c2-n2nccn2)C1,DOGDMUJTQOKIGC-SJLPKXTDSA-N,0,antagonist,1.0,7.56
CHEMBL5816748,C[C@@H]1CC[C@@H](Oc2cc(C(C)(C)O)ccc2F)CN1C(=O)c1ccccc1-n1nccn1,NJKWDLFCTNYMNN-SJLPKXTDSA-N,0,antagonist,1.0,6.45
CHEMBL5817009,Cc1ccc(-c2ccccn2)c(C(=O)N2CCC[C@@H](C)[C@H]2CNc2ccc(Cl)cn2)n1,ZJBABATZGBTDAI-IIBYNOLFSA-N,0,antagonist,1.0,5.301029995663981
CHEMBL5817028,Cc1cc(-n2nccn2)c(C(=O)N2CCC[C@H]2c2noc(-c3cccc(Cl)c3C)n2)cc1Cl,VKXRYIXAFXMKJX-IBGZPJMESA-N,0,antagonist,1.0,8.15
CHEMBL5817078,Cc1ccc(-n2nccn2)c(C(=O)N2CCC[C@@H](C)[C@H]2CNc2ncc(Cl)cn2)n1,QTTLIYGWTNCOEE-CXAGYDPISA-N,0,antagonist,1.0,5.301029995663981
CHEMBL5817153,CCCC(=O)N1CCC[C@H](NS(C)(=O)=O)[C@@H]1CO[C@H]1CC[C@@H](C(C)C)CC1,WRICHQCWYXCMRS-RDGPPVDQSA-N,1,agonist,1.0,7.03
CHEMBL5817199,CCN(CCn1nc(C)c(C(C)(C)O)n1)C(=O)c1ccccc1-n1cccn1,NMZIREVUHIRQBO-UHFFFAOYSA-N,0,antagonist,1.0,7.55
CHEMBL5817232,COc1c(C#N)ccnc1N[C@@H]1C[C@@H](C)N(C(=O)c2ccccc2-n2nccn2)C1,JNWPFRPXTLFHIN-GDBMZVCRSA-N,0,antagonist,1.0,7.39
CHEMBL5817274,C[C@@H]1CC[C@@H](Oc2nccn3c(C(F)F)cnc23)CN1C(=O)c1ncccc1-c1ccccc1,LLYBAHJFQWHZRJ-SJLPKXTDSA-N,0,antagonist,1.0,7.29
CHEMBL5817332,CC(C)OC(=O)N1[C@H](C)C[C@H](NS(=O)(=O)CF)[C@@H]1CO[C@@H]1CC[C@]2(c3ncc(Cl)cn3)C[C@@H]2C1,NOKJPINTWRVLAE-DWJALSQXSA-N,0,antagonist,1.0,8.19
CHEMBL5817334,Cc1cccc(-c2ccc(C)cc2C(=O)N2CCC[C@@]2(C)c2nc3cc(C)c(C)cc3n2C)c1,SRYXXVHHNJEEGW-PMERELPUSA-N,0,antagonist,1.0,7.75
CHEMBL5817416,Cc1ccc(-n2nccn2)c(C(=O)N2CCC[C@@H](C)[C@H]2CNc2nc3cc(Cl)ccc3o2)n1,DBDQRJSDHDMDBC-AUUYWEPGSA-N,0,antagonist,1.0,6.41
CHEMBL5817465,Cc1ccc(CC(C(=O)N2CC(CN)(CBr)C2)n2c(=N)n(C(C)c3ccc(C)cc3)c3ccccc32)cc1,XZPJPMVTPIHWMQ-UHFFFAOYSA-N,1,agonist,1.0,6.0
CHEMBL5817466,C[C@@H]1CC(F)(F)CN(C(=O)c2cnn(C)c2-c2ccccn2)C1CNc1ncc(Cl)cn1,GMBZKGHCMGGZQX-FWJOYPJLSA-N,0,antagonist,1.0,5.301029995663981
CHEMBL5817594,Cc1ccc(-n2nccn2)c(C(=O)N2CC[C@H](C)[C@H]2c2nc3cc(C(F)(F)F)ccc3[nH]2)c1,KCZDSYOSWXMAHE-XOBRGWDASA-N,0,antagonist,1.0,6.45
CHEMBL5817605,CC(C)n1cc([C@@H]2CC[C@@H](C)N(C(=O)c3ccccc3-n3ncnn3)C2)cn1,OQVXFRQBUMTXSG-HZPDHXFCSA-N,0,antagonist,1.0,6.59
CHEMBL5817930,Cc1cc(C#N)nc(N2CC[C@@H]3CCN(C(=O)c4ccccc4-n4nccn4)C[C@@H]32)n1,ZFYFISSOIMYCQH-JXFKEZNVSA-N,0,antagonist,1.0,5.0
CHEMBL5817971,C=C1CC(c2nc3cc(SC)ccc3[nH]2)N(C(=O)c2nc(C3CC3)sc2-c2cccc(C)c2)C1,AQDRZEBMGOHVJH-UHFFFAOYSA-N,0,antagonist,1.0,7.82
CHEMBL5817998,COc1cccc(OC)c1C(=O)N[C@@H]1CCC[C@H]1Nc1nc2ccccc2s1,PQSRJJBKNVQRDI-ZIAGYGMSSA-N,0,antagonist,1.0,5.75
CHEMBL5818032,CS(=O)(=O)N[C@H]1CCCN(C(=O)NCC#N)[C@H]1CO[C@H]1CC[C@@H](c2ccccc2)CC1,OUHMOJLGEQUCEE-WOZUAGRISA-N,1,agonist,1.0,9.51
CHEMBL5818153,CCn1c([C@]2(C)CCCN2C(=O)c2cc(C)ccc2-c2ccc(F)cc2)nc2cc(C)c(C)cc21,RUSVEXUMLMBODZ-PMERELPUSA-N,0,antagonist,1.0,7.68
CHEMBL5818248,N#Cc1ccnc(N2CC[C@@H]3CCN(C(=O)c4ccccc4CC(F)F)C[C@@H]32)c1,CXEWEXFXVOZHPU-LPHOPBHVSA-N,0,antagonist,1.0,6.29
CHEMBL5818261,Cc1nc(C(=O)N2CCCC2c2nc3cc(Cl)c(C)cc3[nH]2)c(-c2ccccc2)s1,GUENCDINPQGRNS-UHFFFAOYSA-N,0,antagonist,1.0,7.62
CHEMBL5818298,Cc1ccc(-c2ccccn2)c(C(=O)N2CCC[C@@]2(C)c2nc3cc(OC(F)(F)F)ccc3[nH]2)c1,CNIVXMKUFJVRMO-VWLOTQADSA-N,0,antagonist,1.0,6.23
CHEMBL5818366,COC(=O)c1c(SC)ccnc1O[C@@H]1CC[C@@H](C)N(C(=O)c2ccc(F)cc2-c2ncccn2)C1,UFWSTKGYCZSETF-NVXWUHKLSA-N,0,antagonist,1.0,7.5
CHEMBL5818465,Cc1c(C#N)ccnc1O[C@@H]1CC[C@@H](C)N(C(=O)C2=C(c3ccccn3)CCC2)C1,ABJRCTKEAAWJIC-VQIMIIECSA-N,0,antagonist,1.0,7.815
CHEMBL5818574,Cc1c(Cl)ccc2[nH]c([C@@H]3[C@@H](C)CCN3C(=O)c3ccccc3-n3nccn3)nc12,AFEOPHKUWYDQAM-RBZFPXEDSA-N,0,antagonist,1.0,7.17
CHEMBL5818603,Cc1ccc(CC(C(=O)N2CCC(O)CC2)n2c(=N)n(C(C)c3ccc(C)cc3)c3ccccc32)cc1,YGPIJLZLBRLAQQ-UHFFFAOYSA-N,1,agonist,1.0,5.3
CHEMBL5818608,COc1c(F)cccc1-c1noc([C@@H]2CCCN2C(=O)c2nc(C)ccc2-n2nccn2)n1,AVUYFKHOVCOKKU-KRWDZBQOSA-N,0,antagonist,1.0,7.07
CHEMBL5818691,Cc1c(C#N)ccnc1O[C@@H]1CC[C@@H](C)N(C(=O)c2ccsc2-c2nccs2)C1,CXPNMJKLLBPCNK-CZUORRHYSA-N,0,antagonist,1.0,8.345
CHEMBL5818751,CCS(=O)(=O)N[C@H]1[C@H]2CCC[C@H]2N(C(=O)OC)[C@H]1COC1CCC2(c3ncc(F)cn3)CC2C1,NNKOPDNRNWDKLZ-WAEYNHBBSA-N,0,antagonist,1.0,9.05
CHEMBL5818875,Cc1ccc(-c2sc(C)nc2C(=O)N2CC[C@H](C)[C@H]2c2nc3c(C(F)(F)F)cccc3[nH]2)cc1,DEVWYCIKDYFHKV-QKKBWIMNSA-N,0,antagonist,1.0,7.1
CHEMBL5818980,C[C@@H]1CCCN(C(=O)c2cc(F)ccc2-n2nccn2)[C@@H]1CNc1ncc(C(F)(F)F)cn1,FHYUVPNQBPEQKT-FZKQIMNGSA-N,0,antagonist,1.0,5.301029995663981
CHEMBL5819161,COc1c(F)cccc1C(=O)N1CCC[C@@H](C)[C@H]1CNc1ccc(C(F)(F)F)cn1,PMXGECKJQJOAPU-CXAGYDPISA-N,0,antagonist,1.0,5.301029995663981
CHEMBL5819511,Cc1ccc(/C=C/CCn2c(=N)n(C(Cc3ccc(C)cc3)C(=O)N3CCC3)c3ccccc32)cc1,RJNZRRSICLKYCQ-DSVFDTFLSA-N,1,agonist,1.0,6.0
CHEMBL5819537,Cc1ccc(-n2nccn2)c(C(=O)N2CCC[C@H]2c2nc(-c3cccc(OC(F)(F)F)c3)no2)c1,QNLNRUKDTPQCQF-IBGZPJMESA-N,0,antagonist,1.0,7.5
CHEMBL5819616,Cc1ccc(-n2nccn2)c(C(=O)N2CCC[C@@]2(C)c2nc3c(F)c(F)ccc3[nH]2)n1,GKCWRTQGIQLARU-NRFANRHFSA-N,0,antagonist,1.0,6.07
CHEMBL5819626,CCOc1ncccc1-c1nnc([C@@H]2CCCN2C(=O)c2ccc(Cl)cc2-n2nccn2)[nH]1,XEWMCRKQHIEWNY-KRWDZBQOSA-N,0,antagonist,1.0,7.68
CHEMBL5819635,CCOc1c(F)cccc1-c1nc([C@@H]2CCCN2C(=O)c2cc(OC)ccc2-n2nccn2)no1,FCJMMEVNQNVXGE-FQEVSTJZSA-N,0,antagonist,1.0,8.52
CHEMBL5819640,COC(=O)N1CCC[C@H](NS(C)(=O)=O)[C@@H]1CO[C@H]1CC[C@@H](c2ccn(C)n2)CC1,YBAWACNHBIPEOF-MVJTYMMSSA-N,1,agonist,1.0,5.62
CHEMBL5819678,C[C@@H]1CC[C@@H](c2cc(C(C)(C)O)sn2)CN1C(=O)c1ccccc1C1(C#N)CC1,BOLIVFQLBGTMBL-HZPDHXFCSA-N,0,antagonist,1.0,7.72
CHEMBL5819689,COc1ccccc1-c1ccc(C)cc1C(=O)N1CCC[C@@]1(C)c1nc2cc(C(F)(F)F)ccc2[nH]1,ZUNVALJWNMAFLH-MHZLTWQESA-N,0,antagonist,1.0,6.55
CHEMBL5819924,COc1ccc2nc([C@@H]3CCCN3C(=O)c3cc(F)ccc3-n3nccn3)[nH]c2c1,SQAVLXQVQKUDRK-IBGZPJMESA-N,0,antagonist,1.0,7.54
CHEMBL5819959,C=C1C[C@@H](c2nc3cccc(C)c3[nH]2)N(C(=O)c2nc(C)ccc2-n2cccn2)C1,CTUIYHOUERTMHH-IBGZPJMESA-N,0,antagonist,1.0,7.11
CHEMBL5820148,CCc1ccccc1-c1nnc([C@@H]2CCCN2C(=O)c2cc(C)ccc2-n2nccn2)o1,USEGFYADILWBTB-NRFANRHFSA-N,0,antagonist,1.0,6.68
CHEMBL5820161,Cc1noc(-c2ccc(Cl)cc2C(=O)N2CC(F)(F)C[C@@H](C)C2CNc2ncc(C(F)(F)F)cn2)n1,XXLWQJPKXIESTA-VCQTYVLVSA-N,0,antagonist,1.0,5.301029995663981
CHEMBL5820312,CCN(CCN(C)c1cc(C#N)ccn1)C(=O)c1ccccc1C1(C#N)CCOCC1,KDRIUCXQLNDKCZ-UHFFFAOYSA-N,0,antagonist,1.0,5.14
CHEMBL5820358,Cc1ccc(-n2nccn2)c(C(=O)N2CCC[C@H]2c2nc(-c3c[nH]c4cccc(C)c34)no2)c1,NGHXGGRHQQHXPO-NRFANRHFSA-N,0,antagonist,1.0,5.97
CHEMBL5820527,COC(=O)N1CCC[C@H](NS(C)(=O)=O)[C@@H]1CO[C@H]1CC[C@@H](c2cccc(OC(F)(F)F)c2)CC1,FFALFBUYRHALAB-RKOGWWSCSA-N,1,agonist,1.0,6.55
CHEMBL5820774,Cc1ccc(C(=O)N2CCC[C@@]2(C)c2nnc(-c3cccc(Cl)c3C)[nH]2)c(-n2nccn2)c1,OQEBFZOMRKUDRP-DEOSSOPVSA-N,0,antagonist,1.0,7.62
CHEMBL5820830,Cc1ccc(-n2nccn2)c(C(=O)N2CCC[C@@]2(C)c2nc3cc(C(C)(C)C)ccc3[nH]2)c1,UIZYUTFITYIXNJ-SANMLTNESA-N,0,antagonist,1.0,7.51
CHEMBL5820834,Cc1ccc(CC(C(=O)N2CC(C#N)C2)n2c(=N)n(C(C)c3ccc(C)cc3)c3cccnc32)cc1,WYTRELALXGTYAT-UHFFFAOYSA-N,1,agonist,1.0,5.91
CHEMBL5820983,C/N=c1\n(Cc2ccc(C)cc2)c2ccccc2n1C(CO)Cc1ccc(C)cc1,VJKTZRQQQQBPDJ-CYYJNZCTSA-N,1,agonist,1.0,5.3
CHEMBL5821305,Cc1ccc(-n2nccn2)c(C(=O)N2CCC[C@H]2c2nc(-c3c(C)cccc3Cl)no2)c1,DBRUWOASUKAEHT-IBGZPJMESA-N,0,antagonist,1.0,6.98
CHEMBL5821310,Cc1ccc(CC(CC#N)n2c(=N)n(C(C)c3ccc(C)cc3)c3cccnc32)cc1,GUMQZBCTLQOTEA-UHFFFAOYSA-N,1,agonist,1.0,5.91
CHEMBL5821362,COC(=O)N1CCC[C@H](NS(C)(=O)=O)[C@@H]1COC1CCC(c2ccccc2)C1,RIRPVRMHNIKWGG-BTRQGYIVSA-N,1,agonist,1.0,6.31
CHEMBL5821456,Cc1c(C#N)ccnc1O[C@@H]1CC[C@@H](C)N(C(=O)c2ccsc2-n2nccn2)C1,VNPQSNXVFVZPTG-CZUORRHYSA-N,0,antagonist,1.0,8.600000000000001
CHEMBL5821467,Cc1ccc(-c2ccc(C#N)cc2)c(C(=O)N2CCC[C@@]2(C)c2nc3cc(C(F)(F)F)c(Cl)cc3[nH]2)c1,GVVKKHVXHRGSGC-MHZLTWQESA-N,0,antagonist,1.0,6.95
CHEMBL5821617,COc1cc2nc([C@@H]3[C@@H](C)CCN3C(=O)c3c(-n4nccn4)ccc(C)c3F)[nH]c2cc1OC,GQHCGXFQAPFLMZ-FPTDNZKUSA-N,0,antagonist,1.0,6.61
CHEMBL5821639,CCN(CCc1ccc(C(C)(C)O)cn1)C(=O)c1ccccc1-n1ncnn1,JKXFLRZLWBQJJK-UHFFFAOYSA-N,0,antagonist,1.0,6.41
CHEMBL5821653,Cc1ccc(-n2nccn2)c(C(=O)N2CCC[C@@]2(C)c2nc3cc(Br)cc(C)c3n2C)c1,NEXMTSRENVSSOM-DEOSSOPVSA-N,0,antagonist,1.0,8.22
CHEMBL5821779,C[C@@H]1CC[C@@H](c2cc(C(C)(C)O)no2)CN1C(=O)c1ccccc1-n1ncnn1,ZYPYZPZKZGDVIP-ZIAGYGMSSA-N,0,antagonist,1.0,6.91
CHEMBL5822007,CCOc1ncccc1-c1noc([C@@H]2CCCN2C(=O)c2ccc(Cl)cc2-n2nccn2)n1,CIXFDKCSGHGGNM-KRWDZBQOSA-N,0,antagonist,1.0,7.36
CHEMBL5822086,C[C@@H]1CC[C@@H](c2cc(C(C)(C)O)no2)CN1C(=O)c1ccccc1-c1ncccn1,LQJUMDUSBXWUPJ-HZPDHXFCSA-N,0,antagonist,1.0,7.29
CHEMBL5822308,C=C1C[C@@H](c2nc3c(C)c(Cl)ccc3[nH]2)N(C(=O)c2nc(C)sc2-c2cccc(Cl)c2)C1,NNEYHDHJHDRFBV-IBGZPJMESA-N,0,antagonist,1.0,9.0
CHEMBL5822474,CCc1ccccc1-c1nc([C@@H]2CCCN2C(=O)c2cc(OC)c(C)cc2-n2nccn2)no1,DHYDDYGJWVOABE-FQEVSTJZSA-N,0,antagonist,1.0,8.52
CHEMBL5822608,Cc1ccc(-c2ncccn2)c(C(=O)N2CCC[C@@H](C)[C@H]2CNc2nnc(C(F)(F)F)s2)n1,BAEJQDZBHBROMJ-IUODEOHRSA-N,0,antagonist,1.0,5.301029995663981
CHEMBL5822697,Cc1ccc(-n2nccn2)c(C(=O)N2CCC[C@H]2c2nnc(-c3ccccc3)o2)c1,NOGSURGCGPBWQD-IBGZPJMESA-N,0,antagonist,1.0,5.85
CHEMBL5822736,COC[C@H](Cc1ccc(C)cc1)n1c(=N)n(Cc2cccc(C)n2)c2ccccc21,PQVYDAITJYYPPS-QFIPXVFZSA-N,1,agonist,1.0,6.0
CHEMBL5822754,O=C(N[C@H]1CCC[C@@H]1Nc1nc2ccc(F)cc2s1)c1ncccc1F,VHNXXNYTMWVDNN-STQMWFEESA-N,0,antagonist,1.0,5.0
CHEMBL5822866,Cc1c(Cl)cccc1-c1noc([C@@H]2CCCN2C(=O)c2cccnc2-c2ccccn2)n1,SDZYVJRZDHHLBX-FQEVSTJZSA-N,0,antagonist,1.0,7.1
CHEMBL5822876,C[C@@]1(c2nc3cc(C(F)(F)F)c(Cl)cc3[nH]2)CCCN1C(=O)c1cc(F)ccc1-n1nccn1,JELJIYGZOWMDMG-NRFANRHFSA-N,0,antagonist,1.0,7.46
CHEMBL5822960,Cc1ccc(-n2cccn2)c(C(=O)N2CC[C@H](C)[C@H]2c2nc3c(C)c(Cl)ccc3[nH]2)c1,MUPOKYOVVTXJKM-NYHFZMIOSA-N,0,antagonist,1.0,6.1
CHEMBL5823050,Cc1ccc(-n2nccn2)c(C(=O)N2CCC[C@H]2c2noc(-c3cccc(F)c3C)n2)c1,KTQDXFVMBAMYRT-FQEVSTJZSA-N,0,antagonist,1.0,8.4
CHEMBL5823123,CO[C@H]1CN(C(=O)c2nc(C)sc2-c2ccccc2)C(C)(c2nc3c(C)c(Cl)ccc3[nH]2)C1,BPTCIKAHEBIJHG-SMFUYQKNSA-N,0,antagonist,1.0,7.92
CHEMBL5823250,CCN(CCc1cncc(Br)c1)C(=O)c1ccccc1-n1nccn1,QDCONAZNDRUSIH-UHFFFAOYSA-N,0,antagonist,1.0,6.82
CHEMBL5823287,Cc1ccc(-n2cnc(C)n2)c(C(=O)N2CCC[C@@H](C)[C@H]2CNc2ccc(C(F)(F)F)cn2)c1,QGIJVZQSMSANOU-IIBYNOLFSA-N,0,antagonist,1.0,5.3979400086720375
CHEMBL5823319,Cc1ccc(-n2nccn2)c(C(=O)N2CCC[C@@H](C)[C@H]2CNc2ncccc2C#N)c1,WZFKGBDFEMXSHP-DYESRHJHSA-N,0,antagonist,1.0,5.301029995663981
CHEMBL5823347,CCN(CCN(C)c1cccc(C(C)(C)O)n1)C(=O)c1nccnc1-n1cccn1,XJWQHPRCNHGOGD-UHFFFAOYSA-N,0,antagonist,1.0,6.48
CHEMBL5823471,Cc1ccc(Cn2c(=N)n([C@@H](CO)Cc3ccccc3)c3ccccc32)cc1,ZGNCOFUWRSBKMH-OAQYLSRUSA-N,1,agonist,1.0,6.0
CHEMBL5823502,Cc1cccc(-c2sc(C)nc2C(=O)N2CC[C@H](C)[C@H]2c2nc3cc(C(F)(F)F)ccc3[nH]2)c1,WGXWESGDVQQWBM-QKKBWIMNSA-N,0,antagonist,1.0,5.87
CHEMBL5823510,Cc1c(Cl)ccc2[nH]c([C@@H]3[C@@H](C)CCN3C(=O)c3cc(Cl)ccc3-c3ccccc3)nc12,FIGBBBAJTUKBON-OWJWWREXSA-N,0,antagonist,1.0,6.52
CHEMBL5823677,Cc1onc(-c2ccccc2Cl)c1C(=O)N1CCC[C@H]1c1nnc(-c2cccc(Cl)c2C)o1,SQUFXKFOKZCMSQ-IBGZPJMESA-N,0,antagonist,1.0,4.661543506395395
CHEMBL5823728,CCOc1ncccc1-c1nc([C@@H]2CCCN2C(=O)c2cc(Cl)c(C)cc2-n2nccn2)no1,HENXYXVXSIGXOV-SFHVURJKSA-N,0,antagonist,1.0,9.0
CHEMBL5823734,Cc1ccc(-n2nccn2)c(C(=O)N2CCC[C@H]2c2nc(-c3cccc4c3ccn4C)no2)c1,GUTYDJGKTMGHRF-QFIPXVFZSA-N,0,antagonist,1.0,8.22
CHEMBL5824018,CCN(CCN(C)c1nccc(C(C)(C)O)n1)C(=O)c1cccnc1OCC(F)F,PAWCWJGVSZQEKW-UHFFFAOYSA-N,0,antagonist,1.0,7.62
CHEMBL5824065,Cc1ccc(C(=O)N2CC[C@H](C)[C@H]2c2nc3cc(Cl)c(C)cc3[nH]2)c(-c2cccnc2)c1,RGEOGOVZFOFDIK-FYSMJZIKSA-N,0,antagonist,1.0,5.82
CHEMBL5824111,Cc1ccc(-c2cccc(F)c2)c(C(=O)N2CCC[C@@]2(C)c2nc3cc(C(F)(F)F)ccc3[nH]2)c1,LUPMEOABJQBYGG-SANMLTNESA-N,0,antagonist,1.0,7.26
CHEMBL5824124,COC(=O)N1[C@H](C)C[C@H](NS(=O)(=O)C(C)C)[C@@H]1CO[C@@H]1CC[C@]2(c3ncc(F)cn3)C[C@@H]2C1,AXIGYRTVDAFBBR-DWJALSQXSA-N,0,antagonist,1.0,7.87
CHEMBL5824142,COC(=O)N1CCC[C@H](NS(C)(=O)=O)[C@@H]1CO[C@H]1CC[C@@H](c2cccc(F)c2)CC1,DOODAOWKCHCXSS-LDTOTXGLSA-N,1,agonist,1.0,8.66
CHEMBL5824208,C[C@@H]1CC[C@@H](c2cnn(CC(F)(F)F)c2)CN1C(=O)c1ccccc1-n1nccn1,JMFSVRZCGLPYMB-HUUCEWRRSA-N,0,antagonist,1.0,7.12
CHEMBL5824289,Cc1ccc(-n2nccn2)c(C(=O)N2CCC[C@H]2c2cc(-c3ccccc3OC(F)(F)F)on2)c1,FABVICYLPLKVAI-FQEVSTJZSA-N,0,antagonist,1.0,8.3
CHEMBL5824475,Cc1cc(-c2nc(C(=O)N3CCC[C@@]3(C)c3nc4c(C)c(Cl)ccc4[nH]3)c(-c3ccc(F)cc3)s2)ccc1F,KAKBYZRNFMPQHH-PMERELPUSA-N,0,antagonist,1.0,5.79
CHEMBL5824488,CCOc1ncccc1-c1nc([C@@H]2CCCN2C(=O)c2cc(C)ccc2-n2nccn2)no1,YXGWHKJTXBZROR-IBGZPJMESA-N,0,antagonist,1.0,8.7
CHEMBL5824703,Cc1ccc(C(=O)N2CCC[C@@]2(C)c2nc3c(C)c(Cl)ccc3[nH]2)c(-n2nccn2)c1,LZIZZUSWJHWVCS-QHCPKHFHSA-N,0,antagonist,1.0,7.92
CHEMBL5824775,CC(C)[C@H]1CC[C@@H](OC[C@H]2[C@@H](NS(C)(=O)=O)CCCN2C(=O)C(C)(C)C)CC1,RWRREBZZLXYOQC-RDGPPVDQSA-N,1,agonist,1.0,6.01
CHEMBL5824791,Cc1ccc(-c2cn[nH]c2)c(C(=O)N2CCC[C@@H](C)[C@H]2CNc2ccc(C(F)(F)F)cn2)c1,RTHRDULAVMGUJA-IIBYNOLFSA-N,0,antagonist,1.0,5.3979400086720375
CHEMBL5825006,Cc1ccc(-n2nccn2)c(C(=O)N2CC(F)(F)C[C@@H](C)C2CNc2ncc(Cl)cn2)c1,PTABKTYHVQYFTD-IKJXHCRLSA-N,0,antagonist,1.0,5.301029995663981
CHEMBL5825009,Cc1c(F)cccc1-c1nc([C@@H]2CCCN2C(=O)c2ccc(Cl)cc2-n2nccn2)no1,HEWRQKPGVCKCIB-SFHVURJKSA-N,0,antagonist,1.0,8.3
CHEMBL5825101,C[C@@H]1CC(F)(F)CN(C(=O)c2nn(C)cc2-c2ncccn2)[C@@H]1COc1ncc(C(F)(F)F)cn1,PUQHLHMBSDYIIJ-IUODEOHRSA-N,0,antagonist,1.0,5.301029995663981
CHEMBL5825120,CCOc1ccccc1C(=O)N1C[C@H](c2nsc(C(C)(C)O)n2)CC[C@H]1C,KDIOSWPDFTWRRZ-ZIAGYGMSSA-N,0,antagonist,1.0,6.84
CHEMBL5825142,C[C@@H]1CC[C@@H](c2cc([C@@H](O)C(F)(F)F)no2)CN1C(=O)c1ccsc1-n1nccn1,IYRVMSQDPFXYDV-UEKVPHQBSA-N,0,antagonist,1.0,6.81
CHEMBL5825152,Cc1oc(CCN(C)C(=O)c2ccccc2-n2nccn2)nc1C(C)(C)O,FGNHQRRBVKKBQO-UHFFFAOYSA-N,0,antagonist,1.0,6.41
CHEMBL5825183,C[C@@H]1CC[C@@H](C(=O)NCC(=O)C(C)(C)C)CN1C(=O)c1ccccc1-n1nccn1,CHEBTELJQGIXJC-HZPDHXFCSA-N,0,antagonist,1.0,7.52
CHEMBL5825272,Cc1ccc(C(=O)N2C[C@H](Oc3nccc(C#N)c3C)CC[C@H]2C)c(-c2ncccn2)c1,UAHUEYMUHQEGKH-YLJYHZDGSA-N,0,antagonist,1.0,8.055
CHEMBL5825281,C[C@@H]1CCCN(C(=O)c2cc(F)c(F)cc2-n2nccn2)[C@@H]1CNc1ccc(Cl)cn1,KWDPEBXJJHIYJH-BFUOFWGJSA-N,0,antagonist,1.0,5.301029995663981
CHEMBL5825298,Cc1ccc(CC(C)n2c(=N)n(Cc3ccc(C)cc3)c3ccccc32)cc1,AFEYPDYWNLJEST-UHFFFAOYSA-N,1,agonist,1.0,5.3
CHEMBL5825338,Cc1ccc(-c2ccc(F)cc2)c(C(=O)N2CCC[C@@]2(C)c2nc3cc(C)c(C)cc3[nH]2)c1,GNXDHAJSVSYHOQ-NDEPHWFRSA-N,0,antagonist,1.0,7.5
CHEMBL5825363,Cc1ccc(-n2nccn2)c(C(=O)N2CCC[C@H]2c2nc(-c3cccc4ccn(C)c34)no2)c1,UYYARKFPQXKYMD-NRFANRHFSA-N,0,antagonist,1.0,8.1
CHEMBL5825412,Cc1ccc(CC(CO)n2c(=N)n(C(C)c3ccc(C)cc3)c3ccccc32)cc1,JHRCNHSVJJJIMU-UHFFFAOYSA-N,1,agonist,1.0,5.5600000000000005
CHEMBL5825438,C[C@@H]1CC[C@@H](Oc2cccc3c2CCCC3O)CN1C(=O)c1ccccc1-n1nccn1,ABMFPGXVVWQYRV-JGUPTHKFSA-N,0,antagonist,1.0,6.74
CHEMBL5825455,Cc1oc([C@@H]2CC[C@@H](C)N(C(=O)c3cccnc3OC(C)C)C2)nc1C(C)(C)O,WROSRLUTWRHNOM-GDBMZVCRSA-N,0,antagonist,1.0,7.53
CHEMBL5825464,CC(C)[C@H]1CC[C@@H](OC[C@H]2[C@@H](NS(C)(=O)=O)CCCN2C(=O)C2CCC(=O)N2)CC1,YPUWKYUYDPXALK-DTRVGAPLSA-N,1,agonist,1.0,5.31
CHEMBL5825802,Cc1cc(-n2nccn2)c(C(=O)N2CCC[C@H]2c2noc(-c3ccccc3OC(F)(F)F)n2)cc1Cl,OMDRHDUQTSXHKY-KRWDZBQOSA-N,0,antagonist,1.0,8.22
CHEMBL5825942,Cc1c(C#N)ccnc1O[C@@H]1CC[C@@H](C)N(C(=O)c2c(F)cccc2-c2cscn2)C1,FVCYMLUEJSZXEI-RHSMWYFYSA-N,0,antagonist,1.0,8.61
CHEMBL5825980,Cc1ccc(-n2nccn2)c(C(=O)N2CCC[C@H]2c2nc(-c3cc(C)ccc3C)no2)c1,YJAVKFJDGMUQGF-NRFANRHFSA-N,0,antagonist,1.0,8.1
CHEMBL5826035,Cc1ccc(C(=O)N2C[C@H](Oc3nccc(C#N)c3C)CC[C@H]2C)c(C2CC2)c1,AJNUFBMCWNNNIO-OXQOHEQNSA-N,0,antagonist,1.0,8.45
CHEMBL5826042,C=C1CN(C(=O)c2nc(C)sc2-c2ccccc2)C(C)(c2nc3cc(OC)ccc3[nH]2)C1,HDHBXOBMSPGKTC-UHFFFAOYSA-N,0,antagonist,1.0,7.42
CHEMBL5826051,Cc1ccccc1-c1nc(C(=O)N2CCC[C@@]2(C)c2nc3cc(Cl)c(C(F)(F)F)cc3[nH]2)c(-c2ccc(F)cc2)s1,BJJGSYQHHKESLX-LJAQVGFWSA-N,0,antagonist,1.0,5.34
CHEMBL5826161,COc1cccc(OC)c1C(=O)N[C@H]1CCC[C@@H]1Nc1nc2ccc(F)cc2s1,FFLQAHCLFLUGAV-KBPBESRZSA-N,0,antagonist,1.0,5.12
CHEMBL5826348,Cc1cc(C(=O)N2C[C@H](c3nc(C)c(C(C)(C)O)o3)CC[C@H]2C)c(-n2nccn2)s1,FTNNNRQGJBFOMI-IUODEOHRSA-N,0,antagonist,1.0,7.52
CHEMBL5826383,C[C@@H]1CC[C@@H](Oc2nccn3c(C(F)F)cnc23)CN1C(=O)c1cscc1-c1ncccn1,DAHVBRXERQXKAM-ZIAGYGMSSA-N,0,antagonist,1.0,7.35
CHEMBL5826515,Cc1oc(CCN(CCCO)C(=O)c2ccccc2-n2nccn2)nc1C(C)(C)O,ZEJTZNZYWJKEAH-UHFFFAOYSA-N,0,antagonist,1.0,6.52
CHEMBL5826659,CCOc1ncccc1-c1noc([C@@H]2CCCN2C(=O)c2cc(F)cc(C)c2-n2nccn2)n1,ZRLUMAWQLMBDLR-SFHVURJKSA-N,0,antagonist,1.0,6.22
CHEMBL5826849,COc1ccc(C(=O)N2C[C@H](Oc3nccc(C#N)c3C)CC[C@H]2C)c(C2CCC2)n1,FJAAEIGLZFUYOL-DNVCBOLYSA-N,0,antagonist,1.0,7.98
CHEMBL5827006,CC(C)[C@H]1CC[C@@H](OC[C@H]2[C@@H](NS(C)(=O)=O)CCCN2S(C)(=O)=O)CC1,WUHKVQYRDRCVME-YVSFHVDLSA-N,1,agonist,1.0,6.06
CHEMBL5827051,O=C(N[C@H]1CCC[C@@H]1Nc1nc2ccc(F)cc2s1)c1ncccc1OC(F)F,LDQUCGPAZZUNGU-RYUDHWBXSA-N,0,antagonist,1.0,5.0
CHEMBL5827088,COc1ccc2[nH]cc(-c3noc([C@@H]4CCCN4C(=O)c4cc(C)ccc4-n4nccn4)n3)c2c1,DMEBUSXIPYHQPN-QFIPXVFZSA-N,0,antagonist,1.0,6.97
CHEMBL5827318,COc1cccnc1N[C@@H]1C[C@@H](C)N(C(=O)c2ccccc2-n2nccn2)C1,ABYUDGLJAZLYDU-HUUCEWRRSA-N,0,antagonist,1.0,7.44
CHEMBL5827348,Cc1ccc(-c2ncccn2)c(C(=O)N2CCC(F)(F)CC2CNc2ncc(C(F)(F)F)cn2)c1,RTLNETICFGUGJA-UHFFFAOYSA-N,0,antagonist,1.0,5.301029995663981
CHEMBL5827475,CCOc1cnccc1-c1noc([C@@H]2CCCN2C(=O)c2cc(C)ccc2-n2nccn2)n1,OLOZJJINZBPHSF-IBGZPJMESA-N,0,antagonist,1.0,7.39
CHEMBL5827558,C[C@@H]1CC[C@@H](Oc2nccc3c2COC3=O)CN1C(=O)c1ccc(F)cc1-n1nccn1,CSNXVVWGVAHIEP-UKRRQHHQSA-N,0,antagonist,1.0,7.82
CHEMBL5827624,Cc1cccc(-c2cn(C)nc2C(=O)N2CC(F)(F)C[C@@H](C)C2CNc2ncc(C(F)(F)F)cn2)c1,IZSZWEMDNFEKMB-NYRJJRHWSA-N,0,antagonist,1.0,5.301029995663981
CHEMBL5827725,CCc1ccccc1[C@H]1CC[C@@H](OC[C@H]2[C@@H](NS(=O)(=O)N(C)C)C[C@@H](C)N2C(=O)OC)CC1,VMZAEWOXNIRICA-VECFNVCKSA-N,0,antagonist,1.0,8.66
CHEMBL5827752,Cc1nc(C(=O)N2CCC[C@@]2(C)c2nc3cc(OC(F)(F)F)ccc3[nH]2)c(-c2cc(F)cc(F)c2)s1,MTLKVJGRTAQPSQ-QHCPKHFHSA-N,0,antagonist,1.0,6.27
CHEMBL5827839,Cc1ccc(-c2sc(C)nc2C(=O)N2CC(F)(F)C[C@@H](C)C2CNc2ccc(C(F)(F)F)cn2)nc1,JSEMBTFNKWXQTK-IKJXHCRLSA-N,0,antagonist,1.0,5.301029995663981
CHEMBL5827968,Cc1ccc(-c2ccccc2)c(C(=O)N2CC(F)(F)C[C@@H](C)C2CNc2ncc(C(F)(F)F)cn2)n1,BWZPZOHNJVOWPA-IWPPFLRJSA-N,0,antagonist,1.0,5.301029995663981
CHEMBL5828078,COc1ccc(-n2nccn2)c(C(=O)N2CCC[C@H]2c2nc3ccc(OC)cc3[nH]2)c1,YUCDKMBLAKJJRH-FQEVSTJZSA-N,0,antagonist,1.0,7.7
CHEMBL5828238,C[C@@H]1CC[C@@H](Oc2cccc3c2CC[C@]3(C)O)CN1C(=O)c1ccccc1-n1nccn1,WBQYWJZWQICDEX-GAKIBJFNSA-N,0,antagonist,1.0,7.47
CHEMBL5828339,COc1c(C#N)ccnc1O[C@@H]1CC[C@@H](CO)N(C(=O)c2ccccc2OC(F)F)C1,WMUZTDXNXRQPGR-LSDHHAIUSA-N,0,antagonist,1.0,7.41
CHEMBL5828340,Cc1nc(C(=O)N2CC[C@H](C)[C@H]2c2nc3c(C(F)(F)F)cccc3[nH]2)c(-c2ccc(F)c(F)c2)s1,OUBIBRIODULKRI-YBTHPKLGSA-N,0,antagonist,1.0,5.32
CHEMBL5828419,Cc1ccc(-n2nccn2)c(C(=O)N2CCC[C@H]2c2nc(-c3ccccc3O)no2)c1,CGVSPHFHIAUQTA-SFHVURJKSA-N,0,antagonist,1.0,6.59
CHEMBL5828612,COc1cccc(OC)c1C(=O)N[C@@H]1CC(F)C[C@@H]1Nc1nc2ccc(Cl)cc2s1,AUWUTXUWNNCEMB-UCWKZMIHSA-N,0,antagonist,1.0,5.0
CHEMBL5828712,O=C(c1ncoc1-c1ccccc1)N1CCC[C@H]1c1nnc(-c2ccccc2OC(F)(F)F)[nH]1,KWZZBJWQFPXJNR-INIZCTEOSA-N,0,antagonist,1.0,5.52
CHEMBL5828714,C[C@@H]1CC(F)(F)CN(C(=O)c2cc(Cl)ccc2-n2nccn2)C1CNc1ncc(Cl)cn1,WWMCGAVSJLFVJK-MTATWXBHSA-N,0,antagonist,1.0,5.301029995663981
CHEMBL5828730,CCC(C)(O)c1ccnc(O[C@@H]2CC[C@@H](C)N(C(=O)c3ccccc3-n3nccn3)C2)c1,PATSIXUBYDLGLQ-IYDNLKSRSA-N,0,antagonist,1.0,7.85
CHEMBL5828849,CCN(CCc1cc(C)c(Br)cn1)C(=O)c1ccccc1-n1nccn1,IFBIOKWHJMDFJX-UHFFFAOYSA-N,0,antagonist,1.0,7.8
CHEMBL5829142,C=C1C[C@@H](c2nc3cc(Cl)c(C(F)(F)F)cc3[nH]2)N(C(=O)c2c(F)cccc2-n2nccn2)C1,DUPMRLZYWKVRTO-SFHVURJKSA-N,0,antagonist,1.0,7.72
CHEMBL5829216,N#Cc1ccnc(N2CC[C@@H]3CCN(C(=O)c4ccccc4C4CC4)C[C@@H]32)c1,IXDGHRLDXQVDJE-RXVVDRJESA-N,0,antagonist,1.0,7.09
CHEMBL5829263,CC(C)OC(=O)N1[C@H](C)C[C@H](NS(=O)(=O)CF)[C@@H]1COC1CCC2(c3ncc(Br)cn3)CC2C1,WPBWHUPHTBZVAR-WOIDTSMQSA-N,0,antagonist,1.0,7.380000000000001
CHEMBL5829355,Cc1nc(C(=O)N2CCC[C@@]2(C)c2nc3c(C)c(C)c(Br)cc3[nH]2)c(-c2cc(F)cc(F)c2)s1,LOYYUSOWAAROMT-VWLOTQADSA-N,0,antagonist,1.0,8.1
CHEMBL5829435,Cc1ccc(CC(CNC(=O)c2ncccc2C)n2c(=N)n(Cc3ccc(C)cc3)c3ccccc32)cc1,LTNKHSVEMTYEGW-UHFFFAOYSA-N,1,agonist,1.0,6.0
CHEMBL5829488,Cc1ccc(-n2nccn2)c(C(=O)N2CCC[C@@H](C)[C@H]2CNc2ccc(C(F)(F)F)cn2)c1,KTHFQWHOCBTIND-OXQOHEQNSA-N,0,antagonist,1.0,5.32
CHEMBL5829514,C=C1C[C@@H](c2nc3cc(OC)ccc3[nH]2)N(C(=O)c2ccccc2-c2nc(C)no2)C1,CEOIZTKCASJAEM-FQEVSTJZSA-N,0,antagonist,1.0,7.31
CHEMBL5829584,N#Cc1ccnc(-c2ccccc2C(=O)N2C[C@H]3[C@H](CCN3c3cc(C#N)ccn3)C[C@@H]2CO)c1,JZXOOFRSLBVCDA-OTPAQWSUSA-N,0,antagonist,1.0,8.09
CHEMBL5829776,CCN(CCN(C)c1cc(C#N)ccn1)C(=O)c1ccccc1C1(C#N)CC1,ROKJYGISQPVREE-UHFFFAOYSA-N,0,antagonist,1.0,7.72
CHEMBL5829808,CCN(CCN(C)c1nc(C)cc(C)n1)C(=O)c1nccnc1-n1nccn1,MWRLOGYGYHCYEB-UHFFFAOYSA-N,0,antagonist,1.0,5.9
CHEMBL5829847,C[C@@H]1CC[C@@H](Oc2nccc3c2C(=O)OC3(C)C)CN1C(=O)c1cc(Cl)ccc1-n1nccn1,WSVLQNABLZPAJI-GDBMZVCRSA-N,0,antagonist,1.0,7.38
CHEMBL5829861,COC(=O)/N=c1/n(Cc2ccc(C)cc2)c2ccccc2n1C(COC(=O)OC)Cc1ccc(C)cc1,DBVVXBSXTWHPRB-IKPAITLHSA-N,1,agonist,1.0,6.0
CHEMBL5829917,CSc1ccc2nc([C@@H]3CCCN3C(=O)c3cnc(C)nc3-c3ccccc3)[nH]c2c1,BBLBGHPIWOBLLO-NRFANRHFSA-N,0,antagonist,1.0,7.66
CHEMBL5830018,Cc1c(C#N)ccnc1O[C@@H]1CC[C@@H](C)N(C(=O)c2cc(F)ccc2-c2nccs2)C1,BRNNGDLYXKPTJY-RDTXWAMCSA-N,0,antagonist,1.0,9.15
CHEMBL5830200,C[C@@H]1CC[C@@H](c2nc(C(=O)O)c(-c3ccccc3)o2)CN1C(=O)c1ccccc1-n1nccn1,LVKIOXOSMGMBKU-SJLPKXTDSA-N,0,antagonist,1.0,6.71
CHEMBL5830251,C[C@@H]1CC(F)(F)CN(C(=O)c2nn(C)cc2-c2ccc(F)cn2)C1CNc1ncc(C(F)(F)F)cn1,MSLUJGDGJCPIMH-MTATWXBHSA-N,0,antagonist,1.0,5.301029995663981
CHEMBL5830333,Cc1ccc(C[C@H]2CN=C3N(Cc4ccc(C)cc4)c4ccccc4N32)cc1,MZJYXJIJBDIUSI-QFIPXVFZSA-N,1,agonist,1.0,6.0
CHEMBL5830464,CSc1cccc2nc([C@@H]3CCCN3C(=O)c3nc(C)sc3-c3cccc(Cl)c3)[nH]c12,JEKKUDBUJRJBFO-KRWDZBQOSA-N,0,antagonist,1.0,7.62
CHEMBL5830542,Cc1ccc(-c2ccccc2C(=O)N2CC[C@H](C)[C@H]2c2nc3c(C)c(Cl)ccc3[nH]2)cc1,FKHQMNLZLWPYFA-GKVSMKOHSA-N,0,antagonist,1.0,7.14
CHEMBL5830547,CCOC(=O)c1coc(N2CC[C@@H]3CCN(C(=O)c4ccccc4-n4nccn4)C[C@@H]32)n1,VUVCWNKCCCYMTN-KXBFYZLASA-N,0,antagonist,1.0,5.0
CHEMBL5831008,O=C(N[C@H]1CCC[C@@H]1Nc1nc2cccnc2s1)c1ccccc1-n1nccn1,GSXOIYVGTNHMSB-GJZGRUSLSA-N,0,antagonist,1.0,5.0
CHEMBL5831272,CCc1ccccc1-c1nnc([C@@H]2CCCN2C(=O)c2cc(C)ccc2-n2nccn2)[nH]1,KJNRUAWWXXMEKY-NRFANRHFSA-N,0,antagonist,1.0,7.1
CHEMBL5831403,Cc1ccc(-n2nccn2)c(C(=O)N2CCC[C@@]2(C)c2nc3cc(C(F)(F)F)c(Cl)cc3n2C)c1,QYGMQJCKFLXWAX-QHCPKHFHSA-N,0,antagonist,1.0,7.85
CHEMBL5831416,COc1ccc(C(=O)N2C[C@H](Oc3nccc(C#N)c3C)CC[C@H]2C)c(-c2ccccn2)n1,KRSLREIGFMWSLT-VQIMIIECSA-N,0,antagonist,1.0,8.135
CHEMBL5831564,Cc1c(F)cccc1-c1noc([C@@H]2CCCN2C(=O)c2cc(F)ccc2-n2nccn2)n1,NWIQYFNGCHIJSD-IBGZPJMESA-N,0,antagonist,1.0,7.42
CHEMBL5831670,C[C@@H]1CC[C@@H](c2cc(C(C)(C)O)sn2)CN1C(=O)c1ccsc1-n1nccn1,CLZSKYPWRDGDGO-CHWSQXEVSA-N,0,antagonist,1.0,7.6
CHEMBL5831723,COc1ccc2nc([C@@H]3CCCN3C(=O)c3cnc(C)nc3-c3cccc(Cl)c3)[nH]c2c1,UUPVTEWSICLUSQ-NRFANRHFSA-N,0,antagonist,1.0,6.74
CHEMBL5831761,Cc1cc(C(=O)N2CCC[C@@]2(C)c2nc3cc(C(F)(F)F)c(Cl)cc3[nH]2)c(-n2nccn2)cc1C,AXADJOXVBYMSJX-QHCPKHFHSA-N,0,antagonist,1.0,8.22
CHEMBL5831816,COC(=O)N1[C@H](C)C[C@H](NS(=O)(=O)CC(C)C)[C@@H]1CO[C@H]1CC[C@@]2(c3ncc(F)cn3)C[C@H]2C1,FHXARLUVFQRKOA-MHUSFEFXSA-N,0,antagonist,1.0,7.33
CHEMBL5831891,CCN(CCc1ccnc(C(C)(C)O)c1)C(=O)c1ccccc1-n1nccn1,JOAXZLVTDCJROU-UHFFFAOYSA-N,0,antagonist,1.0,6.91
CHEMBL5831989,COC(=O)N1[C@H](C)C[C@H](NS(=O)(=O)C(F)F)[C@@H]1CO[C@H]1CC[C@@]2(c3ncccn3)C[C@H]2C1,HHDXIVHUEOQTJI-IZAUMXAJSA-N,0,antagonist,1.0,8.645
CHEMBL5832002,C[C@@H]1CC[C@@H](Oc2nccn3c(C(F)F)cnc23)CN1C(=O)c1nccnc1-c1ccccn1,ZSWRDPFZUGFWSY-HUUCEWRRSA-N,0,antagonist,1.0,7.19
CHEMBL5832056,COC[C@H](Cc1ccc(C)cc1)n1c(=N)n(Cc2ccc(C)cc2)c2cc(Cl)ccc21,GDXAHLGKHWKHFY-QHCPKHFHSA-N,1,agonist,1.0,6.0
CHEMBL5832125,Cc1ccc(-n2nccn2)c(C(=O)N2CCC[C@H]2c2nc(-c3c[nH]c4ncccc34)no2)c1,KKLBSWCGKXSUTM-IBGZPJMESA-N,0,antagonist,1.0,7.12
CHEMBL5832127,Cc1ccc(-c2cn(C)nc2C(=O)N2CC(F)(F)C[C@@H](C)C2CNc2ccc(C(F)(F)F)cn2)cc1,ITJIDEZCMZFVJF-QRIPLOBPSA-N,0,antagonist,1.0,5.38
CHEMBL5832217,O=C(NC[C@@H]1C[C@@H](O)CN1C(=O)c1ccccc1-c1ccccc1)c1cccc2cccnc12,DGPPIHXUBWXOKZ-FCHUYYIVSA-N,0,antagonist,1.0,6.0
CHEMBL5832290,CN(CCN(C)c1cc(C#N)ccn1)C(=O)c1ccccc1-n1nccn1,JVDGRGUKAYFOKS-UHFFFAOYSA-N,0,antagonist,1.0,7.06
CHEMBL5832308,COC(=O)N1[C@H](C)C[C@H](NS(=O)(=O)CF)[C@@H]1COC1CCC2(c3ncc(Br)cn3)CC2C1,IWAJMXZECWYBTO-MKLSPKEASA-N,0,antagonist,1.0,9.0
CHEMBL5832454,CSc1ccc2nc([C@@H]3CCCN3C(=O)c3cncnc3-c3ccc(Cl)c(Cl)c3)[nH]c2c1,XUOISZVUPNLVJJ-FQEVSTJZSA-N,0,antagonist,1.0,6.92
CHEMBL5832492,C[C@@H]1CC[C@@H](Oc2ccc3c(c2)[C@H](O)CC3)CN1C(=O)c1ccccc1-n1nccn1,JQYXDTJYVYRKOX-ZDWFVDTJSA-N,0,antagonist,1.0,7.72
CHEMBL5832541,C[C@@H]1CC(F)(F)CN(C(=O)c2nn(C)cc2-c2ncc(C(F)(F)F)cn2)[C@@H]1CNc1ncc(C(F)(F)F)cn1,YHBZRIIAYJXEIC-IAQYHMDHSA-N,0,antagonist,1.0,5.301029995663981
CHEMBL5832633,Cc1ccc(-c2ncccn2)c(C(=O)N2CCC[C@@H](C)[C@H]2CNc2ncc(Cl)cc2F)c1,AFAXRUDWPAJYOI-IIBYNOLFSA-N,0,antagonist,1.0,5.301029995663981
CHEMBL5832702,CCOc1ccccc1-c1nnc([C@@H]2CCCN2C(=O)c2cc(C)ccc2-n2nccn2)o1,SFFLIIKZKISOGT-FQEVSTJZSA-N,0,antagonist,1.0,6.43
CHEMBL5832849,Cc1cc(C(=O)N2CC(F)(F)C[C@@H](C)C2CNc2ncc(C(F)(F)F)cn2)c(-c2ccccn2)s1,GVRNCBAIDNTFGJ-YJJYDOSJSA-N,0,antagonist,1.0,5.301029995663981
CHEMBL5832982,COc1cccc(-c2nc(C(=O)N3CCC[C@@]3(C)c3nc4cc(Cl)c(C(F)(F)F)cc4[nH]3)c(-c3ccc(F)cc3)s2)c1,KXZFGVLRGRWKAF-LJAQVGFWSA-N,0,antagonist,1.0,6.17
CHEMBL5833039,CCNC(=O)N1CCC[C@H](NS(C)(=O)=O)[C@@H]1CO[C@H]1CC[C@@H](c2ccccc2C#N)CC1,BFISSJSHXSPCRK-TZEULACYSA-N,1,agonist,1.0,7.24
CHEMBL5833204,CSc1ccc2nc([C@@H]3CCCN3C(=O)c3ccccc3-n3nccn3)[nH]c2c1,QOYPTLJJBIQBPJ-IBGZPJMESA-N,0,antagonist,1.0,7.89
CHEMBL5833240,Cc1c(C#N)ccnc1O[C@@H]1CC[C@@H](C)N(C(=O)c2cccc(F)c2-n2nccn2)C1,NVFLDPIJWMCIKG-RHSMWYFYSA-N,0,antagonist,1.0,8.46
CHEMBL5833378,CCc1ccnc(O[C@@H]2CC[C@@H](C)N(C(=O)c3ccccc3-n3nccn3)C2)c1C(=O)OC,QQPXAJSGDMXNHP-SJLPKXTDSA-N,0,antagonist,1.0,7.68
CHEMBL5833414,C[C@@H]1CC[C@@H](c2csc(C(C)(C)O)n2)CN1C(=O)c1ccccc1-n1nccn1,CXFMUCPKDCIFHQ-HUUCEWRRSA-N,0,antagonist,1.0,7.7
CHEMBL5833458,C=C1C[C@@H](c2nc3cc(OC)ccc3[nH]2)N(C(=O)c2nc(C)sc2-c2ccccc2)C1,BZKCZPCCMKHXDT-FQEVSTJZSA-N,0,antagonist,1.0,7.75
CHEMBL5833465,COC[C@H](Cc1ccc(C)cc1)n1c(=N)n(Cc2cnc(C)nc2)c2ccccc21,MHZNSGOYIKOSDB-NRFANRHFSA-N,1,agonist,1.0,6.0
CHEMBL5833532,COc1ccc2c3c1O[C@H]1[C@H](N(C)Cc4ccccc4)CC[C@@]4(O)[C@@H](C2)N(C(=O)OC(C)(C)C)CC[C@]314,WEEKNFOHQODTPI-ZTYFZONFSA-N,0,antagonist,1.0,5.0
CHEMBL5833990,COC(=O)N1[C@H](C)C[C@H](N(Cc2ccc(OC)cc2)S(C)(=O)=O)[C@@H]1COC1CCC(c2ccccc2)CC1C,RSRWYFOJJRVGKO-QOUSXKLVSA-N,0,antagonist,1.0,7.43
CHEMBL5834021,Cc1c(Cl)ccc2[nH]c([C@@H]3[C@@H](C)CCN3C(=O)c3c(F)cccc3-c3ccccc3)nc12,CXUTWSQJWLDTGV-OWJWWREXSA-N,0,antagonist,1.0,6.05
CHEMBL5834307,Cc1cc(C(=O)N2CCC[C@H]2c2nnc(-c3ccccc3OC(F)(F)F)[nH]2)c(-n2nccn2)cc1C,PFWMTAVODQARFU-SFHVURJKSA-N,0,antagonist,1.0,8.7
CHEMBL5834319,CS(=O)(=O)N[C@H]1CCCN[C@H]1CO[C@H]1CC[C@@H](c2cc(F)cc(F)c2F)CC1,QGKZBNGSZHARJJ-YENGBRFLSA-N,1,agonist,1.0,6.55
CHEMBL5834409,C[C@@H]1C[C@@H](Nc2cc(Br)ccn2)CN1C(=O)c1ccccc1-n1nccn1,HQDIRLDLZAAKOT-UKRRQHHQSA-N,0,antagonist,1.0,7.95
CHEMBL5834418,Cc1nc(C(=O)N2CCC[C@@]2(C)c2nc3c(F)c(F)ccc3[nH]2)c(-c2ccc(Cl)cc2)s1,NMPZITPNATUWFC-QHCPKHFHSA-N,0,antagonist,1.0,6.8
CHEMBL5834422,CC(C)OC(=O)N1[C@H](C)C[C@H](NS(=O)(=O)CF)[C@@H]1CO[C@H]1CC[C@@]2(c3ncc(F)cn3)C[C@H]2C1,JENGWEYNNLTFTA-YQRBJHIPSA-N,0,antagonist,1.0,9.0
CHEMBL5834506,CCOc1ncccc1-c1noc([C@@H]2CCCN2C(=O)c2cc(OC)c(Cl)cc2-n2nccn2)n1,UJFJDIFKGXVSMY-KRWDZBQOSA-N,0,antagonist,1.0,8.3
CHEMBL5834570,COc1cc2nc([C@]3(C)CCCN3C(=O)c3ccc(C)cc3-n3nccn3)[nH]c2cc1OC,GPQNYCMXDKOBMB-DEOSSOPVSA-N,0,antagonist,1.0,7.08
CHEMBL5834702,C=C1C[C@@H](c2nc3ccc(Cl)c(C)c3[nH]2)N(C(=O)c2cc(OC)ccc2-n2nccn2)C1,IYMUFCLJMFWSHR-FQEVSTJZSA-N,0,antagonist,1.0,9.3
CHEMBL5834897,COc1ccc(C(=O)N2C[C@H](Sc3cc(C#N)ccn3)CC[C@H]2C)c(-n2nccn2)n1,BJFVKXHRNWFXOO-GDBMZVCRSA-N,0,antagonist,1.0,6.83
CHEMBL5834914,Cc1c(Cl)cccc1-c1noc([C@@H]2CCCN2C(=O)c2cc(F)ccc2-c2ccn[nH]2)n1,CCSIHNMFYZGXOF-FQEVSTJZSA-N,0,antagonist,1.0,7.47
CHEMBL5834997,Cc1ccc(CC(C(=O)N2CC3(COC3)C2)n2c(=N)n(C(C)c3ccc(C)cc3)c3ccccc32)cc1,XUKCKYBCTAOSRG-UHFFFAOYSA-N,1,agonist,1.0,5.82
CHEMBL5835664,COCC(=O)N1CCC[C@H](NS(C)(=O)=O)[C@@H]1CO[C@H]1CC[C@@H](c2ccccc2)CC1,UGHMRABTKDKDJW-WOZUAGRISA-N,1,agonist,1.0,7.52
CHEMBL5835809,Cc1ccc(-c2ccccc2C)c(C(=O)N2CCC[C@@]2(C)c2nc3cc(C)c(C)cc3[nH]2)c1,VGEBXJHKLFJCHN-LJAQVGFWSA-N,0,antagonist,1.0,6.58
CHEMBL5835860,COC(=O)N1CCC[C@H](NS(C)(=O)=O)[C@@H]1CO[C@H]1CC[C@@H](c2ccccc2C#N)CC1,MJKZKAJOPGHINC-OFCAXSSNSA-N,1,agonist,1.0,5.64
CHEMBL5835990,CC(OC(=O)N1[C@H](C)C[C@H](NS(C)(=O)=O)[C@@H]1CO[C@H]1CC[C@@]2(c3ncc(F)cn3)C[C@H]2C1)C(F)F,GLHBZLHNVZBENK-FKUXFOQXSA-N,0,antagonist,1.0,9.11
CHEMBL5836109,C[C@@H]1CC(F)(F)CN(C(=O)c2nn(C)cc2-c2ncccn2)[C@@H]1COc1cnc(C(F)(F)F)cn1,OZMURZXQUNNWKW-TZMCWYRMSA-N,0,antagonist,1.0,5.301029995663981
CHEMBL5836202,CSc1ccc2[nH]c([C@@H]3CCCN3C(=O)c3nc(C)ccc3-n3nccn3)nc2c1,UXEIIHQOUJKGML-SFHVURJKSA-N,0,antagonist,1.0,7.3
CHEMBL5836247,COc1ccc2c3c1O[C@H]1C4(CC[C@@]5(O)[C@@H](C2)N(S(=O)(=O)c2ccccc2[N+](=O)[O-])CC[C@]315)OCCO4,CAJZNNKEDNNELH-OUJCMCIWSA-N,0,antagonist,1.0,5.0
CHEMBL5836337,C=C1CC(c2nc3c(C)cc(C)cc3[nH]2)N(C(=O)c2nc(C3CC3)sc2-c2cccc(C)c2)C1,CYPZFHYWAMSWRL-UHFFFAOYSA-N,0,antagonist,1.0,9.0
CHEMBL5836350,CC(=O)N1CCC[C@H](NS(C)(=O)=O)[C@@H]1CO[C@H]1CC[C@@H](c2cccc(C#N)c2)CC1,XHRUTXGGKHJXQU-FKVLARQCSA-N,1,agonist,1.0,5.54
CHEMBL5836357,Cc1cccc(-c2ccccc2C(=O)N2CCC[C@@]2(C)c2nc3cc(C)c(C)cc3[nH]2)c1,QEDITNWAIYXSDE-NDEPHWFRSA-N,0,antagonist,1.0,7.43
CHEMBL5836422,Cc1ncc2c(O[C@@H]3CC[C@@H](C)N(C(=O)c4ccccc4-n4nccn4)C3)nccn12,JBDYZUFMEFQACH-NVXWUHKLSA-N,0,antagonist,1.0,7.63
CHEMBL5836462,Cc1ccc(-n2nccn2)c(C(=O)N2CCC[C@H]2c2nc(-c3ccccc3OC(F)(F)F)no2)c1,MISGPPIHLOOXSD-SFHVURJKSA-N,0,antagonist,1.0,8.3
CHEMBL5836505,Cc1ccc(-c2noc([C@@H]3CCCN3C(=O)c3cc(C)ccc3-n3nccn3)n2)c(C)c1,YFYGRKNEQLTPLB-NRFANRHFSA-N,0,antagonist,1.0,7.72
CHEMBL5836542,Cc1ccc(-n2nccn2)c(C(=O)N2CCC[C@H]2c2ncc(-c3ccccc3OC(F)(F)F)[nH]2)c1,QDJYAIHQXTVGKK-FQEVSTJZSA-N,0,antagonist,1.0,8.7
CHEMBL5836626,Cc1ccc(-c2ccc(C(F)(F)F)cc2)c(C(=O)N2CCC[C@@]2(C)c2nc3cc(C(F)(F)F)ccc3[nH]2)c1,RYKFXCOVJLRVRX-SANMLTNESA-N,0,antagonist,1.0,5.93
CHEMBL5836698,Cc1ccc(-n2nccn2)c(C(=O)N2CCC[C@@]2(C)c2nc3cc(C(F)(F)F)c(F)cc3[nH]2)c1,QTQNLAZEPPCMLN-QFIPXVFZSA-N,0,antagonist,1.0,7.07
CHEMBL5836770,COc1ccc(C(=O)N2C[C@H](Oc3nccc4c3C(=O)OC4(C)C)CC[C@H]2C)c(-n2nccn2)n1,ZKLYPGULKIBNLX-HUUCEWRRSA-N,0,antagonist,1.0,6.71
CHEMBL5836780,COC(=O)N1[C@H](C)C[C@H](NS(=O)(=O)N(C)C)[C@@H]1CO[C@H]1CC[C@@H](c2ncccn2)CC1,YYZFOWJWKQEYBA-ZBRFXRBCSA-N,0,antagonist,1.0,4.98
CHEMBL5836790,Cc1ccc(-n2ncc(C)n2)c(C(=O)N2CCC[C@@H](C)[C@H]2CNc2ccc(C(F)(F)F)nn2)c1,LPRGLXHHIKAPCG-DNVCBOLYSA-N,0,antagonist,1.0,5.301029995663981
CHEMBL5836916,CC(C)[C@H]1CC[C@@H](OC[C@H]2[C@@H](NS(C)(=O)=O)CCCN2C(=O)CCS(C)(=O)=O)CC1,LMGFRQIKBSJZLD-RDGPPVDQSA-N,1,agonist,1.0,6.12
CHEMBL5837040,C[C@@H]1CCCN(C(=O)c2ccccc2-c2ncccn2)[C@@H]1CNc1ncc(C(F)(F)F)cn1,QMXJDHYHTVTCMX-DNVCBOLYSA-N,0,antagonist,1.0,6.0
CHEMBL5837042,CCCc1ccccc1C(=O)N1CC2CN(c3nc(C(C)(C)O)c(C)o3)CC2C1,PZCMZJPMGIPKQV-UHFFFAOYSA-N,0,antagonist,1.0,7.5
CHEMBL5837045,O=C(N[C@H]1CCC[C@@H]1Nc1nc2ccc(F)cc2s1)c1cc(F)ccc1-n1nccn1,WLEKLMFGOMPGEX-HOTGVXAUSA-N,0,antagonist,1.0,5.27
CHEMBL5837171,CS(=O)(=O)N[C@H]1CCCN(C(=O)C2COC2)[C@H]1CO[C@H]1CC[C@@H](c2ccccc2)CC1,LRGIOORXBLDLMA-FKVLARQCSA-N,1,agonist,1.0,7.21
CHEMBL5837254,Cc1ccc(-c2ccccc2C(=O)N2CC[C@H](C)[C@H]2c2nc3cc(C)c(C)cc3[nH]2)cc1,QOTCEKFAJMFSKR-QYBDOPJKSA-N,0,antagonist,1.0,6.45
CHEMBL5837283,COc1c(C#N)ccnc1O[C@@H]1CC[C@@H](C)N(C(=O)c2ccccc2-c2ncccn2)C1,VOSUQTIFHZJDIX-SJLPKXTDSA-N,0,antagonist,1.0,8.440000000000001
CHEMBL5837487,COc1ccc(-n2nccn2)c(C(=O)N2CCC[C@@]2(C)c2nc3cc(OC(F)(F)F)ccc3[nH]2)c1,YQEAISIONMPFFG-QFIPXVFZSA-N,0,antagonist,1.0,6.65
CHEMBL5837489,Cc1c(F)cccc1-c1nc([C@@H]2CCCN2C(=O)c2ccccc2-n2nccn2)no1,WNXLYLLZRKNYNH-IBGZPJMESA-N,0,antagonist,1.0,7.77
CHEMBL5837895,CCOc1ncccc1C(=O)N1C[C@H](Nc2cc(OCC(F)F)ccn2)C[C@H]1C,UTPPQNJTSLCITG-ZIAGYGMSSA-N,0,antagonist,1.0,6.0
CHEMBL5837943,Cc1ccc(-n2nccn2)c(C(=O)N2CCC[C@@H](C)[C@H]2CNc2ncc(F)cn2)c1,AOHZGKIWPQMZIL-DNVCBOLYSA-N,0,antagonist,1.0,5.301029995663981
CHEMBL5837953,Cc1nc(C(=O)N2CCCC2c2nc3c(Br)cccc3[nH]2)c(-c2ccccc2)s1,LTGUYIWXKGHKGV-UHFFFAOYSA-N,0,antagonist,1.0,7.12
CHEMBL5837989,O=C(N[C@H]1CCC[C@@H]1Nc1nc2ccc(F)cc2s1)c1c(F)cccc1-n1nccn1,FPDPSCDIBFNYTN-GJZGRUSLSA-N,0,antagonist,1.0,5.5
CHEMBL5837997,Cc1ccc(-c2ccccn2)c(C(=O)N2CCC[C@H]2c2nc(-c3ccccc3OC(F)(F)F)no2)c1,SFMKLYCXWKPTSF-NRFANRHFSA-N,0,antagonist,1.0,7.52
CHEMBL5838172,CCc1cnc(NC[C@@H]2[C@H](C)CCCN2C(=O)c2nc(C)sc2-c2ccc(F)cc2)nc1,UWCLPLRBLDMNBO-FOIQADDNSA-N,0,antagonist,1.0,5.0
CHEMBL5838326,COc1cc(OC)cc(-c2noc([C@@H]3CCCN3C(=O)c3cc(C)ccc3-n3nccn3)n2)c1,ZMFUJQBSSFYDRQ-NRFANRHFSA-N,0,antagonist,1.0,7.05
CHEMBL5838409,O=C(NC1COCC1Nc1nc2ccc(F)cc2s1)c1ccccc1-n1nccn1,LEAZBUNSHTWGFQ-UHFFFAOYSA-N,0,antagonist,1.0,5.21
CHEMBL5838457,COc1nc(NCC2[C@H](C)CC(F)(F)CN2C(=O)c2nn(C)cc2-c2ccccn2)ncc1C(F)(F)F,SLTQWNJXAADIJL-FWJOYPJLSA-N,0,antagonist,1.0,5.79
CHEMBL5838493,COc1ccc(C(=O)N2C[C@H](Oc3cccc(C(C)O)c3)CC[C@H]2C)c(-n2nccn2)n1,NZRHSDWEQBMOKT-XBOMOHCESA-N,0,antagonist,1.0,6.57
CHEMBL5838837,Cc1ccc(-c2ccc(F)cc2)c(C(=O)N2CCC[C@@]2(C)c2nc3cc(C(F)(F)F)c(Cl)cc3[nH]2)c1,MXSMDHDHIZEBJS-SANMLTNESA-N,0,antagonist,1.0,7.29
CHEMBL5839140,Cc1nc(C(=O)N2CCC[C@@]2(C)c2nc3c(F)c(F)ccc3[nH]2)c(-c2ccc(F)cc2)s1,RKJIPYSFMMLREC-QHCPKHFHSA-N,0,antagonist,1.0,6.55
CHEMBL5839203,COCCS(=O)(=O)N[C@H]1C[C@@H](C)N(C(=O)OC)[C@H]1COC1CCC(c2cccc(F)c2)CC1,WWGPWCPYTPVDMD-ZXCPRBKDSA-N,0,antagonist,1.0,8.34
CHEMBL5839424,CCOc1ncccc1-c1noc([C@@H]2CCCN2C(=O)c2cc(OC)c(OC)cc2-n2nccn2)n1,JBYDPDUMCGUMPS-KRWDZBQOSA-N,0,antagonist,1.0,6.83
CHEMBL5839445,O=C(c1ccccc1-c1ccccc1)N1CCC[C@H]1c1nc(-c2ccccc2OC(F)(F)F)no1,YVEBRYHYZPQUMU-NRFANRHFSA-N,0,antagonist,1.0,7.77
CHEMBL5839629,Cc1nc(C(=O)N2CC[C@H](C)[C@H]2c2nc3cc(Cl)c(C)cc3[nH]2)c(-c2ccc(Cl)cc2)s1,VMTXFIPTHBQSRT-QKVFXAPYSA-N,0,antagonist,1.0,5.79
CHEMBL5839643,C[C@@]1(c2nc3cc(C(F)(F)F)c(Cl)cc3[nH]2)CCCN1C(=O)c1cc(Cl)ccc1-n1nccn1,RVCFNBOYKMTUDC-NRFANRHFSA-N,0,antagonist,1.0,7.68
CHEMBL5839790,Cc1c(Cl)ccc2[nH]c([C@]3(C)CCCN3C(=O)c3nc(-c4cc(F)ccc4F)sc3-c3ccc(F)cc3)nc12,QQRIUHPUFYGSTQ-LJAQVGFWSA-N,0,antagonist,1.0,6.33
CHEMBL5839866,Cc1ccc(C(=O)N2CCC[C@H]2c2nc(-c3cccc(F)c3C)no2)c(-n2nccn2)c1,GRLNBSOGDCFRQG-IBGZPJMESA-N,0,antagonist,1.0,7.85
CHEMBL5839911,C=C1CC(c2nc3c(Br)cccc3[nH]2)N(C(=O)c2cc(C)sc2-c2ccc(C)c(C)c2)C1,POUKECRYVGBMRP-UHFFFAOYSA-N,0,antagonist,1.0,7.92
CHEMBL5840004,Cc1ccc(-n2nccn2)c(C(=O)N2CC[C@H](C)[C@H]2c2nc3cc(C)ccc3[nH]2)c1,DZTLPLUNBIYKBB-KKSFZXQISA-N,0,antagonist,1.0,6.17
CHEMBL5840059,CSc1cccc2nc([C@@H]3CCCN3C(=O)c3cnc(C)nc3-c3ccc(Cl)c(Cl)c3)[nH]c12,GIEGFRBKZPFXTI-IBGZPJMESA-N,0,antagonist,1.0,7.34
CHEMBL5840092,Cc1ccc(C(=O)N2CCC[C@H]2c2nc(-c3ccccc3C(F)(F)F)no2)c(-n2nccn2)c1,NVYVJEIORIBMEM-SFHVURJKSA-N,0,antagonist,1.0,6.9
CHEMBL5840166,COc1cc(C(=O)N2CCC[C@H]2c2noc(-c3cc(C)ccc3OC)n2)c(-n2nccn2)cc1Cl,OODNYHMRLDGQLL-SFHVURJKSA-N,0,antagonist,1.0,8.7
CHEMBL5840276,C[C@@H]1CCCN(C(=O)c2cccc(F)c2-c2ncccn2)[C@@H]1CNc1ncc(C(F)(F)F)cn1,WYGURLLNVZJXDA-RDTXWAMCSA-N,0,antagonist,1.0,5.301029995663981
CHEMBL5840325,Cc1nc(C(=O)N2CC(F)CCC2CNC(=O)c2cccc3occc23)c(-c2ccccc2)s1,MOXXGRCLAOBXLS-UHFFFAOYSA-N,0,antagonist,1.0,8.15
CHEMBL5840454,Cc1ccc2[nH]c([C@@H]3[C@@H](C)CCN3C(=O)c3nc(C)sc3-c3cccc(Cl)c3)nc2c1,JCKMPXFAFQBRQV-QKKBWIMNSA-N,0,antagonist,1.0,5.87
CHEMBL5840567,Cc1nc(C(=O)N2CCC[C@@]2(C)c2nc3cc(OC(F)(F)F)ccc3[nH]2)c(-c2cccc(Cl)c2Cl)s1,NCJMWLCMOHFZCN-QHCPKHFHSA-N,0,antagonist,1.0,6.19
CHEMBL5840614,C=C1C[C@@H](c2nc3ccc(Cl)c(C)c3[nH]2)N(C(=O)c2c(-n3nccn3)ccc(OC)c2F)C1,FZZMSUDTQOQSBH-KRWDZBQOSA-N,0,antagonist,1.0,8.7
CHEMBL5840678,Cc1ccc(-n2nccn2)c(C(=O)N2CCC[C@@]2(C)c2nc3c(C)c(Cl)ccc3[nH]2)c1,QBUUWXRHTRREJU-QHCPKHFHSA-N,0,antagonist,1.0,8.3
CHEMBL5840764,Cc1ccc(-n2nccn2)c(C(=O)N2CCC[C@H]2c2nc(-c3ccccc3OC(F)(F)F)no2)c1F,AEVKXGFMSDEVKH-INIZCTEOSA-N,0,antagonist,1.0,7.82
CHEMBL5840850,Cc1cn2ccnc(O[C@@H]3CC[C@@H](C)N(C(=O)c4ccccc4-n4nccn4)C3)c2n1,KFVCHBHKPYGOHS-IAGOWNOFSA-N,0,antagonist,1.0,7.875
CHEMBL5840861,C[C@@H]1CC[C@@H](Oc2cc(OCC(F)(F)F)ccn2)CN1C(=O)c1ccsc1-c1ncccn1,IEQMJGHQJXJPJI-GDBMZVCRSA-N,0,antagonist,1.0,7.58
CHEMBL5841060,CS(=O)(=O)N[C@H]1CCCN(C(=O)C2CC2)[C@H]1CO[C@H]1CC[C@@H](c2cc(F)cc(F)c2F)CC1,JKCORIWIYVZNGB-ITNCUTESSA-N,1,agonist,1.0,8.7
CHEMBL5841109,C=C1C[C@@H](c2nc3cc(C(C)(C)C)ccc3[nH]2)N(C(=O)c2c(C)cccc2-n2nccn2)C1,QOSZGDXMIZHECH-QFIPXVFZSA-N,0,antagonist,1.0,7.6
CHEMBL5841142,CSc1cccc2nc([C@@H]3CCCN3C(=O)c3nccnc3-c3cc(C)cc(F)c3)[nH]c12,NIWYQVCOUJVVGA-SFHVURJKSA-N,0,antagonist,1.0,7.0
CHEMBL5841293,CSc1ccc2nc([C@@H]3CCCN3C(=O)c3cc(C)ccc3-n3nccn3)[nH]c2c1,XXLHLBBZFMWPEJ-FQEVSTJZSA-N,0,antagonist,1.0,8.2
CHEMBL5841316,CO[C@@H]1C[C@@H](c2nc3c(C)cccc3[nH]2)N(C(=O)c2nc(C)sc2-c2ccccc2)C1,OPQYIHNPNRVKLM-MJGOQNOKSA-N,0,antagonist,1.0,7.85
CHEMBL5841322,CCNC(=O)N1CCC[C@H](NS(C)(=O)=O)[C@@H]1CO[C@H]1CC[C@@H](C)CC1,XSPWIVZGGKRSHC-FZKCQIBNSA-N,1,agonist,1.0,7.41
CHEMBL5841389,CN(CCN(CC1CC1)C(=O)c1ccccc1-n1nccn1)c1cc(C#N)ccn1,QGAQLKDGGMYDDV-UHFFFAOYSA-N,0,antagonist,1.0,7.45
CHEMBL5841395,C[C@@H]1CCCN(C(=O)c2cc(F)c(F)cc2-n2nccn2)[C@@H]1CNc1ncc(Cl)cn1,CYYXSJPAPWKBRF-KZULUSFZSA-N,0,antagonist,1.0,5.301029995663981
CHEMBL5841438,COc1cc(C(=O)N2CCC[C@@]2(C)c2nc3cc(F)c(Br)cc3[nH]2)c(-n2nccn2)cc1OC,DSOCUAIVNOMLTC-QHCPKHFHSA-N,0,antagonist,1.0,6.9
CHEMBL5841456,COc1cc(C(=O)N2C[C@H](OC)CC2(C)c2nc3c(C)c(Cl)ccc3[nH]2)c(-n2nccn2)cc1OC,MPRWPJCJVOKAIE-FXBVVIMESA-N,0,antagonist,1.0,7.57
CHEMBL5841482,COc1cc2nc([C@]3(C)CCCN3C(=O)c3cc(Cl)ccc3-n3nccn3)n(C)c2cc1OC,DUZLFGSTZKAOAD-DEOSSOPVSA-N,0,antagonist,1.0,7.48
CHEMBL5841597,COCC(Cc1ccc(C)cc1)n1c(=N)n(Cc2ccc(C)cc2)c2ncccc21,HKKZWVIAJVTQLF-UHFFFAOYSA-N,1,agonist,1.0,5.3
CHEMBL5841609,CCNC(=O)N1CCC[C@H](NS(C)(=O)=O)[C@@H]1CO[C@H]1C[C@H](c2ccccc2)C1,DODIMYOCWULPBE-VJANTYMQSA-N,1,agonist,1.0,6.34
CHEMBL5841654,CCN(CCc1ccc(C(C)(C)O)cn1)C(=O)c1ccccc1C1CC1,UXIHNKZMGBITRV-UHFFFAOYSA-N,0,antagonist,1.0,6.61
CHEMBL5841788,Cc1ccc(C[C@@H](CO)n2c(=N)n(Cc3ccc(C)cc3)c3cccc(C)c32)cc1,NAOHKVPDGYDBJO-QHCPKHFHSA-N,1,agonist,1.0,5.3
CHEMBL5841945,C[C@@H]1CC[C@@H](Sc2ccccn2)CN1C(=O)c1ccccc1-n1nccn1,AFVGZFLQFREUHJ-HZPDHXFCSA-N,0,antagonist,1.0,6.75
CHEMBL5842372,O=C(c1ccccc1-n1nccn1)N1C[C@H](Oc2cc(OCC(F)F)ccn2)CC[C@H]1CO,LUMOPJFCXFDFNG-DOTOQJQBSA-N,0,antagonist,1.0,7.22
CHEMBL5842377,CCS(=O)(=O)N[C@H]1CCCN(C(=O)C2CC2)[C@H]1CO[C@H]1CC[C@@H](c2ccccc2)CC1,CDIZBIQDWASGMQ-MALNDZBISA-N,1,agonist,1.0,8.28
CHEMBL5842885,Cc1ccc(-c2sccc2C(=O)N2CC[C@H](C)[C@H]2c2nc3cc(C(F)(F)F)ccc3[nH]2)cc1C,DOWJNTDCOSRZIF-NYHFZMIOSA-N,0,antagonist,1.0,6.33
CHEMBL5842994,COc1cc(C(=O)N2CCC[C@H]2c2nc3ccc(SC)cc3[nH]2)c(-n2nccn2)cc1OC,WEPRLIOQRWPBID-SFHVURJKSA-N,0,antagonist,1.0,7.8
CHEMBL5843112,C[C@@H]1CC[C@@H](c2nc(C#N)c(Br)o2)CN1C(=O)c1ccccc1-n1nccn1,ZESRGQZRDIIKHD-CHWSQXEVSA-N,0,antagonist,1.0,6.46
CHEMBL5843137,COc1ccc(C)c(-c2nc([C@@H]3CCCN3C(=O)c3cc(OC)c(Cl)cc3-n3nccn3)no2)c1,YGPNEYKKDUXPFQ-IBGZPJMESA-N,0,antagonist,1.0,8.3
CHEMBL5843155,Cc1cc2nc([C@]3(C)CCCN3C(=O)c3ccccc3-c3ccccc3F)[nH]c2cc1C,WAIRFUYBJHQDIX-MHZLTWQESA-N,0,antagonist,1.0,7.16
CHEMBL5843203,COC(=O)N1[C@H](C)C[C@H](NS(=O)(=O)CF)[C@@H]1CO[C@H]1CC[C@@]2(c3ncc(Br)cn3)C[C@H]2C1,IWAJMXZECWYBTO-ZDLSHRKJSA-N,0,antagonist,1.0,8.7
CHEMBL5843216,Cc1oc(N2CC3CN(C(=O)c4ccccc4-n4ncnn4)CC3C2)nc1C(C)(C)O,LNBBURFBASTIRP-UHFFFAOYSA-N,0,antagonist,1.0,7.19
CHEMBL5843225,CCOC(=O)c1c(OC)ccnc1O[C@@H]1CC[C@@H](C)N(C(=O)c2ccccc2-n2ncnn2)C1,CDGTVUJQVXQESH-HZPDHXFCSA-N,0,antagonist,1.0,7.28
CHEMBL5843517,Cc1ccc(-n2nccn2)c(C(=O)N2CCC[C@H]2c2cc(-c3cccc(Cl)c3C)no2)c1,LTFGTTHIBQURPD-QFIPXVFZSA-N,0,antagonist,1.0,8.4
CHEMBL5843548,Cc1nc(C(=O)N2CCCC2c2nc3c(Br)cc(F)cc3[nH]2)c(-c2ccccc2)s1,IALOLQPDGBUBCY-UHFFFAOYSA-N,0,antagonist,1.0,6.96
CHEMBL5843601,Cc1ccc(CC(C(=O)N2CC3(CNC3)C2)n2c(=N)n(C(C)c3ccc(C)cc3)c3ccccc32)cc1,RHFIFUBUIJKIGL-UHFFFAOYSA-N,1,agonist,1.0,6.0
CHEMBL5843768,CCN(CCc1cnc(Br)cn1)C(=O)c1ccccc1-n1nccn1,UGTINUNAGFNHGS-UHFFFAOYSA-N,0,antagonist,1.0,6.77
CHEMBL5843773,Cc1cc2[nH]c([C@@H]3[C@@H](C)CCN3C(=O)c3c(F)cccc3-c3ncccn3)nc2cc1Cl,XNMYLCDDDUGQOL-ZSEKCTLFSA-N,0,antagonist,1.0,6.45
CHEMBL5843870,COc1cc(C(=O)N2CCC[C@H]2c2nc(-c3cccc(F)c3C)no2)c(-n2nccn2)cc1C,SLPBBNNNUASMRF-IBGZPJMESA-N,0,antagonist,1.0,8.7
CHEMBL5843890,CCOc1ccccc1-c1nc([C@@H]2CCCN2C(=O)c2cc(C)ccc2-n2nccn2)no1,MAOUWQSDIAWQEC-FQEVSTJZSA-N,0,antagonist,1.0,8.7
CHEMBL5844123,COc1ccc(CN([C@H]2C[C@@H](C)N(C(=O)OCc3ccccc3)[C@H]2COC2CCC3(c4ncc(F)cn4)CC3C2)S(C)(=O)=O)cc1,FPOHWXUHQXUIQG-KJIHLVKTSA-N,0,antagonist,1.0,7.94
CHEMBL5844262,C=C1CC(c2nc3cccc(Cl)c3[nH]2)N(C(=O)c2cc(C)sc2-c2ccc(C)c(C)c2)C1,CNYGUSISFRTYMG-UHFFFAOYSA-N,0,antagonist,1.0,7.85
CHEMBL5844327,C[C@@H]1CC[C@@H](c2nc(C(C)(C)O)cs2)CN1C(=O)c1ccccc1-n1ncnn1,CXQJFDIVYJROOR-ZIAGYGMSSA-N,0,antagonist,1.0,7.68
CHEMBL5844357,Cc1nc(C(=O)N2CC[C@H](C)[C@H]2c2nc3cc(Cl)cc(C)c3[nH]2)c(-c2cccc(Cl)c2)s1,ZTNQZEPNQJBTRM-QKVFXAPYSA-N,0,antagonist,1.0,6.31
CHEMBL5844442,C[C@@H]1CC[C@@H](Oc2cccn3nccc23)CN1C(=O)c1ccccc1-n1nccn1,APHHVSDDYQSFNG-IAGOWNOFSA-N,0,antagonist,1.0,6.9
CHEMBL5844525,CCCc1ccccc1C(=O)N1C[C@H](Nc2ncccc2OC)C[C@H]1C,ISKVVMRVQDGCHD-NVXWUHKLSA-N,0,antagonist,1.0,6.75
CHEMBL5844643,COc1cccc(-c2ccc(C)cc2C(=O)N2CCC[C@@]2(C)c2nc3cc(C(F)(F)F)ccc3[nH]2)c1,XVXMMOHUGOMVSX-MHZLTWQESA-N,0,antagonist,1.0,6.92
CHEMBL5844792,C[C@@H]1CC[C@@H](c2cc(C(C)(C)O)no2)CN1C(=O)c1ccccc1C1(C#N)CC1,SHAVTPNLCUSUAY-HZPDHXFCSA-N,0,antagonist,1.0,8.06
CHEMBL5844807,C[C@@H]1CC[C@@H](c2cc(C(C)(C)O)sn2)CN1C(=O)c1cccnc1OCC(F)F,XXFKWOLUHIOORO-CHWSQXEVSA-N,0,antagonist,1.0,7.37
CHEMBL5844814,Cc1ccc(-n2nccn2)c(C(=O)N2CCC[C@@]2(C)c2nc3cc(C(F)(F)F)ccc3[nH]2)n1,RMYMZTBMWFNHTE-NRFANRHFSA-N,0,antagonist,1.0,6.55
CHEMBL5844822,CSc1cccc2nc([C@@H]3CCCN3C(=O)c3cncnc3-c3ccc(Br)c(Cl)c3)[nH]c12,AYKFNFLKUZRBJY-SFHVURJKSA-N,0,antagonist,1.0,7.7
CHEMBL5844920,Cc1nc(C(=O)N2CC[C@H](C)[C@H]2c2nc3ccccc3[nH]2)c(-c2cccc(Cl)c2)s1,ZGVJYVAUTAWQIE-RBZFPXEDSA-N,0,antagonist,1.0,5.41
CHEMBL5844983,COc1cc2nc([C@@H]3[C@@H](C)CCN3C(=O)c3nc(C)sc3-c3ccc(F)cc3)[nH]c2cc1OC,DQVWALDJSFVAOC-XMHCIUCPSA-N,0,antagonist,1.0,5.63
CHEMBL5844989,CCNC(=O)N1CCC[C@H](NS(C)(=O)=O)[C@@H]1COC1CCN(c2ccccc2)CC1,SSJDAEACPOGEDP-PMACEKPBSA-N,1,agonist,1.0,6.41
CHEMBL5845043,Cc1ccc(-c2ccccn2)c(C(=O)N2CCC[C@@H](C)[C@H]2CNc2ccc(Cl)cn2)c1,QHIHMDSFZZWWEF-WZONZLPQSA-N,0,antagonist,1.0,5.301029995663981
CHEMBL5845074,CCOc1c(F)cccc1-c1nc([C@@H]2CCCN2C(=O)c2cc(C)c(C)cc2-n2nccn2)no1,ALLRFJYWSLYPOG-FQEVSTJZSA-N,0,antagonist,1.0,9.0
CHEMBL5845347,Cc1cc(N(C)C)nc(N2CC[C@@H]3CCN(C(=O)c4ccccc4-n4nccn4)C[C@@H]32)n1,ACBMOSRZSVTDPL-PXNSSMCTSA-N,0,antagonist,1.0,7.02
CHEMBL5845392,COC(=O)N1CCC[C@H](NS(C)(=O)=O)[C@@H]1COC1CCN(c2ncccn2)CC1,QXCKFRHBTUDCEU-HOTGVXAUSA-N,1,agonist,1.0,6.31
CHEMBL5845445,CCN(CCN(C)c1cccc(C(C)(C)O)n1)C(=O)c1cccnc1OCC(F)F,VOWSBEFWRYHDQF-UHFFFAOYSA-N,0,antagonist,1.0,6.63
CHEMBL5845452,Cc1ccc(-c2ncccn2)c(C(=O)N2CCC[C@@H](C)[C@H]2CNc2ccc(C(F)(F)F)cn2)c1,XWIPXBDSBZAUCQ-DYESRHJHSA-N,0,antagonist,1.0,5.0
CHEMBL5845554,Cc1nc(C(=O)N2CCCCC2CNc2ncc(C(F)(F)F)cn2)c(-c2ccc(F)cc2)s1,HTPYTUYMFPPZFG-UHFFFAOYSA-N,0,antagonist,1.0,7.16
CHEMBL5845563,Cc1ccc(C[C@H](CO)n2c(=N)n(C(C)c3ccc(C)cc3)c3ccccc32)cc1,JHRCNHSVJJJIMU-GWQXNCQPSA-N,1,agonist,1.0,6.0
CHEMBL5845568,CC(=O)NC[C@@H](Cc1ccc(C)cc1)n1c(=N)n(Cc2ccc(C)cc2)c2ccccc21,VCRAUQDFVKPSFM-XMMPIXPASA-N,1,agonist,1.0,6.0
CHEMBL5845654,CCOc1ncccc1C(=O)N1CC[C@H]2CCN(c3cc(C#N)ccn3)[C@H]2C1,ZUCUVYDRRFMMTR-WMZOPIPTSA-N,0,antagonist,1.0,5.94
CHEMBL5845761,COc1c(F)cccc1-c1noc([C@@H]2CCCN2C(=O)c2cc(F)ccc2-n2nccn2)n1,SQFGECSWPJDNIB-SFHVURJKSA-N,0,antagonist,1.0,7.5
CHEMBL5845767,CCN(CCN(C)c1nc(C)cc(C)n1)C(=O)c1ccccc1-n1cccn1,YQAKEEXTPKVOQK-UHFFFAOYSA-N,0,antagonist,1.0,7.86
CHEMBL5845889,Cc1oc(N2CC3CN(C(=O)c4ccccc4C4CC4)CC3C2)nc1C(C)(C)O,NZRGHSAHPQDYPW-UHFFFAOYSA-N,0,antagonist,1.0,7.06
CHEMBL5846069,CS(=O)(=O)N[C@H]1CCCN(C(=O)C2CC2)[C@H]1CO[C@H]1CC[C@@H](c2ncccn2)CC1,MICLQFVDBLQAMD-NQYYFHDYSA-N,1,agonist,1.0,5.15
CHEMBL5846090,C[C@@H]1CC[C@@H](c2cc(C(C)(O)C3CC3)on2)CN1C(=O)c1ccccc1-n1nccn1,PHMWJTAIUSPTKN-LHVRJDQKSA-N,0,antagonist,1.0,7.699999999999999
CHEMBL5846094,COC[C@@H]([C@@H](O)c1ccccc1)n1c(=N)n(Cc2ccc(C)cc2)c2ccccc21,ITEYUWXYGWDXSN-ZEQRLZLVSA-N,1,agonist,1.0,6.0
CHEMBL5846114,COc1cccc(OC)c1C(=O)N[C@H]1CCC[C@H]1Nc1nc2ccccc2s1,PQSRJJBKNVQRDI-UONOGXRCSA-N,0,antagonist,1.0,6.29
CHEMBL5846231,CSc1ccccc1C(=O)N1C[C@H](Oc2nccc(C#N)c2C)CC[C@H]1C,RVSRHQIMRKNOAK-RHSMWYFYSA-N,0,antagonist,1.0,8.155
CHEMBL5846392,COc1cccc(OC)c1C(=O)N[C@H]1CCC[C@H]1Nc1nc2ccc(Cl)cc2s1,XFIKRNAXHULGOU-UONOGXRCSA-N,0,antagonist,1.0,6.8
CHEMBL5846457,C=C1C[C@@H](c2nc3cc(C(C)(C)C)ccc3[nH]2)N(C(=O)c2cc(Cl)ccc2-n2nccn2)C1,SRLJJYWAUOSWIO-QFIPXVFZSA-N,0,antagonist,1.0,8.52
CHEMBL5846494,CC1(Nc2nc3ccc(Cl)cc3s2)CCCC1NC(=O)c1ccccc1-n1nccn1,IQSJPPKOSBLRHR-UHFFFAOYSA-N,0,antagonist,1.0,6.73
CHEMBL5846510,Cc1oc([C@@H]2CCCN(C(=O)c3ccccc3C3(C#N)CC3)C2)nc1C(C)(C)O,BNBDAVKITCXHER-MRXNPFEDSA-N,0,antagonist,1.0,7.78
CHEMBL5846586,Cc1nc(C(=O)N2CC[C@H](C)[C@H]2c2nc3cc(C(F)(F)F)ccc3[nH]2)c(-c2ccc(Cl)cc2)s1,YDUCAPHZLRJLGY-YUNKPMOVSA-N,0,antagonist,1.0,5.65
CHEMBL5846664,COc1cc(C(=O)N2CCC[C@H]2c2nc(-c3ccccc3Cl)no2)c(-n2nccn2)cc1C,XNOXJRMDPXDIPI-SFHVURJKSA-N,0,antagonist,1.0,7.62
CHEMBL5846703,CC(C)OC(=O)N1[C@H](C)C[C@H](NS(=O)(=O)C(F)F)[C@@H]1COC1CC[C@]2(c3ncc(F)cn3)CC2C1,OXOYRKUFKZNLMR-OQRCQAIXSA-N,0,antagonist,1.0,7.09
CHEMBL5846815,CCN(CCn1nc(C)c(C(C)(C)O)n1)C(=O)c1ccc(OC)nc1C1CC1,NVQBUUYLOLMHAN-UHFFFAOYSA-N,0,antagonist,1.0,7.85
CHEMBL5846822,COc1ccc(-c2nccnc2C(=O)N2CCC[C@H]2c2nc3cccc(SC)c3[nH]2)cc1,PTBDDWQJLAMOIB-SFHVURJKSA-N,0,antagonist,1.0,6.75
CHEMBL5846831,C[C@@H]1CC[C@@H](c2noc(C(C)(C)O)n2)CN1C(=O)c1ccccc1OC(F)F,BASBUQZJGVZEAO-VXGBXAGGSA-N,0,antagonist,1.0,6.85
CHEMBL5846866,C[C@@H]1CCCN(C(=O)c2cc(Cl)ccc2-n2nccn2)[C@@H]1CNc1ccc(Cl)cn1,YLEGFLMTDIRMPY-AUUYWEPGSA-N,0,antagonist,1.0,5.301029995663981
CHEMBL5846943,Cc1noc(-c2ccc(F)cc2C(=O)N2C[C@H](Oc3nccc4c3C(=O)OC4(C)C)CC[C@H]2C)n1,GITXQFSZSODQPK-CZUORRHYSA-N,0,antagonist,1.0,7.05
CHEMBL5847091,Cc1nc(C(=O)N2CC[C@H](C)[C@H]2c2nc3cc(CO)ccc3[nH]2)c(-c2cccc(Cl)c2)s1,BOKHYOWAELVLPN-ZSEKCTLFSA-N,0,antagonist,1.0,5.25
CHEMBL5847120,C=C1C[C@@H](c2nc3cc(OC)ccc3[nH]2)N(C(=O)c2nc(N3CCCC3)sc2-c2cccc(F)c2)C1,KMCWPNVVCHNJGY-QFIPXVFZSA-N,0,antagonist,1.0,7.04
CHEMBL5847203,C=C1C[C@@H](c2nc3cc(Cl)c(C(F)(F)F)cc3[nH]2)N(C(=O)c2cc(Cl)ccc2-n2nccn2)C1,PCZCMYYGMSKDSS-IBGZPJMESA-N,0,antagonist,1.0,8.22
CHEMBL5847357,Cc1c(Cl)ccc2[nH]c([C@]3(C)CCCN3C(=O)c3cc(F)ccc3-c3cccnc3)nc12,MHWVPSMWBIWREJ-VWLOTQADSA-N,0,antagonist,1.0,6.6
CHEMBL5847407,Cc1ccc(-n2nccn2)c(C(=O)N2CCC[C@H]2c2nc(-c3cc(C)nc(C)c3)no2)c1,JSIKITRDMLPFKI-FQEVSTJZSA-N,0,antagonist,1.0,6.43
CHEMBL5847422,C[C@@]1(c2nnc(-c3ccccc3OC(F)(F)F)[nH]2)CCCN1C(=O)c1ccc(Cl)cc1-n1nccn1,AQBKLPMTBJFAPO-QFIPXVFZSA-N,0,antagonist,1.0,8.22
CHEMBL5847554,COc1cc(C(=O)N2CCC[C@H]2c2nnc(-c3cccc(F)c3OC)[nH]2)c(-n2nccn2)cc1C,XYLDNVNPIBKVEB-SFHVURJKSA-N,0,antagonist,1.0,8.22
CHEMBL5847756,CCN(CCn1nc(C)c(C(C)(C)O)n1)C(=O)c1ccc(F)cc1-n1nccn1,DOIXFUCEVPZOHN-UHFFFAOYSA-N,0,antagonist,1.0,8.0
CHEMBL5847757,C[C@@H]1C[C@H](NS(C)(=O)=O)[C@H](CO[C@H]2CC[C@@]3(c4ncc(F)cn4)C[C@H]3C2)N1C(=O)OCC1(F)CC1,VJLIWAUVCDLEOG-FRXONHQUSA-N,0,antagonist,1.0,8.64
CHEMBL5848314,Cc1ccc(-n2nccn2)c(C(=O)N2CCC[C@@]2(C)c2nnc(-c3cccc(Cl)c3C)[nH]2)c1,APJMQXNUASMFOM-DEOSSOPVSA-N,0,antagonist,1.0,6.75
CHEMBL5848451,COc1ccc(-c2cn(C)nc2C(=O)N2CC(F)(F)C[C@@H](C)C2CNc2cnc(C(F)(F)F)cn2)nc1,OEDWKFABUVNLBG-FWJOYPJLSA-N,0,antagonist,1.0,5.301029995663981
CHEMBL5848459,COc1ccnc(O[C@@H]2CC[C@@H](C)N(C(=O)c3cnccc3-n3nccn3)C2)c1,YBWOLNFUDBFEPB-GDBMZVCRSA-N,0,antagonist,1.0,7.72
CHEMBL5848532,C=C1C[C@@H](c2nc3cc(OC)ccc3[nH]2)N(C(=O)c2nc(C3CC3)sc2-c2cccc(OC)c2)C1,GHDFUOBPQQVKTL-QFIPXVFZSA-N,0,antagonist,1.0,7.66
CHEMBL5848633,C[C@@H]1CC[C@@H](Nc2nccc3c2C(=O)OC3(C)C)CN1C(=O)c1ccccc1-n1nccn1,UYQFIWNARBGORU-HZPDHXFCSA-N,0,antagonist,1.0,7.31
CHEMBL5848636,COc1cc(C(=O)N2CCC[C@H]2c2cc(-c3ccccc3OC(F)(F)F)on2)c(-n2nccn2)cc1Cl,NUSZUJKDTVBPKK-SFHVURJKSA-N,0,antagonist,1.0,7.82
CHEMBL5849137,COC(=O)c1nc([C@@H]2CC[C@@H](C)N(C(=O)c3ccccc3-n3nccn3)C2)oc1Br,IMRUIBYDMHMABS-CHWSQXEVSA-N,0,antagonist,1.0,7.77
CHEMBL5849245,C[C@@H]1CC[C@@H](c2cc(C3(O)CCC3)on2)CN1C(=O)c1ccccc1-n1nccn1,FISGJCWMDNTRGZ-HZPDHXFCSA-N,0,antagonist,1.0,6.2
CHEMBL5849319,C[C@@]1(c2nc3cc(C(F)(F)F)ccc3[nH]2)CCCN1C(=O)c1cc(C(F)(F)F)ccc1-n1nccn1,CUFFIAKNDMLTRT-NRFANRHFSA-N,0,antagonist,1.0,6.15
CHEMBL5849469,COC(=O)N1[C@@H]2CCC[C@@H]2[C@H](NS(=O)(=O)C2CC2)[C@@H]1COC1CCC2(c3ncc(F)cn3)CC2C1,PTMQZLCLFDSLSF-XNJNAVANSA-N,0,antagonist,1.0,8.74
CHEMBL5849489,Cc1nc(C(=O)N2CC[C@H](C)[C@H]2c2nc3cc(C)c(C)cc3[nH]2)c(-c2ccc(Cl)cc2)s1,GTSMUBXJQHGVEY-XMHCIUCPSA-N,0,antagonist,1.0,5.68
CHEMBL5849498,CS(=O)(=O)N[C@H]1CCCN[C@H]1CO[C@H]1CC[C@@H](c2cc(F)cc(F)c2)CC1,DATADCLNOZHNAB-PZGXJPJSSA-N,1,agonist,1.0,6.6
CHEMBL5849785,COc1ccc2nc([C@@H]3CCCN3C(=O)c3cc(Cl)ccc3-n3nccn3)[nH]c2c1,NWSIYQIYKFBOKG-IBGZPJMESA-N,0,antagonist,1.0,8.0
CHEMBL5849809,Cc1nc(C(=O)N2CCCC2c2nc3c(C(F)(F)F)cccc3[nH]2)c(-c2cccc(Cl)c2)s1,OEZQSYHYJSYBEE-UHFFFAOYSA-N,0,antagonist,1.0,7.05
CHEMBL5850123,Cc1oc(N2CC3CN(C(=O)c4ccccc4OC(F)F)CC3C2)nc1C(C)(C)O,KBFDXXXXHSAMBA-UHFFFAOYSA-N,0,antagonist,1.0,7.0
CHEMBL5850129,COc1c(Cl)cccc1-c1nc([C@@H]2CCCN2C(=O)c2ccc(Cl)cc2-n2nccn2)no1,CGZZINUKGZISIW-KRWDZBQOSA-N,0,antagonist,1.0,8.52
CHEMBL5850194,Cc1ccc(-n2nccn2)c(C(=O)N2CCC[C@H]2c2noc(-c3cccc4c3OCC4)n2)c1,HOEQPSNBDXUTKR-FQEVSTJZSA-N,0,antagonist,1.0,8.52
CHEMBL5850274,C[C@@H]1CCCN(C(=O)c2cc(Cl)ccc2-c2ncccn2)[C@@H]1CNc1ccc(C(F)(F)F)nn1,NGDJJCBHJUBRAH-RDTXWAMCSA-N,0,antagonist,1.0,5.301029995663981
CHEMBL5850351,C=C1C[C@@H](c2nc3cccc(C)c3[nH]2)N(C(=O)c2nc(C)sc2-c2cc(C)cc(C)c2)C1,KQQRIMHEEAJWNE-NRFANRHFSA-N,0,antagonist,1.0,7.8
CHEMBL5850418,CCN(CCc1ncc(Br)cn1)C(=O)c1ccccc1-n1nccn1,SPWUCIJMMNASLY-UHFFFAOYSA-N,0,antagonist,1.0,7.07
CHEMBL5850604,O=C(c1ncsc1-c1cccc(Cl)c1)N1CCC[C@H]1c1nc(-c2ccccc2OC(F)(F)F)no1,SCSBLJQDZMJIRZ-INIZCTEOSA-N,0,antagonist,1.0,7.1
CHEMBL5850740,CCNC(=O)N1CCC[C@H](NS(C)(=O)=O)[C@@H]1CO[C@H]1CC[C@@H](C(F)(F)F)CC1,YLJJCYKGZRHAQU-XGUBFFRZSA-N,1,agonist,1.0,6.92
CHEMBL5850869,C[C@@H]1CC(F)(F)CN(C(=O)c2nn(C)cc2-c2cncnc2)[C@@H]1CNc1ncc(C(F)(F)F)cn1,ASVCBOFICZGJNP-MLGOLLRUSA-N,0,antagonist,1.0,5.301029995663981
CHEMBL5850998,CO[C@@H]1C[C@@H](c2nc3ccc(Cl)c(C)c3[nH]2)N(C(=O)c2nc(C)sc2-c2cccc(C)c2)C1,BIYHTTUWIYFGHN-XLIONFOSSA-N,0,antagonist,1.0,8.3
CHEMBL5851016,COc1c(C#N)ccnc1N[C@@H]1CC[C@@H](C)N(C(=O)c2ccccc2-n2nccn2)C1,PNXOSCPXTLITPN-NVXWUHKLSA-N,0,antagonist,1.0,7.96
CHEMBL5851185,CCOc1ccccc1-c1cnc([C@@H]2CCCN2C(=O)c2cc(C)ccc2-n2nccn2)[nH]1,WNOBZVLDCLHESG-QFIPXVFZSA-N,0,antagonist,1.0,8.3
CHEMBL5851207,C[C@@H]1CC(F)(F)CN(C(=O)c2nn(C)cc2-c2ccccc2)C1CNc1ncc(C(F)(F)F)cn1,ZRGKAXQJSDIQES-IKJXHCRLSA-N,0,antagonist,1.0,5.301029995663981
CHEMBL5851405,Cc1c(Cl)cccc1-c1noc([C@@H]2CCCN2C(=O)c2ccc(F)cc2-n2nccn2)n1,LOAMHICTXBHMLN-SFHVURJKSA-N,0,antagonist,1.0,6.92
CHEMBL5851465,Cc1cc2c(C(=O)NCC3CCCC(C)N3C(=O)c3nc(C)sc3-c3ccc(F)cc3)cccc2o1,JAUIDCOPUGAEFY-UHFFFAOYSA-N,0,antagonist,1.0,6.42
CHEMBL5851506,Cc1ccc(-c2ccccc2C)c(C(=O)N2CCC[C@@]2(C)c2nc3cc(C(F)(F)F)ccc3[nH]2)c1,LSKVOSQWMGPJCS-MHZLTWQESA-N,0,antagonist,1.0,6.53
CHEMBL5851510,COc1ccccc1-c1noc([C@@H]2CCCN2C(=O)c2ccccc2-n2nccn2)n1,HZCJNWYHESGQRQ-SFHVURJKSA-N,0,antagonist,1.0,6.37
CHEMBL5851562,Cc1ccc(C(=O)N2CCC[C@H]2c2ncc(-c3ccccc3OC(F)(F)F)[nH]2)c(-n2nccn2)c1,ZFBTXWPCJCOJHZ-IBGZPJMESA-N,0,antagonist,1.0,8.7
CHEMBL5851771,Cc1ccc(C(=O)N2CCC[C@@]2(C)c2nc3cc(C)c(C)cc3[nH]2)c(-n2nccn2)c1,GTRYXLFCAWCOJP-DEOSSOPVSA-N,0,antagonist,1.0,7.82
CHEMBL5851805,Cc1ccc(-n2nccn2)c(C(=O)N2CCC[C@H]2c2nc(-c3c(C)cccc3F)no2)c1,HORXSENWOLHVDG-IBGZPJMESA-N,0,antagonist,1.0,7.4
CHEMBL5851806,Cc1oc(C[C@H]2CCCCN2C(=O)c2ncccc2-c2ccccc2)nc1C(C)(C)O,CKDXTCPACRQRGY-LJQANCHMSA-N,0,antagonist,1.0,6.9
CHEMBL5851849,CCOc1ccccc1-c1noc([C@@H]2CCCN2C(=O)c2cc(C)c(C)cc2-n2nccn2)n1,BXNCXMMOWAUHNN-FQEVSTJZSA-N,0,antagonist,1.0,9.0
CHEMBL5851962,O=C(c1ccccc1-n1nccn1)N1CCC[C@H]1c1nnc(-c2ccccc2OC(F)(F)F)[nH]1,LZOSVPFTHSIXES-KRWDZBQOSA-N,0,antagonist,1.0,7.57
CHEMBL5852110,CC(=O)N1CCC[C@H](NS(=O)(=O)N(C)C)[C@@H]1CO[C@H]1CC[C@@H](c2ccccc2)CC1,SDLBPXVIISIXMJ-LRSLUSHPSA-N,1,agonist,1.0,7.89
CHEMBL5852134,Cc1oc(N2CC3CN(C(=O)c4ccc(F)cc4-n4nccn4)CC3C2)nc1C(C)(C)O,CJAKSQCLQFLOGU-UHFFFAOYSA-N,0,antagonist,1.0,7.5
CHEMBL5852136,Cc1ccc(-n2nccn2)c(C(=O)N2CCCN(c3nc4ccc(F)cc4c(=O)[nH]3)CC2)c1,XTVWSQXUHKZHFV-UHFFFAOYSA-N,0,antagonist,1.0,6.52
CHEMBL5852416,Cc1ccc(C[C@@H](COC(=O)C2CN(C)C2)n2c(=N)n(C(c3ccc(C)cc3)C3CC3)c3ccccc32)cc1,NJFOIUOVEKSNAE-NPHAVVRNSA-N,1,agonist,1.0,5.3
CHEMBL5852505,COc1cccnc1C(=O)N(C)[C@H]1CCC[C@@H]1Nc1nc2ccc(F)cc2s1,MPYPTCXWQCTPSK-ZFWWWQNUSA-N,0,antagonist,1.0,5.55
CHEMBL5852525,CC(C)Oc1ncccc1C(=O)N1C[C@H](c2noc(C(C)(C)O)n2)CC[C@H]1C,OGESQOXBYICAHA-ZIAGYGMSSA-N,0,antagonist,1.0,6.66
CHEMBL5852654,COC(=O)c1c(C#N)ccnc1N[C@@H]1C[C@@H](C)N(C(=O)c2ccccc2-n2nccn2)C1,ANGYLPZEAOBQHO-GDBMZVCRSA-N,0,antagonist,1.0,7.84
CHEMBL5852697,COc1cccc(-c2sc(C)nc2C(=O)N2CC[C@H](C)[C@H]2c2nc3cc(C(F)(F)F)ccc3[nH]2)c1,DTAANAITYXKMLD-ZSEKCTLFSA-N,0,antagonist,1.0,5.51
CHEMBL5852783,C[C@@H]1CC(F)(F)CN(C(=O)c2nn(C)nc2-c2ccccc2)C1CNc1ncc(C(F)(F)F)cn1,LGJCTCHLWVIGOO-JBZHPUCOSA-N,0,antagonist,1.0,5.301029995663981
CHEMBL5852806,CCN(CCN(C)c1nccc(C(C)(C)O)n1)C(=O)c1cccnc1OCC(F)(F)F,VSUWHVJCEFGMCX-UHFFFAOYSA-N,0,antagonist,1.0,7.66
CHEMBL5852817,O=C(c1cccnc1-c1ccccn1)N1CCC[C@H]1c1nc(-c2ccccc2OC(F)(F)F)no1,NXNQFBLRVRBFDX-SFHVURJKSA-N,0,antagonist,1.0,6.994999999999999
CHEMBL5852871,C[C@@H]1C[C@@H](Nc2cc(C#N)ccn2)CN1C(=O)c1ccccc1-n1ncnn1,RCTQKXPCPKEKKZ-UKRRQHHQSA-N,0,antagonist,1.0,6.52
CHEMBL5852888,CCCOc1ccccc1-c1nnc([C@@H]2CCCN2C(=O)c2cc(C)ccc2-n2nccn2)[nH]1,ZSDJOCNAJQMMGI-NRFANRHFSA-N,0,antagonist,1.0,6.19
CHEMBL5852998,Cc1ccc(-c2ccccc2)c(C(=O)N2CC[C@H](C)[C@H]2c2nc3c(C)c(Cl)ccc3[nH]2)c1,GSONVRMPHROBLD-GKVSMKOHSA-N,0,antagonist,1.0,6.34
CHEMBL5853103,COc1ccc(CN([C@H]2C[C@@H](C)N(C(=O)OCc3ccccc3)[C@H]2COC2CCC(c3ccccc3)CC2OC)S(C)(=O)=O)cc1,SULMUFPFBIKTSH-DAOVUTMYSA-N,0,antagonist,1.0,5.67
CHEMBL5853163,C[C@@H]1CCCN(C(=O)c2ccccc2OC(F)(F)F)[C@@H]1CNc1ncc(Cl)cn1,GXEVWILUXKAVKS-IUODEOHRSA-N,0,antagonist,1.0,5.3
CHEMBL5853524,Cc1cc(-n2nccn2)c(C(=O)N2CCC[C@H]2c2nc(-c3cccc(Cl)c3C)no2)cc1Cl,LBNDFXDQHYIPKB-IBGZPJMESA-N,0,antagonist,1.0,8.0
CHEMBL5853548,CC[C@@](C)(O)c1cc([C@@H]2CC[C@@H](C)N(C(=O)c3ccccc3-n3nccn3)C2)no1,WUQIKHJVPQKMFW-XCGNWRKASA-N,0,antagonist,1.0,7.38
CHEMBL5853721,C[C@@H]1CC[C@@H](c2cnc(C(C)(C)O)s2)CN1C(=O)c1ccccc1-n1nccn1,JKJNKMQWSCQAFH-HUUCEWRRSA-N,0,antagonist,1.0,7.3
CHEMBL5853726,COC(=O)N1CCC[C@H](NS(C)(=O)=O)[C@@H]1CO[C@H]1CC[C@@H](c2cc(F)cc(F)c2F)CC1,GCUUWTHDHUNFES-UAFONNFLSA-N,1,agonist,1.0,8.59
CHEMBL5853954,CCN(CCn1ncc(C(C)(C)O)n1)C(=O)c1ccccc1OC(F)(F)F,IAVPECWGENBHHI-UHFFFAOYSA-N,0,antagonist,1.0,6.61
CHEMBL5854395,COC(=O)N1[C@H](C)C[C@H](NS(=O)(=O)C(F)F)[C@@H]1CO[C@H]1CC[C@@]2(c3ncc(F)cn3)C[C@H]2C1,PIBYSPLYKPSDST-NCEORPFNSA-N,0,antagonist,1.0,8.85
CHEMBL5854396,Cc1ccc(-n2nccn2)c(C(=O)N2CCC[C@H]2c2nc(-c3ccccc3)co2)c1,ULCJJGFCDKNONE-NRFANRHFSA-N,0,antagonist,1.0,6.53
CHEMBL5854442,Cc1nc(C(=O)N2CC(F)(F)CCC2CNC(=O)c2cccc3cccnc23)c(-c2cccc(F)c2)s1,YCPDCUAUNGQDQS-UHFFFAOYSA-N,0,antagonist,1.0,8.0
CHEMBL5854530,COC(=O)N1[C@H](C)C[C@H](NS(=O)(=O)N(C)CC#N)[C@@H]1CO[C@H]1CC[C@@H](c2cccc(F)c2)CC1,HTQMMRUDQLHKLO-MLMGXCOMSA-N,0,antagonist,1.0,9.22
CHEMBL5854586,Cc1cccc(-c2ocnc2C(=O)N2CCC[C@H]2c2nc(-c3cccc(Cl)c3C)no2)c1,HWQTWOBBDVHIKG-IBGZPJMESA-N,0,antagonist,1.0,7.28
CHEMBL5854600,CCNC(=O)N1CCC[C@@H](NS(C)(=O)=O)[C@H]1CO[C@H]1CC[C@@H](C(C)C)CC1,QVBNNVDWURLGGQ-XMTFNYHQSA-N,1,agonist,1.0,6.060514997831991
CHEMBL5854720,Cc1ccnc(S[C@@H]2CC[C@@H](C)N(C(=O)c3ccccc3-n3nccn3)C2)c1,QWHVENKVCOCONL-IAGOWNOFSA-N,0,antagonist,1.0,7.7
CHEMBL5854838,C[C@@H]1CC[C@@H](Oc2cc(OCC(F)(F)F)ccn2)CN1C(=O)c1ccccc1-n1nccn1,BHNGYFMOFFKONB-NVXWUHKLSA-N,0,antagonist,1.0,8.1
CHEMBL5854876,COC(=O)c1ccnc(S[C@@H]2CC[C@@H](C)N(C(=O)c3ccccc3-n3nccn3)C2)c1,STFILHBGMHKDEU-NVXWUHKLSA-N,0,antagonist,1.0,6.53
CHEMBL5854891,Cc1nc(C(=O)N2CCC[C@@]2(C)c2nc3c(C)c(C)c(Br)cc3[nH]2)c(-c2ccc(C)c(C)c2)s1,MEEJUXPSVMACDZ-MHZLTWQESA-N,0,antagonist,1.0,7.92
CHEMBL5854997,C=Cc1ccc(C(=O)N2C[C@H](Oc3nccc(C#N)c3C)CC[C@H]2C)c(-n2nccn2)n1,QNOGLWANWYSVHV-DNVCBOLYSA-N,0,antagonist,1.0,7.475
CHEMBL5855022,Cc1ccc(-n2nccn2)c(C(=O)N2CCC[C@H]2c2nc(-c3ccnc(C)c3)no2)c1,LSTJZGLXVIYOTK-IBGZPJMESA-N,0,antagonist,1.0,6.04
CHEMBL5855134,COc1cc2nc([C@]3(C)CCCN3C(=O)c3cc(C)ccc3-n3nccn3)n(CCF)c2cc1OC,IVIIHHTVNJCLFG-SANMLTNESA-N,0,antagonist,1.0,7.4
CHEMBL5855232,C[C@@H]1CC[C@@H](Oc2cc(OCC(F)F)ccn2)CN1C(=O)c1ccc(F)cc1-n1nccn1,WLMXJRSPEBHERE-RHSMWYFYSA-N,0,antagonist,1.0,7.21
CHEMBL5855374,CCN(CCc1cccc(C(C)(C)O)n1)C(=O)c1ncccc1-c1ccccc1,QOCNLLOUCIUTAN-UHFFFAOYSA-N,0,antagonist,1.0,6.34
CHEMBL5855644,CC(C)[C@H]1CC[C@@H](OC[C@H]2[C@@H](NS(C)(=O)=O)CCCN2C(=O)Cn2cnccc2=O)CC1,BCSWZGZPSFYJMG-YRPNKDGESA-N,1,agonist,1.0,5.64
CHEMBL5855662,C=C1C[C@@H](c2nc3cc(OC)ccc3[nH]2)N(C(=O)c2nc(C3CC3)sc2-c2cccc(Br)c2)C1,OHQCGZCOYDETDA-NRFANRHFSA-N,0,antagonist,1.0,7.82
CHEMBL5855717,C[C@@H]1CC(F)(F)CN(C(=O)c2nn(C)cc2-c2ncccn2)[C@@H]1CNc1ncc(C(F)(F)F)cc1F,VBYJEIVZONMYPK-MLGOLLRUSA-N,0,antagonist,1.0,5.301029995663981
CHEMBL5855914,COc1cc(C(=O)N2CCC[C@H]2c2noc(-c3cccc(F)c3C)n2)c(-n2nccn2)cc1F,LEMDRCLHSAJISI-SFHVURJKSA-N,0,antagonist,1.0,7.54
CHEMBL5855932,C[C@@H]1C[C@@H](Nc2cc(C#N)ccn2)CN1C(=O)c1ccccc1-c1ncccn1,TWFZUOKBGXPLOT-NVXWUHKLSA-N,0,antagonist,1.0,7.51
CHEMBL5855965,Cc1ccc(CC(=O)NCC(Cc2ccc(C)cc2)n2c(=N)n(Cc3ccc(C)cc3)c3ccccc32)cc1,UUGXZLYCXOVAFQ-UHFFFAOYSA-N,1,agonist,1.0,6.0
CHEMBL5855983,Cc1oc([C@@H]2CC[C@@H](C)N(C(=O)c3ccccc3C3(C#N)CCOCC3)C2)nc1C(C)(C)O,UUDDTZVUSSGGBC-IEBWSBKVSA-N,0,antagonist,1.0,6.3
CHEMBL5856157,CCOc1c(F)cccc1-c1noc([C@@H]2CCCN2C(=O)c2ccccc2-n2nccn2)n1,JONBNQIIJOAECS-IBGZPJMESA-N,0,antagonist,1.0,7.28
CHEMBL5856313,CCN(CCn1nc(C)c(C(C)(C)O)n1)C(=O)c1ccccc1C1CC1(F)F,XUOBRUKICKHUNG-UHFFFAOYSA-N,0,antagonist,1.0,8.0
CHEMBL5856406,COc1ccc(C)c(-c2nc([C@@H]3CCCN3C(=O)c3cc(OC)c(C)cc3-n3nccn3)no2)c1,RVRXQRGZGPRNHO-FQEVSTJZSA-N,0,antagonist,1.0,8.15
CHEMBL5856412,Cc1ccc(-c2ccc3c(c2)OCO3)c(C(=O)N2CCC[C@@]2(C)c2nc3cc(C(F)(F)F)c(Cl)cc3[nH]2)c1,FTGJOLOBFYSUKB-MHZLTWQESA-N,0,antagonist,1.0,7.27
CHEMBL5856433,CCN(CCc1cccc(C(C)(C)O)n1)C(=O)c1cccnc1OCC(F)(F)F,LDGNRQGWFQTXFX-UHFFFAOYSA-N,0,antagonist,1.0,7.16
CHEMBL5856521,Cc1cc(C(=O)N2CCC[C@H]2c2nc(-c3cccc(Cl)c3C)no2)c(-n2nccn2)cc1C,BYRMZJPZYRHYMU-FQEVSTJZSA-N,0,antagonist,1.0,8.52
CHEMBL5856563,C[C@@H]1CC(F)(F)CN(C(=O)c2nn(C)cc2-c2ccc(F)cc2)C1CNc1ncc(Cl)cn1,VLQMEAVALQSOJF-YJJYDOSJSA-N,0,antagonist,1.0,5.301029995663981
CHEMBL5856662,Cc1ccc(-n2nccn2)c(C(=O)N2CCC[C@H]2c2nc(-c3cccc(C(F)(F)F)c3C)no2)c1,QCTSLXOYSVLZGK-FQEVSTJZSA-N,0,antagonist,1.0,7.34
CHEMBL5856761,CCN(CCn1nc(C)c(C(C)(C)O)n1)C(=O)c1ccccc1CC(F)F,BKKNHEGRKBGUAF-UHFFFAOYSA-N,0,antagonist,1.0,8.0
CHEMBL5856782,Cc1oc(C[C@H]2CCCCN2C(=O)c2nccnc2-n2cccn2)nc1C(C)(C)O,DIXXXNKVVIQHGC-OAHLLOKOSA-N,0,antagonist,1.0,6.73
CHEMBL5856924,COC(=O)N1[C@H](C)C[C@H](NS(C)(=O)=O)[C@@H]1COC1CCC2(c3nc4c(F)ccc(F)c4s3)CC2C1,FKDPACBIAZZNFS-LHBMKPANSA-N,0,antagonist,1.0,6.08
CHEMBL5856930,C=C1CN(C(=O)c2nc(C)sc2-c2cccc(C)c2)C(C)(c2nc3cc(OC)ccc3[nH]2)C1,CNHIYIZUHYYHTP-UHFFFAOYSA-N,0,antagonist,1.0,7.5
CHEMBL5856945,O=C(c1ccccc1-n1nccn1)N1CCC[C@H]1c1nc(-c2ccccc2OC(F)(F)F)no1,GHRXATDKOUMVDJ-KRWDZBQOSA-N,0,antagonist,1.0,7.54
CHEMBL5857024,C[C@@]1(c2nc3cc(C(F)(F)F)c(Cl)cc3[nH]2)CCCN1C(=O)c1ccccc1-n1nccn1,KVMPYKVPMCJIBK-NRFANRHFSA-N,0,antagonist,1.0,7.62
CHEMBL5857040,Cc1cccc(-n2nccn2)c1C(=O)N1CCC[C@H]1c1nnc(-c2ccccc2OC(F)(F)F)[nH]1,DCRPBYBUYQVESV-KRWDZBQOSA-N,0,antagonist,1.0,7.28
CHEMBL5857234,COC(=O)N1[C@@H]2COC[C@@H]2C(NS(C)(=O)=O)[C@@H]1COC1CCC2(c3ncc(F)cn3)CC2C1,MMYZZZOQNONSFE-DHKRVOKQSA-N,0,antagonist,1.0,7.08
CHEMBL5857263,Cc1cc(-c2ccc(F)cc2)ccc1-c1nc(C(=O)N2CCC[C@@]2(C)c2nc3c(C)c(Cl)ccc3[nH]2)cs1,HMGVKQOIKLFJOZ-PMERELPUSA-N,0,antagonist,1.0,5.69
CHEMBL5857405,Cc1nc(C(=O)N2CC[C@H](C)[C@H]2c2nc3cc(C)c(C)cc3[nH]2)c(-c2cccc(Cl)c2)s1,BHYJNXZXWCRENL-XMHCIUCPSA-N,0,antagonist,1.0,6.08
CHEMBL5857661,Cc1ccc(-n2nccn2)c(C(=O)N2CCC[C@H]2c2nc(-c3cccc4[nH]ccc34)no2)c1,FZYWHJBOJFRUOG-NRFANRHFSA-N,0,antagonist,1.0,7.04
CHEMBL5857694,COC(=O)c1c(OC)ccnc1O[C@@H]1CC[C@@H](C)N(C(=O)c2ccc(Cl)cc2-n2nccn2)C1,VJCJECXUMSEGMM-GDBMZVCRSA-N,0,antagonist,1.0,7.47
CHEMBL5857707,Cc1cc(C(=O)N2CCC[C@@]2(C)c2nnc(-c3ccccc3OC(F)(F)F)[nH]2)c(-n2nccn2)cc1C,NTNSUMPZQLAAMK-DEOSSOPVSA-N,0,antagonist,1.0,8.1
CHEMBL5857730,Cc1ccc(-n2nccn2)c(C(=O)N2CCC[C@H]2c2nc(-c3ccccc3OC(F)(F)F)no2)n1,CLIDJXZPXAUDSX-INIZCTEOSA-N,0,antagonist,1.0,7.15
CHEMBL5857736,Cc1ccc(-n2nccn2)c(C(=O)N2CCC[C@@H](C)[C@H]2CNc2ccc(Cl)cn2)n1,GMDAZMLAWHSJRK-RDTXWAMCSA-N,0,antagonist,1.0,5.301029995663981
CHEMBL5857766,COC(=O)N1[C@H](C)C[C@H](NS(=O)(=O)N(C)C)[C@@H]1CO[C@H]1CC[C@H](c2ncccn2)CC1,YYZFOWJWKQEYBA-DZVNLGKHSA-N,0,antagonist,1.0,6.05
CHEMBL5857780,CS(=O)(=O)N[C@H]1CCCN(C(=O)CC#N)[C@H]1CO[C@H]1CC[C@@H](c2ccccc2)CC1,RNKYMWWKHUPUKB-WOZUAGRISA-N,1,agonist,1.0,7.77
CHEMBL5857815,CSc1cccc2nc([C@@H]3CCCN3C(=O)c3nccnc3-c3cccc(C(F)(F)F)c3)[nH]c12,NZQJGWVKJLZJIZ-KRWDZBQOSA-N,0,antagonist,1.0,6.55
CHEMBL5857818,COC(=O)N1[C@H](C)C[C@H](N(Cc2ccc(OC)cc2)S(=O)(=O)N(C)C)[C@@H]1COC1CCC(OCc2ccccc2)CC1,KUZYNVMFJNXXJM-HVBDULTNSA-N,0,antagonist,1.0,8.51
CHEMBL5857851,C=C1C[C@@H](c2nc3cc(C(C)(C)C)ccc3[nH]2)N(C(=O)c2ccccc2-n2nccn2)C1,IXUDMSDRTJNPJS-QFIPXVFZSA-N,0,antagonist,1.0,8.15
CHEMBL5857859,C[C@@H]1C[C@@H](Nc2cc(Cl)ccn2)CN1C(=O)c1ccccc1-n1nccn1,FSNKYXWBSWTMEZ-UKRRQHHQSA-N,0,antagonist,1.0,7.64
CHEMBL5857931,CCOc1c(F)cccc1-c1nc([C@@H]2CCCN2C(=O)c2cc(Cl)ccc2-n2nccn2)no1,BSZUNBWIZQRTJV-IBGZPJMESA-N,0,antagonist,1.0,8.4
CHEMBL5857984,CC(=O)N1CCC[C@H](NS(C)(=O)=O)[C@@H]1CO[C@H]1CC[C@@H](c2ccccc2OC(F)(F)F)CC1,FDVPXQUKIYEFGS-HNJRGHQBSA-N,1,agonist,1.0,6.27
CHEMBL5858053,COCCN(CCc1nc(C(C)(C)O)c(C)o1)C(=O)c1ccccc1-n1nccn1,BNEKHVZFMUVJQC-UHFFFAOYSA-N,0,antagonist,1.0,7.72
CHEMBL5858055,Cc1ccc(-n2nccn2)c(C(=O)N2CCC[C@H]2c2nc(-c3ccccc3CCO)no2)c1,JPZKSPKYENGSNN-NRFANRHFSA-N,0,antagonist,1.0,7.16
CHEMBL5858230,Cc1nc(-c2ccccc2)c(C(=O)N2CCC(F)(F)[C@H]2CNC(=O)c2cccc3cccnc23)s1,RWAAIAZKYDLWDY-HXUWFJFHSA-N,0,antagonist,1.0,5.85
CHEMBL5858265,COC(=O)c1c(OC)ccnc1O[C@@H]1CC[C@@H](C)N(C(=O)c2cc(F)ccc2-n2nccn2)C1,WHXPCGWTGLWJAC-GDBMZVCRSA-N,0,antagonist,1.0,7.56
CHEMBL5858448,Cc1ccc(-n2nccn2)c(C(=O)N2CC(F)(F)C[C@@H](C)C2CNc2ncc(C(F)(F)F)cn2)c1,SFHBRNVHIYJGFD-IKJXHCRLSA-N,0,antagonist,1.0,5.301029995663981
CHEMBL5858588,CSCC(Cc1ccc(C)cc1)n1c(=N)n(C(C)c2ccc(C)cc2)c2cccnc21,NJBJXHXAEDAVFE-UHFFFAOYSA-N,1,agonist,1.0,4.805
CHEMBL5858698,COc1c(C#N)ccnc1O[C@@H]1CC[C@@H](C)N(C(=O)c2ccc(F)cc2-n2nccn2)C1,HKEKIPJAULLLAB-RHSMWYFYSA-N,0,antagonist,1.0,8.62
CHEMBL5858746,Cc1ccc(-n2cccn2)c(C(=O)N2CCC[C@@H](C)[C@H]2CNc2ncc(C(F)(F)F)cn2)n1,ZYOMABPRPDBZDJ-RDTXWAMCSA-N,0,antagonist,1.0,5.301029995663981
CHEMBL5858900,Cc1ccc(-n2nccn2)c(C(=O)N[C@H]2CCC[C@@H]2Nc2nc3ccccc3s2)c1,LNWOAXZLTXLMIF-IRXDYDNUSA-N,0,antagonist,1.0,5.14
CHEMBL5858910,COc1cccc(-c2sc(C)nc2C(=O)N2CC(F)(F)C[C@@H](C)C2CNc2cnc(C(F)(F)F)cn2)c1,SLLHWPDOFNOURY-FWJOYPJLSA-N,0,antagonist,1.0,5.301029995663981
CHEMBL5859025,CCOC(=O)[C@H]1C[C@H]2CCN(c3cc(C#N)ccn3)[C@H]2CN1C(=O)c1ccccc1-n1nccn1,DPESXQLVJUWPMF-QIJUGHKUSA-N,0,antagonist,1.0,6.7
CHEMBL5859124,COC(=O)c1c(SC)ccnc1O[C@@H]1CC[C@@H](C)N(C(=O)c2cccc(F)c2-c2ncccn2)C1,DNQIFBHZHDYRSE-HZPDHXFCSA-N,0,antagonist,1.0,7.42
CHEMBL5859281,Cc1ccc(-c2cccc(C(F)(F)F)c2)c(C(=O)N2CCC[C@@]2(C)c2nc3cc(C(F)(F)F)c(Cl)cc3[nH]2)c1,CCDLLBNMKKXVND-SANMLTNESA-N,0,antagonist,1.0,6.6
CHEMBL5859354,COC(=O)c1ccnc(O[C@@H]2CC[C@@H](C)N(C(=O)c3ccc(OC)nc3-c3ncccn3)C2)c1,DWXHACJTGPWMRJ-NVXWUHKLSA-N,0,antagonist,1.0,5.68
CHEMBL5859384,Cc1nc(C(=O)N2CC(F)(F)C[C@@H](C)C2CNc2ncc(C(F)(F)F)cn2)c(-c2ccc(F)cn2)s1,HJCNUQFYEDFLNC-ZVDHGWRTSA-N,0,antagonist,1.0,5.301029995663981
CHEMBL5859477,COc1cc2nc([C@]3(C)CCCN3C(=O)c3cc(OC(F)(F)F)ccc3-n3nccn3)[nH]c2cc1OC,CLDLFXTZTBSGMD-QHCPKHFHSA-N,0,antagonist,1.0,7.12
CHEMBL5859681,COc1cc(C)cc(-c2nc([C@@H]3CCCN3C(=O)c3cc(OC)c(Cl)cc3-n3nccn3)no2)c1,IPMQEASFHAYFRE-IBGZPJMESA-N,0,antagonist,1.0,8.4
CHEMBL5859707,Cc1ccc(CC(C(=O)N2CC3(COC3)C2)n2c(=N)n(C(C)c3ccc(C)cc3)c3cccnc32)cc1,HMSWMKVEIYCXFN-UHFFFAOYSA-N,1,agonist,1.0,5.91
CHEMBL5859741,COC(=O)N1CCC[C@H](NS(C)(=O)=O)[C@@H]1CO[C@H]1CC[C@@H](c2ccccc2O)CC1,XTPJJOICMJYISM-NBMJBFSESA-N,1,agonist,1.0,6.58
CHEMBL5859996,CO[C@H]1C[C@@H](c2nc3c(C)c(Cl)ccc3[nH]2)N(C(=O)c2nc(C)sc2-c2ccccc2)C1,IZHDGARJKYGHMR-LPHOPBHVSA-N,0,antagonist,1.0,7.13
CHEMBL5860000,COc1cc2nc([C@]3(C)CCCN3C(=O)c3ccccc3-n3nccn3)[nH]c2cc1OC,VJUSURXZPHYJMH-QHCPKHFHSA-N,0,antagonist,1.0,7.24
CHEMBL5860067,Cc1onc(-c2ccccc2Cl)c1C(=O)N1CCC[C@H]1c1nc(-c2ccccc2OC(F)(F)F)no1,ZBUBVYDXJCRLCL-KRWDZBQOSA-N,0,antagonist,1.0,5.66
CHEMBL5860288,COc1ccc(F)cc1C(=O)N[C@H]1CCC[C@@H]1Nc1nc2ccc(F)cc2s1,PUHZOVCRNLAFPI-GJZGRUSLSA-N,0,antagonist,1.0,5.48
CHEMBL5860325,Cc1ccc(-n2nccn2)c(C(=O)N2CCC[C@@H](C)[C@H]2CNc2ccc(C3(C#N)CC3)cn2)c1,QUADUSPYBLUAKD-AUSIDOKSSA-N,0,antagonist,1.0,6.1
CHEMBL5860454,Cc1ccc(-c2ccccc2)c(C(=O)N2CCC[C@@]2(C)c2nnc(-c3cccc(Cl)c3C)[nH]2)c1,ZVDHDXLNDHKTKG-NDEPHWFRSA-N,0,antagonist,1.0,6.07
CHEMBL5860473,CSc1ccc2nc([C@@H]3CCCN3C(=O)c3cc(Cl)ccc3-n3nccn3)[nH]c2c1,CMXCVYYBAAJBDT-IBGZPJMESA-N,0,antagonist,1.0,8.05
CHEMBL5860824,CO[C@@H]1C[C@@H](c2nc3c(C)c(Cl)ccc3[nH]2)N(C(=O)c2cc(C)ccc2-n2nccn2)C1,VHWGLBVUOHRYHN-QRWLVFNGSA-N,0,antagonist,1.0,8.22
CHEMBL5860928,Cc1nc(C(=O)N2C(C)CCCC2CNc2nc3ccccc3o2)c(-c2ccc(F)cc2)s1,FVXDIUWLPYTCGR-UHFFFAOYSA-N,0,antagonist,1.0,6.89
CHEMBL5861190,C=C1C[C@@H](c2nc3c(C)cc(C)cc3[nH]2)N(C(=O)c2nc(C)sc2-c2ccc(C)c(C)c2)C1,UCGAGGJWCWXTIP-QFIPXVFZSA-N,0,antagonist,1.0,9.0
CHEMBL5861192,Cc1nc(C(=O)N2CCC[C@@]2(C)c2nc3c(F)c(F)ccc3[nH]2)c(-c2cccc(F)c2)s1,SNKGEZBFYZEDDZ-QHCPKHFHSA-N,0,antagonist,1.0,6.62
CHEMBL5861235,Cc1oc([C@@H]2CC[C@@H](C)N(C(=O)c3nc(Cl)sc3C(C)C)C2)nc1C(C)(C)O,BRYMKTSQTWVPJN-DGCLKSJQSA-N,0,antagonist,1.0,6.8
CHEMBL5861382,C[C@@H]1CC[C@@H](Oc2cc(OCC(F)F)ccn2)CN1C(=O)c1ccsc1-n1nccn1,IKHHGRGIFQXBFV-UKRRQHHQSA-N,0,antagonist,1.0,7.66
CHEMBL5861532,Cc1cc(CC(C)C)nc(-c2noc([C@@H]3CCCN3C(=O)c3cc(C)ccc3-n3nccn3)n2)c1,AWZTVKJSJVGIRP-QHCPKHFHSA-N,0,antagonist,1.0,6.48
CHEMBL5861729,Cc1cccc(-c2nc(C(=O)N3CCC[C@@]3(C)c3nc4c(C)c(Cl)ccc4[nH]3)c(-c3ccc(F)cc3)s2)c1,OJTYBORBGLUMDO-PMERELPUSA-N,0,antagonist,1.0,6.28
CHEMBL5861817,CCOc1ncccc1-c1noc([C@@H]2CCCN2C(=O)c2cc(C)cc(C)c2-n2nccn2)n1,LOYJVOHUKOEBNR-IBGZPJMESA-N,0,antagonist,1.0,7.68
CHEMBL5861893,Cc1c(Cl)ccc2[nH]c([C@]3(C)CCCN3C(=O)c3ccccc3-n3nccn3)nc12,HZZFIYQZIORVRU-QFIPXVFZSA-N,0,antagonist,1.0,7.85
CHEMBL5862033,COC(=O)N1[C@H](C)C[C@H](NCc2ccc(OC)cc2)[C@@H]1COc1ccc(C(C)C)cc1,FVPDDYACFDTIGG-DKLXNKCPSA-N,0,antagonist,1.0,7.71
CHEMBL5862083,CO[C@@H]1C[C@@H](c2nc3ccc(Cl)c(C)c3[nH]2)N(C(=O)c2nc(C)sc2-c2ccc(C)c(C)c2)C1,ZKDXPQCTBSYECW-NQIIRXRSSA-N,0,antagonist,1.0,8.1
CHEMBL5862094,O=C(N[C@H]1CCC[C@@H]1Nc1nc2ccc(F)cc2[nH]1)c1ccccc1-n1nccn1,PVYWYZVPJYKLCT-HOTGVXAUSA-N,0,antagonist,1.0,5.17
CHEMBL5862166,C[C@@H]1C[C@@H](Nc2cc(OCC(F)F)ccn2)CN1C(=O)c1cccc2c1CCC2,MGWMVTIDKSMIFP-GDBMZVCRSA-N,0,antagonist,1.0,5.7
CHEMBL5862174,Cc1ccc(-n2nccn2)c(C(=O)N2CC(F)(F)C[C@@H](C)C2CNc2ncc(C(F)(F)F)cn2)n1,DFSKJJYJYBCPNW-ZGTOLYCTSA-N,0,antagonist,1.0,5.301029995663981
CHEMBL5862321,COc1c(C#N)ccnc1O[C@@H]1CC[C@@H](C)N(C(=O)c2cc(F)ccc2-n2nccn2)C1,RNOPPRXZOIVOFY-RHSMWYFYSA-N,0,antagonist,1.0,8.61
CHEMBL5862344,CSc1ccc2nc([C@@H]3CCCN3C(=O)c3nc(C)sc3-c3ccc(C)cc3)[nH]c2c1,SVGPNOYFYXRDQB-FQEVSTJZSA-N,0,antagonist,1.0,7.64
CHEMBL5862367,C[C@@H]1CC[C@@H](Oc2ccc3c(c2)C(C)(O)CC3)CN1C(=O)c1ccccc1-n1nccn1,KMGDOUIRHLBSDF-ZVXURSHBSA-N,0,antagonist,1.0,7.64
CHEMBL5862398,CCOc1ccccc1C(=O)N1C[C@H](c2noc(C(C)(C)O)n2)CC[C@H]1C,SQTJLGCSXYDUFJ-ZIAGYGMSSA-N,0,antagonist,1.0,6.91
CHEMBL5862423,Cc1cc(C)nc(N2CC[C@@H]3CCN(C(=O)c4ccccc4-n4nccn4)C[C@@H]32)n1,GAJNOIONAPXARW-PXNSSMCTSA-N,0,antagonist,1.0,6.79
CHEMBL5862569,Cc1cc2[nH]c([C@@H]3[C@@H](C)CCN3C(=O)c3c(-c4ccccn4)ccc(C)c3F)nc2cc1Cl,VINZFNPEULEOQE-OWJWWREXSA-N,0,antagonist,1.0,5.69
CHEMBL5862620,C=C1C[C@@H](c2nc3ccc(OC)cc3[nH]2)N(C(=O)c2cc(C)c(C)cc2-n2nccn2)C1,XSKYYULXLGRXSP-QFIPXVFZSA-N,0,antagonist,1.0,9.22
CHEMBL5862628,C[C@@H]1CC[C@@H](c2cc(C(C)(C)O)no2)CN1C(=O)c1ncccc1-c1ccccc1,PHYLUQKYWWDAOY-SJLPKXTDSA-N,0,antagonist,1.0,6.58
CHEMBL5862669,CCc1ccccc1-c1nc([C@@H]2CCCN2C(=O)c2cc(C)ccc2-n2nccn2)no1,LOMMSPUQTUQVKU-NRFANRHFSA-N,0,antagonist,1.0,7.82
CHEMBL5862867,C=C1C[C@@H](c2nc3cc(OC)ccc3[nH]2)N(C(=O)c2cc(C)sc2-c2ccc(C)c(C)c2)C1,VLOHAXSJLPIXTQ-DEOSSOPVSA-N,0,antagonist,1.0,8.7
CHEMBL5862899,C[C@@H]1CC(F)(F)CN(C(=O)c2cc(Cl)ccc2-c2ncccn2)C1CNc1ncc(C(F)(F)F)cn1,QUHUDEBPGHUFAR-YJJYDOSJSA-N,0,antagonist,1.0,5.301029995663981
CHEMBL5862946,O=C(c1cccs1)N1CCC[C@H]1c1nc(-c2ccccc2)no1,DOEGNOLRBNQMMM-ZDUSSCGKSA-N,0,antagonist,1.0,5.0
CHEMBL5862972,CCCS(=O)(=O)N[C@H]1C[C@@H](C)N(C(=O)OC)[C@H]1CO[C@H]1CC[C@@]2(c3ncc(F)cn3)C[C@H]2C1,OYQDYDGEIQNSDW-YQRBJHIPSA-N,0,antagonist,1.0,8.27
CHEMBL5863055,COc1cccc(C#Cc2ccccc2C(=O)N2CCC[C@@]2(C)c2nc3c(C)cc(Br)cc3[nH]2)c1,IJEFRNJFBSZHIP-LJAQVGFWSA-N,0,antagonist,1.0,7.28
CHEMBL5863194,Cc1ccc(-c2ncccn2)c(C(=O)N2CCC[C@@H](C)[C@H]2CNc2ccc(Cl)cn2)c1,NDRJWFUYOQMTMX-DYESRHJHSA-N,0,antagonist,1.0,5.47
CHEMBL5863200,C[C@@H]1CCCN(C(=O)c2cc(F)c(F)cc2-n2nccn2)[C@@H]1CNc1ccc(C(F)(F)F)cn1,BLNYTJNINCWWFT-BFUOFWGJSA-N,0,antagonist,1.0,5.301029995663981
CHEMBL5863331,C=C1C[C@@H](c2nc3cc(C)c(C)cc3n2C)N(C(=O)c2cc(C)ccc2-n2nccn2)C1,MZQFVQWLLHBODC-QHCPKHFHSA-N,0,antagonist,1.0,7.16
CHEMBL5863843,C[C@@H]1CC[C@@H](c2noc(C(C)(C)O)n2)CN1C(=O)c1cscc1-n1nccn1,UPBLEIDUMYAKLU-VXGBXAGGSA-N,0,antagonist,1.0,7.32
CHEMBL5863897,COc1c(F)cccc1-c1noc([C@@H]2CCCN2C(=O)c2cc(C)c(C)cc2-n2nccn2)n1,ATARZXBFRHLHQO-IBGZPJMESA-N,0,antagonist,1.0,8.7
CHEMBL5863982,Cc1c(C#N)ccnc1O[C@@H]1CC[C@@H](C)N(C(=O)c2ccccc2-c2cscn2)C1,PHPUKRNBBIXYQK-CRAIPNDOSA-N,0,antagonist,1.0,8.96
CHEMBL5863988,COCOC[C@H](Cc1ccc(C)cc1)n1c(=N)n(C(c2ccc(C)cc2)C2CC2)c2ccccc21,BOPNDGFUEXYOTG-QUWDGAPNSA-N,1,agonist,1.0,5.82
CHEMBL5864031,COc1ccccc1C(=O)N[C@H]1CCC[C@@H]1Nc1nc2ccc(F)cc2s1,HTCOUGWROUGWGU-GJZGRUSLSA-N,0,antagonist,1.0,5.47
CHEMBL5864433,Cc1ccc(-n2nccn2)c(C(=O)N2CCC[C@@H](C)[C@H]2CNc2ccc(Cl)cn2)c1,FWBPFEDJZUBSPO-OXQOHEQNSA-N,0,antagonist,1.0,5.54
CHEMBL5864460,COc1cccc(OC)c1C(=O)N[C@H]1CCC[C@@H]1Nc1nc2cc(F)ccc2o1,DOLHJHJWHKYKDW-KBPBESRZSA-N,0,antagonist,1.0,5.0
CHEMBL5864472,CSc1cccc2nc([C@@H]3CCCN3C(=O)c3cnc(C)nc3-c3ccc(F)cc3)[nH]c12,YCCKINOOUOQIAP-IBGZPJMESA-N,0,antagonist,1.0,6.25
CHEMBL5864474,CCOc1ncccc1-c1noc([C@@H]2CCCN2C(=O)c2cc(F)ccc2-n2nccn2)n1,DTQRYVMRTRJDRG-SFHVURJKSA-N,0,antagonist,1.0,7.12
CHEMBL5864583,C[C@@H]1CC[C@@H](c2nsc(C(C)(C)O)n2)CN1C(=O)c1ccsc1-c1ncccn1,YVUHVBMFXPIZRD-CHWSQXEVSA-N,0,antagonist,1.0,7.3
CHEMBL5864590,COc1cc(C(=O)N2CCC[C@H]2c2nnc(-c3cccc(F)c3OC)[nH]2)c(-n2nccn2)cc1Cl,CJXLJKJEJSIZHV-KRWDZBQOSA-N,0,antagonist,1.0,8.7
CHEMBL5864640,Cc1ccc(C[C@@H](CO)n2c(=N)n(Cc3ccc(C)cc3)c3c(C)cccc32)cc1,QBMRDPHLBIUBAP-QHCPKHFHSA-N,1,agonist,1.0,5.3
CHEMBL5864699,Cc1oc(N2CC3CN(C(=O)c4ccccc4-n4nccn4)CC3C2)nc1C(C)(C)O,BJZWFLCAVRTLBG-UHFFFAOYSA-N,0,antagonist,1.0,7.57
CHEMBL5865095,COC(=O)C1CN(C(=O)C(Cc2ccc(C)cc2)n2c(=N)n(Cc3ccc(C)cc3)c3ccccc32)C1,LNCDPDFMJAGLBF-UHFFFAOYSA-N,1,agonist,1.0,6.0
CHEMBL5865209,CCOc1ccnc(N[C@@H]2C[C@@H](C)N(C(=O)c3ccccc3-n3nccn3)C2)c1,IOMONLAGLRBQRM-HZPDHXFCSA-N,0,antagonist,1.0,7.5
CHEMBL5865218,COC(=O)N1[C@H](C)C[C@H](NS(=O)(=O)N(C)C)[C@@H]1CO[C@H]1CC[C@@H](c2ccccc2F)CC1,TYHIYTPYYDKHRI-IQYLVTRLSA-N,0,antagonist,1.0,9.04
CHEMBL5865327,C[C@@H]1CC[C@@H](Oc2nccc(C#N)c2Cl)CN1C(=O)c1ccccc1-n1nccn1,GJEWVUFFPHPBTK-GDBMZVCRSA-N,0,antagonist,1.0,8.6
CHEMBL5865419,COCCn1c([C@]2(C)CCCN2C(=O)c2cc(C)ccc2-c2cccc(C)c2)nc2cc(C)c(C)cc21,OWINHUHRSOSKLU-YTTGMZPUSA-N,0,antagonist,1.0,7.16
CHEMBL5865435,COC[C@H](Cc1ccc(C)cc1)n1c(=N)n(Cc2ccc(C(F)(F)F)cc2)c2ccccc21,QLQCPWZCQWBGOX-QFIPXVFZSA-N,1,agonist,1.0,5.3
CHEMBL5865481,Cc1c(C#N)ccnc1O[C@@H]1CC[C@@H](C)N(C(=O)c2sccc2-c2cscn2)C1,XCPYHPWUCOCCMK-CZUORRHYSA-N,0,antagonist,1.0,8.505
CHEMBL5865487,Cc1c(C#N)ccnc1O[C@@H]1CC[C@@H](C)N(C(=O)c2ccc(OCF)nc2-n2nccn2)C1,LQVJQRXTDMNQRS-RHSMWYFYSA-N,0,antagonist,1.0,7.64
CHEMBL5865554,COCCn1c([C@]2(C)CCCN2C(=O)c2cc(C)ccc2-c2ccccc2F)nc2cc(C)c(C)cc21,ZOFFFVKQLLHRKP-HKBQPEDESA-N,0,antagonist,1.0,6.57
CHEMBL5865567,CCN(CCc1ccc(C(C)(C)O)cn1)C(=O)c1ccccc1N1CCCC1,WYRZXDFFJDVCOF-UHFFFAOYSA-N,0,antagonist,1.0,7.12
CHEMBL5865700,CSc1ccc2nc([C@@H]3CCCN3C(=O)c3nc(C)sc3-c3cc(F)cc(F)c3)[nH]c2c1,WXVZNXYEWPKXDR-IBGZPJMESA-N,0,antagonist,1.0,6.92
CHEMBL5865769,C[C@@H]1CC[C@@H](Oc2cc(OC(F)F)ccn2)CN1C(=O)c1ccccc1C1(C#N)CC1,XGCOWCPOPSXVDV-NVXWUHKLSA-N,0,antagonist,1.0,7.96
CHEMBL5865784,C[C@@H]1CC[C@@H](Oc2nccc3c2C(=O)OC3(C)C)CN1C(=O)c1ccccc1-c1ncccn1,OXBQPGMMDFJVIP-IAGOWNOFSA-N,0,antagonist,1.0,7.12
CHEMBL5865795,Cc1ccc(-c2cccc(F)c2)c(C(=O)N2CCC[C@@]2(C)c2nc3cc(C(F)(F)F)c(Cl)cc3[nH]2)c1,ZCMHEZQPLZZTAZ-SANMLTNESA-N,0,antagonist,1.0,7.46
CHEMBL5865869,C[C@@H]1CC[C@@H](Sc2cc(C#N)ccn2)CN1C(=O)c1cccnc1-c1ccccc1,YMWJMODTHBPFOS-YLJYHZDGSA-N,0,antagonist,1.0,7.14
CHEMBL5865894,COc1cccc(OC)c1C(=O)NC1CCCC1Cc1nc2ccc(Cl)cc2s1,ZHWFODXTOHZNGR-UHFFFAOYSA-N,0,antagonist,1.0,6.01
CHEMBL5866049,C=C1C[C@@H](c2nc3cc(SC)ccc3[nH]2)N(C(=O)c2cc(C)ccc2-n2nccn2)C1,ZKMISGCKDFKKEO-NRFANRHFSA-N,0,antagonist,1.0,8.52
CHEMBL5866072,C[C@@H]1CC[C@@H](c2noc([C@@](C)(O)C(F)(F)F)n2)CN1C(=O)c1ccccc1-n1nccn1,KPGZOEVIQMVXEA-VLXJIEOASA-N,0,antagonist,1.0,7.01
CHEMBL5866091,C[C@@H]1CC[C@@H](Oc2nccc3c2COC3=O)CN1C(=O)c1cscc1-n1nccn1,YITMDMCIOHZRNS-CHWSQXEVSA-N,0,antagonist,1.0,7.58
CHEMBL5866152,Cc1ccc(CC(COC(=O)CO)n2c(=N)n(C(c3ccc(C)cc3)C3CC3)c3ccccc32)cc1,MYJMNPKMQUFRFY-UHFFFAOYSA-N,1,agonist,1.0,5.82
CHEMBL5866270,COCOCC(Cc1ccc(C)cc1)n1c(=N)n(C(C)c2ccc(C)cc2)c2cccnc21,FEVLZTYQOHASIC-UHFFFAOYSA-N,1,agonist,1.0,5.91
CHEMBL5866299,CS(=O)(=O)N[C@H]1CCCN(C(=O)C2CC2)[C@H]1CO[C@H]1CC[C@@H](c2cccc(F)c2F)CC1,RJPYOJGEDQQNRA-JHOJWFKBSA-N,1,agonist,1.0,8.77
CHEMBL5866371,C[C@@H]1CCCN(C(=O)c2cc(F)c(F)cc2-c2ncccn2)[C@@H]1CNc1ccc(C(F)(F)F)cn1,HESYYKSASFCJTJ-JLTOFOAXSA-N,0,antagonist,1.0,5.301029995663981
CHEMBL5866416,COC(=O)N1CC[C@H](NS(C)(=O)=O)[C@@H]1COC1CCC2(c3ncccn3)CC2C1,JOMHLIUPHAKPTB-CKTFTNLWSA-N,0,antagonist,1.0,5.79
CHEMBL5866428,Cc1ccc(-n2nccn2)c(C(=O)N2CCC[C@H]2c2nc(-c3c(C)ccnc3Cl)no2)c1,PQYXSXZRAVJVHJ-KRWDZBQOSA-N,0,antagonist,1.0,6.42
CHEMBL5866464,Cc1nc(C(=O)N2CC[C@H](C)[C@H]2c2nc3c(Cl)cccc3[nH]2)c(-c2ccc(C)c(C)c2)s1,NFAMQGWLSKBGPG-FPTDNZKUSA-N,0,antagonist,1.0,7.09
CHEMBL5866487,CCN(CCc1nc(C(C)(C)O)c(C)o1)C(=O)c1cccnc1-n1cccn1,AJKPDHCHKFRMSP-UHFFFAOYSA-N,0,antagonist,1.0,7.0
CHEMBL5866541,C[C@@H]1CC[C@@H](Oc2nccc3ncn(C)c23)CN1C(=O)c1ccccc1-n1nccn1,DDJYMJOBUIQBMK-HZPDHXFCSA-N,0,antagonist,1.0,7.37
CHEMBL5866639,Cc1ccc(-n2nccn2)c(C(=O)N2CCC[C@@H](C)[C@H]2CNc2ccc(C(F)(F)F)cn2)c1F,GDEMAHDHJCXVNH-RDTXWAMCSA-N,0,antagonist,1.0,5.6
CHEMBL5866732,COc1cc(C(=O)N2CCC[C@H]2c2noc(-c3cccc(Cl)c3OC)n2)c(-n2nccn2)cc1Cl,XVMBACKIQPNUGC-KRWDZBQOSA-N,0,antagonist,1.0,9.0
CHEMBL5866796,CCNC(=O)N1CCC[C@H](NS(=O)(=O)C2CC2)[C@@H]1CO[C@H]1CC[C@@H](c2ccccc2)CC1,MHHBNXDJGOSQGU-MQFRRQCYSA-N,1,agonist,1.0,9.36
CHEMBL5866837,Cc1ccc(-n2nccn2)c(C(=O)N2CCC[C@@]2(C)c2nc3cc(Cl)c(C)cc3[nH]2)c1,LWXMERDCRWOCQF-QHCPKHFHSA-N,0,antagonist,1.0,7.66
CHEMBL5867033,Cc1cccc(C(=O)N2CCC[C@@H](C)[C@H]2CNc2ncc(C(F)(F)F)cn2)c1-n1nccn1,NMUJFWSVDZIYRN-RDTXWAMCSA-N,0,antagonist,1.0,5.58
CHEMBL5867119,COCc1ccnc(N2CC[C@@H]3CCN(C(=O)c4ccccc4-n4nccn4)C[C@@H]32)c1,BALSWQYNDQZYCL-RXVVDRJESA-N,0,antagonist,1.0,6.12
CHEMBL5867257,CCO[C@@H]1CN(c2ncc(Cl)cn2)CC[C@@H]1[C@@H]1C[C@H]2CC[C@@H](C1)N2[C@@H](C(N)=O)C1CC1,BRPNXXMTSGUEFR-QLOGHZTQSA-N,1,agonist,1.0,8.37
CHEMBL5867277,Cc1nc(C(=O)N2CC[C@H](C)[C@H]2c2nc3c(C)cccc3[nH]2)c(-c2ccccc2)s1,YSLSWVOZNJHVAZ-BTYIYWSLSA-N,0,antagonist,1.0,5.93
CHEMBL5867293,C[C@@H]1CC[C@@H](Nc2nccc3nn(C)cc23)CN1C(=O)c1ccccc1-n1nccn1,AHARNFMCBZDTFA-HZPDHXFCSA-N,0,antagonist,1.0,6.91
CHEMBL5867324,Cc1nccnc1N1CC[C@@H]2CCN(C(=O)c3ccccc3-n3nccn3)C[C@@H]21,ZRSQHLQYDKEHPM-LPHOPBHVSA-N,0,antagonist,1.0,5.23
CHEMBL5867539,C[C@@H]1CCCN(C(=O)c2cccc(F)c2-c2ncccn2)[C@@H]1CNc1ccc(C(F)(F)F)cn1,RYLOAVVOYUGPSB-DNVCBOLYSA-N,0,antagonist,1.0,6.09
CHEMBL5867611,Cc1nc(C(=O)N2CC[C@H](C)[C@H]2c2nc3c(C(F)(F)F)cccc3[nH]2)c(-c2ccccc2Cl)s1,SKBMERBPCTXBHC-YUNKPMOVSA-N,0,antagonist,1.0,6.05
CHEMBL5867617,C[C@@H]1CC(F)(F)CN(C(=O)c2nn(C)cc2-c2ccc(Cl)cc2)C1CNc1cnc(C(F)(F)F)cn1,MHAXBTDNJWJMQB-FWJOYPJLSA-N,0,antagonist,1.0,5.46
CHEMBL5867718,COc1ccc(-c2ccc(OC(F)(F)F)cc2)c(C(=O)N2CCC[C@@]2(C)c2nc3c(C)c(Cl)ccc3[nH]2)c1F,OLJHRKSGFAJEAN-MHZLTWQESA-N,0,antagonist,1.0,7.16
CHEMBL5867742,COc1ccc(C(=O)N2C[C@H](Oc3cc(OC(C)C)ccn3)CC[C@H]2C)c(-n2nccn2)n1,GYTOSHJIIYYSNO-SJLPKXTDSA-N,0,antagonist,1.0,6.995
CHEMBL5867765,O=C(c1ccccc1-n1nccn1)N1CC[C@H]2CCN(c3nccc4ncccc34)[C@H]2C1,AKKFTJMMQKTTBT-JTSKRJEESA-N,0,antagonist,1.0,5.6
CHEMBL5867777,Cc1nnc(-c2ccccc2C(=O)N[C@H]2CCC[C@@H]2Nc2nc3ccc(F)cc3s2)o1,RIWNLQPLQZPPPU-IRXDYDNUSA-N,0,antagonist,1.0,5.0
CHEMBL5867984,Cc1ccc(-n2nccn2)c(C(=O)N2CCC[C@H]2c2nc(-c3cccc(Cl)c3)no2)c1,RNJSXDPVIKEQDS-IBGZPJMESA-N,0,antagonist,1.0,7.5
CHEMBL5868049,COc1cc(C(=O)N2CCC[C@H]2c2nnc(-c3cccc(Cl)c3C)o2)c(-n2nccn2)cc1Cl,HYRKSIIFYOQSTD-SFHVURJKSA-N,0,antagonist,1.0,8.22
CHEMBL5868229,Cc1cc(C(=O)N2CCC[C@H]2c2nnc(-c3cccc(Cl)c3C)o2)c(-n2nccn2)cc1C,HHLSEUYVEXYXSK-FQEVSTJZSA-N,0,antagonist,1.0,8.3
CHEMBL5868256,CS(=O)(=O)N[C@H]1CCCN[C@H]1CO[C@H]1CC[C@@H](c2ccc(F)cc2F)CC1,VCQCTWIOLAYTOT-UAFONNFLSA-N,1,agonist,1.0,5.4
CHEMBL5868257,Cc1sc([C@@H]2CC[C@@H](C)N(C(=O)c3ccsc3-n3nccn3)C2)nc1C(C)(C)O,FMRWMGNXAXBJEX-TZMCWYRMSA-N,0,antagonist,1.0,7.92
CHEMBL5868281,COc1cc2nc([C@@H]3[C@@H](C)CCN3C(=O)c3cc(C)ccc3-n3cccn3)[nH]c2cc1OC,SXXAPAAJFNKYAK-HJPURHCSSA-N,0,antagonist,1.0,6.6
CHEMBL5868286,COC(=O)N1CCC[C@H](NS(C)(=O)=O)[C@@H]1CO[C@H]1CC[C@@](O)(c2ccccc2)CC1,ORPIWJZHEDOATG-IWFBPKFRSA-N,1,agonist,1.0,5.82
CHEMBL5868300,O=C(c1cc(Cl)ccc1-n1nccn1)N1CCC[C@H]1c1nc(-c2ccccc2OC(F)(F)F)no1,HSINAKNHTYNXPR-KRWDZBQOSA-N,0,antagonist,1.0,7.47
CHEMBL5868454,COc1cc2nc([C@]3(C)CCCN3C(=O)c3ccccc3-c3cccc(C)c3)[nH]c2cc1OC,HEUXKEORDYQXIM-NDEPHWFRSA-N,0,antagonist,1.0,6.8
CHEMBL5868498,Cc1nc(C(=O)N2CC(F)(F)C[C@@H](C)C2CNc2ncc(C(F)(F)F)cn2)c(-c2ncccn2)s1,LJMBYWLXFNJMDJ-YNODCEANSA-N,0,antagonist,1.0,5.301029995663981
CHEMBL5868560,Cc1ccc(CC(C[S+](C)[O-])n2c(=N)n(C(C)c3ccc(C)cc3)c3cccnc32)cc1,HQIQJBNLFMZOAE-UHFFFAOYSA-N,1,agonist,1.0,5.91
CHEMBL5868566,CCN(CCc1nc(C(C)(C)O)c(C)o1)C(=O)c1ccccc1-n1ncnn1,ZTXCRTLUYBDMLD-UHFFFAOYSA-N,0,antagonist,1.0,6.31
CHEMBL5868681,COC(=O)N1[C@H](C)C[C@H](NS(=O)(=O)N(C)C)[C@@H]1CO[C@@H]1CC[C@]2(c3ncc(F)cn3)C[C@@H]2C1,ADPZSMMSPKGVBG-GMBQTQCJSA-N,0,antagonist,1.0,8.41
CHEMBL5868793,CCN(CCN(C)c1cccc(C(C)(C)O)n1)C(=O)c1cccnc1-n1cccn1,LJUJFSKHXLMOOP-UHFFFAOYSA-N,0,antagonist,1.0,6.98
CHEMBL5869050,COC(=O)c1c(C#N)ccnc1O[C@@H]1CC[C@@H](C)N(C(=O)c2cccc(F)c2-n2nccn2)C1,RWYALICUGQLFQQ-GDBMZVCRSA-N,0,antagonist,1.0,7.8
CHEMBL5869068,Cc1ccc(-n2cccn2)c(C(=O)N2CC[C@H](C)[C@H]2c2nc3cc(C)c(C)cc3[nH]2)c1,RMCDGZFEOXSGFK-HJPURHCSSA-N,0,antagonist,1.0,5.63
CHEMBL5869140,Cc1ccc(-n2nccn2)c(C(=O)N2CCC[C@H]2c2nc(-c3cccc(F)c3C)no2)c1,JKXYYYNZENVKEZ-FQEVSTJZSA-N,0,antagonist,1.0,8.3
CHEMBL5869321,CC(C)Oc1ccnc(O[C@@H]2CC[C@@H](C)N(C(=O)c3cc(F)ccc3-n3nccn3)C2)c1,AOWRXBPHHNTVMX-VQIMIIECSA-N,0,antagonist,1.0,7.43
CHEMBL5869325,C=C1C[C@@H](c2nc3c(SC)cccc3[nH]2)N(C(=O)c2nc(C)sc2-c2ccc(C)c(C)c2)C1,LNVMEGYQWMZUBX-FQEVSTJZSA-N,0,antagonist,1.0,9.0
CHEMBL5869339,C[C@@H]1CC[C@@H](Nc2nccn3c(Cl)cnc23)CN1C(=O)c1ccccc1-c1ncccn1,GAGRISKVZAYARB-HZPDHXFCSA-N,0,antagonist,1.0,7.62
CHEMBL5869426,C[C@@H]1CC(F)(F)CN(C(=O)c2nn(C)nc2-c2ccc(F)cc2)C1CNc1ncc(C(F)(F)F)cn1,PMASJZFBQKQAKR-ZGTOLYCTSA-N,0,antagonist,1.0,5.301029995663981
CHEMBL5869515,Cc1cc2[nH]c([C@@H]3[C@@H](C)CCN3C(=O)c3cc(C#N)ccc3-c3ccccc3)nc2cc1Cl,JOPRYNNNFTUXRO-LMKMVOKYSA-N,0,antagonist,1.0,6.38
CHEMBL5869531,Cc1oc(C[C@H]2CCCCN2C(=O)c2ccccc2CC(F)F)nc1C(C)(C)O,BQAGHVYUCGUOIX-MRXNPFEDSA-N,0,antagonist,1.0,6.98
CHEMBL5869583,Cc1ccc(-c2ccc3c(c2)OCO3)c(C(=O)N2CCC[C@@]2(C)c2nc3cc(C(F)(F)F)ccc3[nH]2)c1,ZZBYFZSASXCIMG-MHZLTWQESA-N,0,antagonist,1.0,7.47
CHEMBL5869612,COc1cccc(-c2ccccc2C(=O)N2CCC[C@@]2(C)c2nc3c(C)c(C)ccc3[nH]2)c1,OEDBNSXSXMLGFD-NDEPHWFRSA-N,0,antagonist,1.0,7.42
CHEMBL5869734,Cc1c(Cl)ccc2[nH]c([C@]3(C)CCCN3C(=O)c3c(F)cccc3-n3nccn3)nc12,JEPFQBXIDQOYSW-QFIPXVFZSA-N,0,antagonist,1.0,7.6
CHEMBL5869772,CCN(CCn1nc(C)c(C(C)(C)O)n1)C(=O)c1ccccc1OC(F)(F)F,JGSAACWXHHJROW-UHFFFAOYSA-N,0,antagonist,1.0,7.72
CHEMBL5869911,C[C@@H]1CC[C@@H](Oc2nccn3ncc(Br)c23)CN1C(=O)c1ccccc1-n1nccn1,QGKVTTIWNNLPNC-HUUCEWRRSA-N,0,antagonist,1.0,8.14
CHEMBL5869932,COc1ccccc1-c1nc(C(=O)N2CCC[C@@]2(C)c2nc3c(C)c(Cl)ccc3[nH]2)c(-c2ccc(F)cc2)s1,FWYDZNZVUPJEMI-PMERELPUSA-N,0,antagonist,1.0,6.07
CHEMBL5869971,Cc1nc(C(=O)N2CCC[C@@H](C)[C@H]2CNc2cncc(Cl)n2)c(-c2ccc(F)cc2)s1,UJDJPPZVYSNBKU-CXAGYDPISA-N,0,antagonist,1.0,5.5
CHEMBL5870371,CCOc1ccnc(N[C@@H]2C[C@@H](C)N(C(=O)c3ccccc3-n3nccn3)C2)c1C(=O)OC,APJIABYOZIFIKU-HZPDHXFCSA-N,0,antagonist,1.0,7.18
CHEMBL5870416,C[C@@H]1CC(F)(F)CN(C(=O)c2cc(Cl)ccc2-c2nnn(C)n2)[C@@H]1COc1ccc(C(F)(F)F)cn1,JYCHFIRURVXRDU-SJKOYZFVSA-N,0,antagonist,1.0,5.301029995663981
CHEMBL5870453,CCN(CCN(C)c1nc(C)cc(C)n1)C(=O)c1nccnc1-c1ccccn1,BZUHICFLESKFHL-UHFFFAOYSA-N,0,antagonist,1.0,7.64
CHEMBL5870515,Cc1nc(C(=O)N2CC[C@H](C)[C@H]2c2nc3cc(F)c(F)cc3[nH]2)c(-c2cccc(Cl)c2)s1,JESCMWIZIVINDZ-YBTHPKLGSA-N,0,antagonist,1.0,5.31
CHEMBL5870821,Cc1nc(C(=O)N2CCCC2c2nc3c(C(F)(F)F)cc(C(F)(F)F)cc3[nH]2)c(-c2ccccc2)s1,OANJYFPJRWDRHX-UHFFFAOYSA-N,0,antagonist,1.0,6.44
CHEMBL5871016,C=C1CC(c2nc3c(C)c(Cl)ccc3[nH]2)N(C(=O)c2cc(C)sc2-c2ccc(C)c(C)c2)C1,CDBNZCXRTRXXQF-UHFFFAOYSA-N,0,antagonist,1.0,7.96
CHEMBL5871145,Cc1nc(-c2ccccc2C(=O)N2C[C@H](Oc3nccc(C#N)c3C)CC[C@H]2C)no1,YRQSHTCNBGRSCX-RDTXWAMCSA-N,0,antagonist,1.0,8.46
CHEMBL5871269,COc1ccnc(O[C@@H]2CC[C@@H](C)N(C(=O)c3ccc(OC)nc3C3CC3)C2)c1,ZUJOAJUYYMEPLK-RHSMWYFYSA-N,0,antagonist,1.0,7.42
CHEMBL5871336,COc1cc2nc([C@]3(C)CCCN3C(=O)c3ccccc3-n3cccn3)[nH]c2cc1OC,HZILEIZTXNUFKQ-DEOSSOPVSA-N,0,antagonist,1.0,6.89
CHEMBL5871420,COc1cc(C(=O)N2CCC[C@@]2(C)c2nc3cc(C(F)(F)F)c(Cl)cc3[nH]2)c(-n2nccn2)cc1OC,XIMPJUJVVCBPDX-QHCPKHFHSA-N,0,antagonist,1.0,7.31
CHEMBL5871443,CC(C)OC(=O)N1[C@H](C)C[C@H](NS(=O)(=O)CF)[C@@H]1CO[C@@H]1CC[C@]2(c3ncc(F)cn3)C[C@@H]2C1,JENGWEYNNLTFTA-DWJALSQXSA-N,0,antagonist,1.0,8.6
CHEMBL5871453,C=C1C[C@@H](c2nc3cccc(C)c3[nH]2)N(C(=O)c2nc(C)sc2-c2ccc(OC)nc2)C1,DEHXQHXUFIVLJT-SFHVURJKSA-N,0,antagonist,1.0,8.22
CHEMBL5871551,COC(=O)N1[C@H](C)C[C@H](NS(C)(=O)=O)[C@@H]1COC1CCC2(c3ncccn3)CC2C1,QMZKWPGSNQEJBN-CHBCMCHKSA-N,0,antagonist,1.0,5.65
CHEMBL5871561,CO[C@H]1C[C@@H](c2nc3c(C)c(Cl)ccc3[nH]2)N(C(=O)c2nc(C)sc2-c2cccc(Cl)c2)C1,ORXQOPADZCARMN-LPHOPBHVSA-N,0,antagonist,1.0,7.92
CHEMBL5871722,COc1cc2nc([C@@H]3[C@@H](C)CCN3C(=O)c3c(F)cccc3-n3nccn3)[nH]c2cc1OC,HBAPITZROIODQQ-ZSEKCTLFSA-N,0,antagonist,1.0,5.95
CHEMBL5871815,COc1cc2nc([C@]3(C)CCCN3C(=O)c3cnc(C)nc3-c3cccc(C)c3)[nH]c2cc1OC,BESGUDGRVCITQP-MHZLTWQESA-N,0,antagonist,1.0,6.92
CHEMBL5871841,CC(C)CN(CCN(C)c1cc(C#N)ccn1)C(=O)c1ccccc1-n1nccn1,SZCRWPWHBFPVEB-UHFFFAOYSA-N,0,antagonist,1.0,7.91
CHEMBL5871967,Cc1ccc(C(=O)N2CCC[C@H]2c2nc(-c3ccccc3OC(F)F)no2)c(-n2nccn2)c1,CPHLMMQYMYEFGL-KRWDZBQOSA-N,0,antagonist,1.0,7.51
CHEMBL5872013,COC(=O)N1[C@H](C)C[C@H](NS(=O)(=O)N(C)C)[C@@H]1COC1CCC2(c3cnccn3)CC2C1,PNDMBFCGUJKYSS-SCIXHCAUSA-N,0,antagonist,1.0,6.645
CHEMBL5872093,Cc1ccc(-n2nccn2)c(C(=O)N2CCC[C@@H](C)[C@H]2CNc2ncc(C(F)(F)F)cc2F)n1,KQJQPFUMQSFPQA-FZKQIMNGSA-N,0,antagonist,1.0,5.64
CHEMBL5872195,CCOc1ncccc1-c1nnc([C@@H]2CCCN2C(=O)c2cc(C)c(C)cc2-n2nccn2)[nH]1,TVSGVYBYINFSEV-IBGZPJMESA-N,0,antagonist,1.0,8.05
CHEMBL5872304,CCCN(CCc1nc(C(=O)OCC)c(C)o1)C(=O)c1ccccc1-n1nccn1,SMHPZMGAXTZNND-UHFFFAOYSA-N,0,antagonist,1.0,7.72
CHEMBL5872337,COc1ccc(C(F)(F)F)nc1C(=O)N[C@H]1CCC[C@@H]1Nc1nc2ccc(F)cc2s1,AXQZCEQKOXUPFY-RYUDHWBXSA-N,0,antagonist,1.0,5.02
CHEMBL5872380,COc1ccc(-n2nccn2)c(C(=O)N2C[C@H](OC)C[C@H]2c2nc3ccc(Cl)c(C)c3[nH]2)c1F,WEMWBUGVPBYHDK-DYVFJYSZSA-N,0,antagonist,1.0,8.05
CHEMBL5872619,C[C@@H]1CCCN(C(=O)c2c(F)cccc2-c2ncccn2)[C@@H]1CNc1ccc(C(F)(F)F)cn1,FOEUTAWOTAPZPU-DNVCBOLYSA-N,0,antagonist,1.0,5.301029995663981
CHEMBL5872620,CCn1cc([C@@H]2CC[C@@H](C)N(C(=O)c3ccccc3-n3nccn3)C2)cn1,GWDYXOQLRPIHEO-HZPDHXFCSA-N,0,antagonist,1.0,6.86
CHEMBL5872662,Cc1ccc(-c2ccccc2F)c(C(=O)N2CCC[C@@]2(C)c2nc3cc(C)c(C)cc3[nH]2)c1,YCMLLXSTKGODLC-NDEPHWFRSA-N,0,antagonist,1.0,7.54
CHEMBL5872787,Cc1cccc(-n2nccn2)c1C(=O)N1CCC[C@H]1c1nc(-c2cccc(Cl)c2C)no1,GZLGYSGQHFYLKV-IBGZPJMESA-N,0,antagonist,1.0,6.9
CHEMBL5872800,Cc1ccc(-n2cccn2)c(C(=O)N2CCC[C@@H](C)[C@H]2CNc2ccc(C#N)cn2)c1,RMDXIELGJALRDL-XMSQKQJNSA-N,0,antagonist,1.0,5.301029995663981
CHEMBL5872823,COc1ccnc(O[C@@H]2CC[C@@H](C)N(C(=O)c3ccccc3-n3nccn3)C2)c1C,YREPASGUTMHKJX-NVXWUHKLSA-N,0,antagonist,1.0,8.01
CHEMBL5872865,COC(=O)c1ccccc1C(=O)N1C[C@H](c2nc(C(C)(C)O)cs2)CC[C@H]1C,UCGRNWLTTUIXIM-ZIAGYGMSSA-N,0,antagonist,1.0,7.36
CHEMBL5872902,COc1cc(C)cc(-c2nc([C@@H]3CCCN3C(=O)c3ccc(C)cc3-n3nccn3)no2)c1,QUNDVGNINQRVIP-FQEVSTJZSA-N,0,antagonist,1.0,7.1
CHEMBL5873025,Cc1ccc(CC(CNS(=O)(=O)C(C)C)n2c(=N)n(Cc3ccc(C)cc3)c3ccccc32)cc1,MWWRNVZFCAKTIN-UHFFFAOYSA-N,1,agonist,1.0,5.3
CHEMBL5873036,Cc1ccc(-c2ncccn2)c(C(=O)N2CCC[C@@H](C)[C@H]2CNc2nc3cc(Cl)ccc3o2)c1,IFFBSTVOUUIZGY-VGOFRKELSA-N,0,antagonist,1.0,6.46
CHEMBL5873090,Cc1nc(C(=O)N2CCC[C@H]2c2nc3c(O)cccc3[nH]2)c(-c2cccc(Cl)c2)s1,XRFCLOSGRBWXBX-INIZCTEOSA-N,0,antagonist,1.0,6.46
CHEMBL5873234,CCc1ccccc1-c1nc([C@@H]2CCCN2C(=O)c2ccc(C)cc2-n2nccn2)no1,PTYRUMWEJWQKEX-FQEVSTJZSA-N,0,antagonist,1.0,7.77
CHEMBL5873260,COc1ccc2nc([C@@H]3CCCN3C(=O)c3nc(C4CC4)sc3-c3ccc(C)cc3)[nH]c2c1,QKGIQQBUMYDMDC-NRFANRHFSA-N,0,antagonist,1.0,6.67
CHEMBL5873268,CCNC(=O)N1CCC[C@H](NS(C)(=O)=O)[C@@H]1COC1CCC(c2ccccc2)C1,FSNHMVBYPDNWCI-GUMHCPJTSA-N,1,agonist,1.0,7.96
CHEMBL5873408,COc1c(F)cccc1-c1nc([C@@H]2CCCN2C(=O)c2ccc(C)cc2-n2nccn2)no1,YGMFAGAXNKHGHK-SFHVURJKSA-N,0,antagonist,1.0,8.4
CHEMBL5873448,COC(=O)c1c(C#N)ccnc1O[C@@H]1CC[C@@H](C)N(C(=O)c2ccccc2-c2nc(C)no2)C1,OUZLWHAFYJFYHC-RHSMWYFYSA-N,0,antagonist,1.0,7.68
CHEMBL5873551,CCOC(=O)c1c(OC)ccnc1O[C@@H]1CC[C@@H](C)N(C(=O)c2cccc(F)c2-n2nccn2)C1,FJGUKGGDGAHLID-HZPDHXFCSA-N,0,antagonist,1.0,7.4
CHEMBL5873612,COC[C@H](Cc1ccc(C)cc1)n1c(=N)n(Cc2cccc(C)c2)c2ccccc21,JMEFZAFMPQYZPF-QHCPKHFHSA-N,1,agonist,1.0,6.0
CHEMBL5873637,CC[C@@H]1C[C@H](NS(C)(=O)=O)[C@H](CO[C@H]2CC[C@@H](c3ccccc3)CC2)N1C(=O)OC,UWQDBURYEPPPII-MJCUULBUSA-N,0,antagonist,1.0,8.52
CHEMBL5873668,Cc1ccc(-n2ccc(C)n2)c(C(=O)N2CCC[C@@H](C)[C@H]2CNc2ccc(Cl)cn2)c1,JAJHINXXZXEHPT-VGOFRKELSA-N,0,antagonist,1.0,5.301029995663981
CHEMBL5873677,COC(=O)N1[C@H](C)C[C@H](NS(C)(=O)=O)[C@@H]1COC1CCC2(c3ncc(Cl)c(C(F)(F)F)n3)CC2C1,FHSBGOLAIQOFSJ-HRQWZWQKSA-N,0,antagonist,1.0,6.73
CHEMBL5873856,C=C1C[C@@H](c2nc3cc(OC)ccc3[nH]2)N(C(=O)c2cc(C)ccc2-n2nccn2)C1,OOZUCTFBTSAPOX-NRFANRHFSA-N,0,antagonist,1.0,8.22
CHEMBL5873934,COc1cc(C(=O)N2CCC[C@@]2(C)c2nc3c(C)c(Cl)ccc3[nH]2)c(-n2nccn2)cc1OC,PKKBSOLNDPYHKH-DEOSSOPVSA-N,0,antagonist,1.0,7.7
CHEMBL5874164,Cc1c(C#N)ccnc1O[C@@H]1CC[C@@H](C)N(C(=O)c2sncc2-c2ccccc2)C1,OHRVXLSWHNIZRC-DNVCBOLYSA-N,0,antagonist,1.0,7.4350000000000005
CHEMBL5874204,Cc1ccc(C(=O)N2CCC[C@H]2c2nnc(-c3ccccc3OC(F)(F)F)[nH]2)c(-n2nccn2)c1,IWZYKLXJSHEIAN-KRWDZBQOSA-N,0,antagonist,1.0,8.4
CHEMBL5874318,CCn1c([C@]2(C)CCCN2C(=O)c2cc(C)c(C)cc2-n2nccn2)nc2cc(OC)c(OC)cc21,CEULBPMKDYHHHA-MHZLTWQESA-N,0,antagonist,1.0,7.3
CHEMBL5874336,Cc1oc(N2CC3CN(C(=O)c4cccnc4-n4cccn4)CC3C2)nc1C(C)(C)O,QTDXMGMCKMYRIY-UHFFFAOYSA-N,0,antagonist,1.0,7.46
CHEMBL5874429,Cc1nc(C(=O)N2CCC[C@@]2(C)c2nc3c(C)c(C)c(Br)cc3[nH]2)c(-c2cccc(Cl)c2Cl)s1,LPQIEPKNGXGMFS-VWLOTQADSA-N,0,antagonist,1.0,7.92
CHEMBL5874558,C[C@@H]1CC[C@@H](Sc2cc(C#N)ccn2)CN1C(=O)c1ccsc1-c1ncccn1,NPJKMCINEWJXOD-GDBMZVCRSA-N,0,antagonist,1.0,7.72
CHEMBL5874577,Cc1ccc(-c2ccc(F)cc2C)c(C(=O)N2CCC[C@@]2(C)c2nc3cc(C(F)(F)F)ccc3[nH]2)c1,XLJCABDZEPUHLU-MHZLTWQESA-N,0,antagonist,1.0,6.25
CHEMBL5874589,CS(=O)(=O)N[C@H]1CCCN(C(=O)C2CC2)[C@H]1COC1CCC(F)(c2cc(F)cc(F)c2)CC1,YTLHBZZFQBPUMK-AZXFEVOCSA-N,1,agonist,1.0,5.58
CHEMBL5874598,CCN(CCc1ccnc(C(C)(C)O)n1)C(=O)c1ccccc1-n1nccn1,MSHKAPSZRGSJEZ-UHFFFAOYSA-N,0,antagonist,1.0,7.13
CHEMBL5874601,C=C1C[C@@H](c2nc3c(C)cccc3[nH]2)N(C(=O)c2nc(C)sc2-c2ccc(C)c(C)c2)C1,FCYJFENZGHEDRB-NRFANRHFSA-N,0,antagonist,1.0,9.0
CHEMBL5874755,CSc1cccc2nc([C@@H]3CCCN3C(=O)c3nc(C)sc3-c3ccc(F)c(F)c3)[nH]c12,VDTLZABOPPLAPJ-KRWDZBQOSA-N,0,antagonist,1.0,7.08
CHEMBL5874771,Cc1ccc(CC(C(=O)N2CC(CO)(CBr)C2)n2c(=N)n(C(C)c3ccc(C)cc3)c3cccnc32)cc1,YDKCNOATYAQNOB-UHFFFAOYSA-N,1,agonist,1.0,5.91
CHEMBL5874772,C[C@@H]1CC[C@@H](Nc2nccc3c2C(=O)OC3(C)C)CN1C(=O)c1ccccc1-n1ncnn1,QWUFDWHWAZLNTN-HUUCEWRRSA-N,0,antagonist,1.0,7.82
CHEMBL5875083,C=C1CC(c2nc3c(C)c(C)ccc3[nH]2)N(C(=O)c2nc(C3CC3)sc2-c2cccc(C)c2)C1,MYSKBZWJKAYHAI-UHFFFAOYSA-N,0,antagonist,1.0,8.7
CHEMBL5875132,C[C@@H]1CC[C@@H](Nc2nccc3c2C(=O)OC3(C)C)CN1C(=O)c1ccsc1-n1nccn1,TXDXIBOCOVEFDY-ZIAGYGMSSA-N,0,antagonist,1.0,7.72
CHEMBL5875238,C[C@@H]1CC[C@H](c2ncc(C(C)(C)O)s2)CN1C(=O)c1ccccc1-n1nccn1,MFXDQNYSVOUGOX-CABCVRRESA-N,0,antagonist,1.0,5.58
CHEMBL5875288,Cc1c(C#N)ccnc1N[C@@H]1CC[C@@H](C)N(C(=O)c2ccccc2-n2nccn2)C1,FITHNYAQHOQNBK-CRAIPNDOSA-N,0,antagonist,1.0,8.15
CHEMBL5875393,COC(=O)c1c(O)ccnc1O[C@@H]1CC[C@@H](C)N(C(=O)c2ccccc2-n2nccn2)C1,AFSDBMZGSCCLCJ-HUUCEWRRSA-N,0,antagonist,1.0,7.08
CHEMBL5875444,CSc1ccc2nc([C@@H]3CCCN3C(=O)c3nc(C4CC4)sc3-c3ccc(C)cc3)[nH]c2c1,NRBQXWKHMFPQTC-NRFANRHFSA-N,0,antagonist,1.0,7.19
CHEMBL5875463,CCNC(=O)N1CCC[C@H](NS(C)(=O)=O)[C@@H]1CO[C@H]1CC[C@@H](C(C)C)CC1,QVBNNVDWURLGGQ-MHORFTMASA-N,1,agonist,1.0,8.690000000000001
CHEMBL5875465,C[C@@H]1CC[C@@H](Oc2nccc3c2C(=O)OC3(C)C)CN1C(=O)c1ccc(F)cc1-c1ncccn1,FWOYGIMFYYJFBT-NVXWUHKLSA-N,0,antagonist,1.0,6.38
CHEMBL5875550,CCOC(=O)N1CCC[C@H](NS(C)(=O)=O)[C@@H]1COC1CCC(c2ccccc2)CC1,GHZYGSCCYQLHKJ-JSRAGOMMSA-N,1,agonist,1.0,7.82
CHEMBL5875918,COc1ccc(C(=O)N2CCC[C@H]2c2nc(-c3ccccc3OC(F)(F)F)no2)c(-n2nccn2)c1,FELIIDBJNNNQDO-KRWDZBQOSA-N,0,antagonist,1.0,7.05
CHEMBL5876007,C[C@@]1(c2nc3cc(Cl)c(C(F)(F)F)cc3[nH]2)CCCN1C(=O)c1nc(-c2ccccc2)sc1-c1ccc(F)cc1,JRWAMDQNFJNXKK-NDEPHWFRSA-N,0,antagonist,1.0,6.34
CHEMBL5876134,Cc1nc(C(=O)N2CCCC2c2nc3cc(C(C)(C)C)ccc3[nH]2)c(-c2cccc(Cl)c2)s1,XJDIUWZJKOYBRQ-UHFFFAOYSA-N,0,antagonist,1.0,7.3
CHEMBL5876143,C[C@@H]1C[C@@H](Nc2cc(OCC(F)F)ccn2)CN1C(=O)c1ccsc1-n1nccn1,RJDUYUALNHGNEK-CHWSQXEVSA-N,0,antagonist,1.0,6.2
CHEMBL5876198,Cc1ccc(CC(CNS(=O)(=O)Cc2ccccc2)n2c(=N)n(Cc3ccc(C)cc3)c3ccccc32)cc1,KVJYBZLYJYZRSM-UHFFFAOYSA-N,1,agonist,1.0,5.3
CHEMBL5876312,CC(C)n1cc([C@@H]2CC[C@@H](C)N(C(=O)c3ccsc3-n3nccn3)C2)cn1,XESZBHPFERLEQW-HUUCEWRRSA-N,0,antagonist,1.0,6.52
CHEMBL5876388,Cc1nc(C(=O)N2CC(F)(F)C[C@@H](C)C2CNc2cnc(C(F)(F)F)cn2)c(-c2ccccc2)o1,HQJNUXZPRQNEKF-JBZHPUCOSA-N,0,antagonist,1.0,5.301029995663981
CHEMBL5876396,C[C@@H]1CCCN(C(=O)c2cc(Cl)ccc2-n2nccn2)[C@@H]1CNc1ccc(C(F)(F)F)nn1,DOMZNEDFRRLOTC-CXAGYDPISA-N,0,antagonist,1.0,5.301029995663981
CHEMBL5876624,Cc1cc(C)cc(-c2nnc([C@@H]3CCCN3C(=O)c3cc(C)ccc3-n3nccn3)[nH]2)c1,OGJINQVDRKNLQE-NRFANRHFSA-N,0,antagonist,1.0,6.95
CHEMBL5876658,Cc1c(C#N)ccnc1O[C@@H]1CC[C@@H](C)N(C(=O)c2ccc(F)cc2-c2nccs2)C1,WEPOQCBGFBAHKW-RDTXWAMCSA-N,0,antagonist,1.0,8.875
CHEMBL5876671,COC(=O)N1[C@H](C=O)C[C@H](NS(C)(=O)=O)[C@@H]1CO[C@H]1CC[C@@H](c2ccccc2)CC1,WYBNICFTEAIKMX-KNJMJIDISA-N,0,antagonist,1.0,7.75
CHEMBL5876747,Cc1ccc(-n2cnc(C)n2)c(C(=O)N2CCC[C@@H](C)[C@H]2CNc2nc3cc(Cl)ccc3o2)c1,REPWWTRXQVIIOM-OPAMFIHVSA-N,0,antagonist,1.0,5.301029995663981
CHEMBL5876799,Cc1c(Cl)ccc2[nH]c([C@]3(C)CCCN3C(=O)c3nc(-c4cccc(Cl)c4)sc3-c3ccc(F)cc3)nc12,GJMLLBLYTBBGSM-LJAQVGFWSA-N,0,antagonist,1.0,6.48
CHEMBL5876816,Cc1c(C#N)ccnc1O[C@@H]1CC[C@@H](CO)N(C(=O)c2ccccc2-n2nccn2)C1,JGJFXRONKJYJAL-ZWKOTPCHSA-N,0,antagonist,1.0,8.1
CHEMBL5876831,Cc1ccc(C)n1-c1ccc(N2CC[C@@H]3CCN(C(=O)c4ccccc4-n4nccn4)C[C@@H]32)nn1,GFFFXFFMGORHEJ-REWPJTCUSA-N,0,antagonist,1.0,5.0
CHEMBL5876928,Cc1ccc(C[C@@H](COCCO)n2c(=N)n(C(c3ccc(C)cc3)C3CC3)c3ccccc32)cc1,BRJVQXBGYXTCFA-QUWDGAPNSA-N,1,agonist,1.0,5.82
CHEMBL5877202,Cc1ccc(-n2nccn2)c(C(=O)N2CCC[C@@]2(C)c2nc(-c3cccc(Cl)c3C)no2)c1,PSFWGKRJTJQEBB-DEOSSOPVSA-N,0,antagonist,1.0,6.94
CHEMBL5877229,Cc1ccc(-n2nccn2)c(C(=O)N[C@@H]2CCC[C@@H]2Nc2cnc(Cl)cn2)c1,ZCFBDTIFPRLITE-LSDHHAIUSA-N,0,antagonist,1.0,5.0
CHEMBL5877303,COc1cc2nc([C@@H]3[C@@H](C)CCN3C(=O)c3cc(Cl)ccc3-n3nccn3)[nH]c2cc1OC,VWOGVLLNWDSHRU-ZSEKCTLFSA-N,0,antagonist,1.0,7.55
CHEMBL5877345,COc1cc(C(=O)N2CCC[C@H]2c2noc(-c3cccc(F)c3OC)n2)c(-n2nccn2)cc1C,RRGQDAPENZQDHE-SFHVURJKSA-N,0,antagonist,1.0,9.0
CHEMBL5877394,CCOc1ncccc1C(=O)N(CC)CCc1cccc(C(C)(C)O)n1,ROVSQKSCMYOCET-UHFFFAOYSA-N,0,antagonist,1.0,6.69
CHEMBL5877486,C[C@@H]1CC[C@@H](Oc2nccn3c(C(F)(F)F)cnc23)CN1C(=O)c1cccnc1OCC(F)F,RRBUYFQLRRJGAX-CHWSQXEVSA-N,0,antagonist,1.0,7.76
CHEMBL5877537,CC(C)(O)c1ccnc(N2CC[C@@H]3CCN(C(=O)c4ccccc4-n4nccn4)C[C@@H]32)c1,HLQPKHABMBZVFV-UWJYYQICSA-N,0,antagonist,1.0,6.9
CHEMBL5877580,COc1cc2nc(C3CCCN3C(=O)c3nc(C)sc3-c3cccc(Cl)c3)[nH]c2cc1OC,QDFFOEBQROEHGS-UHFFFAOYSA-N,0,antagonist,1.0,7.34
CHEMBL5877604,Cc1cc(C)cc(-c2noc([C@@H]3CCCN3C(=O)c3cc(C)ccc3-n3nccn3)n2)c1,FRNQNWNTFIWAKP-NRFANRHFSA-N,0,antagonist,1.0,8.22
CHEMBL5877625,C[C@@H]1CC[C@@H](Oc2nccn3c(C(F)F)cnc23)CN1C(=O)c1cccnc1-n1cccn1,ABZHMQSVRFLUKD-HUUCEWRRSA-N,0,antagonist,1.0,7.8
CHEMBL5877688,Cc1ccc(-c2ccccn2)c(C(=O)N2CCC[C@@H](C)[C@H]2CNc2ncc(C(F)(F)F)cn2)c1,SADIGGDWYUDOPY-VGOFRKELSA-N,0,antagonist,1.0,5.7
CHEMBL5877721,Cc1cc2[nH]c([C@@H]3[C@@H](C)CCN3C(=O)c3cc(F)ccc3-c3ncccn3)nc2cc1Cl,RLIPQQUHTGVFBU-ZSEKCTLFSA-N,0,antagonist,1.0,6.3
CHEMBL5877760,Cc1cccc(-c2nc([C@@H]3CCCN3C(=O)c3cc(C)ccc3-n3nccn3)no2)c1,QGMJUMOAJFEMNY-FQEVSTJZSA-N,0,antagonist,1.0,7.13
CHEMBL5877763,CC(C)[C@H]1CC[C@@H](OC[C@H]2[C@@H](NS(C)(=O)=O)CCCN2S(=O)(=O)C2CC2)CC1,LEUOIWVMKNLZFA-NBMJBFSESA-N,1,agonist,1.0,5.64
CHEMBL5877844,Cc1ccc(C(=O)N2CCC[C@H]2c2noc(-c3cccc(C)c3C)n2)c(-n2nccn2)c1,OIWYQRRPKCUGOL-FQEVSTJZSA-N,0,antagonist,1.0,7.85
CHEMBL5877847,CS(=O)(=O)N[C@H]1CCCN(C(=O)C2CC2)[C@H]1CO[C@H]1CC[C@@H](c2c(F)ccc(F)c2F)CC1,CSKNLLRCLSVFLI-ZXUOCUECSA-N,1,agonist,1.0,9.14
CHEMBL5877942,CNC(=O)N1CCC[C@H](NS(=O)(=O)C2CC2)[C@@H]1CO[C@H]1CC[C@@H](c2ccccc2)CC1,OSCKDKJFUHEURE-MXNKGDRCSA-N,1,agonist,1.0,8.96
CHEMBL5877971,Cc1ccc(-n2nccn2)c(C(=O)N2CCC[C@@]2(C)c2nc3cc(Cl)ccc3[nH]2)c1,JHGBETRCGZJOBW-QFIPXVFZSA-N,0,antagonist,1.0,6.38
CHEMBL5878048,Cc1cc2[nH]c([C@@H]3[C@@H](C)CCN3C(=O)c3c(-c4ccccc4)ccc(C)c3F)nc2cc1Cl,VXLNOWNCPKYMAK-LMKMVOKYSA-N,0,antagonist,1.0,6.12
CHEMBL5878078,COC/N=c1/n(Cc2ccc(C)cc2)c2ccccc2n1[C@H](CO)Cc1ccc(C)cc1,SHOWJUFGEVSNBO-GUMONVLZSA-N,1,agonist,1.0,6.0
CHEMBL5878094,Cc1ccc(CC2C[S+]([O-])N=C3N2c2ccccc2N3C(C)c2ccc(C)cc2)cc1,DFMNYKUIUNAXGH-UHFFFAOYSA-N,1,agonist,1.0,5.82
CHEMBL5878099,C[C@@H]1CC[C@@H](c2cc(C(C)(C)O)no2)CN1C(=O)c1cccnc1-c1ccccc1,DQZXDNFLKDRLGP-SJLPKXTDSA-N,0,antagonist,1.0,6.87
CHEMBL5878177,Cc1ccc(-n2nccn2)c(C(=O)N2CCC[C@H]2c2cnc(-c3ccccc3)[nH]2)c1,KHVIMPTWRBQBSE-NRFANRHFSA-N,0,antagonist,1.0,6.14
CHEMBL5878192,CO[C@@H]1C[C@@H](c2nc3ccc(Cl)c(C)c3[nH]2)N(C(=O)c2nc(N(C)C)sc2-c2cccc(Cl)c2)C1,FEJNEXSKTFURIP-APWZRJJASA-N,0,antagonist,1.0,8.15
CHEMBL5878240,C[C@@H]1CC[C@@H](Oc2nccn3cc(C(F)(F)F)nc23)CN1C(=O)c1ccccc1-n1nccn1,ZYXPVVNSZVQRSO-HUUCEWRRSA-N,0,antagonist,1.0,7.2
CHEMBL5878307,Cc1ccc(-n2nccn2)c(C(=O)N2CCC[C@H]2c2nc3cc(Cl)ccc3[nH]2)c1,WKHRJTLJTFGOAC-IBGZPJMESA-N,0,antagonist,1.0,7.29
CHEMBL5878484,COc1ccc(-n2nccn2)c(C(=O)N2CC(F)(F)C[C@@H](C)C2CNc2ccc(C(F)(F)F)cn2)n1,XPMKYYTXGQXROL-JBZHPUCOSA-N,0,antagonist,1.0,5.301029995663981
CHEMBL5878625,C[C@@H]1CC[C@@H](Oc2cccc(C(C)(O)C3CCCC3)c2)CN1C(=O)c1ccccc1-n1nccn1,XJLCCMGDDJNAPQ-NYKNRPNFSA-N,0,antagonist,1.0,7.07
CHEMBL5878635,COc1ccc2nc([C@@H]3CCCN3C(=O)c3ccccc3-n3nccn3)[nH]c2c1,PDLCEAWBFLORCP-IBGZPJMESA-N,0,antagonist,1.0,7.46
CHEMBL5878686,Cc1nc(C(=O)N2CCCC2c2nc3cc(C(F)(F)F)ccc3[nH]2)c(-c2cccc(Cl)c2)s1,MRESXIGCKAWNSY-UHFFFAOYSA-N,0,antagonist,1.0,6.38
CHEMBL5878769,COc1cccc(OC)c1C(=O)N[C@@H]1CCC[C@H]1Nc1nc2ccc(Cl)cc2s1,XFIKRNAXHULGOU-ZIAGYGMSSA-N,0,antagonist,1.0,6.17
CHEMBL5878800,COC(=O)N1CCC[C@H](NS(C)(=O)=O)[C@@H]1COC1CCN(c2ccccc2Cl)CC1,OZSTYZLWXCTKHQ-HKUYNNGSSA-N,1,agonist,1.0,5.62
CHEMBL5878850,COC(=O)N1[C@H](C)C[C@H](NS(C)(=O)=O)[C@@H]1CO[C@H]1CC[C@@H](c2ccccc2C(F)(F)F)CC1,DPXABPZVJXKNIC-ZGMAETJZSA-N,0,antagonist,1.0,8.17
CHEMBL5878984,COc1ccnc(O[C@@H]2CC[C@@H](C)N(C(=O)c3ccccc3-n3nccn3)C2)c1Br,DNTQSCWLONKTPQ-HUUCEWRRSA-N,0,antagonist,1.0,7.83
CHEMBL5879018,Cc1ccc(C(=O)N2CC[C@H](C)[C@H]2c2nc3c(C)c(Cl)ccc3[nH]2)c(-c2ccccc2)c1,XWFLSBAQIZJNJB-GKVSMKOHSA-N,0,antagonist,1.0,6.31
CHEMBL5879048,COC(C)(C)Cc1nc([C@@H]2CC[C@@H](C)N(C(=O)c3ccccc3-n3nccn3)C2)oc1-c1ccccc1,BZBIQHRQPNKXBO-IFMALSPDSA-N,0,antagonist,1.0,6.54
CHEMBL5879083,Cc1ccc(CC(CNC(=O)CC(F)(F)F)n2c(=N)n(Cc3ccc(C)cc3)c3ccccc32)cc1,JWCQUTLXPMTBHQ-UHFFFAOYSA-N,1,agonist,1.0,5.3
CHEMBL5879232,COc1ccc2[nH]c([C@@H]3CCCN3C(=O)c3nc(C)ccc3-n3nccn3)nc2c1,SPIFPFNGTMVCLR-SFHVURJKSA-N,0,antagonist,1.0,7.27
CHEMBL5879260,CC(=O)N1CCC[C@H](NS(C)(=O)=O)[C@@H]1CO[C@H]1CC[C@@H](C(F)(F)F)CC1,NADMMIBRVIEWOT-XGUBFFRZSA-N,1,agonist,1.0,5.32
CHEMBL5879524,CCn1cc(-c2ccc(C)cc2C(=O)N2CCC[C@@H](C)[C@H]2CNc2ccc(C(F)(F)F)cn2)cn1,FSKFTFYIKWTLSH-WZONZLPQSA-N,0,antagonist,1.0,6.16
CHEMBL5879777,COc1ccc2nc([C@@H]3CCCN3C(=O)c3cc(OC)c(OC)cc3-n3nccn3)[nH]c2c1,RDAMAPFWMBIFEO-SFHVURJKSA-N,0,antagonist,1.0,7.57
CHEMBL5879821,Cc1ccc(-n2nccn2)c(C(=O)N2CCC[C@@]2(C)c2nc3c(Cl)cccc3[nH]2)c1,ILYPGEWTTWFVFH-QFIPXVFZSA-N,0,antagonist,1.0,6.71
CHEMBL5879962,Cc1ccc(-c2nc(C(=O)N3CCC[C@@]3(C)c3nc4cc(Cl)c(C(F)(F)F)cc4[nH]3)c(-c3ccc(F)cc3)s2)cc1,NDZZQHWDAOMKTE-LJAQVGFWSA-N,0,antagonist,1.0,5.87
CHEMBL5880198,COC(=O)c1c(OC)cccc1O[C@@H]1CC[C@@H](C)N(C(=O)c2ccsc2-n2nccn2)C1,PQTUYNUEXJLMKG-HUUCEWRRSA-N,0,antagonist,1.0,7.21
CHEMBL5880229,C[C@@H]1CC[C@@H](c2cc(C(C)(C)O)sn2)CN1C(=O)c1ccccc1-n1nccn1,QQUUPCCXIMNVNU-HUUCEWRRSA-N,0,antagonist,1.0,7.86
CHEMBL5880260,CCN(CCN(C)c1nccc(C(C)(C)O)n1)C(=O)c1ccccc1OCC(F)F,DTXSXSQFRWAZRY-UHFFFAOYSA-N,0,antagonist,1.0,7.75
CHEMBL5880345,Cc1ccc(-n2nccn2)c(C(=O)N2CCC[C@@H](C)[C@H]2CNc2ncc(C#N)cn2)n1,ZKGAAERIFLQKJV-RDTXWAMCSA-N,0,antagonist,1.0,5.301029995663981
CHEMBL5880481,COc1ccc2nc([C@@H]3CCCN3C(=O)c3cnc(C)nc3-c3ccccc3)[nH]c2c1,ZAQVZCUFUNEOHE-NRFANRHFSA-N,0,antagonist,1.0,6.86
CHEMBL5880505,Cc1ccc(-c2ccc(F)cc2C)c(C(=O)N2CCC[C@@]2(C)c2nc3cc(C)c(C)cc3[nH]2)c1,XYRIMVVEGQLBNO-LJAQVGFWSA-N,0,antagonist,1.0,5.89
CHEMBL5880534,Cc1cnc2c(O[C@@H]3CC[C@@H](C)N(C(=O)c4ccccc4-n4nccn4)C3)nccn12,QJMOCERTMUIMSD-NVXWUHKLSA-N,0,antagonist,1.0,7.79
CHEMBL5880602,COc1cc(C(=O)N2CCC[C@H]2c2nc(-c3ccccc3OC(F)(F)F)no2)c(-c2ncccn2)cc1C,KCNWXCVRGZMODO-IBGZPJMESA-N,0,antagonist,1.0,7.25
CHEMBL5880874,Cc1ccc(-n2nccn2)c(C(=O)N2CCC[C@@H](C)[C@H]2CNc2ncc(C(F)(F)F)cn2)c1F,FFFVPJLBIWZFGE-CXAGYDPISA-N,0,antagonist,1.0,5.35
CHEMBL5880972,CCOc1ccccc1-c1noc([C@@H]2CCCN2C(=O)c2cc(F)ccc2-n2nccn2)n1,NYRCYRFOATUIIW-IBGZPJMESA-N,0,antagonist,1.0,6.98
CHEMBL5880978,CCOc1ncccc1-c1nnc([C@@H]2CCCN2C(=O)c2cc(Cl)c(C)cc2-n2nccn2)[nH]1,GNQFOWZBJSCIJQ-SFHVURJKSA-N,0,antagonist,1.0,8.1
CHEMBL5880979,CS(=O)(=O)N[C@H]1CCCN(C(=O)OC2CC2)[C@H]1CO[C@H]1CC[C@@H](c2cccc(F)c2)CC1,NEQVRISGAZCBKE-NHRGSCSFSA-N,1,agonist,1.0,7.55
CHEMBL5881111,COc1c(C#N)ccnc1O[C@@H]1CC[C@@H](CO)N(C(=O)c2ccccc2OC(F)(F)F)C1,MIMZTEGKVSOVHL-LSDHHAIUSA-N,0,antagonist,1.0,7.85
CHEMBL5881123,Cc1nc(C(=O)N2CC[C@H](C)[C@H]2c2nc3c(C)c(C)ccc3[nH]2)c(-c2cccc(Cl)c2)s1,WNICTQLZNYNDDE-FPTDNZKUSA-N,0,antagonist,1.0,6.43
CHEMBL5881166,CCN(CCc1cccc(C(C)(C)O)n1)C(=O)c1ccccc1CC(F)(F)F,BTEOALVZUHVOLJ-UHFFFAOYSA-N,0,antagonist,1.0,6.95
CHEMBL5881200,CCN(CCc1cccc(C(C)(C)O)n1)C(=O)c1cccnc1-n1cccn1,VRKWJHRJMCCLQV-UHFFFAOYSA-N,0,antagonist,1.0,7.44
CHEMBL5881202,C=C1C[C@@H](c2nc3cc(Cl)c(C(F)(F)F)cc3[nH]2)N(C(=O)c2nc(C)ccc2-n2cccn2)C1,LTBSVTPWDNTTDZ-IBGZPJMESA-N,0,antagonist,1.0,7.6
CHEMBL5881230,CCC(=O)N1CCC[C@H](NS(C)(=O)=O)[C@@H]1COC1CCN(c2ccccc2F)CC1,FANYAHWBMHJFMT-ICSRJNTNSA-N,1,agonist,1.0,5.52
CHEMBL5881346,C[C@@H]1CC[C@@H](Oc2nccc3c2COC3=O)CN1C(=O)c1ccccc1-n1ncnn1,CWBILHOJQKXDKS-ZIAGYGMSSA-N,0,antagonist,1.0,7.52
CHEMBL5881512,COc1ccccc1C(=O)N1C[C@H](c2nc(C(C)(C)O)c(C)o2)CC[C@H]1C,RSQXSJWCWAIVRT-UKRRQHHQSA-N,0,antagonist,1.0,7.3149999999999995
CHEMBL5881602,Cc1ccc(-n2nccn2)c(C(=O)N2CCC[C@H]2c2ncc(-c3ccccc3C)o2)c1,HLSMUEUSUNBHAI-NRFANRHFSA-N,0,antagonist,1.0,6.74
CHEMBL5881621,CCOC(=O)N1CCC[C@H](NS(C)(=O)=O)[C@@H]1CO[C@H]1CC[C@@H](C(C)C)CC1,KODFSLAYJFFNGG-MHORFTMASA-N,1,agonist,1.0,6.68
CHEMBL5881697,C=C1C[C@@H](c2nc3c(C)c(Cl)ccc3[nH]2)N(C(=O)c2nc(C)sc2-c2ccccc2)C1,STCNMOVPLMYXAN-IBGZPJMESA-N,0,antagonist,1.0,8.7
CHEMBL5881812,COC[C@H](Cc1ccc(C)cc1)n1c(=N)n(Cc2ccc(OC(F)(F)F)cc2)c2ccccc21,QNFYAPPZXNNYQW-NRFANRHFSA-N,1,agonist,1.0,6.0
CHEMBL5881866,COc1cc(C)cc(-c2nc([C@@H]3CCCN3C(=O)c3cc(OC)c(C)cc3-n3nccn3)no2)c1,ITUQWEVHCQGQNX-FQEVSTJZSA-N,0,antagonist,1.0,8.1
CHEMBL5881999,C=C1CC(c2nc3cc(OC)ccc3[nH]2)N(C(=O)c2cc(C)sc2-c2ccc(C)c(C)c2)C1,VLOHAXSJLPIXTQ-UHFFFAOYSA-N,0,antagonist,1.0,8.7
CHEMBL5882044,O=C(c1ccccc1-n1nccn1)N1CCC[C@H]1c1nc(-c2ccccc2OC(F)F)no1,SJLRKRKLIOWOSO-KRWDZBQOSA-N,0,antagonist,1.0,7.12
CHEMBL5882103,C[C@@H]1C[C@H](NS(=O)(=O)N(C)C)[C@H](CO[C@H]2CC[C@@H](c3cc(F)ccc3F)CC2)N1C(=O)OCC(F)F,IRSPNEMVGDEBOC-QOGIMEQTSA-N,0,antagonist,1.0,9.18
CHEMBL5882107,Cc1ccc(-c2noc([C@@H]3CCCN3C(=O)c3cc(C)ccc3-n3nccn3)n2)cc1,DUXQFCSXUQBTNW-FQEVSTJZSA-N,0,antagonist,1.0,6.26
CHEMBL5882183,C[C@@]1(c2nc3c(F)c(F)ccc3[nH]2)CCCN1C(=O)c1cc(Cl)ccc1-n1nccn1,JDRMJPKMJKTUHN-NRFANRHFSA-N,0,antagonist,1.0,6.29
CHEMBL5882244,COc1ccc2nc([C@@H]3C[C@@H](OC)CN3C(=O)c3cc(F)ccc3-n3nccn3)[nH]c2c1,LDHQVBJHTWBOLS-QRWLVFNGSA-N,0,antagonist,1.0,7.17
CHEMBL5882330,Cc1sc([C@@H]2CC[C@@H](C)N(C(=O)c3ccccc3CS(C)(=O)=O)C2)nc1C(C)(C)O,WWWXWTYOYIATCP-GDBMZVCRSA-N,0,antagonist,1.0,7.5
CHEMBL5882366,COc1cc2nc([C@@H]3[C@@H](C)CCN3C(=O)c3ccccc3-n3cccn3)[nH]c2cc1OC,HKKKQFHDCURWGF-NYHFZMIOSA-N,0,antagonist,1.0,5.58
CHEMBL5882643,COc1ccc(-c2ccc(C(F)(F)F)cc2)c(C(=O)N2CCC[C@@]2(C)c2nc3c(C)c(Cl)ccc3[nH]2)c1F,QWJBHVJNOHYWKF-MHZLTWQESA-N,0,antagonist,1.0,7.39
CHEMBL5882799,Cc1ccc(-n2cccn2)c(C(=O)N2CCC[C@H]2c2nc(-c3ccccc3OC(F)(F)F)no2)n1,HCUKAMDLFNNDAR-KRWDZBQOSA-N,0,antagonist,1.0,6.67
CHEMBL5882922,Cc1cc(C(=O)N2CCC[C@@]2(C)c2nc3cc(C)c(C)cc3[nH]2)c(-n2nccn2)cc1C,UXINVWZBFDJHKA-VWLOTQADSA-N,0,antagonist,1.0,8.22
CHEMBL5882935,Cc1ccc(-c2ccc(C)cc2C(=O)N2CCC[C@@]2(C)c2nc3cc(C)c(C)cc3n2CC2CC2)cc1,CVOGJGIWACLEIA-XIFFEERXSA-N,0,antagonist,1.0,7.21
CHEMBL5883115,COc1ccc(C(=O)N2C[C@H](Oc3nccc(C#N)c3C)CC[C@H]2C)c(-c2ccccc2)n1,FKKPEISLXYVEGJ-DYESRHJHSA-N,0,antagonist,1.0,7.98
CHEMBL5883134,COC(=O)N1[C@H](C)C[C@H](NS(=O)(=O)N(C)C)[C@@H]1COC1CCC2(c3cc(F)cc(F)c3)CC2C1,FALWLDNQFLSXTI-JSMASRSWSA-N,0,antagonist,1.0,6.22
CHEMBL5883423,Cc1ccc(-n2nccn2)c(C(=O)N2CCC[C@H]2c2nnc(-c3cccc(F)c3C)[nH]2)c1,WVXUUPMQJVHSCC-FQEVSTJZSA-N,0,antagonist,1.0,7.57
CHEMBL5883548,Cc1nc(C(=O)N2CCC[C@@]2(C)c2nc3c(F)c(F)ccc3[nH]2)c(-c2cccc(Cl)c2)s1,OHRMJKSLTJECNY-QHCPKHFHSA-N,0,antagonist,1.0,7.11
CHEMBL5883566,Cc1cc2nc([C@@H]3[C@@H](C)CCN3C(=O)c3ccccc3-n3nccn3)[nH]c2cc1C,QBUJVLVFFUUXFF-QKKBWIMNSA-N,0,antagonist,1.0,7.37
CHEMBL5883620,CS(=O)(=O)N[C@H]1CCCN(C(=O)C2CC2)[C@H]1COC1CCC(c2ccccn2)CC1,DCDIUZLWSPCPJM-NGKMOHNRSA-N,1,agonist,1.0,6.62
CHEMBL5883935,C[C@@H]1CC[C@@H](c2nc(C(C)(C)C)no2)CN1C(=O)c1ccccc1-n1nccn1,NAHJCTLJHLFTPA-HUUCEWRRSA-N,0,antagonist,1.0,7.06
CHEMBL5883978,COc1cc(C(=O)N2CCC[C@H]2c2noc(-c3cccc(OC)c3C)n2)c(-n2nccn2)cc1C,WAKHHOMDKVZUIA-IBGZPJMESA-N,0,antagonist,1.0,8.0
CHEMBL5883990,Cc1nc(C(=O)N2CCCC2c2nc3cc(Br)cc(C)c3[nH]2)c(-c2ccccc2)s1,WLDSIKXAQBODNH-UHFFFAOYSA-N,0,antagonist,1.0,7.32
CHEMBL5884119,Cc1nc(C(=O)N2CCC[C@@H](C)[C@H]2CNc2ncc(C(F)(F)F)cn2)c(-c2ccc(F)cc2)s1,BPQDADCPUWZLIG-FZKQIMNGSA-N,0,antagonist,1.0,5.48
CHEMBL5884147,COC(=O)N1[C@H](CC#N)C[C@H](NS(=O)(=O)N(C)C)[C@@H]1COC1CCC(c2cccc(F)c2)CC1,BSFUOPJPOSZGMX-FWVJZHSWSA-N,0,antagonist,1.0,8.11
CHEMBL5884229,CC(C)[C@H]1CC[C@@H](OC[C@H]2[C@@H](NS(C)(=O)=O)CCCN2C(=O)C2CCOCC2)CC1,IFLXMSQIIVKANH-NRDMVMEKSA-N,1,agonist,1.0,6.85
CHEMBL5884279,Cc1nc(C(=O)N2CCC[C@H]2c2nc3c(C)c(Cl)ccc3[nH]2)c(-c2ccccc2)s1,RKLPQCPZHKBFPB-SFHVURJKSA-N,0,antagonist,1.0,8.15
CHEMBL5884424,C[C@@H]1C[C@@H](Nc2cc(C(F)(F)F)ccn2)CN1C(=O)c1ccccc1-n1nccn1,OSGLPIXVESYDBE-UKRRQHHQSA-N,0,antagonist,1.0,7.58
CHEMBL5884442,C[C@@H]1CC[C@@H](Oc2ccc3c(c2)[C@](C)(O)CC3)CN1C(=O)c1ccccc1-n1nccn1,KMGDOUIRHLBSDF-FLPMJASOSA-N,0,antagonist,1.0,6.95
CHEMBL5884578,CCCN(c1cc(C#N)ccn1)[C@@H]1CC[C@@H](C)N(C(=O)c2ccccc2-n2nccn2)C1,XBFJXICHZZHWLJ-UYAOXDASSA-N,0,antagonist,1.0,7.89
CHEMBL5884596,Cc1nc(C(=O)N2CCCC2c2nc3cc(C)c(C)cc3[nH]2)c(-c2cccc(Cl)c2)s1,GAZFMHWSZFKXMS-UHFFFAOYSA-N,0,antagonist,1.0,7.82
CHEMBL5884657,C=C1C[C@@H](c2nc3c(Br)cccc3[nH]2)N(C(=O)c2nc(C)sc2-c2ccc(C)c(C)c2)C1,BXUWYSLYFZPFOP-FQEVSTJZSA-N,0,antagonist,1.0,9.0
CHEMBL5884895,Cc1ccc(-n2nccn2)c(C(=O)N2CCC[C@@H](C)[C@H]2CNc2nccc(C(F)(F)F)n2)c1,GLSUOGDEYDDDIC-CRAIPNDOSA-N,0,antagonist,1.0,5.92
CHEMBL5884923,C[C@@H]1CC[C@@H](c2cc([C@H](O)C(F)(F)F)no2)CN1C(=O)c1ccccc1-c1ncccn1,DXXYQCKWGKWEOC-LPMFXHHGSA-N,0,antagonist,1.0,6.9
CHEMBL5885024,CCOC(=O)c1cnc([C@@H]2CC[C@@H](C)N(C(=O)c3ccccc3-n3nccn3)C2)s1,LSTQAQPPJDRVTL-HUUCEWRRSA-N,0,antagonist,1.0,5.82
CHEMBL5885041,CCN(CCn1nc(C)c(C(C)(C)O)n1)C(=O)c1nccnc1-n1cccn1,PMJHNVRRLCQWPL-UHFFFAOYSA-N,0,antagonist,1.0,6.62
CHEMBL5885117,CCOc1ccccc1C(=O)N(CC)CCc1cccc(C(C)(C)O)n1,NPSVZJKEYSAXSU-UHFFFAOYSA-N,0,antagonist,1.0,7.12
CHEMBL5885191,COc1cccc(OC)c1C(=O)N(C)[C@H]1CCC[C@@H]1Nc1nc2ccc(F)cc2s1,QIQQOZYTKFYTFE-HOCLYGCPSA-N,0,antagonist,1.0,5.96
CHEMBL5885295,CC(=O)CCC(=O)N1CCC[C@H](NS(C)(=O)=O)[C@@H]1CO[C@H]1CC[C@@H](C(C)C)CC1,ZTCDUYRCHKTRNR-YRPNKDGESA-N,1,agonist,1.0,6.66
CHEMBL5885301,C[C@@H]1CC[C@@H](c2noc(C3CC3)n2)CN1C(=O)c1ccccc1-n1nccn1,PYWWMAARZLUNBV-UKRRQHHQSA-N,0,antagonist,1.0,6.48
CHEMBL5885407,CCN(CCN(C)c1ncc(Cl)c(C(F)(F)F)n1)C(=O)c1ccccc1-n1nccn1,FLIQJZYIHFUSRQ-UHFFFAOYSA-N,0,antagonist,1.0,7.07
CHEMBL5885446,C[C@@H]1CC(F)(F)CN(C(=O)c2nn(C)cc2-c2ccc(Cl)cn2)[C@@H]1CNc1ncc(C(F)(F)F)cn1,OTRVJYBHOZHPAN-SJKOYZFVSA-N,0,antagonist,1.0,5.301029995663981
CHEMBL5885590,COc1ccc2nc([C@@H]3CCCN3C(=O)c3cnc(C)nc3-c3ccc(Br)c(Cl)c3)[nH]c2c1,NLAVETTWGINANC-NRFANRHFSA-N,0,antagonist,1.0,7.32
CHEMBL5885703,CC(C)OC(=O)N1[C@H](C)C[C@H](NS(=O)(=O)CF)[C@@H]1COC1CCC2(c3ncc(F)cn3)CC2C1,JENGWEYNNLTFTA-WOIDTSMQSA-N,0,antagonist,1.0,9.0
CHEMBL5886308,COc1cc(C(=O)N2CCC[C@H]2c2nc(-c3ccccc3OC(F)(F)F)no2)c(-n2nccn2)cc1OC,PCLHAMVKTQEVQE-INIZCTEOSA-N,0,antagonist,1.0,6.85
CHEMBL5886321,COCCCN(CCc1nc(C(C)(C)O)c(C)o1)C(=O)c1ccccc1-n1nccn1,JJDVXGGWZPRFDC-UHFFFAOYSA-N,0,antagonist,1.0,6.92
CHEMBL5886517,CC(C)OC(=O)N1[C@H](C)C[C@H](NS(=O)(=O)N(C)C)[C@@H]1CO[C@H]1CC[C@@]2(c3ncc(F)cn3)C[C@H]2C1,DIESGYCEZIBJID-MHUSFEFXSA-N,0,antagonist,1.0,9.1
CHEMBL5886694,C=C1C[C@@H](c2nc3ccc(Cl)c(C)c3[nH]2)N(C(=O)c2nc(C)sc2-c2cccc(C)c2)C1,DJPWHBDTSPGVAZ-FQEVSTJZSA-N,0,antagonist,1.0,9.22
CHEMBL5886998,CCOc1ccccc1C(=O)N1C[C@H](Oc2nccc(C#N)c2OC)CC[C@H]1CO,CFVLGEXCRAWWLR-DLBZAZTESA-N,0,antagonist,1.0,7.92
CHEMBL5887051,COc1ccc2nc([C@@H]3CCCN3C(=O)c3ccc(C)cc3-n3nccn3)[nH]c2c1,FLGVYSUUVCYPOP-IBGZPJMESA-N,0,antagonist,1.0,8.3
CHEMBL5887257,Cc1cc(C(=O)N2CCC[C@H]2c2noc(-c3ccccc3OC(F)(F)F)n2)c(-n2nccn2)cc1C,OESAAULEOZNLQH-SFHVURJKSA-N,0,antagonist,1.0,8.52
CHEMBL5887384,Cc1nc(C(=O)N2CCC[C@@]2(C)c2nc3c(C)cccc3n2C)c(-c2cccc(Cl)c2)s1,XBQYXXMJHBIJHN-VWLOTQADSA-N,0,antagonist,1.0,8.7
CHEMBL5887535,Cc1ccc(-c2ccncc2)c(C(=O)N2CCC[C@@H](C)[C@H]2CNc2ccc(C(F)(F)F)cn2)c1,XDRHVSVLMFEDSY-WZONZLPQSA-N,0,antagonist,1.0,6.0
CHEMBL5887581,COc1ccc(-n2nccn2)c(C(=O)N2CCC[C@@H](C)[C@H]2CNc2ncc(C(F)(F)F)cn2)c1F,JMJCURBMHAZGQL-CZUORRHYSA-N,0,antagonist,1.0,5.301029995663981
CHEMBL5887597,Cc1nc(C(=O)N2CC(F)(F)C[C@@H](C)C2CNc2ncc(C(F)(F)F)cn2)c(-c2ccccn2)o1,OCBMBIMDUXHEFX-ZGTOLYCTSA-N,0,antagonist,1.0,5.301029995663981
CHEMBL5887830,COc1cc(F)ccc1-c1nc(C(=O)N2CCC[C@@]2(C)c2nc3c(C)c(Cl)ccc3[nH]2)c(-c2ccc(F)cc2)s1,OPVUQHWBLFWOOZ-PMERELPUSA-N,0,antagonist,1.0,5.54
CHEMBL5887840,COc1ccccc1-c1noc([C@@H]2CCCN2C(=O)c2cc(F)ccc2-n2nccn2)n1,DLWAQBAUXQSXAG-SFHVURJKSA-N,0,antagonist,1.0,6.47
CHEMBL5888212,COc1cccc([C@H]2CC[C@@H](OC[C@H]3[C@@H](NS(C)(=O)=O)CCCN3C(=O)C3CC3)CC2)c1,ZKOGOCKVIAAYFI-NOHMWWQBSA-N,1,agonist,1.0,7.64
CHEMBL5888383,C=C1CN(C(=O)c2ccccc2-c2ccc(F)c(C)c2)C(C)(c2nc3cc(OC)ccc3[nH]2)C1,FLNAQDQHADSSAB-UHFFFAOYSA-N,0,antagonist,1.0,7.36
CHEMBL5888391,COc1ccnc(O[C@@H]2CC[C@@H](C)N(C(=O)c3ccccc3C3CC3)C2)c1,GYGMDAYVLLBIMI-CRAIPNDOSA-N,0,antagonist,1.0,7.96
CHEMBL5888451,CCN(CCc1nc(C(C)(C)O)c(C)o1)C(=O)c1cc(F)ccc1-n1nccn1,JMJYAXKCYPUJOA-UHFFFAOYSA-N,0,antagonist,1.0,7.21
CHEMBL5888498,Cc1ccc(-n2nccn2)c(C(=O)N2CCC[C@H]2c2nc(-c3ccc(F)c(F)c3)no2)c1,VVOUOUKKUZGIBI-IBGZPJMESA-N,0,antagonist,1.0,6.75
CHEMBL5888508,Cc1ccc(-n2nccn2)c(C(=O)N2CCC[C@@H](C)[C@H]2CNc2ncc(C(F)(F)F)cn2)c1,UOFUCJWLSMCUJD-DNVCBOLYSA-N,0,antagonist,1.0,5.150514997831991
CHEMBL5888740,COc1ccc(C(=O)N2CCC[C@H]2c2nc(-c3cccc(Cl)c3C)no2)c(-n2nccn2)c1,XZFQMZJMIJHWDC-IBGZPJMESA-N,0,antagonist,1.0,7.32
CHEMBL5888925,C=C1C[C@@H](c2nc3c(C)c(Cl)ccc3[nH]2)N(C(=O)c2nc(C)sc2-c2ccc(C)c(C)c2)C1,PYDZIRFKTNHXGE-NRFANRHFSA-N,0,antagonist,1.0,9.0
CHEMBL5888934,CCc1ccccc1-c1nc([C@@H]2CCCN2C(=O)c2cc(OC)c(Cl)cc2-n2nccn2)no1,FEQYQBGREABPNL-IBGZPJMESA-N,0,antagonist,1.0,8.52
CHEMBL5889048,Cc1ccc(-c2ncccn2)c(C(=O)N2CC(F)(F)C[C@@H](C)C2CNc2ncc(C(F)(F)F)cn2)n1,VDTYEUZDLJVHAB-FWJOYPJLSA-N,0,antagonist,1.0,5.301029995663981
CHEMBL5889218,Cc1c(C#N)ccnc1O[C@@H]1CC[C@@H](C)N(C(=O)c2nscc2-c2ccccc2)C1,BAUOTOXIQXLNTB-DNVCBOLYSA-N,0,antagonist,1.0,8.18
CHEMBL5889344,Cc1c(Cl)ccc2c1nc([C@]1(C)CCCN1C(=O)c1cc(Cl)ccc1-n1nccn1)n2C,PYTQJNRFZSSECU-QHCPKHFHSA-N,0,antagonist,1.0,8.4
CHEMBL5889351,COc1c(C#N)ccnc1O[C@@H]1CC[C@@H](C)N(C(=O)c2cccnc2-n2ncnn2)C1,IBCQDIBHYLNESW-UKRRQHHQSA-N,0,antagonist,1.0,8.535
CHEMBL5889480,Cc1c(Cl)cccc1-c1noc([C@@H]2CCCN2C(=O)c2ccc(Cl)cc2-n2nccn2)n1,OOYPUYSPYKAJTA-SFHVURJKSA-N,0,antagonist,1.0,7.82
CHEMBL5889594,COc1cccc(-c2sc(C)nc2C(=O)N2CCC[C@H]2c2nc3ccc(OC)cc3[nH]2)c1,ZWTIXHWPWDSNPN-FQEVSTJZSA-N,0,antagonist,1.0,6.92
CHEMBL5889671,Cc1ccc(-c2ncccn2)c(C(=O)N2CC(F)(F)C[C@@H](C)C2CNc2ncc(Cl)cn2)n1,STYBPTBVDCKMNR-FWJOYPJLSA-N,0,antagonist,1.0,5.301029995663981
CHEMBL5889909,C[C@@H]1CC(F)(F)CN(C(=O)c2nn(C)cc2-c2ccc(F)cc2)C1COc1ccc(C(F)(F)F)cn1,IZWJILUTYIOHTP-MJTSIZKDSA-N,0,antagonist,1.0,5.301029995663981
CHEMBL5890032,C=C1C[C@@H](c2nc3ccc(Cl)c(C)c3[nH]2)N(C(=O)c2c(-n3nccn3)ccc(C)c2F)C1,MDMUZMNPDNQTMF-SFHVURJKSA-N,0,antagonist,1.0,8.4
CHEMBL5890054,CCOc1ncccc1-c1nnc([C@@H]2CCCN2C(=O)c2cc(C)ccc2-n2nccn2)[nH]1,GRTBTKHDHJBIBE-IBGZPJMESA-N,0,antagonist,1.0,7.3
CHEMBL5890146,Cc1cccc(-c2nc([C@@H]3CCCN3C(=O)c3ccc(Cl)cc3-n3nccn3)no2)c1C,RMSUYCUIZRSRCK-IBGZPJMESA-N,0,antagonist,1.0,8.3
CHEMBL5890151,CSc1ccc2nc([C@@H]3CCCN3C(=O)c3cnc(C)nc3-c3cccc(Cl)c3)[nH]c2c1,MIMICLWIYMZNDS-NRFANRHFSA-N,0,antagonist,1.0,7.68
CHEMBL5890268,COC(=O)N1[C@@H](C)C[C@H](N(Cc2ccc(OC)cc2)S(C)(=O)=O)[C@@H]1COC1CCC2(c3ccccc3)CC2C1,OLWUCHHUQFHNTM-NBQRUZNWSA-N,0,antagonist,1.0,6.75
CHEMBL5890301,O=C(NCC1CCC(NCc2ccccc2)CN1C(=O)c1ccccc1-c1ccccc1)c1cccc2cccnc12,PHOJWFIUZALYEW-UHFFFAOYSA-N,0,antagonist,1.0,5.82
CHEMBL5890331,N#Cc1ccnc(N2CC[C@@H]3C[C@@H](CO)N(C(=O)c4ccccc4-n4nccn4)C[C@@H]32)c1,DFZDVPXYIBCNRT-LQWHRVPQSA-N,0,antagonist,1.0,5.68
CHEMBL5890473,CC(C)Oc1ccnc(O[C@@H]2CC[C@@H](C)N(C(=O)c3ccccc3-n3nccn3)C2)c1,PIBCCHNPLPHSJH-IEBWSBKVSA-N,0,antagonist,1.0,7.82
CHEMBL5890528,CCN(CCN(C)c1nccc(C(C)(C)O)n1)C(=O)c1ccccc1CC(F)(F)F,FNBAOLZCHOIAMR-UHFFFAOYSA-N,0,antagonist,1.0,7.75
CHEMBL5890532,CCOc1ncccc1-c1cc([C@@H]2CCCN2C(=O)c2cc(C)ccc2-n2nccn2)on1,NLURUCYGOQWQKJ-NRFANRHFSA-N,0,antagonist,1.0,7.55
CHEMBL5890849,CS(=O)(=O)N[C@H]1CCCN(C(=O)C2CC2)[C@H]1CO[C@H]1CC[C@@H](c2ccccc2)CC1,QKNVZUHNSSFEOK-FKVLARQCSA-N,1,agonist,1.0,9.18
CHEMBL5890924,O=C(c1ccccc1-n1nccn1)N1CC[C@H]2CCN(c3cc(O)ccn3)[C@H]2C1,WXCLNSPTUBDJJZ-KXBFYZLASA-N,0,antagonist,1.0,6.04
CHEMBL5891131,C=C1C[C@@H](c2nc3cccc(C)c3[nH]2)N(C(=O)c2nc(C)sc2-c2cccc(C)c2)C1,GZRZSBRCCDOXHS-FQEVSTJZSA-N,0,antagonist,1.0,9.05
CHEMBL5891188,COc1c(F)cccc1-c1noc([C@@H]2CCCN2C(=O)c2cc(C)ccc2-n2nccn2)n1,GHZBHHGLXHLLGK-IBGZPJMESA-N,0,antagonist,1.0,8.1
CHEMBL5891231,CCS(=O)(=O)N[C@H]1CCCN(C(=O)OC(C)C)[C@H]1COC1CC[C@@]2(c3ncc(F)cn3)CC2C1,CWZZXXWEKAUQTN-VIADFMJASA-N,0,antagonist,1.0,8.48
CHEMBL5891239,CCN(CCn1nc(C)c(C(C)(C)O)n1)C(=O)c1cccnc1CC(F)(F)F,FVYMHVIDFORIBE-UHFFFAOYSA-N,0,antagonist,1.0,6.57
CHEMBL5891284,CC(C)N(CCN(C)c1cc(C#N)ccn1)C(=O)c1ccccc1-n1nccn1,FNNMSTSAVXFDJQ-UHFFFAOYSA-N,0,antagonist,1.0,7.12
CHEMBL5891390,CCN(CCc1nc(C(C)(C)O)c(C)o1)C(=O)c1ccc(OC)cc1-n1nccn1,NJAZPICSNAKHFF-UHFFFAOYSA-N,0,antagonist,1.0,7.09
CHEMBL5891496,Cc1c(Cl)ccc2[nH]c([C@]3(C)CCCN3C(=O)c3nc(-c4cccc(F)c4)sc3-c3ccc(F)cc3)nc12,MSQILLMLGVAZKC-LJAQVGFWSA-N,0,antagonist,1.0,6.88
CHEMBL5891550,C[C@@H]1CC[C@@H](Oc2nccn3c(C(F)F)cnc23)CN1C(=O)c1cccnc1NCC(F)(F)F,YIPVYUSDYSQSIL-CHWSQXEVSA-N,0,antagonist,1.0,7.58
CHEMBL5891560,COC(=O)N1[C@H](C)C[C@H](NS(=O)(=O)N2CCC2)[C@@H]1CO[C@@H]1CC[C@]2(c3ncc(F)cn3)C[C@@H]2C1,DTNQHDYDRZFPRF-DWJALSQXSA-N,0,antagonist,1.0,7.31
CHEMBL5891567,CC(=O)NCC(Cc1ccc(C)cc1)n1/c(=N/C(=O)OC(C)(C)C)n(Cc2ccc(C)cc2)c2ccccc21,TVJMXPGZCXDNCN-VBMGMRCRSA-N,1,agonist,1.0,6.0
CHEMBL5891592,COC(C)(C)c1nc([C@@H]2CC[C@@H](C)N(C(=O)c3ccccc3-n3nccn3)C2)ns1,LFQUOFULHDQDHO-HUUCEWRRSA-N,0,antagonist,1.0,7.41
CHEMBL5891620,CS(=O)(=O)N[C@H]1CCCN(C(=O)Cn2cccn2)[C@H]1CO[C@H]1CC[C@@H](c2ccccc2)CC1,WKQJDZCBXGKWIL-BJESRGMDSA-N,1,agonist,1.0,7.66
CHEMBL5891715,CCN(CCc1cccc(C(C)(C)O)n1)C(=O)c1ccc(F)cc1-n1nccn1,IGXJXPSSDRUBRY-UHFFFAOYSA-N,0,antagonist,1.0,8.1
CHEMBL5891723,C=C1C[C@@H](c2nc3cc(Cl)c(C(F)(F)F)cc3[nH]2)N(C(=O)c2cc(C)ccc2-n2nccn2)C1,UXAKNZMSCWINPA-FQEVSTJZSA-N,0,antagonist,1.0,8.3
CHEMBL5891747,CCOc1c(F)cccc1-c1nc([C@@H]2CCCN2C(=O)c2cc(Cl)c(C)cc2-n2nccn2)no1,NHLHRZJRPVGYNB-IBGZPJMESA-N,0,antagonist,1.0,8.52
CHEMBL5891797,Cc1ccc(-n2nccn2)c(C(=O)N2CCC[C@H]2c2nnc(-c3ccccc3OC(F)(F)F)[nH]2)c1,PGHJKLNWJBQMBU-SFHVURJKSA-N,0,antagonist,1.0,8.0
CHEMBL5891829,C[C@@H]1CCC(c2nc(COS(C)(=O)=O)c(-c3ccccc3)o2)CN1C(=O)c1ccccc1-n1nccn1,CNTQHEPVMOQLDP-QSVWIEALSA-N,0,antagonist,1.0,6.01
CHEMBL5891877,CSc1cccc2nc([C@@H]3CCCN3C(=O)c3cncnc3-c3ccc(C)cc3)[nH]c12,NQOHGZWMOAPCBQ-IBGZPJMESA-N,0,antagonist,1.0,6.39
CHEMBL5891905,COc1ccc(-c2cccc(OC(F)(F)F)c2)c(C(=O)N2CCC[C@@]2(C)c2nc3c(C)c(Cl)ccc3[nH]2)c1F,KVQMPNGBXHCERI-MHZLTWQESA-N,0,antagonist,1.0,7.68
CHEMBL5891973,Cc1ccc(-n2nccn2)c(C(=O)N2CCC[C@@H](C)[C@H]2CNc2ccc(C(F)(F)F)nn2)n1,LJTLOJZYSKVQQY-CZUORRHYSA-N,0,antagonist,1.0,5.301029995663981
CHEMBL5892169,CC(=O)N(C)CC(=O)N1CCC[C@H](NS(C)(=O)=O)[C@@H]1CO[C@H]1CC[C@@H](c2ccccc2)CC1,XBGIVGQMVOOCMN-BJESRGMDSA-N,1,agonist,1.0,6.46
CHEMBL5892276,Cc1cccc(-c2ocnc2C(=O)N2CCC[C@@]2(C)c2nc(-c3ccccc3)no2)c1,PQZUGXJRHYDKOY-DEOSSOPVSA-N,0,antagonist,1.0,5.75
CHEMBL5892278,Cc1ccnc(O[C@@H]2CC[C@@H](CO)N(C(=O)c3ccccc3-n3nccn3)C2)c1,YKYCFIQIKACGAN-DLBZAZTESA-N,0,antagonist,1.0,7.75
CHEMBL5892506,COC(=O)C(NC(=O)CCN(C(=O)c1ccccc1-n1nccn1)C1CC1)C(C)=O,BXYGJLJBMSSGFT-UHFFFAOYSA-N,0,antagonist,1.0,7.38
CHEMBL5892620,CC(C)Oc1ncccc1C(=O)N1C[C@H](Oc2nccn3ccnc23)CC[C@H]1C,YWMPRYQVLNCAKX-HZPDHXFCSA-N,0,antagonist,1.0,7.31
CHEMBL5892651,Cc1onc(-c2ccccc2Cl)c1C(=O)N1CCC[C@H]1c1noc(-c2cccc(Cl)c2C)n1,SOENSRIUSZUAPD-IBGZPJMESA-N,0,antagonist,1.0,4.661543506395395
CHEMBL5892758,COC[C@H](Cc1ccc(C)cc1)n1c(=N)n(Cc2ccc(C)cc2)c2ccc(Br)cc21,XPNQSJHOGPLZHB-QHCPKHFHSA-N,1,agonist,1.0,5.82
CHEMBL5892789,CC(=O)N1CCC[C@H](NS(C)(=O)=O)[C@@H]1CO[C@H]1CC[C@@H](c2cccc(F)c2)CC1,JFWZOOLEKUNFIT-CZGNIMDHSA-N,1,agonist,1.0,8.0
CHEMBL5892948,COC(=O)c1cc(C#N)nc(N2CC[C@@H]3CCN(C(=O)c4ccccc4-n4nccn4)C[C@@H]32)c1,WYIVNCOSEHFNTP-KKSFZXQISA-N,0,antagonist,1.0,5.0
CHEMBL5893003,Cc1cc(C)cc(-c2cc([C@@H]3CCCN3C(=O)c3cc(C)ccc3-n3nccn3)on2)c1,MSIMSLNPAMFICZ-QHCPKHFHSA-N,0,antagonist,1.0,7.41
CHEMBL5893020,Cc1nc(C(=O)N2C(C)CCCC2CNc2ccc(C(F)(F)F)cn2)c(-c2ccc(F)cc2)s1,SBWIUDUFVJTASW-UHFFFAOYSA-N,0,antagonist,1.0,7.04
CHEMBL5893044,CCc1ccccc1[C@H]1CC[C@@H](OC[C@@H]2NCCC[C@@H]2NS(C)(=O)=O)CC1,JVHFPOYMKAKDAT-YHELAOLJSA-N,1,agonist,1.0,5.5
CHEMBL5893058,C[C@@H]1CC(F)(F)CN(C(=O)c2nn(C)cc2-c2ccccn2)C1CNc1cnc(C(F)(F)F)cn1,ODNUMQLWYCMFET-JBZHPUCOSA-N,0,antagonist,1.0,5.301029995663981
CHEMBL5893078,CCOc1ccnc(O[C@@H]2CC[C@@H](C)N(C(=O)c3ccccc3-n3nccn3)C2)c1C(=O)OC,AYDZTGHVHXTBNY-IAGOWNOFSA-N,0,antagonist,1.0,6.78
CHEMBL5893095,C[C@@H]1CC[C@@H](c2csc(C(C)(C)O)n2)CN1C(=O)c1ccccc1CS(C)(=O)=O,CBMXEVMYHZMCDQ-HUUCEWRRSA-N,0,antagonist,1.0,7.4
CHEMBL5893229,C[C@@H]1CC(F)(F)CN(C(=O)c2cn(C)nc2-c2ccccn2)C1CNc1ncc(C(F)(F)F)cn1,HXQOUXCCTGZNOX-FWJOYPJLSA-N,0,antagonist,1.0,5.301029995663981
CHEMBL5893241,C#CC1(c2ccccc2C(=O)N2C[C@H](Oc3nccn4c(C(F)F)cnc34)CC[C@H]2C)CC1,VYULUXVFODKIIA-IAGOWNOFSA-N,0,antagonist,1.0,8.3
CHEMBL5893394,COc1cccc(-c2ccc(C)cc2C(=O)N2CCC[C@@]2(C)c2nc3cc(C)c(C)cc3n2CCF)c1,GMGQBQVXQMNYFZ-HKBQPEDESA-N,0,antagonist,1.0,7.57
CHEMBL5893415,Cc1ccc(-c2ccccn2)c(C(=O)N2CCC[C@@H](C)[C@H]2CNc2nc3cc(Cl)ccc3o2)n1,SVIFTVOTHDCJFS-OPAMFIHVSA-N,0,antagonist,1.0,5.58
CHEMBL5893624,COc1ccc(-c2nnc([C@@H]3CCCN3C(=O)c3cc(C)ccc3-n3nccn3)o2)cc1,UMZBMLLOXJHYSO-FQEVSTJZSA-N,0,antagonist,1.0,5.46
CHEMBL5893649,Cc1nc(C(=O)N2CCC[C@@H](C)[C@H]2CNc2ccc(C(F)(F)F)cn2)c(-c2ccc(F)cc2)s1,SVCKMOGUOXOQCC-AUUYWEPGSA-N,0,antagonist,1.0,5.30551499783199
CHEMBL5893761,CCN(CCc1cccc(C(C)(C)O)n1)C(=O)c1ccc(OC)nc1C1CC1,JNPGEFRBHPHULR-UHFFFAOYSA-N,0,antagonist,1.0,7.8
CHEMBL5893762,Cc1oc([C@@H]2CC[C@@H](C)N(C(=O)c3cccnc3OCC(F)(F)F)C2)nc1C(C)(C)O,VCEBUEFWAVDRNX-TZMCWYRMSA-N,0,antagonist,1.0,7.76
CHEMBL5893819,C[C@@H]1CC(F)(F)CN(C(=O)c2nn(C)nc2-c2ccccn2)C1CNc1ncc(C(F)(F)F)cn1,VQUMCQJIORYGCR-KEKZHRQWSA-N,0,antagonist,1.0,5.301029995663981
CHEMBL5893840,CCN(CCc1ccc(C(C)(C)O)cn1)C(=O)c1ccccc1-n1nccn1,QRJXLEHANGYKEF-UHFFFAOYSA-N,0,antagonist,1.0,7.3
CHEMBL5893849,CCCOc1ccnc(O[C@@H]2CC[C@@H](C)N(C(=O)c3ccccc3-n3nccn3)C2)c1,DEKCVGRQTPIWDY-IEBWSBKVSA-N,0,antagonist,1.0,7.41
CHEMBL5894060,Cc1ccc(-n2nccn2)c(C(=O)N2CCC[C@H]2c2nc(-c3cccnc3OC3CCC3)no2)c1,PDVSZNGWSRAFQD-NRFANRHFSA-N,0,antagonist,1.0,7.24
CHEMBL5894151,Cc1ccc(-n2nccn2)c(C(=O)N2CCC[C@H]2c2nnc(-c3cccc(F)c3C)o2)c1,UZCULVVAJDSANC-FQEVSTJZSA-N,0,antagonist,1.0,7.1
CHEMBL5894191,C=C1C[C@@H](c2nc3cc(Cl)c(C(F)(F)F)cc3[nH]2)N(C(=O)c2cc(F)ccc2-n2nccn2)C1,ATCLXDDIAJSTQC-IBGZPJMESA-N,0,antagonist,1.0,7.75
CHEMBL5894224,COc1ccc(C)c(-c2nc([C@@H]3CCCN3C(=O)c3ccc(C)cc3-n3nccn3)no2)c1,UETJNGPHNQZUIC-FQEVSTJZSA-N,0,antagonist,1.0,7.52
CHEMBL5894320,Cc1nc(C(=O)N2CCCC2c2nc3c(Br)cc(F)cc3[nH]2)c(-c2cccc(Cl)c2)s1,BJCGHWKGGOLPRN-UHFFFAOYSA-N,0,antagonist,1.0,7.13
CHEMBL5894330,CCOc1c(F)cccc1-c1nc([C@@H]2CCCN2C(=O)c2ccc(C)cc2-n2nccn2)no1,WAEXOHCHFPXJKG-IBGZPJMESA-N,0,antagonist,1.0,8.4
CHEMBL5894487,C[C@@H]1CC[C@@H](Oc2nccn3c(C(F)(F)F)cnc23)CN1C(=O)c1ccccc1CS(C)(=O)=O,NDWUNKKITCRFDY-GDBMZVCRSA-N,0,antagonist,1.0,6.77
CHEMBL5894490,COc1ccc(C(=O)N2C[C@H](Oc3nccc(C#N)c3C)CC[C@H]2C)c(N(C)C)n1,YYPGYZGFXSYUNH-RHSMWYFYSA-N,0,antagonist,1.0,7.605
CHEMBL5894519,C[C@@H]1CCCN(C(=O)c2cc(Cl)ccc2-c2ncccn2)[C@@H]1CNc1ccc(Cl)cn1,RMOMVVZBRIYAIB-FOIQADDNSA-N,0,antagonist,1.0,5.301029995663981
CHEMBL5894651,Cc1ccc(-n2nccn2)c(C(=O)N2CCC[C@@H](C)[C@H]2CNc2ncc(C#N)cc2F)n1,ZHEJYTZBJONODD-AUUYWEPGSA-N,0,antagonist,1.0,5.301029995663981
CHEMBL5894782,CS(=O)(=O)N[C@H]1CCCN(C(=O)C2CCC(F)(F)CC2)[C@H]1COC1CCN(c2ccccc2F)CC1,IVGZCQROONLQMS-GMAHTHKFSA-N,1,agonist,1.0,5.68
CHEMBL5894806,CCN(CCc1nc(C(C)(C)O)c(C)o1)C(=O)c1ccccc1C1(C(F)F)CC1,DEZZUPOCYIPJSF-UHFFFAOYSA-N,0,antagonist,1.0,6.84
CHEMBL5894815,Cc1c(Cl)cccc1-c1noc([C@@H]2CCCN2C(=O)c2ccc(C(F)(F)F)cc2-n2nccn2)n1,XHKRQGGFJZGYFT-SFHVURJKSA-N,0,antagonist,1.0,6.66
CHEMBL5894832,Cc1nc(C(=O)N2CCC[C@@H](C(C)C)[C@H]2CNc2nc3ccccc3o2)c(-c2ccc(F)cc2)s1,WRUGARCFVRLOJE-RBBKRZOGSA-N,0,antagonist,1.0,5.0
CHEMBL5894891,COC[C@H](Cc1ccc(C)cc1)n1c(=N)n(Cc2nc3cc(F)ccc3s2)c2ccccc21,OIAQQFLSMYYKRV-FQEVSTJZSA-N,1,agonist,1.0,6.0
CHEMBL5895125,C[C@@H]1CC[C@@H](c2noc(C(C)(C)O)n2)CN1C(=O)c1cccnc1OCC(F)(F)F,KTNDVWLRJJQSIT-VXGBXAGGSA-N,0,antagonist,1.0,7.06
CHEMBL5895262,COc1ccc(-c2cccc(C#N)c2)c(C(=O)N2CCC[C@@]2(C)c2nc3c(C)c(Cl)ccc3[nH]2)c1F,UQWDQPWJPMOPBV-NDEPHWFRSA-N,0,antagonist,1.0,7.31
CHEMBL5895419,N#Cc1ccnc(N2CC[C@@H]3CCN(C(=O)c4ccccc4-n4cccn4)C[C@@H]32)c1,FBBSLQYUDYMMAS-RXVVDRJESA-N,0,antagonist,1.0,6.59
CHEMBL5895423,Cc1sc([C@@H]2CC[C@@H](C)N(C(=O)c3ccc(F)cc3-n3nccn3)C2)nc1C(C)(C)O,HDPALDJRGVHCAI-UKRRQHHQSA-N,0,antagonist,1.0,7.7
CHEMBL5895501,CSc1ccc2nc([C@@H]3CC(c4cnc(-c5ccc(C)c(C)c5)nc4)CN3C=O)[nH]c2c1,WYHNXAWURUTZMU-IMMUGOHXSA-N,0,antagonist,1.0,7.05
CHEMBL5895548,COc1cc(C(=O)N2CCC[C@H]2c2nc(-c3ccccc3OC)no2)c(-n2nccn2)cc1C,PUJXIDCJYRYWTP-SFHVURJKSA-N,0,antagonist,1.0,7.82
CHEMBL5895564,COc1cccc(OC)c1C(=O)N[C@@H]1CCC[C@H]1Nc1nc2ccccc2o1,IJGRYJUBVUCTIR-ZIAGYGMSSA-N,0,antagonist,1.0,5.46
CHEMBL5895568,Cc1cccc(C(=O)N2CCC[C@@H](C)[C@H]2CNc2ccc(C(F)(F)F)cn2)c1-c1ncccn1,ADCIAWCGFADFAQ-OXQOHEQNSA-N,0,antagonist,1.0,6.32
CHEMBL5895709,C[C@@H]1CCCN(C(=O)c2cccc(F)c2-c2ncccn2)[C@@H]1CNc1ccc(Cl)cn1,ISXXZLNGFZBNDF-DNVCBOLYSA-N,0,antagonist,1.0,5.301029995663981
CHEMBL5895897,C[C@@H]1CC(F)(F)CN(C(=O)c2nn(C)cc2-c2cccnc2)C1CNc1ncc(C(F)(F)F)cn1,CZLCZNFIWBTYSL-FWJOYPJLSA-N,0,antagonist,1.0,5.301029995663981
CHEMBL5895989,Cc1ccc(-n2nccn2)c(C(=O)N2CCC[C@H]2c2nc(-c3cnn(C)c3)no2)c1,FYKDJUVDQWCBJR-KRWDZBQOSA-N,0,antagonist,1.0,6.38
CHEMBL5896092,COc1ccnc(O[C@@H]2CC[C@@H](C)N(C(=O)c3ccccc3-n3nccn3)C2)c1C=O,SFLYXQMHTBQRLE-HZPDHXFCSA-N,0,antagonist,1.0,7.43
CHEMBL5896124,Cc1nc(C(=O)N2CCC[C@@H](C)[C@H]2CNc2ccc(C(F)(F)F)cn2)c(-c2cccc(F)c2)s1,MSTBQANRKVSXKE-AUUYWEPGSA-N,0,antagonist,1.0,5.3979400086720375
CHEMBL5896369,C[C@@H]1CC[C@@H](Oc2nccc3c2COC3=O)CN1C(=O)c1ccccc1-c1ncccn1,WXHYBTCQHSANBU-HZPDHXFCSA-N,0,antagonist,1.0,7.7
CHEMBL5896379,Cc1ccc(-n2nccn2)c(C(=O)N2CCC[C@@]2(C)c2nc3cc(OC(F)(F)F)ccc3[nH]2)c1,DOWZCWSQZJMWOI-QFIPXVFZSA-N,0,antagonist,1.0,6.79
CHEMBL5896547,CCn1c([C@]2(C)CCCN2C(=O)c2cc(C)ccc2-c2cccc(F)c2)nc2cc(C)c(C)cc21,YWNGORXGUYZZDF-PMERELPUSA-N,0,antagonist,1.0,7.72
CHEMBL5896555,CCN(CCN(C)c1nccc(C(C)(C)O)n1)C(=O)c1ccccc1OC(F)(F)F,CQPDKUSLEHJDGW-UHFFFAOYSA-N,0,antagonist,1.0,8.0
CHEMBL5896569,COc1cc(C(=O)N2CCC[C@H]2c2nc(-c3cccc(Cl)c3C)no2)c(-n2nccn2)cc1OC,FGJVFGAGGIQTLO-SFHVURJKSA-N,0,antagonist,1.0,7.44
CHEMBL5896622,Cc1ccc(-c2nc(C)sc2C(=O)N2CC[C@H](C)[C@H]2c2nc3c(C)c(Cl)ccc3[nH]2)cc1,VWQIEYGDQSSVAB-FPTDNZKUSA-N,0,antagonist,1.0,6.68
CHEMBL5896629,COC(=O)N1CC[C@H](NS(C)(=O)=O)[C@@H]1CO[C@@H]1CC[C@]2(c3ncccn3)C[C@@H]2C1,JOMHLIUPHAKPTB-SPCJURDBSA-N,0,antagonist,1.0,5.69
CHEMBL5896642,O=C(c1cccc(F)c1-n1cccn1)N1CCC[C@H]1c1nc(-c2ccccc2OC(F)(F)F)no1,DCZJANTVKPBBCM-KRWDZBQOSA-N,0,antagonist,1.0,6.77
CHEMBL5896734,C[C@@H]1CCCN(C(=O)c2ccccc2Oc2ccccc2)[C@@H]1CNc1ccc(C(F)(F)F)cn1,NLGJRSVKPYNZGD-XMSQKQJNSA-N,0,antagonist,1.0,5.0
CHEMBL5896872,Cc1ccc(-n2nccn2)c(C(=O)N2CCC[C@@H](C)[C@H]2CNc2ccc(C(F)(F)F)cn2)n1,BVMLYHVIRMBSIT-RDTXWAMCSA-N,0,antagonist,1.0,5.301029995663981
CHEMBL5896923,CO[C@@H]1CCCN(C(=O)c2nc(C)sc2-c2ccc(F)cc2)[C@@H]1CNc1nc2ccccc2s1,CYMHMGCQAISJKN-WOJBJXKFSA-N,0,antagonist,1.0,6.0
CHEMBL5897107,CCOc1ccccc1-c1noc([C@@H]2CCCN2C(=O)c2nc(C)ccc2-n2nccn2)n1,HYNYAMFXRRRMIX-SFHVURJKSA-N,0,antagonist,1.0,7.0
CHEMBL5897144,Cc1oc(C[C@H]2CCCCN2C(=O)c2cccnc2OCC(F)F)nc1C(C)(C)O,UGWLUPMMVNBOAD-CQSZACIVSA-N,0,antagonist,1.0,7.31
CHEMBL5897388,CCNS(=O)(=O)N[C@H]1CCCN(C(C)=O)[C@H]1CO[C@H]1CC[C@@H](C(C)C)CC1,BUECIRWPTVDSDA-RDGPPVDQSA-N,1,agonist,1.0,6.48
CHEMBL5897431,Cc1cccc(-c2ncccn2)c1C(=O)N1CCC[C@@H](C)[C@H]1CNc1ncc(C(F)(F)F)cn1,NXMJNUNCOFRTTE-DNVCBOLYSA-N,0,antagonist,1.0,5.301029995663981
CHEMBL5897459,COc1cccc(-c2nc(C)ncc2C(=O)N2CCC[C@H]2c2nc3cccc(SC)c3[nH]2)c1,DXIWHEXINQSCME-FQEVSTJZSA-N,0,antagonist,1.0,6.93
CHEMBL5897622,CCN(CCn1ncc(C(C)(C)O)n1)C(=O)c1ccccc1SC(F)(F)F,KVMPPPATQDFNCU-UHFFFAOYSA-N,0,antagonist,1.0,7.47
CHEMBL5897644,COc1ccnc(O[C@@H]2CC[C@@H](C)N(C(=O)c3ccsc3-n3nccn3)C2)c1,BKAWVYDEXMFBBR-UKRRQHHQSA-N,0,antagonist,1.0,7.96
CHEMBL5897654,Cc1c(C#N)ccnc1N(C)[C@@H]1C[C@@H](C)N(C(=O)c2ccccc2-n2nccn2)C1,DHSHKUJCKQGMLT-CRAIPNDOSA-N,0,antagonist,1.0,5.49
CHEMBL5897836,COC[C@H](Cc1ccc(C)cc1)n1c(=N)n(Cc2ccc(C)cc2)c2cc(C(F)(F)F)ccc21,CTYASVCSHGAZKE-QHCPKHFHSA-N,1,agonist,1.0,6.0
CHEMBL5897861,Cc1c(Cl)cccc1-c1noc([C@@H]2CCCN2C(=O)c2cccc(F)c2-c2ccn[nH]2)n1,LOCJXCDSAXLNDA-IBGZPJMESA-N,0,antagonist,1.0,8.3
CHEMBL5897879,CCN(CCc1cccc(C(C)(C)O)n1)C(=O)c1ccccc1-c1ncccn1,VMWCGJBVHQIQLB-UHFFFAOYSA-N,0,antagonist,1.0,7.8
CHEMBL5897909,COc1cc(C(=O)N2CCC[C@H]2c2nnc(-c3cccc(Cl)c3C)o2)c(-n2nccn2)cc1C,IVMDLDGIDMROLZ-IBGZPJMESA-N,0,antagonist,1.0,8.05
CHEMBL5898040,Cc1ccc(CC(C(=O)N2CCCC2)n2c(=N)n(Cc3ccc(C)cc3)c3ccccc32)cc1,VTHPTFUXEDIZJK-UHFFFAOYSA-N,1,agonist,1.0,5.3
CHEMBL5898319,Cc1ccc(-n2nccn2)c(C(=O)NC2COCC2Cc2nc3ccccc3s2)c1,VBHVBFQFMOKUOI-UHFFFAOYSA-N,0,antagonist,1.0,5.0
CHEMBL5898323,Cc1ccc(-n2nccn2)c(C(=O)N2CCC[C@H]2c2nc(-c3cccc(OC(F)F)c3)no2)c1,BYYZAURIVFCTLA-IBGZPJMESA-N,0,antagonist,1.0,7.64
CHEMBL5898351,Cc1ccc(-n2ncc(C)n2)c(C(=O)N2CCC[C@@H](C)[C@H]2CNc2nc3cc(F)ccc3o2)c1,YCYUDFTUFUSQNS-OPAMFIHVSA-N,0,antagonist,1.0,7.07
CHEMBL5898391,CS(=O)(=O)N[C@H]1CCCN(C(=O)C2CC2)[C@H]1COC1CCN(c2ncccn2)CC1(F)F,UKBVFWTXUNZXOM-PYNWJHIZSA-N,1,agonist,1.0,5.96
CHEMBL5898505,Cc1ccccc1-c1noc([C@@H]2CCCN2C(=O)c2cccs2)n1,QJKDDLWNERCCHS-AWEZNQCLSA-N,0,antagonist,1.0,5.0
CHEMBL5898533,Cc1ccc(-n2nccn2)c(C(=O)N2CCCC[C@@H]2Cc2nc(C(C)(C)O)c(C)o2)c1,CNKUPECIMCSHPH-QGZVFWFLSA-N,0,antagonist,1.0,7.34
CHEMBL5898548,Cc1cn2ccnc(O[C@@H]3CC[C@@H](C)N(C(=O)c4ccsc4-n4nccn4)C3)c2n1,REICNUFBPPXMCV-HUUCEWRRSA-N,0,antagonist,1.0,7.56
CHEMBL5898556,CO[C@@H]1C[C@@H](CNC(=O)c2cccc3cccnc23)N(C(=O)c2ccccc2-c2ccccc2)C1,LCUULBNNTBGAPD-XZOQPEGZSA-N,0,antagonist,1.0,6.5
CHEMBL5898659,CO[C@H]1CN(C(=O)c2ccccc2-n2cccn2)C(C)(c2nc3c(C)c(Cl)ccc3[nH]2)C1,PBCMUHCDRZUMPJ-YAOANENCSA-N,0,antagonist,1.0,7.36
CHEMBL5898778,COC(=O)c1c(OC)ccnc1O[C@@H]1CC[C@@H](C)N(C(=O)c2ccc(OC)nc2-n2nccn2)C1,ZMXHKMYTNOFETJ-HUUCEWRRSA-N,0,antagonist,1.0,7.28
CHEMBL5898940,COc1cccc([C@H]2CC[C@@H](OC[C@H]3[C@@H](NS(C)(=O)=O)CCCN3C(C)=O)CC2)c1,WUPOVEARVDYDIQ-TZEULACYSA-N,1,agonist,1.0,6.19
CHEMBL5898961,CO[C@H]1CN(C(=O)c2c(F)cccc2-n2nccn2)C(C)(c2nc3c(C)c(Cl)ccc3[nH]2)C1,DVBLWCSCSNQUJD-PDNQZYNLSA-N,0,antagonist,1.0,6.4
CHEMBL5898976,COC(=O)c1c(OC)ccnc1O[C@@H]1CC[C@@H](C)N(C(=O)c2ccccc2-n2ncnn2)C1,MNSIINCVACWHTA-HUUCEWRRSA-N,0,antagonist,1.0,7.56
CHEMBL5899101,Cc1ccc(-n2nccn2)c(C(=O)N2C[C@H](F)C[C@H]2c2nc3c(C)cccc3[nH]2)c1,CQTHPUWNUCKVCN-BEFAXECRSA-N,0,antagonist,1.0,6.91
CHEMBL5899302,Cc1noc(-c2ccccc2C(=O)N2C[C@H](Oc3nccc(C#N)c3C)CC[C@H]2C)n1,MKWHRZOBGHNYQP-RDTXWAMCSA-N,0,antagonist,1.0,8.61
CHEMBL5899344,CCN(CCc1cccc(C(C)(C)O)n1)C(=O)c1ccccc1CC(F)F,JTDGQMOIKFLWJF-UHFFFAOYSA-N,0,antagonist,1.0,6.85
CHEMBL5899400,Cc1nc(-c2c(F)cccc2C(=O)N2C[C@H](Oc3nccc4c3C(=O)OC4(C)C)CC[C@H]2C)no1,BXJOBWVQZPRGCW-UKRRQHHQSA-N,0,antagonist,1.0,7.05
CHEMBL5899402,C=C1CC(c2nc3cc(C)c(C)cc3[nH]2)N(C(=O)c2nc(C3CC3)sc2-c2cccc(C)c2)C1,BRFBCCDIGLCYOL-UHFFFAOYSA-N,0,antagonist,1.0,9.0
CHEMBL5899439,Cc1oc([C@@H]2CC[C@@H](C)N(C(=O)c3cccc4ccnn34)C2)nc1C(C)(C)O,VWPFESSQIVZPGD-UKRRQHHQSA-N,0,antagonist,1.0,6.96
CHEMBL5899514,O=C(c1cccc(F)c1-c1ccn[nH]1)N1CCC[C@H]1c1nc(-c2ccccc2C(F)(F)F)no1,ZYYJHLVIOUESGP-SFHVURJKSA-N,0,antagonist,1.0,7.04
CHEMBL5899537,COc1ccc(-c2ccc(C)cc2C(=O)N2CCC[C@@]2(C)c2nc3c(C)c(C)ccc3[nH]2)cc1,LFNXJZHRCAOQKF-LJAQVGFWSA-N,0,antagonist,1.0,7.8
CHEMBL5899555,COC(=O)c1c(C#N)ccnc1O[C@@H]1CC[C@@H](C)N(C(=O)c2ccc(F)cc2-c2noc(C)n2)C1,ICGPEGAQYJYXAS-CXAGYDPISA-N,0,antagonist,1.0,7.52
CHEMBL5899593,O=C(c1cc(Cl)ccc1-n1nccn1)N1CCC[C@H]1c1nc(-c2ccccc2OC(F)F)no1,QVUZFDZDFJVVPU-KRWDZBQOSA-N,0,antagonist,1.0,7.77
CHEMBL5899678,CC[C@@H]1CCCN(C(=O)c2nc(C)sc2-c2ccc(F)cc2)[C@@H]1CNc1ccc(C(F)(F)F)cn1,AIXBROIGFFHFIB-OXQOHEQNSA-N,0,antagonist,1.0,5.3979400086720375
CHEMBL5899791,C=C1C[C@@H](c2nc3c(C)cccc3[nH]2)N(C(=O)c2nc(C)sc2-c2cccc(Cl)c2)C1,UURXFYJBJKQNHB-IBGZPJMESA-N,0,antagonist,1.0,8.7
CHEMBL5899825,CO[C@@H]1C[C@@H](c2nc3ccc(Cl)c(C)c3[nH]2)N(C(=O)c2cc(C)c(C)cc2-n2nccn2)C1,UVNZNIABJSNWOQ-IERDGZPVSA-N,0,antagonist,1.0,8.7
CHEMBL5899882,C=C1C[C@@H](c2nc3ccc(Cl)c(C)c3[nH]2)N(C(=O)c2cc(C)c(C)cc2-n2nccn2)C1,ZZUZMFIWZAUINT-NRFANRHFSA-N,0,antagonist,1.0,9.22
CHEMBL5899917,N#Cc1ccnc(N2CC[C@@H]3CCN(C(=O)c4cccnc4OCC(F)(F)F)C[C@@H]32)c1,JIIGDSDVNKLSBM-RDJZCZTQSA-N,0,antagonist,1.0,6.91
CHEMBL5900096,COc1ccc2[nH]c([C@@H]3CCCN3C(=O)c3nc(C)sc3-c3cccc(Cl)c3)nc2c1,XYVPOQGVLHKCMJ-IBGZPJMESA-N,0,antagonist,1.0,7.105
CHEMBL5900216,COC(=O)N1[C@H](C(F)F)C[C@H](NS(=O)(=O)C(C)C)[C@@H]1COC1CCC2(c3ncc(F)cn3)CC2C1,JYIQCOMGNPYAMM-ZNAVOJNPSA-N,0,antagonist,1.0,8.62
CHEMBL5900485,CN(C(=O)c1c(F)cccc1F)[C@H]1CCC[C@@H]1Nc1nc2ccc(F)cc2s1,YITXDHGPPVHVNJ-HOCLYGCPSA-N,0,antagonist,1.0,5.6
CHEMBL5900695,Cc1nc(C(=O)N2CC[C@H](C)[C@H]2c2nc3c(C)c(Cl)ccc3[nH]2)c(-c2ccc(Cl)cc2)s1,HOHXELLMHKNVOC-QKVFXAPYSA-N,0,antagonist,1.0,6.91
CHEMBL5900932,C[C@@H]1CC[C@@H](Sc2cc(C#N)ccn2)CN1C(=O)c1ccc(Cl)cc1-n1nccn1,DBKYHZCQZZBBQG-RHSMWYFYSA-N,0,antagonist,1.0,7.81
CHEMBL5901009,CC(C)OC(=O)N1[C@H](C(F)F)C[C@H](NS(C)(=O)=O)[C@@H]1CO[C@H]1CC[C@@]2(c3ncc(F)cn3)C[C@H]2C1,NLSACSIOWDHICK-NSEUMDIBSA-N,0,antagonist,1.0,8.85
CHEMBL5901193,C[C@@H]1CC[C@@H](c2nsc(C(C)(C)O)n2)CN1C(=O)c1ccccc1OCC(F)(F)F,ZOCRWKCJVRVUBP-CHWSQXEVSA-N,0,antagonist,1.0,6.91
CHEMBL5901196,Cc1noc(-c2ccccc2C(=O)N(C)[C@H]2CCC[C@@H]2Nc2nc3ccc(F)cc3s2)n1,ZZOMOANEXSPUDO-HKUYNNGSSA-N,0,antagonist,1.0,5.92
CHEMBL5901260,Cc1oc(CCN(CCO)C(=O)c2ccccc2-n2nccn2)nc1C(C)(C)O,CLMGGGVZYMYSEZ-UHFFFAOYSA-N,0,antagonist,1.0,7.01
CHEMBL5901324,Cc1ccc(-c2ccc(C)cc2C(=O)N2CCC[C@@H](C)[C@H]2CNc2ccc(C(F)(F)F)cn2)nc1,UZLPTWNVMJUCDE-NTKDMRAZSA-N,0,antagonist,1.0,5.66
CHEMBL5901461,Cc1c(Cl)cccc1-c1noc([C@@H]2CCCN2C(=O)c2[nH]cnc2-c2ccccc2)n1,UYIFCCDJPWJDNT-SFHVURJKSA-N,0,antagonist,1.0,6.54
CHEMBL5901535,Cc1cn2ccnc(O[C@@H]3CC[C@@H](C)N(C(=O)c4ccccc4CS(C)(=O)=O)C3)c2n1,SJDFLHFELXXPDH-SJLPKXTDSA-N,0,antagonist,1.0,7.33
CHEMBL5901668,O=C(c1ccc(Cl)cc1-n1nccn1)N1CCC[C@H]1c1noc(-c2ccccc2OC(F)(F)F)n1,FRYUNBZKBYREKE-INIZCTEOSA-N,0,antagonist,1.0,7.96
CHEMBL5901754,C[C@@H]1CC[C@@H](N(C)c2nccc3c2C(=O)O[C@@H]3C)CN1C(=O)c1ccccc1-n1nccn1,QLFJRMDPVABIGY-BRWVUGGUSA-N,0,antagonist,1.0,7.46
CHEMBL5901766,C[C@@H]1CC[C@@H](Oc2nccn3ccnc23)CN1C(=O)c1nccnc1-n1nccn1,SFBTXLBGGVSGEA-ZIAGYGMSSA-N,0,antagonist,1.0,7.5
CHEMBL5901893,CCN(CCN(C)c1nc(C)cc(C)n1)C(=O)c1ccccc1C1CCC1,NOLGTXNFZRHOLY-UHFFFAOYSA-N,0,antagonist,1.0,7.69
CHEMBL5901901,COC(=O)c1c(N2CCN(C)CC2)ccnc1O[C@@H]1CC[C@@H](C)N(C(=O)c2ccccc2-n2nccn2)C1,RDXSSXVHLNADAH-WOJBJXKFSA-N,0,antagonist,1.0,5.82
CHEMBL5902473,COc1cccnc1N[C@@H]1C[C@@H](C)N(C(=O)c2ccccc2-c2noc(C)n2)C1,LJZGWJDJMAPPJL-UKRRQHHQSA-N,0,antagonist,1.0,6.3
CHEMBL5902711,C=C1C[C@@H](c2nc3cccc(C)c3[nH]2)N(C(=O)c2nc(C)sc2-c2ccc(F)cc2)C1,LKJVMTZGYDHCII-IBGZPJMESA-N,0,antagonist,1.0,8.3
CHEMBL5902740,COc1ccc(C)cc1-c1nc([C@@H]2CCCN2C(=O)c2ccc(Cl)cc2-n2nccn2)no1,BDKZCWUCGJUALO-SFHVURJKSA-N,0,antagonist,1.0,7.55
CHEMBL5902842,C[C@@H]1CC[C@@H](Oc2cccc(C(C)(O)C(F)F)c2)CN1C(=O)c1ccccc1-n1nccn1,DVBQDDQZNMVUDJ-CDCMMKFZSA-N,0,antagonist,1.0,7.75
CHEMBL5902868,CC(C)OC(=O)N1[C@H](C)C[C@H](NS(=O)(=O)N(C)C)[C@@H]1COC1CCC2(c3ncccn3)CC2C1,ASJNSAHJFYSISJ-HIGCCOIBSA-N,0,antagonist,1.0,8.12
CHEMBL5902874,Cc1nc(-c2ccccc2C(=O)N2C[C@H](Oc3cc(OCC(F)F)ccn3)CC[C@H]2C)no1,OMBSEAHYCKDTMZ-RHSMWYFYSA-N,0,antagonist,1.0,7.25
CHEMBL5903147,Cc1ccc(-c2ccccn2)c(C(=O)N2CCC[C@@H](C)[C@H]2CNc2ncc(F)cn2)c1,AWAKPXPQECZJHS-VGOFRKELSA-N,0,antagonist,1.0,5.301029995663981
CHEMBL5903207,Cc1c(C#N)ccnc1O[C@@H]1CC[C@@H](C)N(C(=O)c2c(F)cccc2-c2nccs2)C1,ZOGCROSEQPHNQF-RHSMWYFYSA-N,0,antagonist,1.0,9.075
CHEMBL5903238,Cc1ccc(-c2ncccn2)c(C(=O)N2CCC[C@@H](C)[C@H]2CNc2ncc(C(F)(F)F)cn2)n1,UBDAMZPPOURCBV-RDTXWAMCSA-N,0,antagonist,1.0,5.6
CHEMBL5903279,CCNC(=O)N1CCC[C@H](NS(C)(=O)=O)[C@@H]1CO[C@H]1C[C@@H](c2ccccc2)C1,DODIMYOCWULPBE-RDGPPVDQSA-N,1,agonist,1.0,7.23
CHEMBL5903305,COc1ccc(-n2nccn2)c(C(=O)N2CCC[C@@]2(C)c2nc3cc(C)c(C)cc3[nH]2)c1F,IFRYNUFYRDDSNR-DEOSSOPVSA-N,0,antagonist,1.0,6.7
CHEMBL5903319,C=C1C[C@@H](c2nc3cc(C(C)(C)C)ccc3[nH]2)N(C(=O)c2nc(C)sc2-c2ccc(C)c(C)c2)C1,YGXJEUOLAHXSGH-DEOSSOPVSA-N,0,antagonist,1.0,7.96
CHEMBL5903402,Cc1ccc(-n2nccn2)c(C(=O)N2CCC[C@@]2(C)c2nc3cc(SC(F)(F)F)ccc3[nH]2)c1,YYRSESSZIFNYPG-QFIPXVFZSA-N,0,antagonist,1.0,6.79
CHEMBL5903680,Cc1cccc(-c2sc(C)nc2C(=O)N2CC(F)(F)C[C@@H](C)C2CNc2ncc(C(F)(F)F)cn2)c1,GVFLWWJFPNMWFS-IKJXHCRLSA-N,0,antagonist,1.0,5.301029995663981
CHEMBL5903715,C[C@@H]1CC[C@@H](c2cnn(CC(F)F)c2)CN1C(=O)c1ccccc1-n1nccn1,KCGXTYPFQZDILU-HUUCEWRRSA-N,0,antagonist,1.0,6.74
CHEMBL5903747,CC(=O)OC[C@H](Cc1ccc(C)cc1)n1c(=N)n(C(c2ccc(C)cc2)C2CC2)c2ccccc21,ULFNCVDAENGKIE-QUWDGAPNSA-N,1,agonist,1.0,5.82
CHEMBL5903815,N#Cc1ccnc(N2CC[C@@H]3CCN(C(=O)c4cc(F)ccc4-n4nccn4)C[C@@H]32)c1,WKIBIIXLXWJDQE-JXFKEZNVSA-N,0,antagonist,1.0,7.2
CHEMBL5903828,C[C@@H]1CCCN(C(=O)c2cccc(F)c2-n2nccn2)[C@@H]1CNc1ccc(Cl)cn1,FBNSFKNHZMQGLH-RDTXWAMCSA-N,0,antagonist,1.0,5.301029995663981
CHEMBL5903849,O=C(NCC1CCC(NCCO)CN1C(=O)c1ccccc1-c1ccccc1)c1cccc2cccnc12,QXOYXBXFMZTJDV-UHFFFAOYSA-N,0,antagonist,1.0,6.85
CHEMBL5903880,CO[C@@H]1C[C@@H](c2nc3ccc(Cl)c(C)c3[nH]2)N(C(=O)c2nc(N(C)C)sc2-c2ccc(C)c(C)c2)C1,BRMIJZHNESDJJS-NQIIRXRSSA-N,0,antagonist,1.0,8.0
CHEMBL5903896,CCN(CCN(C)c1cc(C#N)ccn1)C(=O)c1cccc2oc(=O)[nH]c12,OQHCCSBWOFYLDC-UHFFFAOYSA-N,0,antagonist,1.0,5.0
CHEMBL5903904,Cc1nc(C(=O)N2CCCC2c2nc3cc(C(C)(C)C)ccc3[nH]2)c(-c2ccccc2)s1,QMIPUUXSVVYUHB-UHFFFAOYSA-N,0,antagonist,1.0,7.38
CHEMBL5904120,C=C1CC(c2nc3c(C)c(Cl)ccc3[nH]2)N(C(=O)c2nc(C3CC3)sc2-c2cccc(C)c2)C1,UNTSUUSNBKJZFC-UHFFFAOYSA-N,0,antagonist,1.0,8.7
CHEMBL5904129,Cc1ccc(-n2nccn2)c(C(=O)N2CCC[C@H]2c2nc(-c3cccnc3OC(F)F)no2)c1,NFUAMNKNBVJOHM-KRWDZBQOSA-N,0,antagonist,1.0,7.4
CHEMBL5904141,C=C1CC(c2nc3cc(C)c(C)cc3[nH]2)N(C(=O)c2cc(C)sc2-c2ccc(C)c(C)c2)C1,NAWQLSFCZPKTIZ-UHFFFAOYSA-N,0,antagonist,1.0,8.4
CHEMBL5904157,CCN(CCN(C)c1nc(C)cc(C)n1)C(=O)c1ccc(F)cc1-n1nccn1,JVEQWXPKUYMQAY-UHFFFAOYSA-N,0,antagonist,1.0,7.9
CHEMBL5904228,C[C@@H]1CC[C@@H](Oc2ccc3c(c2)[C@@H](O)CC3)CN1C(=O)c1ccccc1-n1nccn1,JQYXDTJYVYRKOX-HFXUHXBXSA-N,0,antagonist,1.0,6.41
CHEMBL5904246,Cc1ccc(-c2ccccn2)c(C(=O)N2CCC[C@@H](C)[C@H]2CNc2nc3cc(Cl)ccc3o2)c1,JVJPBEPAVWKUIU-HOYKHHGWSA-N,0,antagonist,1.0,6.38
CHEMBL5904257,Cc1cc(-n2nccn2)c(C(=O)N2CCC[C@@]2(C)c2nnc(-c3cccc(Cl)c3C)[nH]2)cc1Cl,JVGAPNCXZBZNNL-DEOSSOPVSA-N,0,antagonist,1.0,8.15
CHEMBL5904267,Cc1ccc(-n2nccn2)c(C(=O)N2CCC(F)(F)C[C@H]2CNc2ncc(C(F)(F)F)cn2)c1,UBLDMODIJJPHMK-HNNXBMFYSA-N,0,antagonist,1.0,5.301029995663981
CHEMBL5904321,C[C@@H]1CCCN(C(=O)c2ccccc2-n2nccn2)[C@@H]1CNc1ccc(C(F)(F)F)cn1,FCVLRNRCGDIIDA-DNVCBOLYSA-N,0,antagonist,1.0,5.9350000000000005
CHEMBL5904345,Cc1ccnc(-c2cn(C)nc2C(=O)N2CC(F)(F)C[C@@H](C)[C@H]2CNc2ncc(C(F)(F)F)cn2)n1,NVRJIZFPCIGOSX-MLGOLLRUSA-N,0,antagonist,1.0,5.301029995663981
CHEMBL5904378,COc1cc2nc([C@]3(C)CCCN3C(=O)c3c(-n4nccn4)ccc(OC)c3F)[nH]c2cc1OC,VCGDWTXNEHVLAT-DEOSSOPVSA-N,0,antagonist,1.0,5.92
CHEMBL5904404,Cc1ccc(CC(CNC(=O)CO)n2c(=N)n(C(C)c3ccc(Cl)nc3)c3ccccc32)cc1,AXFHJKIFFUWGNN-UHFFFAOYSA-N,1,agonist,1.0,5.82
CHEMBL5904424,Cc1ccc(-n2nccn2)c(C(=O)N[C@H]2CCC[C@@H]2Nc2ncc3ccccc3n2)c1,OMFZOCJRJAKJIQ-PMACEKPBSA-N,0,antagonist,1.0,5.0
CHEMBL5904538,Cc1ccc(-n2nccn2)c(C(=O)N2CCC[C@@]2(C)c2nc3cc(F)c(Br)cc3[nH]2)c1,VCQFUAGWDVFPQB-QFIPXVFZSA-N,0,antagonist,1.0,7.1
CHEMBL5904640,CCN(CCN(C)c1nc(OC)cc(OC)n1)C(=O)c1ccccc1-n1nccn1,GQLHMJGTXDXXRM-UHFFFAOYSA-N,0,antagonist,1.0,6.47
CHEMBL5904817,CCN(CCN(C)c1nccc(C(C)(C)O)n1)C(=O)c1cccnc1CC(F)(F)F,WNHOUZGTOJGLAN-UHFFFAOYSA-N,0,antagonist,1.0,6.75
CHEMBL5905038,CCN(CCN(C)c1nccc(C(C)(C)O)n1)C(=O)c1ccccc1OCC(F)(F)F,RHNREHFQUWKTCA-UHFFFAOYSA-N,0,antagonist,1.0,7.5
CHEMBL5905181,COc1ccc2nc([C@@H]3CCCN3C(=O)c3cncnc3-c3ccc(Br)c(Cl)c3)[nH]c2c1,YGIGTNINTALUAH-FQEVSTJZSA-N,0,antagonist,1.0,6.83
CHEMBL5905292,O=S(=O)(N[C@H]1CCCN[C@H]1CO[C@H]1CC[C@@H](c2ccccc2)CC1)C1CC1,QDVASRUBWHYCBT-YHELAOLJSA-N,1,agonist,1.0,5.89
CHEMBL5905339,COC(=O)N1[C@H](C)C[C@H](NS(=O)(=O)N(C)C)[C@@H]1CO[C@H]1CC[C@H](c2cccc(F)c2)CC1,VRCBPPQSWQSLSW-GQFKRECVSA-N,0,antagonist,1.0,8.08
CHEMBL5905360,CO[C@@H]1C[C@@H](c2nc3ccc(Cl)c(C)c3[nH]2)N(C(=O)c2cc(C(F)(F)F)ccc2-n2nccn2)C1,JYAPWUDTYSCHPQ-KUHUBIRLSA-N,0,antagonist,1.0,7.29
CHEMBL5905371,C#Cc1cccc(N2CC[C@@H]3CCN(C(=O)c4ccccc4-n4nccn4)C[C@@H]32)c1,CTZCCIJDYLTJRX-CVDCTZTESA-N,0,antagonist,1.0,5.76
CHEMBL5905569,COc1cc(C(=O)N2CCC[C@H]2c2cc(-c3ccccc3)on2)c(-n2nccn2)cc1C,PLMYPKXVXMFNHI-FQEVSTJZSA-N,0,antagonist,1.0,7.8
CHEMBL5905582,Cc1cccc(-c2ccccc2C(=O)N2CCC[C@@]2(C)c2nc3c(C)c(C)ccc3[nH]2)c1,BQVAWCBKNUTDJG-NDEPHWFRSA-N,0,antagonist,1.0,7.46
CHEMBL5905628,Cc1ccc(-c2nnn(C)n2)c(C(=O)N2CC(F)(F)C[C@@H](C)[C@H]2CNc2ncc(C(F)(F)F)cn2)n1,QEKDVTPQPCWSQD-IAQYHMDHSA-N,0,antagonist,1.0,5.301029995663981
CHEMBL5905778,CN(C(=O)c1ccccc1-n1cccn1)[C@H]1CCC[C@@H]1Nc1nc2ccc(F)cc2s1,OQAWFCAOFHFFQS-PXNSSMCTSA-N,0,antagonist,1.0,5.96
CHEMBL5905895,Cc1nc(C(=O)N2CC[C@H](C)[C@H]2c2nc3c(C(F)(F)F)cccc3[nH]2)c(-c2cc(F)cc(F)c2)s1,YZBWYBNNDWXNHW-YBTHPKLGSA-N,0,antagonist,1.0,5.77
CHEMBL5905920,CC(C)OC(=O)N1CCC[C@H](NS(C)(=O)=O)[C@@H]1CO[C@H]1C[C@@H](c2ccccc2)C1,BTPSMLCXKSIJDF-YRPNKDGESA-N,1,agonist,1.0,5.8
CHEMBL5905923,COc1ccnc(O[C@@H]2CC[C@@H](C)N(C(=O)c3ccc(F)cc3-n3nccn3)C2)c1,LOFWBVNSZHSGNN-RHSMWYFYSA-N,0,antagonist,1.0,7.66
CHEMBL5906025,CSCCOC[C@H](Cc1ccc(C)cc1)n1c(=N)n(C(c2ccc(C)cc2)C2CC2)c2ccccc21,ASZWQZDXBIEEMG-CEBUJLNPSA-N,1,agonist,1.0,6.0
CHEMBL5906101,C=C1C[C@@H](c2nc3ccc(Cl)c(C)c3[nH]2)N(C(=O)c2nc(C)sc2-c2ccc(Br)cc2)C1,GPDVOLXLGIEJML-IBGZPJMESA-N,0,antagonist,1.0,8.52
CHEMBL5906141,C[C@@H]1CC[C@@H](c2csc(C(C)(C)O)n2)CN1C(=O)c1cscc1-c1ncccn1,PNTDGVUDXHQARS-ZIAGYGMSSA-N,0,antagonist,1.0,6.89
CHEMBL5906243,Cc1cc2[nH]c([C@@H]3[C@@H](C)CCN3C(=O)c3cc(Cl)ccc3-n3nccn3)nc2cc1Cl,KNPKLOPHGBSXHO-YUNKPMOVSA-N,0,antagonist,1.0,6.88
CHEMBL5906313,CCN(CCN(C)c1cc(C#N)ccn1)C(=O)c1ccccc1-c1nnn[nH]1,PWFJZVHKNLAAMM-UHFFFAOYSA-N,0,antagonist,1.0,5.0
CHEMBL5906459,C=C1C[C@@H](c2nc3cc(C(C)(C)C)ccc3[nH]2)N(C(=O)c2cc(OC)c(OC)cc2-n2nccn2)C1,KDPQZFNDNILOTA-QFIPXVFZSA-N,0,antagonist,1.0,7.82
CHEMBL5906559,CCn1c([C@]2(C)CCCN2C(=O)c2cc(C)ccc2-c2ccc(C)cc2)nc2cc(C)c(C)cc21,FTNDSQWTMFXGKC-HKBQPEDESA-N,0,antagonist,1.0,7.52
CHEMBL5906597,Cc1ccc(-c2cnn(C)c2)c(C(=O)N2CCC[C@@H](C)[C@H]2CNc2nc3ccccc3o2)c1,VLNTXGZTFHOWLZ-WZONZLPQSA-N,0,antagonist,1.0,5.3979400086720375
CHEMBL5906634,CC(C)OC(=O)N1[C@H](C)C[C@H](NS(C)(=O)=O)[C@@H]1COC1CCC2(c3ncc(Cl)cn3)CC2C1,LTHCIGMBXLRKPA-WOIDTSMQSA-N,0,antagonist,1.0,7.77
CHEMBL5906876,CSc1cccc2nc([C@@H]3CCCN3C(=O)c3ccc(C)cc3-n3nccn3)[nH]c12,YFRANIJCEMWOCV-KRWDZBQOSA-N,0,antagonist,1.0,8.52
CHEMBL5906883,Cc1cnc(N2CC[C@@H]3CCN(C(=O)c4ccccc4-n4nccn4)C[C@@H]32)cn1,CCXWSMMQATYWSK-LPHOPBHVSA-N,0,antagonist,1.0,5.68
CHEMBL5906980,Cc1ccc(CC(CNC(=O)c2ccno2)n2c(=N)n(Cc3ccc(C)cc3)c3ccccc32)cc1,BKNIVGUYEGLONT-UHFFFAOYSA-N,1,agonist,1.0,5.3
CHEMBL5907123,Cc1ccc(-c2ccc(C)nc2)c(C(=O)N2CCC[C@@H](C)[C@H]2CNc2nc3cc(Cl)ccc3o2)c1,SZZAIOXALICHOP-IQGLISFBSA-N,0,antagonist,1.0,5.301029995663981
CHEMBL5907227,C[C@@H]1CC[C@@H](Oc2nccc3c2C(=O)OC3(C)C)CN1C(=O)c1cc(F)ccc1-n1nccn1,NPUZEKYIQIDXNS-GDBMZVCRSA-N,0,antagonist,1.0,7.64
CHEMBL5907299,CSc1ccc2[nH]c([C@@H]3CCCN3C(=O)c3nc(C)ccc3-n3cccn3)nc2c1,MXVCPQMIWOKSFK-IBGZPJMESA-N,0,antagonist,1.0,7.02
CHEMBL5907377,Cc1nc(C(=O)N2CCC[C@@]2(C)c2nc3c(C)c(Cl)ccc3n2C)c(-c2ccccc2)s1,UNRBBSQFBPJIAV-VWLOTQADSA-N,0,antagonist,1.0,8.52
CHEMBL5907413,C[C@@H]1CC[C@@H](Sc2cc(C#N)ccn2)CN1C(=O)c1ccccc1C1CC1,XFIQWNRLIDBYAS-CRAIPNDOSA-N,0,antagonist,1.0,7.74
CHEMBL5907434,Cc1ccc(-n2nccn2)c(C(=O)N2CCC[C@@]2(C)c2nc3c(Cl)cc(C(F)(F)F)cc3[nH]2)c1,HMZIXNYLVIPJPT-QFIPXVFZSA-N,0,antagonist,1.0,7.51
CHEMBL5907535,COC(=O)N1[C@H](C)C[C@H](NS(=O)(=O)N2CCC2)[C@@H]1CO[C@H]1CC[C@@]2(c3ncc(F)cn3)C[C@H]2C1,DTNQHDYDRZFPRF-YQRBJHIPSA-N,0,antagonist,1.0,8.7
CHEMBL5907674,C[C@@H]1CC[C@@H](Oc2cccc(C(C)(O)C3CCC3)c2)CN1C(=O)c1ccccc1-n1nccn1,YVKAPYCWIRLNDQ-LGQXGHRRSA-N,0,antagonist,1.0,7.09
CHEMBL5907760,CC1(Nc2nc3ccc(F)cc3s2)CCCC1NC(=O)c1ccccc1-n1nccn1,RXEMAWQWSBXLGB-UHFFFAOYSA-N,0,antagonist,1.0,7.22
CHEMBL5907781,CC(C)OC(=O)N1CCC[C@H](NS(C)(=O)=O)[C@@H]1CO[C@H]1CCN(c2ncccn2)C[C@H]1F,ZKWLIYIFBPMANN-OWSLCNJRSA-N,1,agonist,1.0,7.52
CHEMBL5907900,C=C1CN(C(=O)c2nc(N(C)C)sc2-c2ccc(C)c(C)c2)C(C)(c2nc3cc(OC)ccc3[nH]2)C1,MDOFWYOTVXOOFK-UHFFFAOYSA-N,0,antagonist,1.0,7.25
CHEMBL5908169,COc1cc(O)ccc1-c1noc([C@@H]2CCCN2C(=O)c2cc(C)ccc2-n2nccn2)n1,RZLAHHGALVVEIM-IBGZPJMESA-N,0,antagonist,1.0,7.28
CHEMBL5908268,CS(=O)(=O)N[C@H]1CCCN[C@H]1CO[C@H]1CC[C@@H](c2c(F)cccc2F)CC1,GEMQYTQUWYZBDM-DACLVMHWSA-N,1,agonist,1.0,6.89
CHEMBL5908305,CCN(CCc1ccc(C(C)(C)O)cn1)C(=O)c1ccc(F)cc1-n1nccn1,XTRIJUNORZKAMF-UHFFFAOYSA-N,0,antagonist,1.0,7.58
CHEMBL5908362,CCN(CCN(C)c1cccc(C(C)(C)O)n1)C(=O)c1ccccc1OCC(F)F,PTJNGZHULGZPDE-UHFFFAOYSA-N,0,antagonist,1.0,6.75
CHEMBL5908382,C[C@@]1(c2nc3cc(Cl)c(C(F)(F)F)cc3[nH]2)CCCN1C(=O)c1nc(-c2ccc(F)cc2)sc1-c1ccc(F)cc1,BEBSJFMBUMEWMA-NDEPHWFRSA-N,0,antagonist,1.0,6.46
CHEMBL5908458,C=C1CN(C(=O)c2nc(C)sc2-c2cccc(Cl)c2)C(C)(c2nc3cc(OC)ccc3[nH]2)C1,XZEKSAQHLZVXPD-UHFFFAOYSA-N,0,antagonist,1.0,7.8
CHEMBL5908534,CC[C@](C)(O)c1cc([C@@H]2CC[C@@H](C)N(C(=O)c3ccccc3-n3nccn3)C2)no1,WUQIKHJVPQKMFW-MCFFVMPBSA-N,0,antagonist,1.0,7.82
CHEMBL5908807,Cc1cc(C(=O)N2CCC[C@H]2c2nc(-c3ccccc3OC(F)F)no2)c(-n2nccn2)cc1C,FHKLCVQERNPNFB-SFHVURJKSA-N,0,antagonist,1.0,8.52
CHEMBL5908826,C=C1C[C@@H](c2nc3cc(OC)ccc3[nH]2)N(C(=O)c2nccnc2-c2ccc(C)cc2)C1,CWSJYLNNFBKRAO-NRFANRHFSA-N,0,antagonist,1.0,6.93
CHEMBL5909020,Cc1ccc(-n2nccn2)c(C(=O)N2CCC[C@@H](C)[C@H]2CNc2ncc(C(F)(F)F)cn2)n1,JZUGYYPKJKQEMG-CXAGYDPISA-N,0,antagonist,1.0,5.301029995663981
CHEMBL5909112,CCN(CCc1cccc(C(C)(C)O)n1)C(=O)c1cccnc1OCC(F)F,OHEGNZYLXGXBPP-UHFFFAOYSA-N,0,antagonist,1.0,7.02
CHEMBL5909171,CCN(CCN(C)c1nccc(C(C)(C)O)n1)C(=O)c1ncccc1-c1ccccc1,XTJVFLLXMZCHNV-UHFFFAOYSA-N,0,antagonist,1.0,7.64
CHEMBL5909227,COc1cc(C(=O)N2CCC[C@H]2c2nnc(-c3ccccc3OC)[nH]2)c(-n2nccn2)cc1Cl,RSXKWQLWTISAIG-KRWDZBQOSA-N,0,antagonist,1.0,8.0
CHEMBL5909262,Cc1cccc(-c2cn(C)nc2C(=O)N2CC(F)(F)C[C@@H](C)C2CNc2cnc(C(F)(F)F)cn2)c1,YVMQLRIIAJXSBP-NNJIEVJOSA-N,0,antagonist,1.0,5.301029995663981
CHEMBL5909291,CCN(CCc1nc(C(C)(C)O)c(C)o1)C(=O)c1ccccc1C(=O)OC,YEOIUAOVKUYCCN-UHFFFAOYSA-N,0,antagonist,1.0,6.2
CHEMBL5909295,CC(O)c1cccc(O[C@@H]2CC[C@@H](C)N(C(=O)c3ccccc3-n3nccn3)C2)c1,XDJJCJFEMWSXSZ-RMRANGLJSA-N,0,antagonist,1.0,7.01
CHEMBL5909361,Cc1ccc(-c2ccccc2C(=O)N2CC[C@H](C)[C@H]2c2nc3c(C)cc(Cl)cc3[nH]2)cc1,DYGMNLMPFFDBNB-GKVSMKOHSA-N,0,antagonist,1.0,6.67
CHEMBL5909394,Cc1cc(C(=O)N2CCC[C@H]2c2nc(-c3ccccc3OC(F)(F)F)no2)c(-n2cccn2)cc1C,AQBWFIUDEKGTJW-IBGZPJMESA-N,0,antagonist,1.0,8.15
CHEMBL5909465,CCN(CCN(C)c1cc(C#N)ccn1)C(=O)c1c(F)cccc1-n1ccnn1,IMIDHDSOQCQDGD-UHFFFAOYSA-N,0,antagonist,1.0,6.03
CHEMBL5909543,Cc1ccc(-c2cn(C)nc2C(=O)N2CC(F)(F)C[C@@H](C)C2CNc2ncc(C(F)(F)F)cn2)nc1,YQRBNGYHOSXNCP-IKJXHCRLSA-N,0,antagonist,1.0,5.301029995663981
CHEMBL5909607,CCN(CCn1ncc(C(C)(C)O)n1)C(=O)c1ccccc1N1CCCC1,AIMAMCXXHOUORC-UHFFFAOYSA-N,0,antagonist,1.0,7.39
CHEMBL5909658,CCc1ccc(-c2sc(C)nc2C(=O)N2CCC[C@H]2c2nc3ccc(OC)cc3[nH]2)cc1,MYECXQQMURIEKE-NRFANRHFSA-N,0,antagonist,1.0,7.09
CHEMBL5909911,CSc1ccc2nc([C@@H]3CCCN3C(=O)c3cnc(C)nc3-c3ccc(F)cc3)[nH]c2c1,ATKSNTOBTLXHCR-NRFANRHFSA-N,0,antagonist,1.0,6.97
CHEMBL5910014,COc1ccc(-n2nccn2)c(C(=O)N2CCC[C@@]2(C)c2nc3c(C)c(Cl)ccc3[nH]2)c1F,ZIOLGWZUALIXFS-QHCPKHFHSA-N,0,antagonist,1.0,7.8
CHEMBL5910085,Cc1cccc(-c2ccc(C)cc2C(=O)N2CCC[C@@]2(C)c2nc3cc(C)c(C)cc3n2CC2CC2)c1,YENKJLHNIDTAKF-XIFFEERXSA-N,0,antagonist,1.0,7.27
CHEMBL5910130,Cc1oc([C@@H]2CC[C@@H](C)N(C(=O)c3cccnc3OCC(F)F)C2)nc1C(C)(C)O,SVFDDJQTGMNFIP-TZMCWYRMSA-N,0,antagonist,1.0,7.85
CHEMBL5910220,Cc1ccc(-c2cccc(C#N)c2)c(C(=O)N2CCC[C@@]2(C)c2nc3cc(C(F)(F)F)ccc3[nH]2)c1,DHCCDMRRLMRBGA-MHZLTWQESA-N,0,antagonist,1.0,6.92
CHEMBL5910359,COC(=O)c1c(OC)cccc1O[C@@H]1CC[C@@H](C)N(C(=O)c2ccccc2-n2nccn2)C1,CTXRRGBNEQVINV-IAGOWNOFSA-N,0,antagonist,1.0,7.6
CHEMBL5910461,C[C@@H]1CC[C@@H](Oc2nccn3c(C(F)(F)F)cnc23)CN1C(=O)c1ncccc1-c1ccccc1,INHBZTGXXOKSJN-SJLPKXTDSA-N,0,antagonist,1.0,7.33
CHEMBL5910527,CCc1nc([C@@H]2CC[C@@H](C)N(C(=O)c3ccccc3-n3nccn3)C2)no1,GPMBANFZQQENLZ-ZIAGYGMSSA-N,0,antagonist,1.0,6.5
CHEMBL5910673,COC(=O)c1c(C#N)ccnc1O[C@@H]1CC[C@@H](C)N(C(=O)c2cc(F)ccc2-c2ncccn2)C1,CFIVHPFEXDKGAZ-CRAIPNDOSA-N,0,antagonist,1.0,7.5
CHEMBL5910698,Cc1ccc(CC(CNC(=O)CO)n2c(=N)n(C(c3ccc(C)cc3)C(C)C)c3ccccc32)cc1,NNKBIBPIALTCSH-UHFFFAOYSA-N,1,agonist,1.0,5.3
CHEMBL5910851,C[C@@H]1CC[C@@H](Oc2cc(OC(F)F)ccn2)CN1C(=O)c1ccccc1-n1ncnn1,SSGUVMGJJQAZAS-UKRRQHHQSA-N,0,antagonist,1.0,7.96
CHEMBL5910952,C[C@@H]1CC[C@@H](Oc2cccc(C(C)(C)O)c2)CN1C(=O)c1ccsc1-n1nccn1,IIKAAFYWTYDVHM-CRAIPNDOSA-N,0,antagonist,1.0,7.35
CHEMBL5910997,C=C1C[C@@H](c2nc3cc(C(C)(C)C)ccc3[nH]2)N(C(=O)c2c(-n3nccn3)ccc(OC)c2F)C1,HLQDQGXSQBXUBX-FQEVSTJZSA-N,0,antagonist,1.0,7.14
CHEMBL5911012,C[C@@H]1CCCN(C(=O)c2ccccc2-n2nccn2)[C@@H]1CNc1nc2cc(Cl)ccc2o1,FDRWAHVENDNMSA-FOIQADDNSA-N,0,antagonist,1.0,5.301029995663981
CHEMBL5911096,C[C@@H]1CC[C@@H](c2cc(C(C)(C)O)on2)CN1C(=O)c1cc(F)ccc1-n1nccn1,CYWSZBJBWPJIID-ZIAGYGMSSA-N,0,antagonist,1.0,6.56
CHEMBL5911179,C[C@@H]1CC[C@@H](Oc2cccc3c2CC[C@@]3(C)O)CN1C(=O)c1ccccc1-n1nccn1,WBQYWJZWQICDEX-QJMRKGMQSA-N,0,antagonist,1.0,6.41
CHEMBL5911227,COc1cccc(-c2sc(C)nc2C(=O)N2CCC[C@@]2(C)c2nc3c(F)c(F)ccc3[nH]2)c1,MPUAMASGRCRYBN-DEOSSOPVSA-N,0,antagonist,1.0,7.29
CHEMBL5911347,Cc1ccc(-n2nccn2)c(C(=O)N2CCC[C@@H](C)[C@H]2CNc2ncc3ccc(C)cc3n2)c1,QMUHINDYXGWPRL-NTKDMRAZSA-N,0,antagonist,1.0,5.89
CHEMBL5911387,CC(C)Oc1ccccc1C(=O)N1C[C@H](Oc2nccn3ccnc23)CC[C@H]1C,RHENKEMLEAGILR-IAGOWNOFSA-N,0,antagonist,1.0,7.36
CHEMBL5911456,CSc1ccc2nc([C@@H]3CCCN3C(=O)c3cc(C#N)ccc3-n3nccn3)[nH]c2c1,BSTYLUWFYYEONL-FQEVSTJZSA-N,0,antagonist,1.0,7.64
CHEMBL5911619,Cc1ccc(CC(CNC(=O)CO)n2c(=N)n(Cc3ccc(C)cc3)c3ccccc32)cc1,CXVSRMKXOCVSJS-UHFFFAOYSA-N,1,agonist,1.0,5.82
CHEMBL5911635,COc1cccc(-c2nc([C@@H]3CCCN3C(=O)c3cc(C)c(C)cc3-n3nccn3)no2)c1C,QBOJPAJALJSCPZ-FQEVSTJZSA-N,0,antagonist,1.0,8.15
CHEMBL5911719,C[C@@H]1CC[C@@H](C(=O)NC(c2ccccc2)C(O)c2ccccc2)CN1C(=O)c1ccccc1-n1nccn1,WQLMDLUHZCAZAA-YTQBYCBUSA-N,0,antagonist,1.0,6.29
CHEMBL5911763,CCN(CCc1ccc(C(C)(C)O)cn1)C(=O)c1cccnc1-c1ccccc1,DGFNBZKEYBBIAC-UHFFFAOYSA-N,0,antagonist,1.0,6.48
CHEMBL5911843,CCN(CCN(CC(F)F)c1nc(C)cc(C)n1)C(=O)c1ccccc1-n1nccn1,KHIBBWWVGAIPMT-UHFFFAOYSA-N,0,antagonist,1.0,7.25
CHEMBL5911896,Cc1oc(C[C@H]2CCCCN2C(=O)c2ccccc2OC(F)(F)F)nc1C(C)(C)O,SXUMAYNXAARDOR-CQSZACIVSA-N,0,antagonist,1.0,6.96
CHEMBL5912178,Cc1ccc(CC(CNC(=O)CF)n2c(=N)n(Cc3ccc(C)cc3)c3ccccc32)cc1,UXZUCSZMYWJVDR-UHFFFAOYSA-N,1,agonist,1.0,5.3
CHEMBL5912267,Cc1ccc(-c2nccs2)c(C(=O)N2CCC[C@@H](C)[C@H]2CNc2ccc(C(F)(F)F)cn2)c1,LWRSQRDSWOOLGR-OXQOHEQNSA-N,0,antagonist,1.0,6.39
CHEMBL5912286,C[C@@H]1CC(F)(F)CN(C(=O)c2nn(C)cc2-c2ccccn2)C1CNc1ncc(C(F)(F)F)cn1,SNXUUAZQXOPRFR-FWJOYPJLSA-N,0,antagonist,1.0,5.301029995663981
CHEMBL5912355,C=Cc1cnc2c(O[C@@H]3CC[C@@H](C)N(C(=O)c4ccccc4-n4nccn4)C3)nccn12,QTNXJGLHZAQRQH-SJLPKXTDSA-N,0,antagonist,1.0,7.68
CHEMBL5912391,Cc1ccc(-c2ncco2)c(C(=O)N2CCC[C@@H](C)[C@H]2CNc2ccc(C(F)(F)F)cn2)c1,BRMBXQLTVLGCMF-OXQOHEQNSA-N,0,antagonist,1.0,6.72
CHEMBL5912413,CCN(CCc1cccc(C(C)(C)O)n1)C(=O)c1ccccc1-n1nccn1,DUNDFWGLWSGQKD-UHFFFAOYSA-N,0,antagonist,1.0,7.82
CHEMBL5912443,COc1cc(-c2noc([C@@H]3CCCN3C(=O)c3cc(C)ccc3-n3nccn3)n2)cc(C)n1,KGRUUQINLGSCJA-IBGZPJMESA-N,0,antagonist,1.0,6.81
CHEMBL5912487,C[C@@H]1CC[C@@H](c2nc(C(C)(C)O)c(-c3ccccc3)o2)CN1C(=O)c1ccccc1-n1nccn1,IGMMXWGPDKDMBD-UYAOXDASSA-N,0,antagonist,1.0,7.08
CHEMBL5912510,C=C1C[C@@H](c2nc3cc(OC)ccc3[nH]2)N(C(=O)c2nc(C)sc2-c2ccc(Br)cc2)C1,DOUWQPXXCMNFIL-FQEVSTJZSA-N,0,antagonist,1.0,7.72
CHEMBL5912535,CC(O)c1cccc(O[C@@H]2CC[C@@H](C)N(C(=O)c3ccccc3-c3ncccn3)C2)c1,BRSKZHWDKMQWAQ-IIAQOEISSA-N,0,antagonist,1.0,6.92
CHEMBL5912586,Cc1c(F)cccc1-c1noc([C@@H]2CCCN2C(=O)c2cccc(F)c2-c2ccn[nH]2)n1,AXVKMHHQSPETDL-IBGZPJMESA-N,0,antagonist,1.0,8.3
CHEMBL5912744,Cc1ccc(-c2ccnc(C)c2)c(C(=O)N2CCC[C@@H](C)[C@H]2CNc2ccc(F)cn2)c1,AUFITBVYOOFHJN-HOYKHHGWSA-N,0,antagonist,1.0,5.301029995663981
CHEMBL5912795,C[C@@H]1CC[C@@H](Oc2nccc3c2C(=O)OC3(C)C)CN1C(=O)c1ccsc1-c1ncccn1,XEDDWCANFOZZHV-HUUCEWRRSA-N,0,antagonist,1.0,7.36
CHEMBL5912933,COC(=O)N1[C@@H]2CCC[C@@H]2[C@H](NS(C)(=O)=O)[C@@H]1CO[C@H]1CC[C@@]2(c3ncc(F)cn3)C[C@H]2C1,LAVLISLUIVYWKP-ZLJDQGJCSA-N,0,antagonist,1.0,8.74
CHEMBL5912983,CCN(CCc1nc(C(C)(C)O)c(C)o1)C(=O)c1ccccc1-n1nccn1,KKIMILJQRYFJPT-UHFFFAOYSA-N,0,antagonist,1.0,7.195
CHEMBL5913112,Cc1nc(C(=O)N2CCCC2c2nc3cc(Cl)ccc3[nH]2)c(-c2cccc(Cl)c2)s1,LUERQCUTYHGMCP-UHFFFAOYSA-N,0,antagonist,1.0,6.5
CHEMBL5913115,COc1ccc(-c2sc(C)nc2C(=O)N2CC[C@H](C)[C@H]2c2nc3cc(OC)c(OC)cc3[nH]2)cn1,GUVQKKARBJNPKF-XMHCIUCPSA-N,0,antagonist,1.0,5.35
CHEMBL5913174,COc1ccc(C)c(-c2nc([C@@H]3CCCN3C(=O)c3cc(Cl)ccc3-n3nccn3)no2)c1,AGAFBABVKPULNQ-FQEVSTJZSA-N,0,antagonist,1.0,7.7
CHEMBL5913382,CCOc1ncccc1-c1nc([C@@H]2CCCN2C(=O)c2ccc(C)cc2-n2nccn2)no1,HCOCPXCAVLDJOP-SFHVURJKSA-N,0,antagonist,1.0,7.96
CHEMBL5913392,CC(C)Oc1ccccc1C(=O)N1C[C@H](Sc2cc(C#N)ccn2)CC[C@H]1C,DBDDOGADBMNQTD-SJLPKXTDSA-N,0,antagonist,1.0,7.53
CHEMBL5913516,COC(=O)c1c(OC)ccnc1O[C@@H]1CC[C@@H](C)N(C(=O)c2ccc(F)cc2-c2ncccn2)C1,HVOIBEXSBIRSFO-NVXWUHKLSA-N,0,antagonist,1.0,7.15
CHEMBL5913590,CCc1ccccc1-c1nc([C@@H]2CCCN2C(=O)c2cc(C)c(C)cc2-n2nccn2)no1,WFKJFMTZYPXCJR-NRFANRHFSA-N,0,antagonist,1.0,8.52
CHEMBL5913607,O=C(N[C@H]1CCC[C@@H]1Nc1nc2ccc(F)cc2s1)c1ccccc1-n1ccnn1,YZEAKVBZIRYWRI-HOTGVXAUSA-N,0,antagonist,1.0,5.0
CHEMBL5913804,CCN(CCc1ccc(C(C)(C)O)cn1)C(=O)c1ccccc1C1CC1(F)F,HFYLTYVFYVZSNN-UHFFFAOYSA-N,0,antagonist,1.0,7.42
CHEMBL5913840,COc1ccc(-c2nc(C(=O)N3CCC[C@@]3(C)c3nc4cc(Cl)c(C(F)(F)F)cc4[nH]3)c(-c3ccc(F)cc3)s2)cc1,FHEQBGJHVHCPBT-LJAQVGFWSA-N,0,antagonist,1.0,5.39
CHEMBL5913845,C=C1C[C@@H](c2nc3cc(C)c(C)cc3[nH]2)N(C(=O)c2cc(F)ccc2-n2nccn2)C1,IQGAYGNHCFWEPJ-NRFANRHFSA-N,0,antagonist,1.0,8.15
CHEMBL5913939,COc1c(F)cccc1-c1nc([C@@H]2CCCN2C(=O)c2ccc(Cl)cc2-n2nccn2)no1,VKQDVMGJZIQRCE-KRWDZBQOSA-N,0,antagonist,1.0,8.7
CHEMBL5913967,CCN(CCN(C)c1cc(C#N)ccn1)C(=O)c1ccccc1-c1nc(C)no1,KNKPQQFJDBLJHU-UHFFFAOYSA-N,0,antagonist,1.0,7.62
CHEMBL5914004,Cc1ccc(NC[C@@H]2[C@H](C)CCCN2C(=O)c2nc(C)sc2-c2ccc(F)cc2)nc1,VULABSKJDXVOCQ-OXQOHEQNSA-N,0,antagonist,1.0,5.0
CHEMBL5914031,C[C@@H]1CC[C@@H](c2nc([C@@H](O)C(F)F)cs2)CN1C(=O)c1ccccc1-n1nccn1,HDQTZRAZBKTWTQ-PBFPGSCMSA-N,0,antagonist,1.0,8.03
CHEMBL5914047,Cc1ccc(-n2nccn2)c(C(=O)N2CC[C@H](C)[C@H]2c2nc3c(Cl)cccc3[nH]2)c1,OSOPKEWTXOKDSB-XOBRGWDASA-N,0,antagonist,1.0,5.56
CHEMBL5914230,Cc1c(F)cccc1-c1noc([C@@H]2CCCN2C(=O)c2ccccc2-n2nccn2)n1,UKMQSUANTKULPL-IBGZPJMESA-N,0,antagonist,1.0,7.75
CHEMBL5914236,CCn1c([C@]2(C)CCCN2C(=O)c2cc(C)ccc2-c2cccc(C)c2)nc2cc(C)c(C)cc21,MZIISHMOBROYPU-HKBQPEDESA-N,0,antagonist,1.0,7.77
CHEMBL5914439,Cc1ncc(C(=O)N2CCC[C@H]2c2nc(-c3cccc(Cl)c3C)no2)c(-c2cccc(Cl)c2)n1,YVBDUEVKQHHUBH-NRFANRHFSA-N,0,antagonist,1.0,6.9
CHEMBL5914553,Cc1ccc(CC(CNC(=O)CO)n2c(=N)n([C@H](C)c3ccc(C)cc3)c3ccccc32)cc1,VPHZDMLRKNMGQK-CILPGNKCSA-N,1,agonist,1.0,5.82
CHEMBL5914589,C=C1C[C@@H](c2nc3cc(C)c(C)cc3[nH]2)N(C(=O)c2cc(C)c(C)cc2-n2nccn2)C1,DAOILFTWRKNBCA-QHCPKHFHSA-N,0,antagonist,1.0,8.7
CHEMBL5914816,COc1ccc(C)c(-c2nc([C@@H]3CCCN3C(=O)c3cc(C)c(C)cc3-n3nccn3)no2)c1,UEQIXEFMENPZOI-NRFANRHFSA-N,0,antagonist,1.0,8.4
CHEMBL5914892,CSc1cccc2nc([C@@H]3CCCN3C(=O)c3cnc(C)nc3-c3ccccc3)[nH]c12,IRSJOZHEKVEDAO-IBGZPJMESA-N,0,antagonist,1.0,7.11
CHEMBL5914987,COc1ccnc(O[C@@H]2CC[C@@H](C)N(C(=O)c3ccccc3C(F)(F)F)C2)c1,ODQYMONASKUWRZ-UKRRQHHQSA-N,0,antagonist,1.0,7.25
CHEMBL5915064,COCc1ccccc1C(=O)N1C[C@H](Oc2nccn3c(C(F)F)cnc23)CC[C@H]1C,XTIYCRKTDSENBP-GDBMZVCRSA-N,0,antagonist,1.0,6.97
CHEMBL5915116,C[C@@H]1C[C@H](NS(C)(=O)=O)[C@H](CO[C@H]2CC[C@@]3(c4ncc(F)cn4)C[C@H]3C2)N1C(=O)O[C@H]1COC[C@@H]1F,GPTOEVKWJVXQRQ-JSJOQAQTSA-N,0,antagonist,1.0,8.04
CHEMBL5915184,O=C(c1ccccc1-n1nccn1)N1CC[C@H]2CCN(c3nncc4scnc34)[C@H]2C1,AYSRVJBYRFEZLE-YOEHRIQHSA-N,0,antagonist,1.0,5.0
CHEMBL5915242,C[C@@H]1CCCN(C(=O)c2c(F)cccc2-n2nccn2)[C@@H]1CNc1ncc(C(F)(F)F)cn1,PSTXYXVIQCDKBC-CXAGYDPISA-N,0,antagonist,1.0,5.301029995663981
CHEMBL5915251,CCN(CC(NC)c1nccc(C(C)(C)O)n1)C(=O)c1ccccc1-n1nccn1,CPJXORATLMHDPZ-UHFFFAOYSA-N,0,antagonist,1.0,7.96
CHEMBL5915274,COC[C@H](Cc1ccc(C)cc1)n1c(=N)n(Cc2ccc(Cl)cc2)c2ccccc21,GPIOOTHQSFHIJA-QFIPXVFZSA-N,1,agonist,1.0,5.3
CHEMBL5915339,COC(=O)c1ccccc1C(=O)N1C[C@H](Oc2nccn3ccnc23)CC[C@H]1C,FHZTYHNAIWVNBX-HUUCEWRRSA-N,0,antagonist,1.0,7.36
CHEMBL5915370,C[C@@H]1CC[C@@H](c2ncc(C3CC3)o2)CN1C(=O)c1ccccc1-n1nccn1,MNXOKWSLUBECCC-GDBMZVCRSA-N,0,antagonist,1.0,7.48
CHEMBL5915430,Cc1ccc(CC(C(C)O)n2c(=N)n(C(C)c3ccc(C)cc3)c3ccccc32)cc1,RURKHNGRTLHDPR-UHFFFAOYSA-N,1,agonist,1.0,5.82
CHEMBL5915483,CC(C)Oc1ncccc1C(=O)N1CC[C@H]2CCN(c3cc(C#N)ccn3)[C@H]2C1,JZXREHXRXNRHQT-HKUYNNGSSA-N,0,antagonist,1.0,5.86
CHEMBL5915581,COc1cc(C(=O)N2CCC[C@H]2c2noc(-c3cccc(Cl)c3OC)n2)c(-n2nccn2)cc1C,KGKGDIZMVSOFOL-SFHVURJKSA-N,0,antagonist,1.0,9.0
CHEMBL5915593,CCNC(=O)N1[C@H](C)C[C@H](NCc2ccc(OC)cc2)[C@@H]1COc1ccc(C(F)(F)F)cc1,FBCVEOSTJITCLM-XGRCMKMKSA-N,0,antagonist,1.0,6.93
CHEMBL5915639,COCC(Cc1ccc(C)cc1)n1c(=N)n(C(c2ccc(C)cc2)C(F)(F)F)c2ccccc21,KIPAVZDKQDKQNF-UHFFFAOYSA-N,1,agonist,1.0,5.3
CHEMBL5915762,Cc1nc(C(=O)N2CC[C@H](C)[C@H]2c2nc3c(Cl)cccc3[nH]2)c(-c2ccc(Cl)cc2)s1,DWSYAHWATLYWRU-YUNKPMOVSA-N,0,antagonist,1.0,6.14
CHEMBL5915803,COc1cnc(NC[C@@H]2[C@H](C)CCCN2C(=O)c2nc(C)sc2-c2ccc(F)cc2)nc1,UOVPBTKFHVQTMJ-AUUYWEPGSA-N,0,antagonist,1.0,5.0
CHEMBL5915804,Cc1nc(C(=O)N2CC[C@H](C)[C@H]2c2nc3c(C(F)(F)F)cccc3[nH]2)c(-c2ccc(C)c(C)c2)s1,OOZKKUXDWAVKBD-FPTDNZKUSA-N,0,antagonist,1.0,7.4
CHEMBL5915838,COc1ccc(-c2ccccc2)c(C(=O)N2CCC[C@H]2c2nc(-c3cccc(Cl)c3C)no2)c1,DYOCRWOKDQEUMZ-DEOSSOPVSA-N,0,antagonist,1.0,8.22
CHEMBL5915892,CC(C)COc1ccnc(O[C@@H]2CC[C@@H](C)N(C(=O)c3ccccc3-n3nccn3)C2)c1,SPJKAZUUQZUCHC-UYAOXDASSA-N,0,antagonist,1.0,6.87
CHEMBL5915971,COC(=O)c1ccccc1C(=O)N1C[C@H](Oc2ccnc3ocnc23)CC[C@H]1C,YMXDWLYKOPDIFJ-ZIAGYGMSSA-N,0,antagonist,1.0,7.33
CHEMBL5915987,COCC(Cc1ccc(C)cc1)n1c(=N)n(C(c2ccc(C)cc2)C2CCC2)c2ccccc21,JNJAYXULQACSHK-UHFFFAOYSA-N,1,agonist,1.0,5.82
CHEMBL5916096,COc1cc2nc([C@]3(C)CCCN3C(=O)c3ncsc3-c3cccc(Cl)c3)[nH]c2cc1OC,BUYYHMHJMIDCOI-DEOSSOPVSA-N,0,antagonist,1.0,6.44
CHEMBL5916196,COc1cc(C(=O)N2CCC[C@@]2(C)c2nc3cc(C)c(C)cc3[nH]2)c(-n2nccn2)cc1OC,WUOMKQDVSLFVIB-VWLOTQADSA-N,0,antagonist,1.0,7.26
CHEMBL5916219,Cc1ccc(CC(CO)n2c(=N)n(Cc3ccc(C)cc3)c3ccc(C)cc32)cc1,QWVQQTGIGJKYMF-UHFFFAOYSA-N,1,agonist,1.0,5.3
CHEMBL5916298,O=C(c1ccc(Cl)cc1-n1nccn1)N1CCC[C@H]1c1nc(-c2ccccc2OC(F)(F)F)no1,QEGHNHNBBCPCOI-INIZCTEOSA-N,0,antagonist,1.0,7.75
CHEMBL5916411,COC(=O)c1c(C#N)ccnc1O[C@@H]1CC[C@@H](C)N(C(=O)c2ccc(F)cc2-c2nc(C)no2)C1,GMYJNZOCFKKDRC-CXAGYDPISA-N,0,antagonist,1.0,7.5
CHEMBL5916490,Cc1ccc(C(=O)N2CCC[C@@H](C)[C@H]2CNc2ncc(C(F)(F)F)cn2)c(-n2nccn2)c1,QAVRGTUUHZZCIU-DNVCBOLYSA-N,0,antagonist,1.0,5.07
CHEMBL5916499,COC(=O)N1[C@H](C)C[C@H](NS(=O)(=O)N(C)C)[C@@H]1CO[C@@H]1CC[C@H](c2cccc(F)c2)CC1F,RBWBNAPXRQETJK-OMXZFTRHSA-N,0,antagonist,1.0,8.44
CHEMBL5916522,COc1cccc(-c2nc([C@@H]3CCCN3C(=O)c3cc(Cl)ccc3-n3nccn3)no2)c1C,IDCQYNWJJAYRFC-IBGZPJMESA-N,0,antagonist,1.0,7.21
CHEMBL5916533,CCOc1ncccc1-c1noc([C@@H]2CCCN2C(=O)c2cc(C#N)ccc2-n2nccn2)n1,JYPMWDJUWWERRD-IBGZPJMESA-N,0,antagonist,1.0,6.87
CHEMBL5916676,CCN(CCN(C)c1cc(C#N)ccn1)C(=O)c1cccnc1C(F)(F)F,XISCGSWQRNKFRU-UHFFFAOYSA-N,0,antagonist,1.0,5.7
CHEMBL5916705,Cc1ccc(-c2ccccc2)c(C(=O)N2CCC[C@@]2(C)c2nc3c(C)c(C)c(Br)cc3[nH]2)c1,ZMKWWPVVAQCJOU-NDEPHWFRSA-N,0,antagonist,1.0,8.05
CHEMBL5916804,CS(=O)(=O)N[C@H]1CCCN(C(=O)C2CC2)[C@H]1CO[C@H]1CC[C@@H](c2cc(F)ccc2F)CC1,VDMUPSLZFMRLKX-XSLZUNGDSA-N,1,agonist,1.0,8.82
CHEMBL5916812,CO[C@H]1CN(C(=O)c2cc(C)ccc2-n2nccn2)C(C)(c2nc3c(C)cccc3[nH]2)C1,JSLVFYIEPZHFIQ-BPNWFJGMSA-N,0,antagonist,1.0,7.18
CHEMBL5916910,Cc1ccc(-c2nccn2C)c(C(=O)N2CCC[C@@H](C)[C@H]2CNc2ccc(C(F)(F)F)cn2)c1,RXNRYFCAEZNLBC-DYESRHJHSA-N,0,antagonist,1.0,5.3979400086720375
CHEMBL5917029,C=C1CN(C(=O)c2ccccc2-n2nccn2)C(C)(c2nc3cc(OC)ccc3[nH]2)C1,HNSNDMVCEDDIQD-UHFFFAOYSA-N,0,antagonist,1.0,6.98
CHEMBL5917135,CCc1ccc(-c2sc(C)nc2C(=O)N2CCC[C@H]2c2nc3ccc(SC)cc3[nH]2)cc1,VQFWFLHWQSETLZ-NRFANRHFSA-N,0,antagonist,1.0,7.19
CHEMBL5917162,Cc1ccc(-n2nccn2)c(C(=O)N2CCC[C@@]2(C)c2nc(-c3ccccc3)no2)c1,ZVTVXJNEXSNXPB-QHCPKHFHSA-N,0,antagonist,1.0,6.24
CHEMBL5917178,COc1cccc(OC)c1C(=O)N[C@H]1CCC[C@@H]1Nc1cnc2ccccc2n1,GIWGNHDZELXXNP-IRXDYDNUSA-N,0,antagonist,1.0,5.19
CHEMBL5917431,CCNC(=O)N1CCC[C@H](NS(C)(=O)=O)[C@@H]1CO[C@H]1CC[C@@H](c2cccc(F)c2)CC1,XPBLUJNQFJFGNE-CZGNIMDHSA-N,1,agonist,1.0,10.28
CHEMBL5917439,Cc1cc2[nH]c([C@@H]3[C@@H](C)CCN3C(=O)c3c(-c4ncccn4)ccc(C)c3F)nc2cc1Cl,MOSMTHOFDFQACM-FPTDNZKUSA-N,0,antagonist,1.0,5.88
CHEMBL5917588,CCN(CCc1nc(C(C)(C)O)c(C)o1)C(=O)c1cccnc1OCC(F)F,ZPEWZAGBKKTSKC-UHFFFAOYSA-N,0,antagonist,1.0,6.65
CHEMBL5917605,Cc1oc([C@@H]2CC[C@@H](C)N(C(=O)c3cscc3-n3nccn3)C2)nc1C(C)(C)O,OPDYYAHTBQVIPS-TZMCWYRMSA-N,0,antagonist,1.0,7.93
CHEMBL5917734,COC(=O)N1[C@H](C)C[C@H](NS(C)(=O)=O)[C@@H]1CO[C@H]1CC[C@@]2(c3ncc(F)cn3)C[C@H]2C1,QTXGDCJDHZCRQD-ZDLSHRKJSA-N,0,antagonist,1.0,8.85
CHEMBL5917738,Cc1cc(C(=O)N2CCC[C@H]2c2nc(-c3ccccc3OC(F)(F)F)no2)c(-n2nccn2)cc1C,ZOYRDRBQOSBGOX-SFHVURJKSA-N,0,antagonist,1.0,8.3
CHEMBL5917744,COC(=O)N1[C@H](C)C[C@H](NS(=O)(=O)CF)[C@@H]1COC1CCC2(c3ncc(F)c(OC)n3)CC2C1,YELSSQHTLBBYNC-VLGBOWENSA-N,0,antagonist,1.0,7.6
CHEMBL5917825,C[C@@H]1CC[C@@H](Oc2nccn3cc(CO)nc23)CN1C(=O)c1ccccc1-n1nccn1,LMWVTTABXGQJTF-NVXWUHKLSA-N,0,antagonist,1.0,7.31
CHEMBL5917865,C[C@@H]1CC[C@@H](Oc2nccn3cc(C(F)(F)F)nc23)CN1C(=O)c1ccsc1-n1nccn1,ICVMFJDQXAKJHI-CHWSQXEVSA-N,0,antagonist,1.0,7.0
CHEMBL5918066,C=C1CN(C(=O)c2ccccc2-c2ccc(C)c(C)c2)C(C)(c2nc3cc(OC)ccc3[nH]2)C1,CYJQGLCHLSUCSL-UHFFFAOYSA-N,0,antagonist,1.0,7.05
CHEMBL5918085,C[C@@H]1CC[C@@H](Sc2cc(C#N)ccn2)CN1C(=O)c1ccccc1C1CCCCO1,YCMVCDGLMXLFEP-ZSQVXAAVSA-N,0,antagonist,1.0,7.44
CHEMBL5918193,COC(=O)N1CCC[C@H](NS(C)(=O)=O)[C@@H]1CO[C@H]1CC[C@@H](c2cccc(O)c2)CC1,GSFOETPYEBWTEI-LDTOTXGLSA-N,1,agonist,1.0,6.82
CHEMBL5918262,Cc1cccc(C(=O)N2CCC[C@@H](C)[C@H]2CNc2ncc(Cl)cn2)c1-n1nccn1,NCFXFEJAUKCAFU-RDTXWAMCSA-N,0,antagonist,1.0,5.77
CHEMBL5918320,Cc1ccc(-n2nccn2)c(C(=O)N[C@@H]2CCC[C@H]2Cc2ccc3ccccc3n2)c1,ZHXUEUNSASSKLN-WMZHIEFXSA-N,0,antagonist,1.0,5.0
CHEMBL5918343,COc1ccc(CC(=O)NCC(Cc2ccc(C)cc2)n2c(=N)n(Cc3ccc(C)cc3)c3ccccc32)cc1,PPQYFJRJTVTPOQ-UHFFFAOYSA-N,1,agonist,1.0,6.0
CHEMBL5918362,Cc1ccc(-n2nccn2)c(C(=O)N2CCC[C@H]2c2cn(-c3ccccc3)nn2)c1,CKMOTSXTBCQJIQ-NRFANRHFSA-N,0,antagonist,1.0,5.67
CHEMBL5918482,CSc1ccc2[nH]c([C@@H]3CCCN3C(=O)c3nc(C)sc3-c3cccc(Cl)c3)nc2c1,IDVVUIGVQPYRPK-IBGZPJMESA-N,0,antagonist,1.0,7.295
CHEMBL5918567,O=C(c1[nH]cnc1-c1ccccc1)N1CCC[C@H]1c1nc(-c2ccccc2OC(F)(F)F)no1,OPYXFJFAONDCQV-INIZCTEOSA-N,0,antagonist,1.0,6.34
CHEMBL5918693,Cc1oc(C[C@H]2CCCCN2C(=O)c2ccccc2C2CC2(F)F)nc1C(C)(C)O,ZIYMJIJGCMRLHP-NNJIEVJOSA-N,0,antagonist,1.0,7.42
CHEMBL5918791,COc1c(F)cccc1C(=O)N[C@H]1CCC[C@@H]1Nc1nc2ccc(F)cc2s1,XMRZKHWGFKXHHQ-GJZGRUSLSA-N,0,antagonist,1.0,5.46
CHEMBL5918999,Cc1ccc(-c2ccccc2F)c(C(=O)N2CCC[C@@]2(C)c2nc3cc(C)c(C)cc3n2CCF)c1,HFBXMBNFSBUUTI-PMERELPUSA-N,0,antagonist,1.0,7.22
CHEMBL5919043,CCOc1ncccc1-c1nnc([C@@H]2CCCN2C(=O)c2cc(OC)c(C)cc2-n2nccn2)[nH]1,QCLSFIKPJILTAA-SFHVURJKSA-N,0,antagonist,1.0,7.77
CHEMBL5919160,Cc1oc(C[C@H]2CCCCN2C(=O)c2ccccc2-n2cccn2)nc1C(C)(C)O,JFCNSYDHFOAHNY-QGZVFWFLSA-N,0,antagonist,1.0,7.29
CHEMBL5919334,C[C@@H]1CC(F)(F)CN(C(=O)c2cc(C#N)ccc2-n2nccn2)C1CNc1ncc(C(F)(F)F)cn1,ROUHJTDJFNQYHS-YJJYDOSJSA-N,0,antagonist,1.0,5.301029995663981
CHEMBL5919406,Cc1ccc(-n2nccn2)c(C(=O)N2CC(F)(F)C[C@H]2c2nc3c(C)c(Cl)ccc3[nH]2)c1,VGVZIDIZUHVJLK-SFHVURJKSA-N,0,antagonist,1.0,7.23
CHEMBL5919449,COc1ccc(C)cc1-c1nc([C@@H]2CCCN2C(=O)c2ccc(C)cc2-n2nccn2)no1,UZFYPNSAEROKQQ-IBGZPJMESA-N,0,antagonist,1.0,7.46
CHEMBL5919598,COC(=O)N1[C@H](C)C[C@H](NS(=O)(=O)C2COC2)[C@@H]1CO[C@H]1CC[C@@]2(c3ncc(F)cn3)C[C@H]2C1,BENOJFZISQOYJV-KWXGJQNXSA-N,0,antagonist,1.0,8.36
CHEMBL5919619,Cc1ccc(-c2ncco2)c(C(=O)N2CCC[C@H]2c2nc(-c3ccccc3OC(F)(F)F)no2)c1,DUMKORAJXQRADB-SFHVURJKSA-N,0,antagonist,1.0,7.92
CHEMBL5919631,O=C(N[C@H]1CCC[C@@H]1Nc1nc2ccccc2s1)c1ccccc1-n1nccn1,XAHDEDDXRWKNQO-HOTGVXAUSA-N,0,antagonist,1.0,5.0
CHEMBL5919819,Cc1ccc(CC(CO)n2c(=N)n(Cc3nc4ccccc4o3)c3ccccc32)cc1,DURUHVZIDVXKAG-UHFFFAOYSA-N,1,agonist,1.0,5.65
CHEMBL5919824,CCOc1ccccc1-c1nnc([C@@H]2CCCN2C(=O)c2cc(C)ccc2-n2nccn2)[nH]1,KIQOCRUHKZKGSM-FQEVSTJZSA-N,0,antagonist,1.0,7.42
CHEMBL5919848,C=C1C[C@@H](c2nc3cc(OC)ccc3[nH]2)N(C(=O)c2cnc(C)nc2-c2ccccc2)C1,CQNVMAHMRXSYNY-QFIPXVFZSA-N,0,antagonist,1.0,6.82
CHEMBL5919857,Cc1ccc(C(=O)N2CCC[C@H]2c2nc(-c3ccccc3Cl)no2)c(-n2nccn2)c1,SSFWEMDQNPGVPP-SFHVURJKSA-N,0,antagonist,1.0,6.73
CHEMBL5919931,Cc1nc(C(=O)N2CCCC2c2nc3cc(Br)cc(C)c3[nH]2)c(-c2cccc(Cl)c2)s1,CDSAVBVEQYDUCC-UHFFFAOYSA-N,0,antagonist,1.0,7.24
CHEMBL5919945,CCN(CCc1ccc(C(C)(C)O)cn1)C(=O)c1ccccc1C1CCC1,WGQLWMTXMVQVON-UHFFFAOYSA-N,0,antagonist,1.0,7.21
CHEMBL5919957,COc1ccc(-c2ccc(C)cc2)c(C(=O)N2CCC[C@@]2(C)c2nc3c(C)c(Cl)ccc3[nH]2)c1F,NHJTWAHPRAVJIY-NDEPHWFRSA-N,0,antagonist,1.0,7.38
CHEMBL5920207,Cc1ccc(CC(C(=O)N2CC(CO)(CCl)C2)n2c(=N)n(C(C)c3ccc(C)cc3)c3ccccc32)cc1,MLFRYYYMMFSFEU-UHFFFAOYSA-N,1,agonist,1.0,6.0
CHEMBL5920289,Cc1cnc(NC[C@@H]2[C@H](C)CCCN2C(=O)c2nc(C)sc2-c2ccc(F)cc2)nc1,SDSSECRWBGUVRU-DNVCBOLYSA-N,0,antagonist,1.0,5.0
CHEMBL5920447,CC(C)OC(=O)N1CCC[C@H](NS(C)(=O)=O)[C@@H]1CO[C@H]1CC[C@@H](c2cccc(F)c2)CC1,LAIKWUOHLZYBOB-XGARDCMYSA-N,1,agonist,1.0,7.68
CHEMBL5920466,CCOc1ncccc1-c1nc([C@@H]2CCCN2C(=O)c2cc(Cl)ccc2-n2nccn2)no1,GHVMBSHTEQHUHQ-SFHVURJKSA-N,0,antagonist,1.0,8.7
CHEMBL5920529,Cc1nc(C(=O)N2CCCC2c2nc3c(C)c(Cl)ccc3[nH]2)c(-c2ccccc2)s1,RKLPQCPZHKBFPB-UHFFFAOYSA-N,0,antagonist,1.0,7.96
CHEMBL5920597,Cc1c(C#N)ccnc1O[C@@H]1CC[C@@H](C)N(C(=O)c2sccc2-c2nccs2)C1,NVGWQYBFPMCEJP-CZUORRHYSA-N,0,antagonist,1.0,8.44
CHEMBL5920729,Cc1c(F)cccc1-c1nc([C@@H]2CCCN2C(=O)c2cc(Cl)ccc2-n2nccn2)no1,VGHPMZQELSMPTA-IBGZPJMESA-N,0,antagonist,1.0,7.89
CHEMBL5920837,COc1cccc(OC)c1C(=O)N[C@H]1CCC[C@@H]1Nc1nc2cc(Cl)ccc2s1,JWHHDJWZBALSSY-KBPBESRZSA-N,0,antagonist,1.0,5.0
CHEMBL5920909,N#Cc1ccnc(N2CC[C@@H]3CCN(C(=O)c4ccccc4COC(F)(F)F)C[C@@H]32)c1,XOBAGOIEHHADSQ-LPHOPBHVSA-N,0,antagonist,1.0,6.5
CHEMBL5921091,C[C@@]1(c2nc3cc(C(F)(F)F)c(Cl)cc3[nH]2)CCCN1C(=O)c1ccccc1-n1cccn1,ABECTXIJNHIGAY-QFIPXVFZSA-N,0,antagonist,1.0,6.61
CHEMBL5921230,N#Cc1ccnc(N2CC[C@H]3CCN(C(=O)c4ccccc4-n4nccn4)C[C@H]32)c1,BNDDJOWAWNWUOT-YLJYHZDGSA-N,0,antagonist,1.0,7.39
CHEMBL5921275,CCN(CCN(C)c1nc(C)cc(C)n1)C(=O)c1ccc(OC)nc1C1CC1,VLLVBCCTOIMVGZ-UHFFFAOYSA-N,0,antagonist,1.0,7.49
CHEMBL5921346,CCOc1ccccc1-c1nc([C@@H]2CCCN2C(=O)c2cc(OC)c(C)cc2-n2nccn2)no1,NCMHZVAFPWWMGJ-IBGZPJMESA-N,0,antagonist,1.0,9.0
CHEMBL5921353,Cc1ccc(-n2nccn2)c(C(=O)N2CCC[C@H]2c2nc(-c3cnccc3C)no2)c1,KCNLJSPKGLSNKQ-IBGZPJMESA-N,0,antagonist,1.0,6.27
CHEMBL5921413,CC[Si](CC)(CC)OC[C@H]1[C@@H](N(Cc2ccc(OC)cc2)C(=O)C(F)(F)F)C[C@@H](C)N1C(=O)OCc1ccccc1,QQTLCZSWCMLLKW-ICTDUYRTSA-N,0,antagonist,1.0,8.15
CHEMBL5921510,COc1ccc(-n2nccn2)c(C(=O)N2CCC[C@@H](C)[C@H]2CNc2ccc(C(F)(F)F)cn2)c1F,NMRYDMKXCPNLQL-RHSMWYFYSA-N,0,antagonist,1.0,5.301029995663981
CHEMBL5921547,COCCc1ccccc1C(=O)N1C[C@H](c2nc(C(C)(C)O)c(C)o2)CC[C@H]1C,OJMZGVJFHVXDKM-CRAIPNDOSA-N,0,antagonist,1.0,7.24
CHEMBL5921752,CS(=O)(=O)N[C@H]1CCCN(C(=O)C2CCC2)[C@H]1COC1CCN(c2ccccc2F)CC1,JBCSGEQKNPQSFG-UNMCSNQZSA-N,1,agonist,1.0,5.96
CHEMBL5921754,Cc1ccc(-n2cncn2)c(C(=O)N2CCC[C@@H](C)[C@H]2CNc2ccc(C(F)(F)F)cn2)c1,YQOULNXVZPMRHL-OXQOHEQNSA-N,0,antagonist,1.0,5.0
CHEMBL5921761,C[C@@H]1CC[C@@H](Sc2cc(C#N)ccn2)CN1C(=O)c1c(F)cccc1-n1nccn1,CRHHIKHIZQWJSN-GDBMZVCRSA-N,0,antagonist,1.0,7.29
CHEMBL5921806,C=C1C[C@@H](c2nc3ccc(OC)cc3[nH]2)N(C(=O)c2c(-n3nccn3)ccc(C)c2F)C1,SPYDYJFNWACDJI-IBGZPJMESA-N,0,antagonist,1.0,8.05
CHEMBL5921814,Cc1nc(C(=O)N2CCCC2c2nc3cc(F)c(Cl)cc3[nH]2)c(-c2cccc(Cl)c2)s1,NJYXYBIQCZOCBY-UHFFFAOYSA-N,0,antagonist,1.0,6.41
CHEMBL5921825,CCN(CCN(C)c1cc(C#N)ccn1)C(=O)c1cccnc1OCc1ccccc1,JWXOKMAFGCUAQH-UHFFFAOYSA-N,0,antagonist,1.0,7.01
CHEMBL5922038,Cc1c(Cl)ccc2[nH]c([C@@H]3[C@@H](C)CCN3C(=O)c3cc(F)ccc3-c3ccccn3)nc12,WOFLTXMTRFTNAK-PSLXWICFSA-N,0,antagonist,1.0,6.01
CHEMBL5922140,CS(=O)(=O)N[C@H]1CCCN[C@H]1CO[C@H]1CC[C@@H](c2ccccc2Cl)CC1,NSSAKDZKUZPKSW-QXGSTGNESA-N,1,agonist,1.0,6.21
CHEMBL5922225,Cc1ccccc1[C@H]1CC[C@@H](OC[C@@H]2NCCC[C@@H]2NS(C)(=O)=O)CC1,FAZZKRDKUCQYGV-HNJRGHQBSA-N,1,agonist,1.0,5.96
CHEMBL5922289,Cc1ccnc(-c2cn(C)nc2C(=O)N2CC(F)(F)C[C@@H](C)C2CNc2cnc(C(F)(F)F)cn2)c1,NDNZICLCEIIIPH-XPCCGILXSA-N,0,antagonist,1.0,5.301029995663981
CHEMBL5922357,Cc1ccc(C[C@@H](CO)n2c(=N)n(Cc3ccc(C)cc3)c3cc(C)ccc32)cc1,OGRNMWYWRXIJHU-QHCPKHFHSA-N,1,agonist,1.0,6.0
CHEMBL5922436,Cc1nc(C(=O)N2CC[C@H](C)[C@H]2c2nc3c(F)c(F)ccc3[nH]2)c(-c2cccc(Cl)c2)s1,WHSRGEHJSZRZHM-YBTHPKLGSA-N,0,antagonist,1.0,5.71
CHEMBL5922483,C[C@@H]1CC[C@@H](c2nc([C@H](O)C(F)F)cs2)CN1C(=O)c1ccccc1-n1nccn1,HDQTZRAZBKTWTQ-XNJGSVPQSA-N,0,antagonist,1.0,6.88
CHEMBL5922491,Cc1ccc(CC(C(O)CC#N)n2c(=N)n([C@@H](C)c3ccc(C)cc3)c3cccnc32)cc1,UIZJPHUNRVBOFJ-LXKSKSEUSA-N,1,agonist,1.0,6.0
CHEMBL5922634,C[C@@H]1C[C@@H](Nc2cc(OCC(F)F)ccn2)CN1C(=O)c1ccsc1-c1ncccn1,JSEVXLVIUNEVRV-ZIAGYGMSSA-N,0,antagonist,1.0,6.28
CHEMBL5922678,O=C(c1ccccc1-n1nccn1)N1CC[C@H]2CCN(c3ccc4ccccc4n3)[C@H]2C1,FOHBURLLOLZCLZ-CVDCTZTESA-N,0,antagonist,1.0,5.82
CHEMBL5923061,Cc1ccc(-n2nccn2)c(C(=O)N2CCC[C@@]2(C)c2nc3c(C)c(Cl)ccc3n2C)n1,AZKADNWHMIVDCE-QHCPKHFHSA-N,0,antagonist,1.0,8.4
CHEMBL5923064,Cc1cccc(C(=O)N2CCC[C@@]2(C)c2nc3cc(C(F)(F)F)ccc3[nH]2)c1-n1nccn1,UHURFRFGTPGBBQ-QFIPXVFZSA-N,0,antagonist,1.0,5.95
CHEMBL5923248,CCCc1ccccc1C(=O)N1C[C@H](Oc2nccn3ccnc23)CC[C@H]1C,VOEWZRYXNLDWCT-SJLPKXTDSA-N,0,antagonist,1.0,7.484999999999999
CHEMBL5923438,Cc1ccc(-n2nccn2)c(C(=O)N2CCC[C@H]2c2nc(-c3c[nH]c4ccccc34)no2)c1,INHPFTDEDVOXBF-NRFANRHFSA-N,0,antagonist,1.0,8.1
CHEMBL5923491,Cc1ccc(CC(CNC(=O)[C@H](C)O)n2c(=N)n(Cc3ccc(C)cc3)c3ccccc32)cc1,PWJPLFZXYZBYSM-XEGCMXMBSA-N,1,agonist,1.0,5.3
CHEMBL5923719,CCn1c([C@]2(C)CCCN2C(=O)c2nc(C)sc2-c2cccc(Cl)c2)nc2c(C)cccc21,SNNQMRHXRPRSPF-SANMLTNESA-N,0,antagonist,1.0,8.22
CHEMBL5923741,C[C@@H]1CC[C@@H](Oc2cc(OCC(F)F)ccn2)CN1C(=O)c1ccccc1-c1ncccn1,OGUABBYQKDOWFM-SJLPKXTDSA-N,0,antagonist,1.0,7.48
CHEMBL5923809,CC(C)Oc1ccnc(N[C@@H]2C[C@@H](C)N(C(=O)c3ccccc3-n3nccn3)C2)c1,BPGJYPHJUAIUCD-IAGOWNOFSA-N,0,antagonist,1.0,7.4
CHEMBL5923844,CCCCN(CCN(C)c1cc(C#N)ccn1)C(=O)c1ccccc1-n1nccn1,NZSHKZOIDFHHOD-UHFFFAOYSA-N,0,antagonist,1.0,7.7
CHEMBL5923948,CCN(CCn1nc(C)c(C(C)(C)O)n1)C(=O)c1ccccc1CC(F)(F)F,KRJNFGZCVFSVOV-UHFFFAOYSA-N,0,antagonist,1.0,7.43
CHEMBL5923975,Cc1ccc(-c2ccc(OC(F)(F)F)cc2)c(C(=O)N2CCC[C@@]2(C)c2nc3cc(C(F)(F)F)ccc3[nH]2)c1,CEJMLLAXAQFXTF-SANMLTNESA-N,0,antagonist,1.0,5.586867949565128
CHEMBL5923996,CCN(CCN(C)c1nccc(C(C)(C)O)n1)C(=O)c1cccnc1-c1ccccc1,XLYIQPOCIBZCNY-UHFFFAOYSA-N,0,antagonist,1.0,7.28
CHEMBL5924022,Cc1ccc(-c2cccc(F)c2)c(C(=O)N2CCC[C@@]2(C)c2nc3cc(C)c(C)cc3n2C)c1,UQYAZUFEYPVQGW-LJAQVGFWSA-N,0,antagonist,1.0,7.92
CHEMBL5924130,COCCn1c([C@]2(C)CCCN2C(=O)c2cc(C)ccc2-c2cccc(OC)c2)nc2cc(C)c(C)cc21,SVKARPSPRZNZNP-YTTGMZPUSA-N,0,antagonist,1.0,6.72
CHEMBL5924144,Cc1cc2nc([C@]3(C)CCCN3C(=O)c3ccccc3-n3nccn3)[nH]c2cc1C,JCRAAEQVUKXNRE-QHCPKHFHSA-N,0,antagonist,1.0,7.58
CHEMBL5924225,Cc1ccc(-n2nccn2)c(C(=O)N[C@@H]2CCC[C@@H]2Nc2ccc(Cl)cn2)c1,MUEYQYQKFWJILD-DLBZAZTESA-N,0,antagonist,1.0,5.0
CHEMBL5924543,COc1ccnc(O[C@@H]2CC[C@@H](C)N(C(=O)c3ccc(OC)cc3-n3nccn3)C2)c1,LWYIDQYFRXCNMR-CRAIPNDOSA-N,0,antagonist,1.0,6.94
CHEMBL5924551,CC(C)Oc1cccnc1C(=O)N[C@H]1CCC[C@@H]1Nc1nc2ccc(F)cc2s1,GEMNPXAJORQFOB-GJZGRUSLSA-N,0,antagonist,1.0,5.48
CHEMBL5924632,C[C@@H]1CC[C@@H](Oc2nccc3c2COC3=O)CN1C(=O)c1ccsc1-c1ncccn1,ALZSQLTUOGQPRJ-ZIAGYGMSSA-N,0,antagonist,1.0,7.57
CHEMBL5924693,Cc1ccc(-c2cccnc2)c(C(=O)N2CCC[C@@H](C)[C@H]2CNc2ccc(C(F)(F)F)cn2)c1,YCUVBKNJESOATO-WZONZLPQSA-N,0,antagonist,1.0,5.06
CHEMBL5924813,C=C1CC(c2nc3cc(OC)ccc3[nH]2)N(C(=O)c2nc(C3CC3)sc2-c2cccc(C)c2)C1,ZKWUTQXFTBKBJC-UHFFFAOYSA-N,0,antagonist,1.0,7.7
CHEMBL5924903,Cc1ccc(-c2ccc(OC(F)(F)F)cc2)c(C(=O)N2CCC[C@@]2(C)c2nc3cc(C(F)(F)F)c(Cl)cc3[nH]2)c1,YLWSVPOEELDXDC-SANMLTNESA-N,0,antagonist,1.0,6.06
CHEMBL5924944,COc1ccc(C)c(-c2nc([C@@H]3CCCN3C(=O)c3cc(C)ccc3-n3nccn3)no2)c1,NYYKCZLMJCQVJQ-NRFANRHFSA-N,0,antagonist,1.0,7.85
CHEMBL5925055,Cc1nc(C(=O)N2CC(F)(F)C[C@@H](C)C2CNc2cnc(C(F)(F)F)cn2)c(-c2ccccn2)s1,JZMKVDIUDRFLLW-KEKZHRQWSA-N,0,antagonist,1.0,5.301029995663981
CHEMBL5925094,C[C@@H]1CC[C@@H](Oc2nccc3c2C(=O)OC3(C)C)CN1C(=O)c1cccc(F)c1-n1nccn1,BXTOLNFNDZBUEB-HUUCEWRRSA-N,0,antagonist,1.0,6.88
CHEMBL5925125,COC(=O)N1[C@H](C)C[C@H](NS(=O)(=O)Cc2ccccc2)[C@@H]1CO[C@@H]1CC[C@]2(c3ncc(F)cn3)C[C@@H]2C1,QWMJABFWMAJOOV-UHZLZWPASA-N,0,antagonist,1.0,6.76
CHEMBL5925236,COC(=O)c1c(N2CCC2)ccnc1O[C@@H]1CC[C@@H](C)N(C(=O)c2ccccc2-n2nccn2)C1,LSQIMCBEKDDFHC-QZTJIDSGSA-N,0,antagonist,1.0,7.48
CHEMBL5925292,COC(=O)c1ccnc(O[C@@H]2CC[C@@H](C)N(C(=O)c3ccccc3-n3nccn3)C2)c1C(=O)OC,XBTOAIJVVNALGD-HZPDHXFCSA-N,0,antagonist,1.0,7.51
CHEMBL5925360,Cc1sc([C@@H]2CC[C@@H](C)N(C(=O)c3cscc3-c3ncccn3)C2)nc1C(C)(C)O,QYHKFWTYEMUYMJ-UKRRQHHQSA-N,0,antagonist,1.0,7.54
CHEMBL5925381,Cc1ccc(-c2cccnc2)c(C(=O)N2CCC[C@@H](C)[C@H]2CNc2ncc(Cl)cn2)n1,UNPHEIGOIBVSIF-FOIQADDNSA-N,0,antagonist,1.0,5.301029995663981
CHEMBL5925471,COc1ccc(-n2nccn2)c(C(=O)N2CCC[C@H]2c2nc(-c3cccc(Cl)c3C)no2)c1,MZYVEKPEYBFDIX-FQEVSTJZSA-N,0,antagonist,1.0,8.1
CHEMBL5925567,C=C1C[C@@H](c2nc3cc(OC)ccc3[nH]2)N(C(=O)c2ccccc2-c2cccc(C)c2)C1,MKXDKLLXGGSEJC-VWLOTQADSA-N,0,antagonist,1.0,7.92
CHEMBL5925673,Cc1ccc(-n2cccn2)c(C(=O)N2CCC[C@@H](C)[C@H]2CNc2ccc(C(F)(F)F)nn2)n1,LAXVDPFCORHHCM-RHSMWYFYSA-N,0,antagonist,1.0,5.301029995663981
CHEMBL5925678,C[C@@H]1CC[C@@H](Oc2cc(OCc3ccccc3)ccn2)CN1C(=O)c1ccccc1-n1nccn1,XDCNGBPBUCSTGM-NFBKMPQASA-N,0,antagonist,1.0,7.23
CHEMBL5925729,C=C1C[C@@H](c2nc3ccc(Cl)c(C)c3[nH]2)N(C(=O)c2cc(C)ccc2-n2cccn2)C1,AFHHDFJTQNISNL-NRFANRHFSA-N,0,antagonist,1.0,8.0
CHEMBL5925878,Cc1c(Cl)cccc1-c1noc([C@@H]2CCCN2C(=O)c2ccc(F)cc2-n2cccn2)n1,ARXATFHIXNWPRD-IBGZPJMESA-N,0,antagonist,1.0,6.58
CHEMBL5925898,COc1ccc2nc([C@@H]3C[C@@H](OC)CN3C(=O)c3cc(C)c(C)cc3-n3nccn3)[nH]c2c1,XIGZWKRYYRXUPJ-VGSWGCGISA-N,0,antagonist,1.0,8.05
CHEMBL5925943,C[C@@H]1CC(F)(F)CN(C(=O)c2nn(C)cc2-c2ncc(F)cn2)[C@@H]1COc1ccc(C(F)(F)F)cn1,YFUZGMVCBUCESF-MLGOLLRUSA-N,0,antagonist,1.0,5.301029995663981
CHEMBL5926180,CCN(c1cc(C#N)ccn1)[C@@H]1CC[C@@H](C)N(C(=O)c2ccccc2-n2nccn2)C1,MFUIOLOCEHOOMU-IEBWSBKVSA-N,0,antagonist,1.0,7.64
CHEMBL5926241,C[C@@H]1CC[C@@H](c2noc(C(C)(C)O)n2)CN1C(=O)c1ccccc1-n1ncnn1,FNYZXCNSTQAKRI-CHWSQXEVSA-N,0,antagonist,1.0,6.74
CHEMBL5926243,C=C1C[C@@H](c2nc3c(OC)ccc(OC)c3[nH]2)N(C(=O)c2cc(C)ccc2-n2nccn2)C1,ZPMYPIMEGJXJAF-SFHVURJKSA-N,0,antagonist,1.0,7.21
CHEMBL5926376,COc1ccnc(O[C@@H]2CC[C@@H](C)N(C(=O)c3cccc(F)c3-n3nccn3)C2)c1,DRBUGPOMTSOULG-GDBMZVCRSA-N,0,antagonist,1.0,7.83
CHEMBL5926497,C[C@@H]1CC(F)(F)CN(C(=O)c2cc(Cl)ccc2-n2ncnn2)C1CNc1ncc(C(F)(F)F)cn1,GHRIMFHYQKDFJH-ZVDHGWRTSA-N,0,antagonist,1.0,5.301029995663981
CHEMBL5926744,COc1cccc(-c2nc(C(=O)N3CCC[C@@]3(C)c3nc4c(C)c(Cl)ccc4[nH]3)c(-c3ccc(F)cc3)s2)c1,GSEUADRLDQYGNY-PMERELPUSA-N,0,antagonist,1.0,6.87
CHEMBL5926815,CCOc1ncccc1-c1nc([C@@H]2CCCN2C(=O)c2ccc(Cl)cc2-n2nccn2)no1,XALXDCYASGVZAD-KRWDZBQOSA-N,0,antagonist,1.0,8.0
CHEMBL5926816,COc1cc(C(=O)N2CCC[C@H]2c2noc(-c3cccc(F)c3OC)n2)c(-n2nccn2)cc1Cl,TVOPOIUNCIFOAI-KRWDZBQOSA-N,0,antagonist,1.0,9.0
CHEMBL5926817,CC[C@@](C)(O)c1nc([C@@H]2CC[C@@H](C)N(C(=O)c3cscc3-n3nccn3)C2)oc1C,QIFHYQSASFBJSW-MFLXSWDHSA-N,0,antagonist,1.0,7.75
CHEMBL5926920,CS(=O)(=O)N[C@H]1CCCN(C(=O)C2(C#N)CC2)[C@H]1CO[C@H]1CC[C@@H](c2ccccc2)CC1,RZEAHHXYIXEBOX-LRSLUSHPSA-N,1,agonist,1.0,6.43
CHEMBL5927360,Cc1ccc(-c2ccccc2)c(C(=O)N2CCC[C@H]2c2nc(-c3cccc(Cl)c3C)no2)c1,AOTBDTKVDOOBKK-DEOSSOPVSA-N,0,antagonist,1.0,7.96
CHEMBL5927525,C=C1C[C@@H](c2nc3cccc(C)c3[nH]2)N(C(=O)c2nc(C)sc2-c2cccc(C(F)(F)F)c2)C1,RFGPAFUPYJFKHK-IBGZPJMESA-N,0,antagonist,1.0,9.15
CHEMBL5927614,COc1cc2nc([C@]3(C)CCCN3C(=O)c3sc(C)nc3-c3ccc(C)cc3)[nH]c2cc1OC,RGJAHOZUYWRNSL-SANMLTNESA-N,0,antagonist,1.0,6.9
CHEMBL5927718,COc1ccc(-n2nccn2)c(C(=O)N2CCC[C@H]2c2nc(-c3cccc(Cl)c3C)no2)c1F,CNXKYLVWOJYMCK-KRWDZBQOSA-N,0,antagonist,1.0,7.12
CHEMBL5927722,C[C@@H]1CC[C@@H](c2nsc(C(C)(C)O)n2)CN1C(=O)c1ccccc1C1(C#N)CC1,WAYULQGSWBEHIR-HUUCEWRRSA-N,0,antagonist,1.0,7.75
CHEMBL5927833,Cc1ccc(C(=O)N2CCC[C@H]2c2cnc(-c3cccc(Cl)c3C)[nH]2)c(-n2nccn2)c1,NMLJPAFPWYRODK-NRFANRHFSA-N,0,antagonist,1.0,6.43
CHEMBL5927955,COC(=O)c1c(C#N)ccnc1O[C@@H]1CC[C@@H](C)N(C(=O)c2c(F)cccc2-c2nc(C)no2)C1,KGSOGWGWRGFKSM-CZUORRHYSA-N,0,antagonist,1.0,7.41
CHEMBL5927966,C[C@@H]1CC[C@@H](Oc2nccn3nccc23)CN1C(=O)c1ccccc1-n1nccn1,XTUBLGFHSMYMJF-HZPDHXFCSA-N,0,antagonist,1.0,7.57
CHEMBL5928156,C[C@@H]1CC[C@@H](Oc2nccc(C(C)(C)O)c2F)CN1C(=O)c1ccccc1-n1nccn1,GOVJTVJYVXSKKA-HZPDHXFCSA-N,0,antagonist,1.0,8.22
CHEMBL5928235,C[C@@H]1CCCN(C(=O)c2c(F)cccc2-n2nccn2)[C@@H]1CNc1ccc(C(F)(F)F)cn1,VEINLLMPZRUEHL-RDTXWAMCSA-N,0,antagonist,1.0,5.301029995663981
CHEMBL5928433,Cc1nc(C(=O)N2CC[C@H](C)[C@H]2c2nc3cc(Cl)ccc3[nH]2)c(-c2cccc(Cl)c2)s1,CTYPDKHVOJCDKL-YUNKPMOVSA-N,0,antagonist,1.0,5.39
CHEMBL5928516,Cc1ccc(-c2cnn(C)c2)c(C(=O)N2CCC[C@H](C)[C@@H]2CNc2ccc(C(F)(F)F)cn2)c1,XHXUTIQEYCEZLE-JTSKRJEESA-N,0,antagonist,1.0,5.301029995663981
CHEMBL5928578,O=C(N[C@H]1CCC[C@@H]1Nc1nc2c(F)cccc2s1)c1ccccc1-n1nccn1,WAFZAUIAMZFGOW-HOTGVXAUSA-N,0,antagonist,1.0,5.0
CHEMBL5928931,Cc1ccc(C(=O)N2CC[C@H](C)[C@H]2c2nc3cc(C)c(C)cc3[nH]2)c(-n2nccn2)c1,YRDYMMSFSGXWLF-NYHFZMIOSA-N,0,antagonist,1.0,7.5
CHEMBL5929181,CCN(CCc1cccc(C(C)(C)O)n1)C(=O)c1ccccc1OC(F)F,PEWQQJIYYABBSP-UHFFFAOYSA-N,0,antagonist,1.0,6.71
CHEMBL5929216,COc1c(C#N)ccnc1O[C@@H]1CC[C@@H](C)N(C(=O)c2cccc(F)c2-n2nccn2)C1,CDFBEYXQDVSPSY-GDBMZVCRSA-N,0,antagonist,1.0,8.62
CHEMBL5929235,COC(=O)N1[C@H](C)C[C@H](NS(C)(=O)=O)[C@@H]1CO[C@H]1CC[C@@H](c2c(F)ccc(F)c2F)CC1,GAVOQFWFDXSFPJ-ZVPUSRDESA-N,0,antagonist,1.0,8.97
CHEMBL5929341,COC(=O)c1c(OC)ccnc1O[C@@H]1CC[C@@H](C)N(C(=O)c2cccc(F)c2-n2nccn2)C1,UTLCHMHAXOYBLB-HUUCEWRRSA-N,0,antagonist,1.0,7.1850000000000005
CHEMBL5929403,C[C@@H]1CC(F)(F)CN(C(=O)c2nn(C)cc2-c2ncc(F)cn2)[C@@H]1COc1cnc(C(F)(F)F)cn1,AXQODOJGNSQRMR-BXUZGUMPSA-N,0,antagonist,1.0,5.301029995663981
CHEMBL5929429,C[C@@H]1CC[C@@H](c2cc(C(C)(C)O)sn2)CN1C(=O)c1cscc1-c1ncccn1,OYWCMARTFTYRDK-ZIAGYGMSSA-N,0,antagonist,1.0,7.33
CHEMBL5929536,COc1cccc(OC)c1C(=O)NC1CN(C(=O)OCc2ccccc2)CC1Nc1nc2ccc(Cl)cc2s1,YUAQEWZWSNKNGF-UHFFFAOYSA-N,0,antagonist,1.0,5.07
CHEMBL5929568,Cc1nc(C(=O)N2CC(F)(F)C[C@@H](C)C2CNc2ncc(C(F)(F)F)cn2)c(-c2ccc(F)cc2)s1,DOQQCCPVQBVRNR-MTATWXBHSA-N,0,antagonist,1.0,5.301029995663981
CHEMBL5929635,C=C[C@@H]1C[C@H](NS(C)(=O)=O)[C@H](CO[C@H]2CC[C@@H](c3ccccc3)CC2)N1C(=O)OC,LJDFJLOXDZKIRV-MJCUULBUSA-N,0,antagonist,1.0,8.03
CHEMBL5929650,C[C@@H]1CC[C@@H](c2noc([C@@H](O)C(F)(F)F)n2)CN1C(=O)c1ccccc1-n1nccn1,RTKYKZDHMOEJRY-LALPHHSUSA-N,0,antagonist,1.0,7.11
CHEMBL5929746,Cc1cc(C(=O)N2CCC[C@@]2(C)c2nc3cc(C)c(C)cc3n2C)c(-n2nccn2)cc1C,MEVYEKMBSZIAIZ-SANMLTNESA-N,0,antagonist,1.0,7.72
CHEMBL5929855,CS(=O)(=O)N[C@H]1CCCN[C@H]1CO[C@H]1CC[C@@H](c2cc(F)ccc2F)CC1,ZIXQWHRFFSLKIG-UAFONNFLSA-N,1,agonist,1.0,6.66
CHEMBL5929870,C[C@@H]1CC[C@@H](Oc2cc(OCC(F)F)ccn2)CN1C(=O)c1ncccc1-n1nccn1,OGZGPRBWSZBKCM-GDBMZVCRSA-N,0,antagonist,1.0,7.15
CHEMBL5929900,Cc1ccc(C)c(-c2nc([C@@H]3CCCN3C(=O)c3cc(C)c(C)cc3-n3nccn3)no2)c1,PIHWDDCXPKYNRC-NRFANRHFSA-N,0,antagonist,1.0,8.7
CHEMBL5929995,Cc1ccc(-n2nccn2)c(C(=O)N2CCC[C@H]2c2ncc(-c3ccccc3)[nH]2)c1,POQKHYADPZNRCZ-NRFANRHFSA-N,0,antagonist,1.0,6.96
CHEMBL5930019,CSc1cccc2nc([C@@H]3CCCN3C(=O)c3nc(C4CC4)sc3-c3ccc(F)cc3)[nH]c12,SUWOLYQPXZMIAS-SFHVURJKSA-N,0,antagonist,1.0,7.58
CHEMBL5930044,CC(OC(=O)N1CCC[C@H](NS(C)(=O)=O)[C@@H]1COC1CCN(c2ncccn2)CC1)C(F)(F)F,VGIILYNOQRNELS-HGVHAKBWSA-N,1,agonist,1.0,6.57
CHEMBL5930048,C[C@@H]1CC[C@@H](Nc2nccc3c2C(=O)OC3)CN1C(=O)c1ccccc1-n1nccn1,BSMZSFLIBGPCBQ-GDBMZVCRSA-N,0,antagonist,1.0,6.87
CHEMBL5930104,Cc1ccc(-n2nccn2)c(C(=O)N2CCC[C@@]2(C)c2nc3cc(C(F)(F)F)ccc3[nH]2)c1F,CLFMEHJJIKJZME-QFIPXVFZSA-N,0,antagonist,1.0,6.71
CHEMBL5930213,CCOc1cccc(OCC)c1C(=O)N[C@@H]1CCC[C@@H]1Nc1nc2ccccc2o1,BQOYPIIQOXEPGR-CVEARBPZSA-N,0,antagonist,1.0,5.92
CHEMBL5930328,CCOc1ncccc1C(=O)N1CC2CN(c3nc(C(C)(C)O)c(C)o3)CC2C1,ZSVBZMPQZSPQPK-UHFFFAOYSA-N,0,antagonist,1.0,6.26
CHEMBL5930358,C[C@@H]1CC[C@@H](Oc2nccn3ccnc23)CN1C(=O)c1ccsc1-c1ncccn1,YVNBZCNMZNYMGL-HUUCEWRRSA-N,0,antagonist,1.0,7.69
CHEMBL5930387,COC(C)(C)c1cc([C@@H]2CC[C@@H](C)N(C(=O)c3ccccc3-n3nccn3)C2)on1,NGLUPPLYZRRKAO-HZPDHXFCSA-N,0,antagonist,1.0,7.84
CHEMBL5930397,CCOc1ccccc1C(=O)N1C[C@H](Oc2nccn3ccnc23)CC[C@H]1C,LHHXJJBVPJTVPY-HZPDHXFCSA-N,0,antagonist,1.0,7.29
CHEMBL5930440,Cc1cccc(C(=O)N2CCC[C@@H](C)[C@H]2CNc2ccc(C(F)(F)F)cn2)c1-n1nccn1,NZQAWBOIBGEHDJ-DNVCBOLYSA-N,0,antagonist,1.0,5.96
CHEMBL5930714,CC(C)(O)c1cccc(N2CC[C@@H]3CCN(C(=O)c4ccccc4-n4nccn4)C[C@@H]32)c1,HRIPCRHUZFBXHC-MBSDFSHPSA-N,0,antagonist,1.0,7.31
CHEMBL5930762,O=C(c1ccccc1-n1nccn1)N1CC[C@H]2CCN(c3ccnc4ccccc34)[C@H]2C1,FPOVIGLDVIIBGI-UUOWRZLLSA-N,0,antagonist,1.0,5.46
CHEMBL5930867,Cc1cc(C(=O)N2CCC[C@H]2c2nc(-c3ccccc3Cl)no2)c(-n2nccn2)cc1C,MLVMGAOQNWHRLW-IBGZPJMESA-N,0,antagonist,1.0,7.8
CHEMBL5930917,Cc1cc(C(=O)N2CC(F)(F)C[C@@H](C)C2CNc2ncc(Cl)cn2)c(-c2ccccn2)s1,ZBHDRYOKBMVRDL-YJJYDOSJSA-N,0,antagonist,1.0,5.301029995663981
CHEMBL5930922,Cc1nc(C(=O)N2C[C@H]3CCC[C@H]3C2COc2ccc(C(F)(F)F)cn2)c(-c2ccc(F)cc2)s1,VFLDVSFQQIENMV-YPMWCJOZSA-N,0,antagonist,1.0,5.0
CHEMBL5930949,CN(C)S(=O)(=O)N[C@H]1CCCN[C@H]1CO[C@H]1CC[C@@H](c2ccccc2)CC1,YFCLIWLIUNZMCZ-YRPNKDGESA-N,1,agonist,1.0,6.32
CHEMBL5930995,C=C1CN(C(=O)c2nc(C)sc2-c2ccc(C)cc2)C(C)(c2nc3cc(OC)ccc3[nH]2)C1,VVKIZOBJQUNVNK-UHFFFAOYSA-N,0,antagonist,1.0,7.4
CHEMBL5931134,COc1ccccc1-c1cnc([C@@H]2CCCN2C(=O)c2cc(C)ccc2-n2nccn2)[nH]1,PKQBKQWZMXKWCQ-NRFANRHFSA-N,0,antagonist,1.0,7.75
CHEMBL5931156,COc1cccc(OC)c1C(=O)N[C@@H]1CCC[C@@H]1Nc1nc2ccc(Cl)cc2s1,XFIKRNAXHULGOU-KGLIPLIRSA-N,0,antagonist,1.0,5.28
CHEMBL5931175,CCN(CCN(C)c1cc(C#N)ccn1)C(=O)c1ccccc1-n1nccn1,SVMUFUOYEYJDQC-UHFFFAOYSA-N,0,antagonist,1.0,7.84
CHEMBL5931184,Cc1ccc(-c2ccc(F)cn2)c(C(=O)N2CCC[C@@H](C)[C@H]2CNc2ccc(Cl)cn2)c1,QHSRSTPPAWBUHN-UZUQRXQVSA-N,0,antagonist,1.0,5.301029995663981
CHEMBL5931297,CCOc1ncccc1-c1nnc([C@@H]2CCCN2C(=O)c2ccc(C)cc2-n2nccn2)[nH]1,MKZBJTGOLQLWKH-SFHVURJKSA-N,0,antagonist,1.0,7.03
CHEMBL5931318,Cc1ccc(-n2nccn2)c(C(=O)N2CCC[C@H]2c2nc(-c3ccccc3)no2)c1,CKYYOWDVDOICHK-IBGZPJMESA-N,0,antagonist,1.0,7.4
CHEMBL5931363,Cc1c(Cl)cccc1-c1noc([C@@H]2CCCN2C(=O)c2cc(Cl)ccc2-n2nccn2)n1,XKSXDMMDHQSNPE-IBGZPJMESA-N,0,antagonist,1.0,7.85
CHEMBL5931457,COc1cccc(OC)c1C(=O)N[C@H]1CCC[C@@H]1Nc1nc2ccc(Cl)cc2s1,XFIKRNAXHULGOU-KBPBESRZSA-N,0,antagonist,1.0,5.14
CHEMBL5931545,C[C@@H]1C[C@@H](Nc2cc(F)ccn2)CN1C(=O)c1ccccc1-n1nccn1,MCWKFMXKPZZVIL-UKRRQHHQSA-N,0,antagonist,1.0,6.92
CHEMBL5931551,C[C@@H]1CC[C@@H](Nc2nccn3cc(C(F)(F)F)nc23)CN1C(=O)c1ccccc1-n1nccn1,YEHNRBRTNOJFGZ-HUUCEWRRSA-N,0,antagonist,1.0,7.34
CHEMBL5931574,Cc1ccc(-c2cccc(F)c2)c(C(=O)N2CCC[C@@]2(C)c2nc3cc(C)c(C)cc3n2CC2CC2)c1,PBNXJCYPBKTIRD-YTTGMZPUSA-N,0,antagonist,1.0,7.08
CHEMBL5931658,Cc1oc([C@@H]2CC[C@@H](C)N(C(=O)c3ccccc3-c3ncccn3)C2)nc1C(C)(C)O,KNPOQYPCJFXLEZ-NVXWUHKLSA-N,0,antagonist,1.0,7.25
CHEMBL5931728,Cc1ccc(C(=O)N2CCC[C@H]2c2noc(-c3ccccc3OC(F)(F)F)n2)c(-n2nccn2)c1,WSRFZKRDPZBUHO-KRWDZBQOSA-N,0,antagonist,1.0,7.96
CHEMBL5931878,CO[C@@H]1CCCN(C(=O)c2nc(C)sc2-c2ccc(F)cc2)[C@@H]1CNc1ncc(Cl)cn1,BEDGJTYZISAOJW-QZTJIDSGSA-N,0,antagonist,1.0,6.0
CHEMBL5931933,CCOc1ncccc1C(=O)N1CCCC[C@@H]1Cc1nc(C(C)(C)O)c(C)o1,JKKJNJABPSQPNJ-OAHLLOKOSA-N,0,antagonist,1.0,7.7
CHEMBL5932038,COc1ccc2c3c1O[C@H]1[C@H](N(C)C(=O)Nc4ccccc4)CC[C@@]4(O)[C@@H](C2)N(S(=O)(=O)c2ccccc2)CC[C@]314,XXUZDINENIDVRU-PTSROERVSA-N,0,antagonist,1.0,5.0
CHEMBL5932085,C[C@@H]1CC(F)(F)CN(C(=O)c2cc(C#N)ccc2-n2nccn2)C1CNc1ncc(Cl)cn1,BPGWSSRZMREALB-YJJYDOSJSA-N,0,antagonist,1.0,5.301029995663981
CHEMBL5932366,CS(=O)(=O)N[C@H]1CCCN[C@H]1COC1CCC(F)(c2cc(F)cc(F)c2)CC1,SUGNAYMHXOBIFT-YBXZHIRMSA-N,1,agonist,1.0,5.3
CHEMBL5932396,Cc1nc(C(=O)N2C[C@H]3CCC[C@H]3C2CNc2nc3ccccc3o2)c(-c2ccc(F)cc2)s1,CVTJXLVBXLTRFM-ONTUJTEPSA-N,0,antagonist,1.0,5.0
CHEMBL5932494,CC(C)OC(=O)N1CCC[C@H](NS(=O)(=O)C(F)F)[C@@H]1CO[C@H]1CC[C@@]2(c3ncc(F)cn3)C[C@H]2C1,LEAODSZNIXTJHN-VBAMYXKLSA-N,0,antagonist,1.0,9.07
CHEMBL5932815,COc1ccc(C(=O)N2C[C@@H](Oc3cccc(C(C)O)c3)CC[C@@H]2C)c(-n2nccn2)n1,NZRHSDWEQBMOKT-QLYZIHHJSA-N,0,antagonist,1.0,7.05
CHEMBL5932903,Cc1ccc(-n2nccn2)c(C(=O)N2CCC[C@@H](C)[C@H]2CNc2nc3ccc(Cl)cc3o2)c1,FZCMCYCGHOTQKS-IIBYNOLFSA-N,0,antagonist,1.0,6.21
CHEMBL5932975,CCOc1c(F)cccc1-c1noc([C@@H]2CCCN2C(=O)c2cc(Cl)c(C)cc2-n2nccn2)n1,HHPIGCNBOVWVJD-IBGZPJMESA-N,0,antagonist,1.0,8.0
CHEMBL5933106,COc1c(F)cccc1-c1noc([C@@H]2CCCN2C(=O)c2cccc(F)c2-c2ccn[nH]2)n1,XTBHBVCTQWTHNF-SFHVURJKSA-N,0,antagonist,1.0,8.0
CHEMBL5933207,CCN(CCn1nc(C)c(C(C)(C)O)n1)C(=O)c1ccccc1OCC(F)(F)F,MISJJGJMEHBURU-UHFFFAOYSA-N,0,antagonist,1.0,7.28
CHEMBL5933244,CCN(CCn1nc(C)c(C(C)(C)O)n1)C(=O)c1cccnc1OC(C)C,OLVQDRMWBCIQHP-UHFFFAOYSA-N,0,antagonist,1.0,7.21
CHEMBL5933281,CO[C@@H]1C[C@@H](c2nc3c(C)c(Cl)ccc3[nH]2)N(C(=O)c2nc(C)sc2-c2ccccc2)C1,IZHDGARJKYGHMR-APWZRJJASA-N,0,antagonist,1.0,8.4
CHEMBL5933560,Cc1nc(C(=O)N2C(C)CCCC2CNC(=O)c2cccc3occc23)c(-c2ccc(F)cc2)s1,OZQQWERPXKWLAA-UHFFFAOYSA-N,0,antagonist,1.0,8.1
CHEMBL5933765,CCN(CCN(C)c1cccc(C(C)(C)O)n1)C(=O)c1ncccc1-c1ccccc1,LVUOPPODOZBPTH-UHFFFAOYSA-N,0,antagonist,1.0,6.68
CHEMBL5933805,O=C(N[C@H]1CCC[C@@H]1Nc1nc2ccc(F)cc2s1)c1ncccc1N1CCC1,MAQVRJKITUBSAT-GJZGRUSLSA-N,0,antagonist,1.0,5.0
CHEMBL5933903,Cc1nc(C(=O)N2C(C)CCCC2CNC(=O)c2cccc3cccnc23)c(-c2ccc(F)cc2)s1,QDFUSTLNIXAUHP-UHFFFAOYSA-N,0,antagonist,1.0,5.92
CHEMBL5934030,COc1c(C#N)ccnc1O[C@@H]1CC[C@@H](C)N(C(=O)c2cc(F)ccc2-c2ncccn2)C1,YXBJWJJJHTZCEJ-CRAIPNDOSA-N,0,antagonist,1.0,8.635
CHEMBL5934170,COC[C@H](Cc1ccc(C)cc1)n1c(=N)n(Cc2ccc(C)c(C)c2)c2ccccc21,BVIDAMKEIFFFNK-DEOSSOPVSA-N,1,agonist,1.0,6.0
CHEMBL5934247,CCOc1ncccc1C(=O)N1C[C@H](c2nc(C(C)(C)O)c(C)o2)CC[C@H]1C,IFRPNPHNSGQLFE-UKRRQHHQSA-N,0,antagonist,1.0,6.53
CHEMBL5934262,COC[C@H](Cc1ccc(C)cc1)n1c(=N)n([C@H](C)c2ccc(C)cc2)c2cccnc21,QGROROJTAULKRO-OFNKIYASSA-N,1,agonist,1.0,5.82
CHEMBL5934380,Cc1ccc(-c2ncccn2)c(C(=O)N2CCC[C@@]2(C)c2nc3cc(OC(F)(F)F)ccc3[nH]2)c1,OISXHCHFJPIZQE-DEOSSOPVSA-N,0,antagonist,1.0,6.42
CHEMBL5934848,CC(C)(O)c1cnc(N2CC[C@@H]3CCN(C(=O)c4ccccc4-n4nccn4)C[C@@H]32)nc1,ZQNIONBSTBKIRW-JXFKEZNVSA-N,0,antagonist,1.0,5.74
CHEMBL5934853,Cc1ccc(-n2nccn2)c(C(=O)N2CCC[C@H]2c2nc(-c3cccc(F)c3)no2)c1,OTUGLRAUQYELLK-IBGZPJMESA-N,0,antagonist,1.0,6.53
CHEMBL5934866,Cc1nc(C(=O)N2CCCC2c2nc3cc(OC(F)(F)F)ccc3[nH]2)c(-c2ccccc2)s1,GGXZIBBNJLUNTC-UHFFFAOYSA-N,0,antagonist,1.0,6.21
CHEMBL5934867,COC(=O)N1[C@H](C)C[C@H](NS(=O)(=O)CC(F)F)[C@@H]1CO[C@H]1CC[C@@H](c2cccc(F)c2)CC1,IMBCOKSTBLMNAJ-XEGUMIITSA-N,0,antagonist,1.0,8.28
CHEMBL5934965,C[C@@H]1C[C@@H](N(C)c2cc(C#N)ccn2)CN1C(=O)c1ccccc1-n1nccn1,UFSRWCBOCNOHDR-NVXWUHKLSA-N,0,antagonist,1.0,6.92
CHEMBL5934971,CCN(CCn1nc(C)c(C(C)(C)O)n1)C(=O)c1nccnc1-c1ccccn1,UPBVOSXJYZIJOU-UHFFFAOYSA-N,0,antagonist,1.0,7.06
CHEMBL5935012,O=C(N[C@H]1CCC[C@@H]1Nc1nc2ccc(F)cc2s1)c1c(F)cccc1F,ZSMHSBMGLIXAGK-KBPBESRZSA-N,0,antagonist,1.0,5.0
CHEMBL5935354,COc1cccnc1C(=O)N[C@H]1CCC[C@@H]1Nc1nc2ccc(F)cc2o1,WBSYSMRWVPPLPI-STQMWFEESA-N,0,antagonist,1.0,5.0
CHEMBL5935448,N#Cc1ccnc(N2CC[C@@H]3CCN(C(=O)c4ccccc4OC(F)(F)F)C[C@@H]32)c1,UBUBYMKJOUFTPK-RDJZCZTQSA-N,0,antagonist,1.0,7.1
CHEMBL5935478,Cc1ccc(CC(CNC(=O)CO)n2c(=N)n(C(c3ccc(C)cc3)C3CC3)c3ccccc32)cc1,KDFPJNQTMUOHFH-UHFFFAOYSA-N,1,agonist,1.0,6.0
CHEMBL5935543,Cc1nc(C(=O)N2CCC[C@@H](C)[C@H]2CNc2nccc(Cl)n2)c(-c2ccc(F)cc2)s1,ZJTZBERWGFEOEJ-CXAGYDPISA-N,0,antagonist,1.0,5.0
CHEMBL5935737,COc1cccc(-c2nnc([C@@H]3CCCN3C(=O)c3cc(C)ccc3-n3nccn3)o2)c1,HSZQIATYDTYNET-FQEVSTJZSA-N,0,antagonist,1.0,6.27
CHEMBL5935762,C[C@@H]1CC[C@@H](Oc2cc(OC(F)F)ccn2)CN1C(=O)c1ccsc1-n1nccn1,FGSFIGMGVNHWBN-TZMCWYRMSA-N,0,antagonist,1.0,7.96
CHEMBL5935771,C[C@@H]1CC[C@@H](Oc2cc([C@](C)(O)C3CC3)ccn2)CN1C(=O)c1ccccc1-n1nccn1,LDSZHRSIWREZPR-FLPMJASOSA-N,0,antagonist,1.0,7.85
CHEMBL5935901,Cc1oc(C[C@H]2CCCCN2C(=O)c2cccnc2CC(F)(F)F)nc1C(C)(C)O,RWSHVZDQBYPTRJ-CQSZACIVSA-N,0,antagonist,1.0,5.83
CHEMBL5935908,COC(=O)N1[C@H](C)C[C@H](NS(C)(=O)=O)[C@@H]1COC1CCC2(c3ncc(F)c(C)n3)CC2C1,YNLPXULEFZGBGH-STGGEYMNSA-N,0,antagonist,1.0,6.13
CHEMBL5936003,C=C1C[C@@H](c2nc3cc(C(C)(C)C)ccc3[nH]2)N(C(=O)c2cc(C)ccc2-n2cccn2)C1,YPUWMBWLERDLEG-DEOSSOPVSA-N,0,antagonist,1.0,7.72
CHEMBL5936066,CCc1ncccc1-c1noc([C@@H]2CCCN2C(=O)c2cc(C)ccc2-n2nccn2)n1,UQSRRYQDAAYMGK-FQEVSTJZSA-N,0,antagonist,1.0,7.01
CHEMBL5936161,CCN(CCN(C)c1cccc(C(C)(C)O)n1)C(=O)c1cccnc1CC(F)(F)F,IYJFCMIDHUENES-UHFFFAOYSA-N,0,antagonist,1.0,5.64
CHEMBL5936206,C=C1C[C@@H](c2nc3ccc(Cl)c(C)c3[nH]2)N(C(=O)c2nc(C)sc2-c2ccc(Cl)cc2)C1,AYIGFRHNJKQGKY-IBGZPJMESA-N,0,antagonist,1.0,8.52
CHEMBL5936328,Cc1ccc(C[C@@H](COCc2ccc(F)c(Cl)c2)n2c(=N)n(Cc3ccc(C)cc3)c3ccccc32)cc1,LSEYXNJYXRZBAR-MHZLTWQESA-N,1,agonist,1.0,6.0
CHEMBL5936364,COc1ccc(CN([C@@H](CC(=O)C#C[Si](C)(C)C)[C@H](CO[C@H]2CC[C@@H](c3ccccc3)CC2)NC(=O)OC(C)(C)C)S(C)(=O)=O)cc1,BZUKDQXHADOXGK-RTMGVRCSSA-N,0,antagonist,1.0,7.46
CHEMBL5936426,CCN(CCN(C)c1cc(C#N)ccn1)C(=O)c1ccccc1-n1ccnn1,ZPPFKEJRGOUSEP-UHFFFAOYSA-N,0,antagonist,1.0,6.34
CHEMBL5936540,Cc1ccc(-n2cccn2)c(C(=O)N2CCC[C@H]2c2nc(-c3ccccc3OC(F)(F)F)no2)c1,HRQHDSAGTVVGDG-IBGZPJMESA-N,0,antagonist,1.0,7.64
CHEMBL5936638,COC(=O)c1c(C#N)ccnc1O[C@@H]1CC[C@@H](C)N(C(=O)c2c(F)cccc2-c2noc(C)n2)C1,AZBWVAGPGHWBIQ-CZUORRHYSA-N,0,antagonist,1.0,7.84
CHEMBL5936739,CO[C@H]1CN(C(=O)c2ccc(C)cc2-n2nccn2)C(C)(c2nc3c(C)c(Cl)ccc3[nH]2)C1,CGJSCCIUIHOISZ-YAOANENCSA-N,0,antagonist,1.0,7.75
CHEMBL5936765,COc1ccc(-n2nccn2)c(C(=O)N2CCC[C@H]2c2nc(-c3ccccc3OC(F)(F)F)no2)c1F,NJUZPIMKSDPESQ-HNNXBMFYSA-N,0,antagonist,1.0,7.08
CHEMBL5936806,CNC(=O)N1CCC[C@H](NS(C)(=O)=O)[C@@H]1CO[C@H]1CC[C@@H](C(C)C)CC1,AROAGUIALGVQKV-YVSFHVDLSA-N,1,agonist,1.0,8.92
CHEMBL5936818,CSc1ccc2nc([C@@H]3CCCN3C(=O)c3cc(C(F)(F)F)ccc3-n3nccn3)[nH]c2c1,APGFFSBHRCPRCL-IBGZPJMESA-N,0,antagonist,1.0,6.96
CHEMBL5936846,C=C1C[C@@H](c2nc3ccc(Cl)c(C)c3[nH]2)N(C(=O)c2nc(C)sc2-c2ccc(F)c(Br)c2)C1,DIKCPRSWFGQRLD-IBGZPJMESA-N,0,antagonist,1.0,9.1
CHEMBL5936849,C[C@@H]1CCCN(C(=O)c2cc(F)ccc2-n2nccn2)[C@@H]1CNc1ccc(C(F)(F)F)nn1,DUEMGAZFOOAHKP-CXAGYDPISA-N,0,antagonist,1.0,5.301029995663981
CHEMBL5937149,CSc1ccc2nc([C@@H]3CCCN3C(=O)c3cncnc3-c3ccc(Br)c(Cl)c3)[nH]c2c1,WSQQINOREKVQOT-FQEVSTJZSA-N,0,antagonist,1.0,7.1
CHEMBL5937199,COC(=O)N1[C@H](C)C[C@H](NS(C)(=O)=O)[C@@H]1COC1CCC2(c3ncc(F)c(C(F)F)n3)CC2C1,PRHUSROLDJZMDD-WCNPDVCOSA-N,0,antagonist,1.0,6.66
CHEMBL5937203,CSCCOC[C@H](Cc1ccc(C)cc1)n1c(=N)n(Cc2ccc(C)cc2)c2ccccc21,MYWAQWWZUHWPKI-VWLOTQADSA-N,1,agonist,1.0,6.0
CHEMBL5937551,Cc1ccc(CC(CNC(=O)c2cccnc2)n2c(=N)n(Cc3ccc(C)cc3)c3ccccc32)cc1,KFWRRCXLMRQFEE-UHFFFAOYSA-N,1,agonist,1.0,5.3
CHEMBL5937713,COC(=O)N1[C@H](C)C[C@H](NS(=O)(=O)C(F)F)[C@@H]1CO[C@@H]1CC[C@]2(c3ncccn3)C[C@@H]2C1,HHDXIVHUEOQTJI-JQPKUHHSSA-N,0,antagonist,1.0,7.69
CHEMBL5937719,C[C@@H]1C[C@H](NS(C)(=O)=O)[C@H](CO[C@H]2CC[C@@]3(c4ncc(F)cn4)C[C@H]3C2)N1C(=O)OCC(F)(F)F,MASFGRFOJPQBKH-ZDLSHRKJSA-N,0,antagonist,1.0,8.8
CHEMBL5937751,CCN(CCN(C)c1nc(C)cc(C)n1)C(=O)c1ccccc1C1CC1(F)F,MZKQCHLHPUUJJL-UHFFFAOYSA-N,0,antagonist,1.0,7.72
CHEMBL5937911,COC[C@H](Cc1ccc(C)cc1)n1c(=N)n(Cc2ccc(Cl)c(F)c2)c2ccccc21,BJAQKYJUDPKVST-FQEVSTJZSA-N,1,agonist,1.0,5.3
CHEMBL5938157,Cc1nc(C(=O)N2C[C@@H](F)C[C@H]2c2nc3c(C)cccc3[nH]2)c(-c2ccccc2)s1,LIHQBVPBOMOTFN-WMZOPIPTSA-N,0,antagonist,1.0,6.5
CHEMBL5938271,Cc1nc(C(=O)N2CCC[C@@H](C)[C@H]2CNc2nc3ccccc3s2)c(-c2ccc(F)cc2)s1,ZWIPTFWKRJQHDY-FOIQADDNSA-N,0,antagonist,1.0,5.3979400086720375
CHEMBL5938420,CCC(F)(F)COC(=O)N1[C@H](C)C[C@H](NS(C)(=O)=O)[C@@H]1CO[C@H]1CC[C@@]2(c3ncc(F)cn3)C[C@H]2C1,NINGIILEHNHFBK-YQRBJHIPSA-N,0,antagonist,1.0,8.85
CHEMBL5938524,COC(=O)N1[C@H](C)C[C@H](NS(C)(=O)=O)[C@@H]1CO[C@@H]1CC[C@]2(c3ncccn3)C[C@@H]2C1,QMZKWPGSNQEJBN-LBAXQKCOSA-N,0,antagonist,1.0,7.0
CHEMBL5938533,C=C1C[C@@H](c2nc3cc(OC)ccc3[nH]2)N(C(=O)c2nc(C)sc2-c2ccc(OC)cc2)C1,UYJACMRWYZAAEV-NRFANRHFSA-N,0,antagonist,1.0,7.77
CHEMBL5938594,C[C@@H]1CC[C@@H](c2noc([C@H](O)C(F)(F)F)n2)CN1C(=O)c1ccccc1-n1nccn1,RTKYKZDHMOEJRY-JMSVASOKSA-N,0,antagonist,1.0,7.66
CHEMBL5938660,CC(=O)N1CCC[C@H](NS(C)(=O)=O)[C@@H]1CO[C@H]1CC[C@@H](c2cc(F)cc(F)c2)CC1,UXDYZLFWHWIPME-ZFCZOSEKSA-N,1,agonist,1.0,8.25
CHEMBL5938908,C=C1C[C@@H](c2nc3cc(Cl)c(C(F)(F)F)cc3[nH]2)N(C(=O)c2cc(C(F)(F)F)ccc2-n2nccn2)C1,ADFCMFAOLVPSJZ-IBGZPJMESA-N,0,antagonist,1.0,7.14
CHEMBL5939270,Cc1c(Cl)ccc2[nH]c([C@]3(C)CCCN3C(=O)c3nc(-c4cccc(C#N)c4)sc3-c3ccc(F)cc3)nc12,RGQDQGMCUZKIIP-PMERELPUSA-N,0,antagonist,1.0,6.84
CHEMBL5939278,Cc1nc(C(=O)N2CCC[C@@H](C)[C@H]2CNc2ncc(Br)cn2)c(-c2ccc(F)cc2)s1,ISPRXWJTTDEODA-FZKQIMNGSA-N,0,antagonist,1.0,5.301029995663981
CHEMBL5939418,Cc1ccc(-c2sc(C)nc2C(=O)N2CC(F)(F)C[C@@H](C)C2CNc2cnc(C(F)(F)F)cn2)cc1,BMEWNQAMDAQAMF-XPCCGILXSA-N,0,antagonist,1.0,5.301029995663981
CHEMBL5939475,CO[C@@H]1C[C@@H](c2nc3c(C)c(Cl)ccc3[nH]2)N(C(=O)c2nc(C)sc2-c2cccc(Cl)c2)C1,ORXQOPADZCARMN-APWZRJJASA-N,0,antagonist,1.0,8.7
CHEMBL5939525,C[C@@H]1CC[C@@H](c2nsc(C(C)(C)O)n2)CN1C(=O)c1ccccc1OC(F)(F)F,MBIBUCDOLLSHMQ-VXGBXAGGSA-N,0,antagonist,1.0,7.28
CHEMBL5939552,COC(=O)c1c(OC)ccnc1O[C@@H]1CC[C@@H](C)N(C(=O)c2c(F)cccc2-c2noc(C)n2)C1,ZWBMDDRPRYGFJK-UKRRQHHQSA-N,0,antagonist,1.0,7.15
CHEMBL5939574,COc1ccc(-c2cn(C)nc2C(=O)N2CC(F)(F)C[C@@H](C)C2CNc2ncc(C(F)(F)F)cn2)nc1,LSDCKBRAPPXFRY-YJJYDOSJSA-N,0,antagonist,1.0,5.301029995663981
CHEMBL5939755,Cc1ccc(-n2nccn2)c(C(=O)N2CCC[C@H]2c2nc(-c3cccc4c3OCCO4)no2)c1,YPFANHJCIUGNFX-IBGZPJMESA-N,0,antagonist,1.0,7.92
CHEMBL5939804,COC(=O)N1[C@H](C)C[C@H](NS(=O)(=O)CCl)[C@@H]1CO[C@H]1CC[C@@]2(c3ncc(F)cn3)C[C@H]2C1,CDIJDUBOXQUXDR-ZDLSHRKJSA-N,0,antagonist,1.0,8.68
CHEMBL5939931,COCC1CN(C(=O)C(Cc2ccc(C)cc2)n2c(=N)n(C(C)c3ccc(C)cc3)c3ccccc32)C1,UXGUWWOYQQUZGH-UHFFFAOYSA-N,1,agonist,1.0,5.82
CHEMBL5939934,CC(C)c1noc([C@@H]2CC[C@@H](C)N(C(=O)c3ccccc3-n3nccn3)C2)n1,SVCUTBAMBVMRAP-HUUCEWRRSA-N,0,antagonist,1.0,6.91
CHEMBL5940117,C[C@@H]1CC[C@@H](Nc2nccn3c(Cl)cnc23)CN1C(=O)c1ccccc1-n1nccn1,FQNVUUZOFSAQLW-HUUCEWRRSA-N,0,antagonist,1.0,7.86
CHEMBL5940163,Cc1ccc(-n2nccn2)c(C(=O)N2CCC[C@H]2c2nc(-c3ccnc4[nH]ccc34)no2)c1,PGYMTQBWQBAVOW-IBGZPJMESA-N,0,antagonist,1.0,6.58
CHEMBL5940206,CCOc1ccccc1-c1cnc([C@@H]2CCCN2C(=O)c2ccc(C)cc2-n2nccn2)[nH]1,MUHYLIWIJWRUEE-NRFANRHFSA-N,0,antagonist,1.0,9.0
CHEMBL5940254,Cc1ccc(CC(C(=O)N2CC(C#N)C2)n2c(=N)n(C(C)c3ccc(C)cc3)c3ccccc32)cc1,TWXWHUOBHOUKMQ-UHFFFAOYSA-N,1,agonist,1.0,6.0
CHEMBL5940400,Cc1nc(C(=O)N2CC(F)(F)C[C@@H](C)C2CNc2ncc(Cl)cn2)c(-c2ncccn2)s1,RBXCLVUQWAODIL-YNODCEANSA-N,0,antagonist,1.0,5.301029995663981
CHEMBL5940416,Cc1cc(C(=O)N2CCC[C@@]2(C)c2nc3c(C)c(Cl)ccc3[nH]2)c(-n2nccn2)cc1C,OTINXPNLFIWYGI-DEOSSOPVSA-N,0,antagonist,1.0,8.7
CHEMBL5940432,C[C@@H]1CCCN(C(=O)c2c(F)cccc2-c2ncccn2)[C@@H]1CNc1ncc(Cl)cn1,FMSAOPOHKGHUSJ-RDTXWAMCSA-N,0,antagonist,1.0,5.301029995663981
CHEMBL5940510,COc1ccc(-c2ccc(F)cc2)c(C(=O)N2CCC[C@@]2(C)c2nc3c(C)c(Cl)ccc3[nH]2)c1F,AWCXCBDFXCQJOP-MHZLTWQESA-N,0,antagonist,1.0,7.68
CHEMBL5940601,COC(=O)N1CCC[C@H](NS(C)(=O)=O)[C@@H]1CO[C@H]1CC[C@@H](c2ccc(O)cc2)CC1,VWDXTDWYONBDOK-RNQOJCNYSA-N,1,agonist,1.0,7.85
CHEMBL5940638,Cc1ccc2[nH]c([C@]3(C)CCCN3C(=O)c3ccccc3-c3ccc(F)cc3)nc2c1C,DTNJQXBOAWSSEP-MHZLTWQESA-N,0,antagonist,1.0,7.13
CHEMBL5940659,Cc1nc(C(=O)N2CC[C@H](C)[C@H]2c2nc3cc(C(F)(F)F)ccc3[nH]2)c(-c2cccc(Cl)c2)s1,NCYAPGCCXVOJBV-YUNKPMOVSA-N,0,antagonist,1.0,5.56
CHEMBL5940776,COC(=O)N1[C@H](C(F)(F)F)C[C@H](NS(C)(=O)=O)[C@@H]1CO[C@H]1CC[C@@]2(c3ncc(F)cn3)C[C@H]2C1,QAYSQZBYQMVYSL-WULVTXSBSA-N,0,antagonist,1.0,8.59
CHEMBL5940791,COC[C@H](Cc1ccc(C)cc1)n1c(=N)n(Cc2ccc(Cl)nc2)c2ccccc21,HUWREHDLAICODD-FQEVSTJZSA-N,1,agonist,1.0,5.3
CHEMBL5940833,CC(C)Oc1ccnc(O[C@@H]2CC[C@@H](C)N(C(=O)c3ccsc3-n3nccn3)C2)c1,CXZYDJCFSCODJJ-NVXWUHKLSA-N,0,antagonist,1.0,7.6
CHEMBL5941006,CCOC(=O)C(NC(=O)[C@@H]1CC[C@@H](C)N(C(=O)c2ccccc2-n2nccn2)C1)C(=O)C(F)F,JPWQJGMKXWFDCL-LJNCCCJHSA-N,0,antagonist,1.0,7.37
CHEMBL5941030,CCN(CCc1ccc(C(C)(C)O)cn1)C(=O)c1cccnc1OCC(F)(F)F,DDEVUHLQGABAIQ-UHFFFAOYSA-N,0,antagonist,1.0,6.37
CHEMBL5941169,C[C@@H]1CC[C@@H](Sc2cc(C#N)ccn2)CN1C(=O)c1cc(Cl)ccc1-n1nccn1,CRJHUHSYLJPVFW-RHSMWYFYSA-N,0,antagonist,1.0,6.67
CHEMBL5941341,COc1ccnc(O[C@@H]2CC[C@@H](C)N(C(=O)c3ccccc3-n3nccn3)C2)c1C(C)=O,DGAOPKUYPKCBLB-NVXWUHKLSA-N,0,antagonist,1.0,7.91
CHEMBL5941360,CCN(CCN(C)c1cccc(C(C)(C)O)n1)C(=O)c1ccccc1OC(F)F,BWCJQXVNCAOSRY-UHFFFAOYSA-N,0,antagonist,1.0,6.7
CHEMBL5941404,Cc1nc(C(=O)N2CCCC2c2nc3cc(C(F)(F)F)c(Cl)cc3[nH]2)c(-c2cccc(Cl)c2)s1,XNLYMVGNKCDVEY-UHFFFAOYSA-N,0,antagonist,1.0,7.24
CHEMBL5941524,CC1(C)OC(=O)c2c1ccnc2O[C@@H]1CC[C@@H](CO)N(C(=O)c2ccccc2-n2nccn2)C1,BOTHQMMZEAMRRX-JKSUJKDBSA-N,0,antagonist,1.0,7.68
CHEMBL5941552,C[C@@H]1CC(F)(F)CN(C(=O)c2nn(C)cc2-c2ncc(F)cn2)[C@@H]1CNc1ncc(C(F)(F)F)cc1F,CIFNAVJKLUBXLW-BDJLRTHQSA-N,0,antagonist,1.0,5.301029995663981
CHEMBL5941776,COc1ccc(-n2nccn2)c(C(=O)N2CC[C@H](C)[C@H]2c2nc3c(C)c(Cl)ccc3[nH]2)c1,HFYYHVKYLPJNOE-ZSEKCTLFSA-N,0,antagonist,1.0,7.64
CHEMBL5941795,C[C@@H]1CC[C@@H](c2nc(-c3ccccc3)co2)CN1C(=O)c1ccccc1-n1nccn1,ZLPARQMVIDJNPN-IEBWSBKVSA-N,0,antagonist,1.0,7.42
CHEMBL5941887,C[C@@H]1CC[C@@H](Oc2cc(OCC(F)F)ccn2)CN1C(=O)c1ccccc1CS(C)(=O)=O,BJJJFGUBVXIICD-CRAIPNDOSA-N,0,antagonist,1.0,7.47
CHEMBL5941902,C=C1C[C@@H](c2nc3c(Br)cccc3[nH]2)N(C(=O)c2cc(C)ccc2-n2nccn2)C1,DKRIPYRJKGNUCR-IBGZPJMESA-N,0,antagonist,1.0,7.48
CHEMBL5941981,COC(=O)N1[C@H](C(F)F)C[C@H](NS(=O)(=O)CF)[C@@H]1CO[C@H]1CC[C@@]2(c3ncc(F)cn3)C[C@H]2C1,KGGYBMYZWXVMDT-SXXJFXBLSA-N,0,antagonist,1.0,9.22
CHEMBL5941998,Cc1noc(-c2ccccc2C(=O)N[C@@H]2CCC[C@@H]2Nc2nc3ccc(F)cc3o2)n1,QNIKBAFONOPJJI-SJORKVTESA-N,0,antagonist,1.0,5.0
CHEMBL5942061,CC(=O)N1CCC[C@H](NS(C)(=O)=O)[C@@H]1CO[C@H]1CC[C@@H](C(C)(C)F)CC1,SXVZLALTRXSAQC-YVSFHVDLSA-N,1,agonist,1.0,5.37
CHEMBL5942065,Cc1nc(C(=O)N2CC(F)(F)C[C@@H](C)C2CNc2ncccn2)c(-c2ccccc2)o1,UIFKZLSSKJEDQF-XPCCGILXSA-N,0,antagonist,1.0,5.301029995663981
CHEMBL5942069,Cc1ccc(-c2cnn(C)c2)c(C(=O)N2CCC[C@@H](C)[C@H]2CNc2cccc(C)n2)c1,VDZSXMACWJKMBN-WZONZLPQSA-N,0,antagonist,1.0,5.3979400086720375
CHEMBL5942083,CCOc1c(F)cccc1-c1nc([C@@H]2CCCN2C(=O)c2cc(OC)c(F)cc2-n2nccn2)no1,SHWGJZBKQDDROG-SFHVURJKSA-N,0,antagonist,1.0,8.22
CHEMBL5942220,CCOC(=O)c1nn(CCN(CC)C(=O)c2ccccc2-n2nccn2)nc1C,FPDQVWVDAQROBH-UHFFFAOYSA-N,0,antagonist,1.0,7.92
CHEMBL5942295,COc1cc(C(=O)N2CCC[C@H]2c2nc(-c3cccc(Cl)c3C)no2)c(-n2nccn2)cc1F,GOSHEXFXRFZAPB-SFHVURJKSA-N,0,antagonist,1.0,7.8
CHEMBL5942495,CC(C)(O)c1csc(-c2ccccc2C(=O)N2CC[C@H]3CCN(n4nccn4)[C@H]3C2)n1,WKPDQYLAFONSBM-YJBOKZPZSA-N,0,antagonist,1.0,6.7
CHEMBL5942505,CC(C)OC(=O)N1[C@H](C)C[C@H](NS(C)(=O)=O)[C@@H]1CO[C@@H]1CC[C@]2(c3ncc(F)cn3)C[C@@H]2C1,HQUUAUMVXBPSDA-DWJALSQXSA-N,0,antagonist,1.0,8.1
CHEMBL5942522,COc1ccc(C)cc1-c1nc([C@@H]2CCCN2C(=O)c2cc(C)c(C)cc2-n2nccn2)no1,ZFAOCDJDWJPATF-FQEVSTJZSA-N,0,antagonist,1.0,8.7
CHEMBL5942542,COC(=O)c1c(OC)ccnc1N[C@@H]1C[C@@H](C)N(C(=O)c2ccccc2-n2nccn2)C1,JLKCVGRHAVQWFG-HUUCEWRRSA-N,0,antagonist,1.0,7.53
CHEMBL5942667,Cc1sc([C@@H]2CC[C@@H](C)N(C(=O)c3ccccc3C3(C#N)CC3)C2)nc1C(C)(C)O,YLXBWADAHBWSPB-NVXWUHKLSA-N,0,antagonist,1.0,7.92
CHEMBL5942908,CC(C)[C@H]1CC[C@@H](OC[C@H]2[C@@H](NS(C)(=O)=O)CCCN2C(=O)C2CC(O)C2)CC1,OHGTYQCUKBNUGB-PVFWFNBXSA-N,1,agonist,1.0,6.43
CHEMBL5942909,C[C@@H]1CC[C@@H](c2csc(C(C)(C)O)n2)CN1C(=O)c1ccsc1-c1ncccn1,XYTOPSWBJQGBLE-ZIAGYGMSSA-N,0,antagonist,1.0,7.05
CHEMBL5942990,COC(=O)C1CC1c1coc([C@@H]2CC[C@@H](C)N(C(=O)c3ccccc3-n3nccn3)C2)n1,OPCWAMYMKMGPHT-RCDYEMGKSA-N,0,antagonist,1.0,7.31
CHEMBL5943040,C[C@@H]1CC[C@@H](Oc2cccc(C(C)(O)C(F)(F)F)c2)CN1C(=O)c1ccccc1-n1nccn1,XFXSCJHMCPTPRE-FVFSQFTHSA-N,0,antagonist,1.0,7.05
CHEMBL5943060,COC[C@H](Cc1ccc(C)cc1)n1c(=N)n(Cc2ccc(Br)c(F)c2)c2ccccc21,BVFFKGHFDJWKBY-FQEVSTJZSA-N,1,agonist,1.0,5.3
CHEMBL5943180,Cc1c(C#N)ccnc1O[C@@H]1CC[C@@H](C)N(C(=O)c2ccc(Cl)nc2-n2nccn2)C1,RLEHACFSEIJEMF-CZUORRHYSA-N,0,antagonist,1.0,7.790000000000001
CHEMBL5943328,C[C@@H]1CC[C@@H](c2nc(C(C)(C)C)co2)CN1C(=O)c1ccccc1-n1nccn1,IXWLXBTUDGKDJC-HZPDHXFCSA-N,0,antagonist,1.0,7.22
CHEMBL5943462,O=C(c1ccccc1-n1nccn1)N1CC[C@H]2CCN(c3cncc4ccccc34)[C@H]2C1,KSZFRFFEOCROIG-UUOWRZLLSA-N,0,antagonist,1.0,5.15
CHEMBL5943515,C[C@@H]1CC[C@@H](Oc2nccn3c(C#N)cnc23)CN1C(=O)c1ccccc1-n1nccn1,DQDCQMQOQADHKB-NVXWUHKLSA-N,0,antagonist,1.0,7.13
CHEMBL5943570,CCN(CCN(C)c1nccc(C(C)(C)O)n1)C(=O)c1ccc(OC)nc1C1CC1,QFGYEOCXSCFDKR-UHFFFAOYSA-N,0,antagonist,1.0,7.7
CHEMBL5943598,C=C1C[C@@H](c2nc3cc(OC)ccc3[nH]2)N(C(=O)c2nc(C)sc2-c2ccc(F)c(Br)c2)C1,MPMCSCIPKSBAPT-FQEVSTJZSA-N,0,antagonist,1.0,7.77
CHEMBL5943627,Cc1nc(C(=O)N2CC(N)CCC2CNC(=O)c2cccc3cccnc23)c(-c2ccccc2)s1,CMEYWYAGTUKFKO-UHFFFAOYSA-N,0,antagonist,1.0,5.7
CHEMBL5943647,Cc1cc(-n2nccn2)c(C(=O)N2CCC[C@H]2c2nnc(-c3ccccc3OC(F)(F)F)[nH]2)cc1Cl,FTJXPOYMWDMSQX-KRWDZBQOSA-N,0,antagonist,1.0,8.7
CHEMBL5943745,Cc1ccc(C(=O)N2C[C@H](Sc3cc(C#N)ccn3)CC[C@H]2C)c(-n2nccn2)c1,KXCSQTKVEUXZIM-SJLPKXTDSA-N,0,antagonist,1.0,7.31
CHEMBL5943748,COc1ccc(-c2sc(C)nc2C(=O)N2CC[C@H](C)[C@H]2c2nc3c(C)c(Cl)ccc3[nH]2)cn1,YNQCYKPXLIMHBV-QKVFXAPYSA-N,0,antagonist,1.0,6.72
CHEMBL5943795,CCN(CCc1cccc(C(C)(C)O)n1)C(=O)c1ccccc1OC(F)(F)F,SWVYFOAIMXFPBR-UHFFFAOYSA-N,0,antagonist,1.0,7.5
CHEMBL5943845,COC(=O)N1CCC[C@H](NS(C)(=O)=O)[C@@H]1CO[C@H]1CC[C@@H](c2c(F)ccc(F)c2F)CC1,IVBLBXVMHTYNAW-DACLVMHWSA-N,1,agonist,1.0,8.59
CHEMBL5944061,O=C(c1ccc(F)cc1-n1cccn1)N1CCC[C@H]1c1nc(-c2ccccc2OC(F)(F)F)no1,FUXVRGOMUNQWEW-KRWDZBQOSA-N,0,antagonist,1.0,6.46
CHEMBL5944174,C/N=c1\n(Cc2ccc(C)cc2)c2ccccc2n1[C@H](COC)Cc1ccc(C)cc1,CIVPTVUIUQYIQF-ZGGJALHESA-N,1,agonist,1.0,5.3
CHEMBL5944176,COC(=O)c1c(SC)ccnc1O[C@@H]1CC[C@@H](C)N(C(=O)c2ccccc2-c2ncccn2)C1,INHZIRBRJLHYCI-IAGOWNOFSA-N,0,antagonist,1.0,7.55
CHEMBL5944210,C[C@@H]1CC[C@@H](Sc2ccc(C(F)(F)F)cn2)CN1C(=O)c1ccccc1-n1nccn1,DOQWKFWVXJIZJO-GDBMZVCRSA-N,0,antagonist,1.0,6.49
CHEMBL5944435,COC(=O)c1c(C#N)ccnc1O[C@@H]1CC[C@@H](C)N(C(=O)c2ccc(F)cc2-c2ncccn2)C1,GGBAVEZTRXYIOP-CRAIPNDOSA-N,0,antagonist,1.0,7.47
CHEMBL5944462,C=C1C[C@@H](c2nc3ccc(Cl)c(C)c3[nH]2)N(C(=O)c2nc(C)sc2-c2cccc(C(F)(F)F)c2)C1,PTZUKCQLHNBFEQ-IBGZPJMESA-N,0,antagonist,1.0,9.22
CHEMBL5944591,COC(=O)c1c(C#N)ccnc1O[C@@H]1CC[C@@H](C)N(C(=O)c2cc(F)ccc2-n2nccn2)C1,BSLWIDNJTKEDJE-RHSMWYFYSA-N,0,antagonist,1.0,7.74
CHEMBL5944718,Cc1ccc(-n2ncnc2C)c(C(=O)N2CCC[C@@H](C)[C@H]2CNc2ccc(C(F)(F)F)cn2)c1,WBDFFUDCLSSREL-IIBYNOLFSA-N,0,antagonist,1.0,5.301029995663981
CHEMBL5944767,CCOc1ncccc1-c1noc([C@@H]2CCCN2C(=O)c2cccc(C)c2-n2nccn2)n1,YPJLPNBJTNDIQI-SFHVURJKSA-N,0,antagonist,1.0,6.77
CHEMBL5944813,Cc1c(Cl)cccc1-c1noc([C@@H]2CCCN2C(=O)c2cccc(Cl)c2-n2nccn2)n1,OMKXOQZSKPYVNH-SFHVURJKSA-N,0,antagonist,1.0,6.57
CHEMBL5944880,Cc1ccc(-c2nnn(C)n2)c(C(=O)N2CC(F)(F)C[C@@H](C)C2CNc2ncc(Cl)cn2)c1,SNTSPDWWEUQDPI-FWJOYPJLSA-N,0,antagonist,1.0,5.301029995663981
CHEMBL5944928,CCOc1ncccc1-c1noc([C@@H]2CCCN2C(=O)c2cc(Cl)ccc2-n2nccn2)n1,YOYXDJZKPVMUAZ-SFHVURJKSA-N,0,antagonist,1.0,8.0
CHEMBL5944967,COC(=O)N1[C@H](C)C[C@H](NS(=O)(=O)Cc2ccccc2)[C@@H]1CO[C@H]1CC[C@@]2(c3ncc(F)cn3)C[C@H]2C1,QWMJABFWMAJOOV-WOVRCEAWSA-N,0,antagonist,1.0,7.46
CHEMBL5944974,C[C@@H]1CC[C@@H](c2cnn(C3CCCC3)c2)CN1C(=O)c1ccccc1-n1nccn1,GUBPPFBAXMESOM-QZTJIDSGSA-N,0,antagonist,1.0,7.41
CHEMBL5945048,CC(C)OC(=O)N1[C@H](C)C[C@H](NS(C)(=O)=O)[C@@H]1CO[C@H]1CC[C@@]2(c3ncc(Cl)cn3)C[C@H]2C1,LTHCIGMBXLRKPA-YQRBJHIPSA-N,0,antagonist,1.0,8.36
CHEMBL5945100,CCNC(=O)N1CCC[C@H](NS(C)(=O)=O)[C@@H]1CO[C@H]1CO[C@@H](C2=CCCC=C2)OC1,HKXMCLZJYFLAIX-CADBVGFASA-N,1,agonist,1.0,6.41
CHEMBL5945281,CC(C)OC(=O)N1CCC[C@H](NS(=O)(=O)C2CC2)[C@@H]1COC1CCN(c2ncccn2)CC1,RCTGNFYIRGXOFA-PMACEKPBSA-N,1,agonist,1.0,7.68
CHEMBL5945308,C[C@@]1(c2nnc(-c3ccccc3OC(F)(F)F)[nH]2)CCCN1C(=O)c1cc(Cl)ccc1-n1nccn1,BHXZIISEUPMHRP-QFIPXVFZSA-N,0,antagonist,1.0,7.47
CHEMBL5945332,Cc1ccc(-n2nccn2)c(C(=O)N2CC(F)(F)C[C@@H](C)C2CNc2cnc(C(F)(F)F)cn2)n1,XCKUMJWIRLIXTC-KEKZHRQWSA-N,0,antagonist,1.0,5.301029995663981
CHEMBL5945678,COc1c(C#N)ccnc1O[C@@H]1CC[C@@H](C)N(C(=O)c2cccc(F)c2-c2ncccn2)C1,QTWBRYPLGAYUAY-NVXWUHKLSA-N,0,antagonist,1.0,8.27
CHEMBL5945804,CSc1ccc2nc([C@@H]3CCCN3C(=O)c3c(F)cccc3-n3nccn3)[nH]c2c1,KXIFHLBOLVUPFH-SFHVURJKSA-N,0,antagonist,1.0,7.36
CHEMBL5945806,C[C@@H]1CCCN(C(=O)c2cc(F)c(F)cc2-c2ncccn2)[C@@H]1CNc1ncc(C(F)(F)F)cn1,GVXZUOBZCHXFNF-BFUOFWGJSA-N,0,antagonist,1.0,5.301029995663981
CHEMBL5946042,Cc1ccc(-c2ncccn2)c(C(=O)N2CC(F)(F)C[C@@H](C)C2CNc2ncc(C(F)(F)F)cn2)c1,NPYZSYCRZRXWOT-NYRJJRHWSA-N,0,antagonist,1.0,5.301029995663981
CHEMBL5946122,COc1c(F)cccc1-c1noc([C@@H]2CCCN2C(=O)c2cccc(C)c2-n2nccn2)n1,JXQNSXDWDDWWTI-SFHVURJKSA-N,0,antagonist,1.0,7.03
CHEMBL5946206,CCN(CCN(C)c1cc(C#N)ccn1)C(=O)c1cccnc1Oc1ccccc1,BXSOTHMRRCLUBX-UHFFFAOYSA-N,0,antagonist,1.0,5.0
CHEMBL5946297,Cc1c(F)cccc1-c1noc([C@@H]2CCCN2C(=O)c2ccc(Cl)cc2-n2nccn2)n1,UZAWEHKKXGQPBY-SFHVURJKSA-N,0,antagonist,1.0,7.77
CHEMBL5946354,C[C@@H]1CC(F)(F)CN(C(=O)c2cn(C)nc2-c2ccccc2)[C@@H]1CNc1ncc(Cl)cn1,ARWDXMWRMDDSAR-RDTXWAMCSA-N,0,antagonist,1.0,5.301029995663981
CHEMBL5946398,Cc1ccc(-c2ccccc2F)c(C(=O)N2CCC[C@@]2(C)c2nc3c(C)c(C)ccc3[nH]2)c1,FVBATYFIMXYBQL-NDEPHWFRSA-N,0,antagonist,1.0,7.68
CHEMBL5946402,COc1ccc(-n2nccn2)c(C(=O)N2CCC[C@H]2c2nc(-c3ccccc3OC(F)(F)F)no2)c1,AXFHTSCHDWECSS-SFHVURJKSA-N,0,antagonist,1.0,7.57
CHEMBL5946478,N#Cc1ccnc(N2CC[C@@H]3CCN(C(=O)c4ccccc4CC(F)(F)F)C[C@@H]32)c1,DNORLDWYSHAMGY-LPHOPBHVSA-N,0,antagonist,1.0,7.32
CHEMBL5946575,C[C@@H]1CCCN(C(=O)c2cccc(F)c2-n2nccn2)[C@@H]1CNc1ncc(C(F)(F)F)cn1,LJNCPNLQIFQRJM-CXAGYDPISA-N,0,antagonist,1.0,5.301029995663981
CHEMBL5946732,Cc1cccc(-c2nc(C(=O)N3CCC[C@@]3(C)c3nc4cc(Cl)c(C(F)(F)F)cc4[nH]3)c(-c3ccc(F)cc3)s2)c1,ZSCJAMPVEPJYCO-LJAQVGFWSA-N,0,antagonist,1.0,5.93
CHEMBL5946886,C[C@@H]1CC[C@@H](Oc2nccc3c2cnn3C)CN1C(=O)c1ccccc1-n1nccn1,OMWFJVSWUVZEEW-HZPDHXFCSA-N,0,antagonist,1.0,7.75
CHEMBL5946932,C=C1CN(C(=O)c2nc(N(C)C)sc2-c2cccc(Cl)c2)C(C)(c2nc3cc(OC)ccc3[nH]2)C1,BENFXJYMCKYQAE-UHFFFAOYSA-N,0,antagonist,1.0,7.7
CHEMBL5947000,C[C@@H]1CC[C@@H](c2csc(C(C)(C)O)n2)CN1C(=O)c1ccc(F)cc1-n1nccn1,MASRYULPKHMTEW-ZIAGYGMSSA-N,0,antagonist,1.0,7.85
CHEMBL5947010,CC(C)C(C)(O)c1cc([C@H]2CC[C@H](C)N(C(=O)c3ccccc3-n3nccn3)C2)no1,SJIHDYMYGWGYTB-UYHNVOLQSA-N,0,antagonist,1.0,7.61
CHEMBL5947063,C[C@@H]1CC[C@@H](c2cc([C@H](O)C(F)(F)F)no2)CN1C(=O)c1ccccc1-n1ncnn1,XXUYQYODNGKFQF-QFSBIZTOSA-N,0,antagonist,1.0,6.48
CHEMBL5947083,O=C(N[C@H]1CCC[C@@H]1Nc1nc2cc(F)ccc2o1)c1ccccc1-n1nccn1,JFPYMDXVSVUGTP-HOTGVXAUSA-N,0,antagonist,1.0,5.38
CHEMBL5947087,C=C1C[C@@H](c2nc3cc(OC)ccc3[nH]2)N(C(=O)c2nc(C3CC3)sc2-c2ccc(C)c(F)c2)C1,KRXUCZAVOQKMPR-QFIPXVFZSA-N,0,antagonist,1.0,7.28
CHEMBL5947132,CCN(CCn1nc(C)c(C(C)(C)O)n1)C(=O)c1cccnc1-n1cccn1,QAVIDJLBOCZDIB-UHFFFAOYSA-N,0,antagonist,1.0,7.89
CHEMBL5947151,Cc1ccc(-n2nccn2)c(C(=O)N2CCN(c3nc4ccc(F)cc4c(=O)[nH]3)CCC2C)c1,MFZZJRHFSGBOQY-UHFFFAOYSA-N,0,antagonist,1.0,6.77
CHEMBL5947194,NC1CCC(CNC(=O)c2cccc3cccnc23)N(C(=O)c2ccccc2-c2ccccc2)C1,PPHZKHDCSGWDSH-UHFFFAOYSA-N,0,antagonist,1.0,6.8
CHEMBL5947263,C[C@@H]1CC(F)(F)CN(C(=O)c2nn(C)cc2-c2cc(Cl)ccn2)[C@@H]1CNc1ncc(C(F)(F)F)cn1,ZNDRXMYVYGZMEB-SJKOYZFVSA-N,0,antagonist,1.0,5.301029995663981
CHEMBL5947380,Cc1ccc(-c2ccnn2C)c(C(=O)N2CCC[C@@H](C)[C@H]2CNc2ccc(C(F)(F)F)cn2)c1,LXNOJWWFOBQPBW-VGOFRKELSA-N,0,antagonist,1.0,5.0
CHEMBL5947475,C[C@@H]1CC[C@@H](c2csc(C(C)(C)O)n2)CN1C(=O)c1ccsc1-n1nccn1,MJOIDOPCGZPKTA-CHWSQXEVSA-N,0,antagonist,1.0,7.8
CHEMBL5947593,O=C(N[C@H]1CCC[C@@H]1Nc1nc2ccc(Cl)cc2o1)c1ncccc1OC(F)F,NLXHVFSKCJYTNM-RYUDHWBXSA-N,0,antagonist,1.0,5.0
CHEMBL5947595,C=C1CN(C(=O)c2cc(C)c(C)cc2-n2nccn2)C(C)(c2nc3cc(OC)ccc3[nH]2)C1,QHIOZOWHXGIWBV-UHFFFAOYSA-N,0,antagonist,1.0,8.0
CHEMBL5947681,Cc1oc(N2CC3CN(C(=O)c4ccccc4N4CCCC4)CC3C2)nc1C(C)(C)O,COHGSMSCNNUUOL-UHFFFAOYSA-N,0,antagonist,1.0,7.31
CHEMBL5947854,Cc1ccc(-n2nccn2)c(C(=O)N2CCC[C@H]2c2noc(-c3cnc4sccn34)n2)c1,VWGIWSSQJSMCRW-INIZCTEOSA-N,0,antagonist,1.0,7.12
CHEMBL5947901,Cc1nc(C(=O)N2CC(F)(F)C[C@H]2c2nc3c(C)c(Cl)ccc3[nH]2)c(-c2ccccc2)s1,RVNZOLZTRBRTRZ-KRWDZBQOSA-N,0,antagonist,1.0,7.52
CHEMBL5947972,COc1cccc(C2CCC(OC[C@H]3[C@@H](NS(C)(=O)=O)CCCN3C(=O)C3CC3)CC2)c1,ZKOGOCKVIAAYFI-KUCMRCCESA-N,1,agonist,1.0,7.64
CHEMBL5948218,COc1cc2nc([C@]3(C)CCCN3C(=O)c3c(-n4nccn4)ccc(C)c3F)[nH]c2cc1OC,CJJHWTUSQLZKKE-DEOSSOPVSA-N,0,antagonist,1.0,6.82
CHEMBL5948222,CS(=O)(=O)N[C@H]1CCCN(C(=O)OC2CC2)[C@H]1COC1CCN(c2ncccn2)CC1,VDBYJXPFOPFPRH-ROUUACIJSA-N,1,agonist,1.0,6.82
CHEMBL5948333,Cc1ccc(CC(CNC(=O)c2cnoc2C)n2c(=N)n(Cc3ccc(C)cc3)c3ccccc32)cc1,UMZVLHQENXBYCY-UHFFFAOYSA-N,1,agonist,1.0,5.3
CHEMBL5948386,COc1ccc(C(=O)N2C[C@H](Oc3nccc(C#N)c3C)CC[C@H]2C)c(-c2ccn(C)n2)n1,MMLRYJQZEONZHW-CRAIPNDOSA-N,0,antagonist,1.0,7.635
CHEMBL5948552,CC(C)[C@H]1CC[C@@H](OC[C@H]2[C@@H](NS(C)(=O)=O)CCCN2C(=O)COc2ccccc2)CC1,KMNDFYBJPHUJJD-MALNDZBISA-N,1,agonist,1.0,5.89
CHEMBL5948560,CCOc1ccnc(O[C@@H]2CC[C@@H](C)N(C(=O)c3ccccc3-n3ncnn3)C2)c1C(=O)OC,LQOJYZSROMKBNU-HZPDHXFCSA-N,0,antagonist,1.0,7.6
CHEMBL5948614,Cc1cccc(-c2sc(C)nc2C(=O)N2CCC[C@H]2c2nnc(-c3ccccc3OC(F)(F)F)[nH]2)c1,NRUCJFMOLKHDEQ-SFHVURJKSA-N,0,antagonist,1.0,6.87
CHEMBL5948655,CC(C)(O)C(=O)N1CCC[C@H](NS(C)(=O)=O)[C@@H]1CO[C@H]1CC[C@@H](c2ccccc2)CC1,GAHFOUWLZULQQV-WOZUAGRISA-N,1,agonist,1.0,7.11
CHEMBL5948675,Cc1ccc(C(=O)N2CCC[C@@]2(C)c2nnc(-c3cccc(Cl)c3C)[nH]2)c(-c2ccccc2)c1,SGRXWZQBGFSFPI-NDEPHWFRSA-N,0,antagonist,1.0,6.65
CHEMBL5948703,CCn1cc(-c2ncccn2)c(C(=O)N2CC(F)(F)C[C@@H](C)[C@H]2CNc2ncc(C(F)(F)F)cn2)n1,TVVIVMMWJLFQEV-CZUORRHYSA-N,0,antagonist,1.0,5.301029995663981
CHEMBL5948870,COc1cc(C(=O)N2CCC[C@H]2c2noc(-c3cccc(F)c3C)n2)c(-n2nccn2)cc1C,MMGLLADGYXWLOL-IBGZPJMESA-N,0,antagonist,1.0,8.7
CHEMBL5948916,C[C@@]1(c2nc3cc(C(F)(F)F)ccc3[nH]2)CCCN1C(=O)c1c(F)cccc1-n1nccn1,JRFQVTHALCZPHC-NRFANRHFSA-N,0,antagonist,1.0,6.38
CHEMBL5949112,Cc1ccc(-c2ccc(C)nc2)c(C(=O)N2CCC[C@@H](C)[C@H]2CNc2ccc(C(F)(F)F)cn2)c1,DDWBXEBYOKYQKL-HOYKHHGWSA-N,0,antagonist,1.0,5.8
CHEMBL5949224,CC(C)Oc1ccnc(O[C@@H]2CC[C@@H](C)N(C(=O)c3ccccc3-n3ncnn3)C2)c1,OYDYWIVFNQHIRJ-SJLPKXTDSA-N,0,antagonist,1.0,7.64
CHEMBL5949249,Cc1cccc(-c2sc(C)nc2C(=O)N2CC(F)(F)C[C@@H](C)C2CNc2ccc(C(F)(F)F)cn2)c1,HYJUCFAKCBFVAD-NYRJJRHWSA-N,0,antagonist,1.0,5.52
CHEMBL5949269,C[C@@H]1CC[C@@H](c2cc(C3CCCO3)no2)CN1C(=O)c1ccccc1-n1nccn1,CVQHCVDZWWKPIZ-KFKFVUQKSA-N,0,antagonist,1.0,6.51
CHEMBL5949339,C[C@@H]1CC[C@@H](Oc2nccn3c(C(O)C(F)F)cnc23)CN1C(=O)c1ccccc1-n1nccn1,BZOWLQQGHOYKFO-YCQNMSHMSA-N,0,antagonist,1.0,6.74
CHEMBL5949346,COc1c(F)cccc1-c1noc([C@@H]2CCCN2C(=O)c2cc(F)cc(C)c2-n2nccn2)n1,MIRPGNDKPFWGOD-SFHVURJKSA-N,0,antagonist,1.0,6.25
CHEMBL5949359,CCOc1ncccc1C(=O)N1C[C@H](c2cc(C(C)(C)O)no2)CC[C@H]1C,ZUSUKYYEFVQQPM-ZIAGYGMSSA-N,0,antagonist,1.0,6.57
CHEMBL5949409,COC(=O)c1c(C#N)ccnc1O[C@@H]1CC[C@@H](C)N(C(=O)c2ccc(C)cc2-n2nccn2)C1,NPLVYXLBAUOJGN-SJLPKXTDSA-N,0,antagonist,1.0,7.61
CHEMBL5949445,CC(=O)N1CC(C(=O)OC[C@H](Cc2ccc(C)cc2)n2c(=N)n(C(c3ccc(C)cc3)C3CC3)c3ccccc32)C1,ILEWHYXVBFDYIL-QGFKTNLFSA-N,1,agonist,1.0,6.0
CHEMBL5949468,Cc1ccc(-n2cccn2)c(C(=O)N2CCC[C@@]2(C)c2nc3cc(C(F)(F)F)ccc3[nH]2)c1,OCDYQLGNKPKROM-QHCPKHFHSA-N,0,antagonist,1.0,6.45
CHEMBL5949499,Cc1ccc(-n2nccn2)c(C(=O)N2CC[C@H](C)[C@H]2c2nc3cc(Cl)c(C)cc3[nH]2)c1,HSTYJYQZIWUHCL-QKKBWIMNSA-N,0,antagonist,1.0,6.81
CHEMBL5949571,Cc1ccc(C#CC2CC2)c(C(=O)N2CC(F)(F)C[C@@H](C)[C@H]2CNc2ncc(C(F)(F)F)cn2)n1,OZECLFBUIRXUSC-AUUYWEPGSA-N,0,antagonist,1.0,5.301029995663981
CHEMBL5949699,CC(=O)N1CCC[C@H](NS(C)(=O)=O)[C@@H]1CO[C@H]1CC[C@@H](c2cccc(OC(F)(F)F)c2)CC1,FDDUTDMOKGLLDT-OFCAXSSNSA-N,1,agonist,1.0,5.68
CHEMBL5949711,CSc1ccc2nc([C@@H]3CCCN3C(=O)c3nc(C)sc3-c3ccc(Br)cc3)[nH]c2c1,UPJJCCHGXYHSIW-IBGZPJMESA-N,0,antagonist,1.0,7.25
CHEMBL5949728,C[C@@H]1C[C@@H](Nc2cc(OCC(F)F)ccn2)CN1C(=O)c1ccccc1C1(C#N)CCC1,LKWLRBAIIMWSCQ-IAGOWNOFSA-N,0,antagonist,1.0,7.23
CHEMBL5950032,C[C@@H]1CC[C@@H](c2nsc(C(C)(C)O)n2)CN1C(=O)c1cscc1-c1ncccn1,WMFHXBOWFZCBEQ-CHWSQXEVSA-N,0,antagonist,1.0,7.08
CHEMBL5950060,Cc1ccc(-n2nccn2)c(C(=O)N2CCC[C@@H](C)[C@H]2CNc2ncc3cc(C)ccc3n2)c1,SGVPKQADOWGHFJ-NTKDMRAZSA-N,0,antagonist,1.0,5.6
CHEMBL5950098,COc1cccc(C#Cc2ccccc2C(=O)N2CCC[C@@]2(C)c2nc3cc(C(F)(F)F)ccc3[nH]2)c1,BZAJWRAPCSZYGU-NDEPHWFRSA-N,0,antagonist,1.0,6.0
CHEMBL5950180,CCN(CCn1ncc(C(C)(C)O)n1)C(=O)c1ccccc1-n1nccn1,ACAQLEDSVVYDSD-UHFFFAOYSA-N,0,antagonist,1.0,7.24
CHEMBL5950204,C[C@@H]1CCCN(C(=O)c2ccnn2-c2ccccc2)[C@@H]1CNc1ccc(C(F)(F)F)cn1,NUXVQZDISSPOCV-OXQOHEQNSA-N,0,antagonist,1.0,5.0
CHEMBL5950276,COC[C@H](Cc1ccc(C)cc1)n1c(=N)n(Cc2ccc(C)cc2)c2ccc(C)cc21,AURMVLZPWIWDDN-DEOSSOPVSA-N,1,agonist,1.0,5.3
CHEMBL5950342,COc1ccccc1-c1noc([C@@H]2CCCN2C(=O)c2cc(F)ccc2-c2ccn[nH]2)n1,NWWFBBHDXOAYHJ-IBGZPJMESA-N,0,antagonist,1.0,6.37
CHEMBL5950391,COC(=O)N1[C@H](C)C[C@H](NS(C)(=O)=O)[C@@H]1CO[C@@H]1CC[C@]2(c3ncc(C#N)cn3)C[C@@H]2C1,GOILWGSNVGGVPD-IONYXQBGSA-N,0,antagonist,1.0,7.3
CHEMBL5950398,Cc1nc(C(=O)N2CC[C@H](C)[C@H]2c2nc3c(C(F)(F)F)cccc3[nH]2)c(-c2ccc(Br)cc2)s1,XQPMISWBRYMXLD-YUNKPMOVSA-N,0,antagonist,1.0,6.73
CHEMBL5950565,CCOc1ncccc1-c1noc([C@@H]2CCCN2C(=O)c2cc(OC)c(C)cc2-n2nccn2)n1,OICXNPWYVQDQDJ-SFHVURJKSA-N,0,antagonist,1.0,8.52
CHEMBL5950585,Cc1ccc(-n2nccn2)c(C(=O)N2CCC[C@H]2c2noc(-c3cc(Cl)cc(C)n3)n2)c1,UDFUTAPILZPOBX-IBGZPJMESA-N,0,antagonist,1.0,5.79
CHEMBL5950599,C=C1C[C@@H](c2nc3cccc(Cl)c3[nH]2)N(C(=O)c2cc(C)ccc2-n2nccn2)C1,HTJVTFAVAXQARY-IBGZPJMESA-N,0,antagonist,1.0,7.29
CHEMBL5950627,Cc1nc(C(=O)N2CC[C@H](C)[C@H]2c2nc3cc(C)c(C)cc3[nH]2)c(-c2cc(F)cc(F)c2)s1,RKDYDLNYKPFOQV-YTEVENLXSA-N,0,antagonist,1.0,5.66
CHEMBL5950661,C=C1CN(C(=O)c2ccccc2-c2ccccc2)C(C)(c2nc3cc(OC)ccc3[nH]2)C1,KEDYUOJAPJORDD-UHFFFAOYSA-N,0,antagonist,1.0,7.04
CHEMBL5950759,CC(C)[C@H]1CC[C@@H](OC[C@H]2[C@@H](NS(C)(=O)=O)CCCN2S(=O)(=O)c2cnn(C)c2)CC1,UGFFUHSBYPPPMF-HNJRGHQBSA-N,1,agonist,1.0,6.04
CHEMBL5950835,Cc1ccc(-n2nccn2)c(C(=O)N2CCC[C@@H](C)[C@H]2CNc2ncc(C#N)cn2)c1,JGUOBSQQYXZYNI-OXQOHEQNSA-N,0,antagonist,1.0,5.301029995663981
CHEMBL5950868,C[C@@H]1CC[C@@H](Sc2nccn3nccc23)CN1C(=O)c1ccccc1-n1nccn1,JQSGSZIMQBSLDT-HZPDHXFCSA-N,0,antagonist,1.0,7.8
CHEMBL5950904,CCN(CCN(C)c1nc(C)cc(C)n1)C(=O)c1cccnc1OCC(F)(F)F,AIKDJLKBRWWSOF-UHFFFAOYSA-N,0,antagonist,1.0,7.7
CHEMBL5950922,CCN(CCN(c1nc(C)cc(C)n1)C(C)C)C(=O)c1ccccc1-n1nccn1,BWNJKKHMXQNMMR-UHFFFAOYSA-N,0,antagonist,1.0,5.84
CHEMBL5950941,CC(C)OC(=O)N1[C@H](C)C[C@H](NS(=O)(=O)CF)[C@@H]1CO[C@H]1CC[C@@]2(c3ncc(Cl)cn3)C[C@H]2C1,NOKJPINTWRVLAE-YQRBJHIPSA-N,0,antagonist,1.0,8.74
CHEMBL5950977,COC(=O)N1[C@H](C(F)F)C[C@H](NS(=O)(=O)C2CC2)[C@@H]1COC1CCC2(c3ncc(F)cn3)CC2C1,CCSGJJIBOKIAES-XBJAXGCGSA-N,0,antagonist,1.0,8.64
CHEMBL5951091,COc1ccc2[nH]c([C@@H]3CCCN3C(=O)c3cc(C)ccc3-n3nccn3)nc2c1,UNGLNTQVFSBZDT-FQEVSTJZSA-N,0,antagonist,1.0,8.225000000000001
CHEMBL5951108,N#Cc1ccnc(N2CC[C@@H]3CCN(C(=O)c4ccccc4-n4nccn4)C[C@@H]32)c1Cl,VBANNTZAIIOPRG-KXBFYZLASA-N,0,antagonist,1.0,7.18
CHEMBL5951150,COc1cccnc1N[C@@H]1C[C@@H](C)N(C(=O)c2cccnc2-n2cc(C)cn2)C1,ZBTATRPRQPLTPX-HZPDHXFCSA-N,0,antagonist,1.0,6.12
CHEMBL5951331,COc1ccccc1-c1nnc([C@@H]2CCCN2C(=O)c2cc(Cl)c(C)cc2-n2nccn2)[nH]1,HFHGPXBQPZWTMC-SFHVURJKSA-N,0,antagonist,1.0,7.35
CHEMBL5951387,C=C1C[C@@H](c2nc3ccc(OC)cc3[nH]2)N(C(=O)c2nc(C)sc2-c2ccc(F)cc2)C1,YEGQZEMOXGQICN-FQEVSTJZSA-N,0,antagonist,1.0,7.48
CHEMBL5951444,C[C@@H]1CC[C@@H](c2cc(C(C)(C)O)no2)CN1C(=O)c1cc(Cl)ccc1-n1nccn1,GADZZMKYKAUNCQ-ZIAGYGMSSA-N,0,antagonist,1.0,6.22
CHEMBL5951525,COc1cccc(OC)c1C(=O)N[C@H]1CCC[C@@H]1Nc1nc2ccc(F)cc2o1,BEXWKWSBBQGHJY-KBPBESRZSA-N,0,antagonist,1.0,5.0
CHEMBL5951984,C=C1C[C@@H](c2nc3cc(Cl)c(C(F)(F)F)cc3[nH]2)N(C(=O)c2c(C)cccc2-n2nccn2)C1,KFTLZSWJWWPZTE-IBGZPJMESA-N,0,antagonist,1.0,7.68
CHEMBL5952304,COC(=O)c1c(C#N)ccnc1O[C@@H]1CC[C@@H](C)N(C(=O)c2ccc(OC)nc2-n2nccn2)C1,DNWBJZIZUOEOLS-GDBMZVCRSA-N,0,antagonist,1.0,7.47
CHEMBL5952387,C=C1CC(c2nc3cc(C(C)(C)C)ccc3[nH]2)N(C(=O)c2cc(C)sc2-c2ccc(C)c(C)c2)C1,MSQNOMVYZYLLJY-UHFFFAOYSA-N,0,antagonist,1.0,7.64
CHEMBL5952431,COc1cccc(-c2cnc([C@@H]3CCCN3C(=O)c3cc(C)ccc3-n3nccn3)[nH]2)c1,UBKDBBIBRAMTQD-QFIPXVFZSA-N,0,antagonist,1.0,7.35
CHEMBL5952613,Cc1oc(C[C@H]2CCCCN2C(=O)c2cccnc2OCC(F)(F)F)nc1C(C)(C)O,SDNVKJBQGPWGQF-CQSZACIVSA-N,0,antagonist,1.0,7.72
CHEMBL5952750,CCCc1ccccc1C(=O)N(CC)CCN(C)c1nccc(C(C)(C)O)n1,JBMBCLVPWFNBPO-UHFFFAOYSA-N,0,antagonist,1.0,7.88
CHEMBL5952860,CCOC(=O)c1oc([C@@H]2CC[C@@H](C)N(C(=O)c3ccccc3-n3nccn3)C2)nc1C,RHVDDPVZTYOTRN-GDBMZVCRSA-N,0,antagonist,1.0,7.2
CHEMBL5952986,Cc1oc([C@@H]2CC[C@@H](C)N(C(=O)c3ccc(F)cc3-n3nccn3)C2)nc1C(C)(C)O,VGOXCNQSCYPZOC-UKRRQHHQSA-N,0,antagonist,1.0,7.72
CHEMBL5953383,Cc1nc2ccnc(O[C@@H]3CC[C@@H](C)N(C(=O)c4ccccc4-n4nccn4)C3)n2n1,CYSKASVYURZNFQ-GDBMZVCRSA-N,0,antagonist,1.0,7.39
CHEMBL5953400,COc1cc(C(=O)N2CCC[C@H]2c2nc(-c3ccccc3OC(F)(F)F)no2)c(-n2nccn2)cc1C,OKUWLYOXCJVLDR-KRWDZBQOSA-N,0,antagonist,1.0,8.7
CHEMBL5953403,COC(=O)c1c(C#N)ccnc1O[C@@H]1CC[C@@H](C)N(C(=O)c2ccccc2-c2noc(C)n2)C1,PWNVFCQQEYPYTR-RHSMWYFYSA-N,0,antagonist,1.0,8.19
CHEMBL5953415,Cc1ccc(C(=O)N2CCC[C@@]2(C)c2nc3cc(C)c(C)cc3n2C)c(-n2nccn2)c1,QSHALKLBYOXRNE-VWLOTQADSA-N,0,antagonist,1.0,6.14
CHEMBL5953587,COC(=O)c1c(C#N)ccnc1O[C@@H]1CC[C@@H](C)N(C(=O)c2cc(C)ccc2-n2nccn2)C1,GMYOANCIYHKWNL-SJLPKXTDSA-N,0,antagonist,1.0,7.66
CHEMBL5953604,O=C(c1cc(Cl)ccc1-n1nccn1)N1CCC[C@H]1c1nc(-c2ccccc2C(F)(F)F)no1,SKXFEUSQHXWQSQ-SFHVURJKSA-N,0,antagonist,1.0,6.72
CHEMBL5953704,CCOc1ccccc1-c1noc([C@@H]2CCCN2C(=O)c2ccc(C)cc2-n2nccn2)n1,OVALEAYBEXPOBZ-IBGZPJMESA-N,0,antagonist,1.0,7.7
CHEMBL5953715,CCN(CCn1nc(C)c(C(C)(C)O)n1)C(=O)c1ccccc1-n1ncnn1,ZFCJDKGCOZBWPI-UHFFFAOYSA-N,0,antagonist,1.0,7.54
CHEMBL5953846,O=C(NC[C@@H]1C[C@H](O)CN1C(=O)c1ccccc1-c1ccccc1)c1cccc2cccnc12,DGPPIHXUBWXOKZ-VXKWHMMOSA-N,0,antagonist,1.0,8.1
CHEMBL5953989,C=C1C[C@@H](c2nc3cc(C(C)(C)C)ccc3[nH]2)N(C(=O)c2c(-n3nccn3)ccc(C)c2F)C1,SNFKNHLGASJYGA-NRFANRHFSA-N,0,antagonist,1.0,8.05
CHEMBL5953997,C[C@@H]1CC[C@@H](Oc2nccn3c(C(F)F)cnc23)CN1C(=O)c1ccccc1-n1nccn1,QWMDVLUNTCAPNA-HUUCEWRRSA-N,0,antagonist,1.0,7.75
CHEMBL5954093,Cc1ccc(-n2nccn2)c(C(=O)N2CCC[C@@H](C)[C@H]2CNc2ccc(C#N)cn2)c1,MGSGNMUJJXUGRQ-DYESRHJHSA-N,0,antagonist,1.0,5.301029995663981
CHEMBL5954105,O=C(c1ccccc1-n1nccn1)N1CC[C@H]2CCN(C3=NC=CC4C=CC=CC34)[C@H]2C1,UYFZCHQKRVRDBA-XKXWHVAQSA-N,0,antagonist,1.0,6.12
CHEMBL5954336,COC(=O)N1[C@H](C)C[C@H](NS(=O)(=O)CF)[C@@H]1COC1CCC2(c3ncc(Cl)cn3)CC2C1,LJYQTIVJDFMELK-MKLSPKEASA-N,0,antagonist,1.0,8.92
CHEMBL5954610,COC(=O)N1[C@H](C)C[C@H](NS(=O)(=O)N(C)C)[C@@H]1CO[C@H]1CC[C@H](c2ccc(C#N)c(C)c2)CC1,CALXAGUURZEISL-JCEHTRRUSA-N,0,antagonist,1.0,7.9
CHEMBL5954682,CC(C)(O)c1cc([C@@H]2CCCN(C(=O)c3cscc3-n3nccn3)C2)ns1,BEJVWMBQGPDIEO-GFCCVEGCSA-N,0,antagonist,1.0,7.68
CHEMBL5954735,COC(=O)c1c(C#N)ccnc1O[C@@H]1CC[C@@H](C)N(C(=O)c2cccc(F)c2-c2ncccn2)C1,RIKZSZJKZSLKSP-NVXWUHKLSA-N,0,antagonist,1.0,7.44
CHEMBL5954885,CCN(CCn1ncc(C(C)(C)O)n1)C(=O)c1ccccc1C1CC1,CMUQVJKBXPDWGE-UHFFFAOYSA-N,0,antagonist,1.0,7.33
CHEMBL5954960,COc1ccc(CN([C@H]2C[C@@H](C)N(C(=O)OCc3ccccc3)[C@H]2CO[C@H]2CC[C@@H](c3cccc(F)c3)CC2)S(=O)(=O)N(C)C)cc1,NENBOFYUTXEUCQ-PVHHDQPHSA-N,0,antagonist,1.0,7.815
CHEMBL5955231,Cc1nc(C(=O)N2CCC[C@@H](C(F)(F)F)[C@H]2CNc2nc3ccccc3o2)c(-c2ccccc2)s1,XTDVOZHNKIHADA-IEBWSBKVSA-N,0,antagonist,1.0,6.66
CHEMBL5955257,COc1ccc2nc([C@@H]3C[C@@H](OC)CN3C(=O)c3cc(Cl)ccc3-n3nccn3)[nH]c2c1,QJVUASSVXGUFQP-QRWLVFNGSA-N,0,antagonist,1.0,7.68
CHEMBL5955265,CCN(CCc1nc(C(C)(C)O)c(C)o1)C(=O)c1cccc(F)c1-n1nccn1,NXZNIFPSQGCAIW-UHFFFAOYSA-N,0,antagonist,1.0,7.36
CHEMBL5955428,Cc1ccc(-c2ccccc2F)c(C(=O)N2CCC[C@@]2(C)c2nc3cc(C(F)(F)F)ccc3[nH]2)c1,XWCWVDDJUNCXDW-SANMLTNESA-N,0,antagonist,1.0,7.01
CHEMBL5955643,COc1cccc(-n2nccn2)c1C(=O)N1C[C@H](Oc2nccc(C#N)c2C)CC[C@H]1C,XSLIXPOJDOPWIK-CRAIPNDOSA-N,0,antagonist,1.0,8.76
CHEMBL5955663,C[C@@H]1CCCN(C(=O)c2ccccc2-n2nccn2)[C@@H]1CNc1nc2ccccc2o1,OTQISTMACWUXOQ-OXQOHEQNSA-N,0,antagonist,1.0,5.301029995663981
CHEMBL5955857,Cc1ccc(-c2ncccn2)c(C(=O)N2CCC[C@@H](C)[C@H]2CNc2ccc(C#N)cn2)c1,JYKPPEXOCDNDKA-XMSQKQJNSA-N,0,antagonist,1.0,5.301029995663981
CHEMBL5955984,COC[C@H](Cc1ccccc1)n1c(=N)n(Cc2ccc(C)cc2)c2ccccc21,SZBHCBXJAAVJNI-QFIPXVFZSA-N,1,agonist,1.0,6.0
CHEMBL5956209,CCOC(=O)c1c(OC)ccnc1N[C@@H]1C[C@@H](C)N(C(=O)c2ccccc2-n2nccn2)C1,QWOAKCZCEMFZPK-HZPDHXFCSA-N,0,antagonist,1.0,7.51
CHEMBL5956229,Cc1nc(C(=O)N2CC[C@H](C)[C@H]2c2nc3c(C)cccc3[nH]2)c(-c2cccc(Cl)c2)s1,JAKBTQVRVCJFGZ-QKKBWIMNSA-N,0,antagonist,1.0,6.22
CHEMBL5956279,C=C1CN(C(=O)c2cc(OC)ccc2-n2nccn2)C(C)(c2nc3cc(OC)ccc3[nH]2)C1,JOWWTJDHNGUFDA-UHFFFAOYSA-N,0,antagonist,1.0,7.46
CHEMBL5956294,C[C@@H]1CC[C@@H](Oc2nccn3nccc23)CN1C(=O)c1ccccc1-c1ncccn1,HSJPFTYVSRGKPB-IAGOWNOFSA-N,0,antagonist,1.0,7.81
CHEMBL5956324,C=C1C[C@@H](c2nc3ccc(Cl)c(C)c3[nH]2)N(C(=O)c2nc(C)sc2-c2cc(C)cc(C)c2)C1,RSOSHFPRIPHDQX-NRFANRHFSA-N,0,antagonist,1.0,8.4
CHEMBL5956357,O=C(c1cccc(F)c1-n1nccn1)N1CCC[C@H]1c1nc(-c2ccccc2OC(F)(F)F)no1,XNDDGSSEQUUNLO-INIZCTEOSA-N,0,antagonist,1.0,7.1
CHEMBL5956386,Cc1ccc(-c2cnccn2)c(C(=O)N2CCC[C@@H](C)[C@H]2CNc2ccc(C(F)(F)F)cn2)c1,FXEJYJOLEHLEJH-VGOFRKELSA-N,0,antagonist,1.0,6.64
CHEMBL5956388,CC(C)OC(=O)N1[C@H](C)C[C@H](NS(=O)(=O)CF)[C@@H]1CO[C@H]1CC[C@@]2(c3ncc(Br)cn3)C[C@H]2C1,WPBWHUPHTBZVAR-YQRBJHIPSA-N,0,antagonist,1.0,8.37
CHEMBL5956600,Cc1c(C#N)ccnc1O[C@@H]1CC[C@@H](C)N(C(=O)c2ccc(F)cc2-n2nccn2)C1,MWFMUYXNVPYMGA-RDTXWAMCSA-N,0,antagonist,1.0,8.61
CHEMBL5957046,CCN(CCN(C)c1nc(C)cc(C)n1)C(=O)c1ccccc1CC(F)(F)F,FWSDYYXATTZVDT-UHFFFAOYSA-N,0,antagonist,1.0,7.44
CHEMBL5957048,COc1c(F)cccc1-c1nnc([C@@H]2CCCN2C(=O)c2cc(C)ccc2-n2nccn2)[nH]1,PHECLAFBTXLENM-IBGZPJMESA-N,0,antagonist,1.0,7.34
CHEMBL5957074,CCCc1ccccc1C(=O)N1CC[C@H]2CCN(c3cc(C#N)ccn3)[C@H]2C1,WHQFQRSBKYDNHB-FPOVZHCZSA-N,0,antagonist,1.0,7.23
CHEMBL5957119,COc1cccnc1N[C@@H]1C[C@@H](C)N(C(=O)c2ccccc2-c2nc(C)no2)C1,YTQVSRRLGAYXMZ-UKRRQHHQSA-N,0,antagonist,1.0,6.56
CHEMBL5957240,COC(=O)N1CC[C@H](N(Cc2ccc(OC)cc2)S(C)(=O)=O)[C@@H]1COC1CCC2(c3ncccn3)CC2C1,UQDNRULRBKQMNJ-UCEDNHHISA-N,0,antagonist,1.0,5.79
CHEMBL5957248,CC[C@@H]1CCCN(C(=O)c2nc(C)sc2-c2ccc(F)cc2)[C@@H]1CNc1nc2ccccc2o1,RAHSKXSDSAETLN-DYESRHJHSA-N,0,antagonist,1.0,5.0
CHEMBL5957501,Cc1c(C#N)ccnc1O[C@@H]1CC[C@@H](C)N(C(=O)c2ccc(OCF)cc2-n2nccn2)C1,JFNIOVHSNIYIMG-DNVCBOLYSA-N,0,antagonist,1.0,7.970000000000001
CHEMBL5957670,Cc1ccc(-n2nccn2)c(C(=O)N2C[C@H](Oc3nccc4c3C(=O)OC4(C)C)CC[C@H]2C)c1,CXVBKDTZPIQKFX-IAGOWNOFSA-N,0,antagonist,1.0,7.27
CHEMBL5957713,COC(=O)N1[C@H](C)C[C@H](NS(=O)(=O)CF)[C@@H]1CO[C@H]1CC[C@@]2(c3ncc(F)cn3)C[C@H]2C1,CYDVQXLZBKAODY-ZDLSHRKJSA-N,0,antagonist,1.0,9.24
CHEMBL5957749,COc1cccc(-c2cn(C)nc2C(=O)N2CC(F)(F)C[C@@H](C)C2CNc2cnc(C(F)(F)F)cn2)n1,IKDMWVFKMRQJDX-JBZHPUCOSA-N,0,antagonist,1.0,5.301029995663981
CHEMBL5957756,COc1ccc(OC)c2[nH]c([C@]3(C)CCCN3C(=O)c3cc(C)ccc3-n3nccn3)nc12,JLBGNWDBUKQIFM-DEOSSOPVSA-N,0,antagonist,1.0,6.13
CHEMBL5957790,CSc1cccc2nc([C@@H]3CCCN3C(=O)c3cnc(C)nc3-c3cc(Cl)cc(Cl)c3)[nH]c12,RMLYCAIXKBFYSV-IBGZPJMESA-N,0,antagonist,1.0,7.6
CHEMBL5957800,O=C(c1cc(Cl)ccc1-n1nccn1)N1CCC[C@H]1c1noc(-c2ccccc2OC(F)(F)F)n1,DOVWJTVUXLPZLL-KRWDZBQOSA-N,0,antagonist,1.0,7.82
CHEMBL5957918,Cc1c(C#N)ccnc1O[C@@H]1CC[C@@H](C)N(C(=O)c2ccccc2OC(C)C)C1,RPUQXHKHGDOMHY-VQIMIIECSA-N,0,antagonist,1.0,8.66
CHEMBL5957957,COC(=O)c1csc(N2CC[C@@H]3CCN(C(=O)c4ccccc4-n4nccn4)C[C@@H]32)n1,GAHCCTVXSKNOEU-KSSFIOAISA-N,0,antagonist,1.0,5.0
CHEMBL5958018,COCCc1ccccc1C(=O)N1C[C@H](c2cc(C(C)(C)O)sn2)CC[C@H]1C,DLZSPZLWFNDKRA-NVXWUHKLSA-N,0,antagonist,1.0,6.03
CHEMBL5958033,COC(=O)N1CCC[C@H](NS(C)(=O)=O)[C@@H]1CO[C@H]1CC[C@@H](c2ccccc2Cl)CC1,BBWOQHATGRUOTG-JSJNYSNDSA-N,1,agonist,1.0,8.21
CHEMBL5958126,CSc1cccc2nc([C@@H]3CCCN3C(=O)c3cc(F)ccc3-n3nccn3)[nH]c12,NQUUNNOWFUILKQ-KRWDZBQOSA-N,0,antagonist,1.0,7.77
CHEMBL5958140,CS(=O)(=O)N[C@H]1CCCN(C(=O)C2CC2)[C@H]1COC1CCN(c2cc(F)ccc2Cl)CC1,NQADBBRTWXJEKY-FPOVZHCZSA-N,1,agonist,1.0,5.66
CHEMBL5958231,Cc1ccc(-c2cn(C)nc2C(=O)N2CC(F)(F)C[C@@H](C)C2CNc2ncc(C(F)(F)F)cn2)cn1,CVBJHXQVELXVIE-YJJYDOSJSA-N,0,antagonist,1.0,5.301029995663981
CHEMBL5958288,Cc1ccc(-c2ccccn2)c(C(=O)N2CC[C@H](C)[C@H]2c2nc3cc(Cl)c(C)cc3[nH]2)c1,HIXZCULZJMIRGR-FYSMJZIKSA-N,0,antagonist,1.0,6.99
CHEMBL5958327,Cc1c(C#N)ccnc1O[C@@H]1CC[C@@H](C)N(C(=O)c2cc(C#N)ccc2-n2nccn2)C1,MZAIITIVQJWOBT-DNVCBOLYSA-N,0,antagonist,1.0,7.83
CHEMBL5958535,CCOc1c(F)cccc1-c1nc([C@@H]2CCCN2C(=O)c2ccc(Cl)cc2-n2nccn2)no1,CMBMBKUVYWOSMU-SFHVURJKSA-N,0,antagonist,1.0,8.4
CHEMBL5958744,Cc1ccc(-c2cnn(C)c2)c(C(=O)N2CCC[C@@H](C)[C@H]2CNc2ccc(C(F)(F)F)cn2)c1,XHXUTIQEYCEZLE-VGOFRKELSA-N,0,antagonist,1.0,5.3100000000000005
CHEMBL5958771,Cc1nc(C(=O)N2CC[C@H](C)[C@H]2c2nc3c(C)c(Cl)ccc3[nH]2)c(-c2ccc(F)cc2)s1,JJALNSGVCOGWGJ-QKVFXAPYSA-N,0,antagonist,1.0,6.39
CHEMBL5958847,Cc1nc(C(=O)N2CCCC2c2nc3cc(OC(F)(F)F)ccc3[nH]2)c(-c2cccc(Cl)c2)s1,BQPPNXVMWSSNEG-UHFFFAOYSA-N,0,antagonist,1.0,6.08
CHEMBL5958944,Cc1cccc(-c2nc([C@@H]3CCCN3C(=O)c3cc(Cl)ccc3-n3nccn3)no2)c1C,VIBREFRUWLQYNL-FQEVSTJZSA-N,0,antagonist,1.0,7.92
CHEMBL5958972,Cc1cc2[nH]c([C@@H]3[C@@H](C)CCN3C(=O)c3ccccc3-n3nccn3)nc2cc1Cl,WLWILFYLLZUFNF-RBZFPXEDSA-N,0,antagonist,1.0,6.95
CHEMBL5958973,C=C1CC(c2nc3cc(SC)ccc3[nH]2)N(C(=O)c2cc(C)sc2-c2ccc(C)c(C)c2)C1,SVMJUYUYAXRLMF-UHFFFAOYSA-N,0,antagonist,1.0,8.4
CHEMBL5959000,COc1cccc(-c2ccc(OC)c(F)c2C(=O)N2CCC[C@@]2(C)c2nc3c(C)c(Cl)ccc3[nH]2)c1,WVEINRJKPLRHFY-NDEPHWFRSA-N,0,antagonist,1.0,7.51
CHEMBL5959060,COc1cc(C(=O)N2CCC[C@H]2c2noc(-c3cccc(OC)c3C)n2)c(-n2nccn2)cc1Cl,BJPSPFZAURHPMP-SFHVURJKSA-N,0,antagonist,1.0,8.1
CHEMBL5959169,C[C@@]1(c2nc3ccc(C(F)(F)F)cc3[nH]2)CCCN1C(=O)c1nc(-c2ccccc2F)sc1-c1ccc(F)cc1,COACNYGCJPSHOE-NDEPHWFRSA-N,0,antagonist,1.0,6.15
CHEMBL5959181,CS(=O)(=O)N[C@H]1CCCN[C@H]1CO[C@H]1CC[C@@H](c2cccc(F)c2)CC1,ZCWZWZYQZABHDJ-VLQPXKRTSA-N,1,agonist,1.0,6.55
CHEMBL5959236,CO[C@@H]1CCCN(C(=O)c2nc(C)sc2-c2ccc(F)cc2)[C@@H]1CNc1ccc(C(F)(F)F)cn1,IMJHMXBESPESOA-RTBURBONSA-N,0,antagonist,1.0,5.3979400086720375
CHEMBL5959244,C=C1C[C@@H](c2nc3cc(C(F)(F)F)c(Cl)cc3[nH]2)N(C(=O)c2nc(C)sc2-c2ccc(C)c(C)c2)C1,AERRSEVAWWKADY-NRFANRHFSA-N,0,antagonist,1.0,7.66
CHEMBL5959475,COc1ccc(-n2nccn2)c(C(=O)N2CC[C@H](C)[C@H]2c2nc3c(C)cc(Cl)cc3[nH]2)c1,PCPHRHBXQANSIF-ZSEKCTLFSA-N,0,antagonist,1.0,6.89
CHEMBL5959591,COC(=O)N1[C@H](C)C[C@H](N(Cc2ccc(OC)cc2)S(C)(=O)=O)[C@@H]1COC1CCC2(c3ncc(Cl)c(OC)n3)CC2C1,PEAVVKSXTOFZLZ-YCPPHFSDSA-N,0,antagonist,1.0,7.47
CHEMBL5959676,C[C@@H]1CC[C@@H](c2cc([C@](C)(O)C(F)F)on2)CN1C(=O)c1ccccc1-n1nccn1,GOXHNKAJZYGMFO-LKBUQDJMSA-N,0,antagonist,1.0,7.04
CHEMBL5959690,COC(=O)N1[C@H](C)C[C@H](NS(=O)(=O)N(C)C)[C@@H]1COC1CCC2(c3ccccn3)CC2C1,CDVWQUBKLSMRMC-QQUWNVOCSA-N,0,antagonist,1.0,7.54
CHEMBL5959709,CCN(CCN(C)c1nccc(C(C)(C)O)n1)C(=O)c1ccccc1C1CC1,KPVIGDZRTLDILG-UHFFFAOYSA-N,0,antagonist,1.0,8.04
CHEMBL5959876,C[C@@H]1CC[C@@H](Oc2nccc3c2COC3=O)CN1C(=O)c1ccc(F)cc1CS(C)(=O)=O,RIWWYCCSJBBACE-CZUORRHYSA-N,0,antagonist,1.0,7.7
CHEMBL5959897,Cc1nc(C(=O)N2C[C@H](F)C[C@H]2c2nc3c(C)c(Cl)ccc3[nH]2)c(-c2cccc(Cl)c2)s1,IHYJKQRSDCOXKV-QAPCUYQASA-N,0,antagonist,1.0,8.1
CHEMBL5959928,Cc1ccc(-c2ccn(C)n2)c(C(=O)N2CCC[C@@H](C)[C@H]2CNc2ccc(C(F)(F)F)cn2)c1,LPTVVOAHTAJOKU-VGOFRKELSA-N,0,antagonist,1.0,5.3979400086720375
CHEMBL5959953,COC(=O)N1[C@H](C)C[C@H](NS(=O)(=O)N(C)C)[C@@H]1COC1CCC2(c3ncccn3)C(C1)C2(F)F,HXJIEHMPJHORBO-CCEPAAHISA-N,0,antagonist,1.0,5.03
CHEMBL5959975,COC(=O)N1CC[C@H](NS(C)(=O)=O)[C@@H]1CO[C@H]1CC[C@@]2(c3ncccn3)C[C@H]2C1,JOMHLIUPHAKPTB-XZLOLGPPSA-N,0,antagonist,1.0,6.62
CHEMBL5959996,C[C@@H]1CCCN(C(=O)c2c(F)cccc2-n2nccn2)[C@@H]1CNc1ccc(Cl)cn1,MCCXVRKOAOCZBC-RDTXWAMCSA-N,0,antagonist,1.0,5.301029995663981
CHEMBL5960137,COc1c(C#N)ccnc1O[C@@H]1CC[C@@H](CO)N(C(=O)c2ccccc2-n2nccn2)C1,YDXDHIHPTMSSTO-DLBZAZTESA-N,0,antagonist,1.0,7.96
CHEMBL5960240,Cc1ccc(-n2nccn2)c(C(=O)N2CCC[C@H]2c2noc(-c3ccccc3)n2)c1,ZRFACZIJPAHJAA-IBGZPJMESA-N,0,antagonist,1.0,6.68
CHEMBL5960249,CCNC(=O)N1CCC[C@H](NS(C)(=O)=O)[C@@H]1CO[C@H]1CC[C@@H](c2ncccn2)CC1,QOFQUYNHZCCTHH-MHORFTMASA-N,1,agonist,1.0,8.34
CHEMBL5960373,Cc1ccc(C(=O)N2CCC[C@@]2(C)c2nc3c(C)c(C)c(Br)cc3[nH]2)c(-n2nccn2)c1C,RNZYUSAAEUHHQI-VWLOTQADSA-N,0,antagonist,1.0,6.98
CHEMBL5960433,Cc1c(Cl)ccc2[nH]c([C@]3(C)CCCN3C(=O)c3cc(OC(F)(F)F)ccc3-n3nccn3)nc12,MSJAIHLNFKEDGJ-QFIPXVFZSA-N,0,antagonist,1.0,7.0
CHEMBL5960480,Cc1cccc(-n2nccn2)c1C(=O)N1CCC[C@H]1c1nc(-c2ccccc2OC(F)(F)F)no1,MPHXVTBJXAJZHY-KRWDZBQOSA-N,0,antagonist,1.0,7.07
CHEMBL5960570,Cc1nc(C(=O)N2CCC[C@@H](C)[C@H]2CNc2ccc(F)cn2)c(-c2ccc(F)cc2)s1,PEJCEFOPMCQMHH-AUUYWEPGSA-N,0,antagonist,1.0,5.0
CHEMBL5960586,Cc1nc(C(=O)N2CCC[C@H](C)[C@H]2CNc2ccc(C(F)(F)F)cn2)c(-c2ccc(F)cc2)s1,SVCKMOGUOXOQCC-IFXJQAMLSA-N,0,antagonist,1.0,7.42
CHEMBL5960661,Cc1ccc(-n2ccc(C)n2)c(C(=O)N2CCC[C@@H](C)[C@H]2CNc2nc3cc(Cl)ccc3o2)c1,OHCBDURGBPHFFD-UZUQRXQVSA-N,0,antagonist,1.0,5.3979400086720375
CHEMBL5960675,Cc1cn2ccnc(O[C@@H]3CC[C@@H](C)N(C(=O)c4cccnc4-n4cccn4)C3)c2n1,PWBLYEXCSDJREV-IAGOWNOFSA-N,0,antagonist,1.0,7.23
CHEMBL5960784,Cc1cnc(-c2cn(C)nc2C(=O)N2CC(F)(F)C[C@@H](C)[C@H]2CNc2ncc(C(F)(F)F)cn2)nc1,LVVHCQBCTKFOOT-CZUORRHYSA-N,0,antagonist,1.0,5.301029995663981
CHEMBL5961120,COCC(Cc1ccc(C)cc1)n1c(=N)n(Cc2ccc(C)cc2)c2ccccc21,QIUBWNIAGQPVRV-UHFFFAOYSA-N,1,agonist,1.0,5.3
CHEMBL5961696,CO[C@H]1CN(C(=O)c2nc(C)ccc2-n2cccn2)C(C)(c2nc3c(C)c(Cl)ccc3[nH]2)C1,SQVIODFPIKXIQL-YAOANENCSA-N,0,antagonist,1.0,7.35
CHEMBL5961727,CCN(CCc1ccc(C(C)(C)O)cn1)C(=O)c1ccccc1-n1cccn1,ORGJYQXCOPSSLR-UHFFFAOYSA-N,0,antagonist,1.0,6.74
CHEMBL5962020,CSc1ccc2nc([C@@H]3CCCN3C(=O)c3ccc(C)cc3-n3nccn3)[nH]c2c1,SWLCSGMANMQWLF-IBGZPJMESA-N,0,antagonist,1.0,8.52
CHEMBL5962088,CCN(CCNc1nc(C)cc(C)n1)C(=O)c1ccccc1-n1nccn1,QSHXFLDCCXLBDS-UHFFFAOYSA-N,0,antagonist,1.0,5.75
CHEMBL5962413,Cc1ccc(CC(CNC(=O)Cc2ccccc2N)n2c(=N)n(Cc3ccc(C)cc3)c3ccccc32)cc1,LEUNQZMFLCQRLI-UHFFFAOYSA-N,1,agonist,1.0,5.3
CHEMBL5962449,COc1cc(C(=O)N2CCC[C@H]2c2noc(-c3cccc(Cl)c3C)n2)c(-n2nccn2)cc1Cl,CKQSGZJWVRFHLL-SFHVURJKSA-N,0,antagonist,1.0,8.7
CHEMBL5962886,Cc1c(C#N)ccnc1O[C@@H]1CC[C@@H](C)N(C(=O)c2cc(F)ccc2-c2cscn2)C1,BRXFKINFNFBYRH-RDTXWAMCSA-N,0,antagonist,1.0,8.61
CHEMBL5962932,CS(=O)(=O)N[C@H]1CCCN(C(=O)CO)[C@H]1CO[C@H]1CC[C@@H](c2cccc(F)c2F)CC1,FUPCUOPGOMMRON-QXGSTGNESA-N,1,agonist,1.0,8.1
CHEMBL5962969,COc1cccc(NC[C@@H]2[C@H](C)CCCN2C(=O)c2cc(C)ccc2-n2nccn2)n1,IAFFMEPLGNDYNX-YLJYHZDGSA-N,0,antagonist,1.0,5.3979400086720375
CHEMBL5963046,C=C1C[C@@H](c2nc3cc(OC)ccc3[nH]2)N(C(=O)c2ccsc2-c2cccc(C)c2)C1,AWRGSLINNFJNAZ-QFIPXVFZSA-N,0,antagonist,1.0,7.72
CHEMBL5963074,CCOc1ncccc1-c1noc([C@@H]2CCCN2C(=O)c2cc(OC)c(F)cc2-n2nccn2)n1,OXAADNBQTUMYTR-KRWDZBQOSA-N,0,antagonist,1.0,7.77
CHEMBL5963414,CCN(CCN(C)c1cc(C#N)ccn1)C(=O)c1ccc(OCC(F)(F)F)nc1,ORIACRNKQIIITO-UHFFFAOYSA-N,0,antagonist,1.0,5.0
CHEMBL5963466,CCOc1cccc(OCC)c1C(=O)NC1CCCC1Cc1ccc2ccccc2n1,PLRLVOVTTAPLHZ-UHFFFAOYSA-N,0,antagonist,1.0,6.43
CHEMBL5963731,Cc1c(F)cccc1-c1noc([C@@H]2CCCN2C(=O)c2cc(Cl)ccc2-n2nccn2)n1,ONMYRMMPIDUZRX-IBGZPJMESA-N,0,antagonist,1.0,7.68
CHEMBL5963796,Cc1oc(C[C@H]2CCCCN2C(=O)c2ccccc2-n2nccn2)nc1C(C)(C)O,QLVFNJKLVRIPQN-MRXNPFEDSA-N,0,antagonist,1.0,7.85
CHEMBL5963869,COc1cc2nc([C@@H]3[C@@H](C)CCN3C(=O)c3ccccc3-n3nccn3)[nH]c2cc1OC,JBFGAYMWVJPKLU-QKKBWIMNSA-N,0,antagonist,1.0,6.27
CHEMBL5963978,N#Cc1ccnc(N2CC[C@@H]3CCN(C(=O)c4ccccc4C4CCC4)C[C@@H]32)c1,ADWSKODAOYNKJI-UGKGYDQZSA-N,0,antagonist,1.0,7.51
CHEMBL5964161,COc1ncc(-c2ccc(C)cc2C(=O)N2CCC[C@@H](C)[C@H]2CNc2ccc(C(F)(F)F)cn2)cn1,HSBYWIRPTJCKPW-VGOFRKELSA-N,0,antagonist,1.0,5.3979400086720375
CHEMBL5964425,Cc1cc(C)c2nc([C@@H]3CCCN3C(=O)c3nc(C)sc3-c3ccccc3)[nH]c2c1,PJCUVMSXYIPLOH-IBGZPJMESA-N,0,antagonist,1.0,7.89
CHEMBL5964488,Cc1nc(C(=O)N2CCCC2c2nc3cc(Cl)c(Cl)cc3[nH]2)c(-c2cccc(Cl)c2)s1,ZMKVCJFAYNLXDY-UHFFFAOYSA-N,0,antagonist,1.0,7.16
CHEMBL5964608,Cc1cn2ccnc(O[C@@H]3CC[C@@H](C)N(C(=O)c4cccnc4-c4ccccc4)C3)c2n1,WOUFWOXTAOEIOV-UYAOXDASSA-N,0,antagonist,1.0,7.17
CHEMBL5964747,Cc1ccc(-n2nccn2)c(C(=O)N2CCC[C@@]2(C)c2nc3cc(C(F)(F)F)c(Cl)cc3[nH]2)c1,JVWVAASSQXQBNF-QFIPXVFZSA-N,0,antagonist,1.0,8.05
CHEMBL5965038,COc1cc2nc([C@@H]3[C@@H](C)CCN3C(=O)c3sc(C)nc3-c3ccc(C)cc3)[nH]c2cc1OC,HZSOVPVAPYQHAM-WNSKOXEYSA-N,0,antagonist,1.0,6.17
CHEMBL5965209,CON(C)C(=O)c1cc([C@@H]2CC[C@@H](C)N(C(=O)c3ccccc3-n3nccn3)C2)on1,MIBXPEQHKVZDQE-HUUCEWRRSA-N,0,antagonist,1.0,7.33
CHEMBL5965213,COC(=O)N1[C@H](C)C[C@H](NS(C)(=O)=O)[C@@H]1COC1CCC2(c3ncc(F)c(C4CC4)n3)CC2C1,CXXHAWNZOIKMPV-MMUMNALNSA-N,0,antagonist,1.0,6.52
CHEMBL5965225,CO[C@@H]1C[C@@H](c2nc3ccc(Cl)c(C)c3[nH]2)N(C(=O)c2ccccc2-c2ccc(F)c(C)c2)C1,WURLOVAITMAHFC-KOSHJBKYSA-N,0,antagonist,1.0,8.15
CHEMBL5965333,CC(C)CC(=O)N1CCC[C@H](NS(C)(=O)=O)[C@@H]1COC1CCN(c2ccccc2F)CC1,IFVPASJYXYHHBT-UNMCSNQZSA-N,1,agonist,1.0,5.58
CHEMBL5965351,C[C@@H]1CC[C@@H](c2noc(C(C)(C)C)n2)CN1C(=O)c1ccccc1-n1nccn1,AULRXDWHMQJELD-HUUCEWRRSA-N,0,antagonist,1.0,7.54
CHEMBL5965829,COc1cc2nc([C@@H]3[C@@H](C)CCN3C(=O)c3c(C)cccc3-n3nccn3)[nH]c2cc1OC,FQFZOPJCFCIAJI-NYHFZMIOSA-N,0,antagonist,1.0,5.88
CHEMBL5965956,C[C@@H]1CC[C@@H](Oc2nccn3ccnc23)CN1C(=O)c1cscc1-n1nccn1,RCKFRNYPWUJDTQ-ZIAGYGMSSA-N,0,antagonist,1.0,7.63
CHEMBL5965961,COc1ccccc1C(=O)N(C)[C@H]1CCC[C@@H]1Nc1nc2ccc(F)cc2s1,ZTVCSUJOVSIPDJ-RDJZCZTQSA-N,0,antagonist,1.0,5.8
CHEMBL5966088,Cc1ccc(CC(C(=O)NCCO)n2c(=N)n(Cc3ccc(C)cc3)c3ccccc32)cc1,ZGKRSZUWBRNUOA-UHFFFAOYSA-N,1,agonist,1.0,5.3
CHEMBL5966265,C[C@@H]1CC[C@@H](c2nc(C(C)(C)O)cs2)CN1C(=O)c1ccccc1-n1nccn1,SSLZAHBLJGJLSX-HUUCEWRRSA-N,0,antagonist,1.0,7.77
CHEMBL5966436,COc1cccc(-c2ccc(C)cc2C(=O)N2CCC[C@@]2(C)c2nc3cc(C)c(C)cc3n2C)c1,IKJOUBXNNPJOFV-PMERELPUSA-N,0,antagonist,1.0,7.55
CHEMBL5966516,COc1cccc(F)c1C(=O)N[C@H]1CCC[C@@H]1Nc1nc2ccc(F)cc2s1,RVQJTOCORIYTST-KBPBESRZSA-N,0,antagonist,1.0,5.2
CHEMBL5966524,O=C(N[C@H]1CCC[C@@H]1Nc1nc2ccc(F)cc2s1)c1ncccc1N1CCCC1,KIELRMBPXHVTPP-HOTGVXAUSA-N,0,antagonist,1.0,5.0
CHEMBL5966526,Cc1ccc(CC(CNC(=O)CO)n2c(=N)n(C(C)c3ccc(C)cc3)c3cccnc32)cc1,ZIZMJSPORAEHOB-UHFFFAOYSA-N,1,agonist,1.0,6.0
CHEMBL5966623,Cc1noc(-c2cc(F)ccc2C(=O)N2C[C@H](Oc3nccc4c3C(=O)OC4(C)C)CC[C@H]2C)n1,NNQOXUFKAXQDAU-CZUORRHYSA-N,0,antagonist,1.0,6.42
CHEMBL5966760,CO[C@@H]1C[C@@H](c2nc3ccc(Cl)c(C)c3[nH]2)N(C(=O)c2nc(C)sc2-c2ccc(Cl)cc2)C1,YEDDEIUNRODXSF-APWZRJJASA-N,0,antagonist,1.0,8.4
CHEMBL5966859,Cc1ccc(CC(COCCC#N)n2c(=N)n(C(C)c3ccc(C)cc3)c3cccnc32)cc1,UEJRZAHCBBDPIN-UHFFFAOYSA-N,1,agonist,1.0,6.0
CHEMBL5967097,COc1cccnc1N[C@@H]1C[C@@H](C)N(C(=O)c2nccnc2-n2cccn2)C1,VYBLMOVJAQIVKL-ZIAGYGMSSA-N,0,antagonist,1.0,5.82
CHEMBL5967170,Cc1ccc(CC(CNC(=O)c2ccncc2)n2c(=N)n(Cc3ccc(C)cc3)c3ccccc32)cc1,PJAPANUTOITKKJ-UHFFFAOYSA-N,1,agonist,1.0,5.3
CHEMBL5967264,COC(=O)c1nccnc1C(=O)N1C[C@H](Oc2nccn3c(C(F)F)cnc23)CC[C@H]1C,ADMNEWANDIGMEI-VXGBXAGGSA-N,0,antagonist,1.0,7.6
CHEMBL5967276,O=C(N[C@H]1CCC[C@@H]1Nc1nc2ccc(F)cc2s1)c1ccccc1-n1cncn1,CSIRSWKPXVPQNO-HOTGVXAUSA-N,0,antagonist,1.0,5.0
CHEMBL5967308,Cc1c(-c2ncccn2)c(C(=O)N2CC(F)(F)C[C@@H](C)[C@H]2CNc2ncc(C(F)(F)F)cn2)nn1C,VMSXWIOUHONCFO-IUODEOHRSA-N,0,antagonist,1.0,5.301029995663981
CHEMBL5967311,Cc1ccc(-n2nccn2)c(C(=O)N2CCC[C@@]2(C)c2nc3cc(Cl)c(Cl)cc3[nH]2)c1,CJQXFBHBGVQHCH-QFIPXVFZSA-N,0,antagonist,1.0,7.54
CHEMBL5967341,C=C1C[C@@H](c2nc3ccc(OC)cc3[nH]2)N(C(=O)c2cc(OC)ccc2-n2nccn2)C1,WCCQLIPHSHVDLI-NRFANRHFSA-N,0,antagonist,1.0,8.0
CHEMBL5967392,Cc1nc(C(=O)N2CCCC2c2nc3cc(C)c(C)cc3[nH]2)c(-c2ccccc2)s1,BORYXMJMEYQJTD-UHFFFAOYSA-N,0,antagonist,1.0,7.35
CHEMBL5967425,Cc1c(Cl)ccc2[nH]c([C@]3(C)CCCN3C(=O)c3c(F)cccc3-c3ccccn3)nc12,JGPPTWMAUDXPKB-VWLOTQADSA-N,0,antagonist,1.0,7.08
CHEMBL5967426,CS(=O)(=O)N[C@H]1CCCN(S(C)(=O)=O)[C@H]1CO[C@H]1CC[C@@H](c2ccccc2)CC1,DXJQJMSKQZROTF-YRPNKDGESA-N,1,agonist,1.0,6.54
CHEMBL5967537,CCn1c([C@]2(C)CCCN2C(=O)c2ccc(C)cc2-n2nccn2)nc2cc(C)c(C)cc21,UUEAMENKRDDBFF-SANMLTNESA-N,0,antagonist,1.0,7.28
CHEMBL5967554,Cc1nc(C(=O)N2CCC[C@@H](C)[C@H]2CNc2cccc(C(F)(F)F)n2)c(-c2ccc(F)cc2)s1,VKEAHVIDNQNCHK-RDTXWAMCSA-N,0,antagonist,1.0,7.16
CHEMBL5967565,CCN(CCN(C)c1cc(C#N)ccn1)C(=O)c1ccccc1-c1cnccn1,PSSIJKHEXHFQFB-UHFFFAOYSA-N,0,antagonist,1.0,7.64
CHEMBL5967687,Cc1ccc(-c2ncccn2)c(C(=O)N2CCC[C@@H](C)[C@H]2CNc2ccc(C(F)(F)F)nn2)c1,HZRMCWBKAIBSGP-VQIMIIECSA-N,0,antagonist,1.0,5.301029995663981
CHEMBL5967787,Cc1cc(C(=O)N2CCC[C@H]2c2noc(-c3cccc(F)c3C)n2)c(-n2nccn2)cc1C,AKMDANQXWMVNEY-FQEVSTJZSA-N,0,antagonist,1.0,8.7
CHEMBL5967900,C[C@@H]1CC[C@@H](c2cc(C(C)(O)C3CC3)no2)CN1C(=O)c1ccccc1-n1nccn1,YNUXBLHTOPWHEA-LHVRJDQKSA-N,0,antagonist,1.0,7.46
CHEMBL5967962,Cc1ccc(-c2ccn(C)c2)c(C(=O)N2CCC[C@@H](C)[C@H]2CNc2ccc(C(F)(F)F)cn2)c1,SXCLQMIMVGSWJA-WZONZLPQSA-N,0,antagonist,1.0,5.3979400086720375
CHEMBL5968071,COC(=O)c1c(OC)ccnc1O[C@@H]1CC[C@@H](C)N(C(=O)c2ccccc2-n2nccn2)C1,BADXNMJDAXIFIR-HZPDHXFCSA-N,0,antagonist,1.0,7.74
CHEMBL5968164,Cc1nc(C(=O)N2C[C@H](Oc3nccc(C#N)c3C)CC[C@H]2C)c(-c2ccccc2)s1,QZYSCQSDEMYEQC-FOIQADDNSA-N,0,antagonist,1.0,8.245
CHEMBL5968175,COC(=O)N1[C@H](C)C[C@H](NS(=O)(=O)C(C)C)[C@@H]1CO[C@H]1CC[C@@]2(c3ncc(F)cn3)C[C@H]2C1,AXIGYRTVDAFBBR-YQRBJHIPSA-N,0,antagonist,1.0,9.05
CHEMBL5968210,Cc1cccc(-c2nnc([C@@H]3CCCN3C(=O)c3cc(C)ccc3-n3nccn3)o2)c1,HBRMBYUKTZYGFK-FQEVSTJZSA-N,0,antagonist,1.0,6.45
CHEMBL5968257,CC(C)Oc1ccnc(O[C@@H]2CC[C@@H](C)N(C(=O)c3ccccc3-c3ncccn3)C2)c1,PFWJKBXMJQXBJD-UYAOXDASSA-N,0,antagonist,1.0,7.17
CHEMBL5968518,COc1cccc(-c2cn(C)nc2C(=O)N2CC(F)(F)C[C@@H](C)C2CNc2cnc(C(F)(F)F)cn2)c1,RVFWGCRTBRYICQ-IKJXHCRLSA-N,0,antagonist,1.0,6.0
CHEMBL5968633,COC(=O)N1[C@H](C)C[C@H](NS(C)(=O)=O)[C@@H]1CO[C@H]1CC[C@@]2(c3ncc(C)cn3)C[C@H]2C1,FRSWZVLHDWLPTF-OHWWPSECSA-N,0,antagonist,1.0,7.72
CHEMBL5968637,C[C@@H]1CC(F)(F)CN(C(=O)c2cc(Cl)ccc2-n2nccn2)C1CNc1cnc(C(F)(F)F)cn1,TXLMUQKJLBHCOO-ZGTOLYCTSA-N,0,antagonist,1.0,5.301029995663981
CHEMBL5968805,Cc1oc(C[C@H]2CCCCN2C(=O)c2nccnc2C2CCCC2)nc1C(C)(C)O,KOLKXHLPVZWPEM-QGZVFWFLSA-N,0,antagonist,1.0,5.0
CHEMBL5968856,CCOc1cccnc1C(=O)N[C@H]1CCC[C@@H]1Nc1nc2ccc(F)cc2s1,IVVYZNAACSNYDB-KBPBESRZSA-N,0,antagonist,1.0,5.06
CHEMBL5968875,CC(=O)N1CCC[C@H](NS(C)(=O)=O)[C@@H]1CO[C@H]1CC[C@@H](c2cccc(F)c2F)CC1,YOEHEHOSLLVDHQ-JSJNYSNDSA-N,1,agonist,1.0,7.92
CHEMBL5968929,Cc1ccc(C(=O)N2CC[C@H](C)[C@H]2c2nc3c(C)c(Cl)ccc3[nH]2)c(-c2ncccn2)c1,HFUAAKBNSVZPPB-NYHFZMIOSA-N,0,antagonist,1.0,6.88
CHEMBL5968981,C[C@@H]1C[C@H](NS(C)(=O)=O)[C@H](CO[C@H]2CC[C@@]3(c4ncc(F)cn4)C[C@H]3C2)N1C(=O)OCC1(C)CC1(F)F,NEIBXPCRWILUJC-LRYLYOCVSA-N,0,antagonist,1.0,8.85
CHEMBL5968990,Cc1ccc(-n2nccn2)c(C(=O)N2CCC[C@H]2c2noc(-c3n[nH]c4ccccc34)n2)c1,DYGBJYDGCQFGPC-IBGZPJMESA-N,0,antagonist,1.0,7.05
CHEMBL5969012,Cc1nc(C(=O)N2CCCC2c2nc3c(CO)cccc3[nH]2)c(-c2cccc(Cl)c2)s1,WLWXJTJZXIYHNN-UHFFFAOYSA-N,0,antagonist,1.0,6.95
CHEMBL5969069,CCN(CCc1ccc(C(C)(C)O)cn1)C(=O)c1ccccc1CC(F)(F)F,YWRNNIKHQITFHG-UHFFFAOYSA-N,0,antagonist,1.0,6.36
CHEMBL5969096,Cc1ccc(-c2ccc(F)cc2C)c(C(=O)N2CCC[C@@]2(C)c2nc3c(C)c(C)ccc3[nH]2)c1,YYBZXUJTIPLWIC-LJAQVGFWSA-N,0,antagonist,1.0,6.79
CHEMBL5969114,Cc1cn2ccnc(O[C@@H]3CC[C@@H](C)N(C(=O)c4ccc(F)cc4-n4nccn4)C3)c2n1,MMSDZCRKMCUVLM-NVXWUHKLSA-N,0,antagonist,1.0,7.51
CHEMBL5969166,COc1cccc(-c2ccc(C)cc2C(=O)N2CCC[C@@]2(C)c2nc3cc(C)c(C)cc3[nH]2)c1,XYMRNJDGUHFXIT-LJAQVGFWSA-N,0,antagonist,1.0,7.72
CHEMBL5969173,COc1c(C#N)ccnc1O[C@@H]1CC[C@@H](C)N(C(=O)c2ccc(C)cc2-n2nccn2)C1,CYFRBCVQFVNHCX-SJLPKXTDSA-N,0,antagonist,1.0,8.54
CHEMBL5969299,O=C(N[C@H]1CCC[C@@H]1Nc1nc2ccc(F)cc2s1)c1c(Cl)cccc1-n1nccn1,NILHPPGBRWFYBG-GJZGRUSLSA-N,0,antagonist,1.0,5.38
CHEMBL5969322,Cc1ccc(-n2nccn2)c(C(=O)N2CCC[C@H]2c2noc(-c3cc(C(F)(F)F)ccn3)n2)c1,WTHPCLUXVXMKRQ-SFHVURJKSA-N,0,antagonist,1.0,5.67
CHEMBL5969333,CSc1ccc2nc([C@@H]3CCCN3C(=O)c3nc(C4CC4)sc3-c3ccccc3)[nH]c2c1,LLSWLKWSTDTWCA-FQEVSTJZSA-N,0,antagonist,1.0,7.0
CHEMBL5969376,Cc1nc(C(=O)N2CCCC2c2nc3c(CO)cccc3[nH]2)c(-c2ccccc2)s1,DUNCSNTYGYFVOY-UHFFFAOYSA-N,0,antagonist,1.0,6.48
CHEMBL5969635,Cc1ccc(-c2ccc(F)cc2)c(C(=O)N2CCC[C@@]2(C)c2nc3cc(C(F)(F)F)ccc3[nH]2)c1,BVAUVZJCJFEFMF-SANMLTNESA-N,0,antagonist,1.0,6.78
CHEMBL5969775,CSc1ccc2nc([C@@H]3CCCN3C(=O)c3ccccc3-c3ccc(C)c(C)c3)[nH]c2c1,HHJGRMWOTILCFK-VWLOTQADSA-N,0,antagonist,1.0,7.89
CHEMBL5969862,C[C@@H]1CCCN(C(=O)c2cc(F)c(F)cc2-n2nccn2)[C@@H]1CNc1ncc(C(F)(F)F)cn1,BLTQXEXWVIEIIZ-KZULUSFZSA-N,0,antagonist,1.0,5.301029995663981
CHEMBL5969920,Cc1ccc(-n2nccn2)c(C(=O)N2CC[C@H](C)[C@H]2c2nc3cc(Cl)cc(C)c3[nH]2)c1,NHCUEWIUUDFYKZ-QKKBWIMNSA-N,0,antagonist,1.0,6.5
CHEMBL5970204,CSc1cccc2nc([C@@H]3CCCN3C(=O)c3ccccc3-c3ccc(C)c(C)c3)[nH]c12,KJYLFYSLBZATDX-QHCPKHFHSA-N,0,antagonist,1.0,8.05
CHEMBL5970342,COC(=O)N1[C@H](C)C[C@H](NS(C)(=O)=O)[C@@H]1COC1CCC2(c3ncc(Cl)cn3)CC2C1,BXXQKIRGQQUJQA-MKLSPKEASA-N,0,antagonist,1.0,7.335
CHEMBL5970433,Cc1nc(C(=O)N2CC[C@H](C)[C@H]2c2nc3c(Cl)cccc3[nH]2)c(-c2ccc(Br)cc2)s1,CGPWFVNYILIPJZ-YUNKPMOVSA-N,0,antagonist,1.0,6.06
CHEMBL5970471,Cc1ccc(/C=C/CCn2c(=N)n(C(Cc3ccc(C)cc3)C(=O)N3CC(CO)(CCl)C3)c3ccccc32)cc1,FANRJCBTQVVATH-ZYRZGJLKSA-N,1,agonist,1.0,5.82
CHEMBL5970484,Cc1nc(C(=O)N2CCC[C@@]2(C)c2nc3c(C)c(Cl)ccc3[nH]2)c(-c2ccccc2)s1,LLZRXSUDUAIYKG-DEOSSOPVSA-N,0,antagonist,1.0,8.4
CHEMBL5970640,COc1ccc(C(=O)N2C[C@H](Oc3nccc(C#N)c3OC)CC[C@H]2C)c(-n2nccn2)n1,QYPCXWREUOEAKB-GDBMZVCRSA-N,0,antagonist,1.0,8.12
CHEMBL5970713,COc1cc2nc([C@]3(C)CCCN3C(=O)c3cc(C)ccc3-n3nccn3)n(CC3CC3)c2cc1OC,ICBQNVKSWWAOBL-NDEPHWFRSA-N,0,antagonist,1.0,7.22
CHEMBL5970728,Cc1nc(C(=O)N2CC(F)(F)C[C@@H](C)C2CNc2ncc(C(F)(F)F)cn2)c(-c2ccccc2)s1,NKCNSFYUWMTMEZ-FWJOYPJLSA-N,0,antagonist,1.0,5.301029995663981
CHEMBL5970772,Cc1nc(C(=O)N2CCC[C@H](C)[C@H]2CNc2ncc(Cl)cn2)c(-c2ccc(F)cc2)s1,HOYRKLOSSPBUHN-SCLBCKFNSA-N,0,antagonist,1.0,5.85
CHEMBL5971031,C[C@@H]1CC[C@@H](c2nsc(C(C)(C)O)n2)CN1C(=O)c1ccccc1-c1ncccn1,SAEQFAPSCBVFPC-HUUCEWRRSA-N,0,antagonist,1.0,7.32
CHEMBL5971042,Cc1c(Cl)ccc2[nH]c([C@]3(C)CCCN3C(=O)c3cc(C(F)(F)F)ccc3-n3nccn3)nc12,DJANONISNRIVCE-QFIPXVFZSA-N,0,antagonist,1.0,7.04
CHEMBL5971246,CCN(CCN(C)c1cccc(C(C)(C)O)n1)C(=O)c1cccnc1OCC(F)(F)F,RTQNJZJAKXGBPA-UHFFFAOYSA-N,0,antagonist,1.0,6.51
CHEMBL5971388,C=C1C[C@@H](c2nc3cccc(C)c3[nH]2)N(C(=O)c2nc(C)sc2-c2ccc(Cl)cc2)C1,PCVVFZUFWINAQQ-IBGZPJMESA-N,0,antagonist,1.0,8.15
CHEMBL5971415,Cc1nc(C(=O)N2CCC[C@@H](C)[C@H]2CNc2nc3ccccc3o2)c(-c2ccc(F)cc2)s1,RSCBRJAESFFMDG-FOIQADDNSA-N,0,antagonist,1.0,6.47
CHEMBL5971618,CS(=O)(=O)N[C@H]1CCCN[C@H]1CO[C@H]1CC[C@@H](c2ccccc2C(F)F)CC1,LEKDNSMBQAJYFD-QXGSTGNESA-N,1,agonist,1.0,5.7
CHEMBL5971632,Cc1oc(C[C@H]2CCCCN2C(=O)c2cccnc2-n2cccn2)nc1C(C)(C)O,HEWDZQFECSSJIV-MRXNPFEDSA-N,0,antagonist,1.0,7.62
CHEMBL5971683,Cc1ccc(-c2cn(C)nc2C(=O)N2CC(F)(F)C[C@@H](C)C2CNc2ncc(C(F)(F)F)cn2)cc1,DITCCDHABXVFKR-NYRJJRHWSA-N,0,antagonist,1.0,5.301029995663981
CHEMBL5971742,COc1cc2nc([C@]3(C)CCCN3C(=O)c3cc(C)ccc3-c3ncccn3)[nH]c2cc1OC,DEHDONPZVLMUGY-SANMLTNESA-N,0,antagonist,1.0,7.8
CHEMBL5971921,CCOc1c(F)cccc1-c1nnc([C@@H]2CCCN2C(=O)c2cc(C)ccc2-n2nccn2)o1,HRIFWPLOGNOXTO-FQEVSTJZSA-N,0,antagonist,1.0,6.63
CHEMBL5971984,COC[C@H](Cc1ccc(C)cc1)n1c(=N)n(Cc2ccc(SC)cc2)c2ccccc21,OXNJKQOPHFDJQN-QFIPXVFZSA-N,1,agonist,1.0,5.3
CHEMBL5972031,COc1ccc(-n2nccn2)c(C(=O)N2CCC[C@H]2c2nc3cccc(SC)c3[nH]2)c1,OJMSPEQYPWFIGB-SFHVURJKSA-N,0,antagonist,1.0,8.4
CHEMBL5972087,Cc1nc(C(=O)N2CCC[C@H]2c2nc3c(C)cc(Br)cc3[nH]2)c(-c2ccccc2)s1,WLDSIKXAQBODNH-SFHVURJKSA-N,0,antagonist,1.0,7.57
CHEMBL5972093,COc1cc(C(=O)N2CCC[C@H]2c2noc(-c3cccc(Cl)c3C)n2)c(-n2nccn2)cc1F,ODDWFVQXCLKZAD-SFHVURJKSA-N,0,antagonist,1.0,8.22
CHEMBL5972214,COc1c(F)cccc1-c1nnc([C@@H]2CCCN2C(=O)c2ccc(Cl)cc2-n2nccn2)[nH]1,WTMWAONOZHUUEE-KRWDZBQOSA-N,0,antagonist,1.0,8.52
CHEMBL5972297,CCN(CCN(C)c1nccc(C(C)(C)O)n1)C(=O)c1ccccc1C1CC1(F)F,ZIZSDKRUEPCQET-UHFFFAOYSA-N,0,antagonist,1.0,7.77
CHEMBL5972318,C[C@H]1CC[C@@H](c2cc(C(C)(O)C(F)(F)F)on2)CN1C(=O)c1ccccc1-n1nccn1,DVQKHGWUCNMHET-IODPJOFQSA-N,0,antagonist,1.0,7.47
CHEMBL5972603,C[C@@H]1CC[C@@H](Sc2cc(C#N)ccn2)CN1C(=O)c1ccccc1N1CCCC1,FSJZGDPYTRMZRN-IEBWSBKVSA-N,0,antagonist,1.0,6.99
CHEMBL5972816,Cc1ccc(-c2nc(C(=O)N3CCC[C@@]3(C)c3nc4c(C)c(Cl)ccc4[nH]3)c(-c3ccc(F)cc3)s2)c(F)c1,VIZGOVGQIZGMLC-PMERELPUSA-N,0,antagonist,1.0,5.93
CHEMBL5972848,C[C@@H]1C[C@H](NS(C)(=O)=O)[C@H](CO[C@H]2CC[C@@]3(c4ncc(F)cn4)C[C@H]3C2)N1C(=O)OCC(F)F,GNZDQBFRSFCYLY-VLYJQEFKSA-N,0,antagonist,1.0,9.22
CHEMBL5972926,CCNC(=O)N1CCC[C@H](NS(C)(=O)=O)[C@@H]1CO[C@H]1CC[C@@H](c2cccc(C(F)(F)F)c2)CC1,CBVSTHJAEOYNJB-CZGNIMDHSA-N,1,agonist,1.0,7.58
CHEMBL5972927,Cc1ccc(-c2ccc(C)cc2C(=O)N2CCC[C@@]2(C)c2nc3c(C)c(C)ccc3[nH]2)cc1,MLEWYAJWEQJCRY-LJAQVGFWSA-N,0,antagonist,1.0,7.82
CHEMBL5973029,COc1cc(Cl)cc(-c2nc([C@@H]3CCCN3C(=O)c3cc(C)ccc3-n3nccn3)no2)n1,BKDDWRDQKMRANE-SFHVURJKSA-N,0,antagonist,1.0,7.72
CHEMBL5973090,C[C@@H]1CC[C@@H](c2cc(C(C)(C)O)no2)CN1C(=O)c1ccccc1-c1cnccn1,WNPQLSIYFSRITL-HZPDHXFCSA-N,0,antagonist,1.0,5.99
CHEMBL5973313,CC(C)[C@H]1CC[C@@H](OC[C@H]2[C@@H](NS(C)(=O)=O)CCCN2C(=O)NCCO)CC1,ZFPAGNUYRXXURI-MHORFTMASA-N,1,agonist,1.0,8.35
CHEMBL5973516,Cc1ccc(-n2nccn2)c(C(=O)N2CCC[C@@]2(C)c2nc3c(F)c(F)ccc3[nH]2)c1,ULGNTJYGFUBGPP-QFIPXVFZSA-N,0,antagonist,1.0,6.29
CHEMBL5973545,COC(=O)N1[C@H](C)C[C@H](NS(=O)(=O)N(C)C)[C@@H]1CO[C@H]1CC[C@@H](c2ccc(C#N)c(C)c2)CC1,CALXAGUURZEISL-JGOTUQMDSA-N,0,antagonist,1.0,8.96
CHEMBL5973553,Cc1ccc(-n2nccn2)c(C(=O)N2CCC[C@H]2c2noc(-c3cc(C)ccc3C)n2)c1,HXLWTZGQBQSCHZ-NRFANRHFSA-N,0,antagonist,1.0,8.22
CHEMBL5973567,Cc1nc(C(=O)N2CCC[C@@H](C)[C@H]2CNc2ccc(C(F)(F)F)cn2)c(-c2ccccc2)s1,YEUKTOYJDZDVSJ-DNVCBOLYSA-N,0,antagonist,1.0,5.522878745280337
CHEMBL5973624,COc1c(Cl)cccc1-c1nc([C@@H]2CCCN2C(=O)c2cc(C)ccc2-n2nccn2)no1,ZDNRNMMSPMXUID-IBGZPJMESA-N,0,antagonist,1.0,8.4
CHEMBL5973747,COc1cccc(CC(CO)n2c(=N)n(Cc3ccc(C)cc3)c3ccccc32)n1,NPUDOVIJDSPGBW-UHFFFAOYSA-N,1,agonist,1.0,6.0
CHEMBL5973756,Cc1ccc(CC(CNS(=O)(=O)C(F)F)n2c(=N)n(Cc3ccc(C)cc3)c3ccccc32)cc1,GYTBIVDEFMXNSA-UHFFFAOYSA-N,1,agonist,1.0,5.3
CHEMBL5973803,O=C(c1ccccc1-n1nccn1)N1CC[C@H]2CCN(c3nccc4ccccc34)[C@H]2C1,PRCAIGKGTMGPSK-CVDCTZTESA-N,0,antagonist,1.0,7.39
CHEMBL5973856,Cc1ccc(-c2ncccn2)c(C(=O)N2CCC[C@@]2(C)c2nc3cc(C)c(C)cc3[nH]2)c1,IVUUKPPBLBVNSQ-SANMLTNESA-N,0,antagonist,1.0,7.75
CHEMBL5973961,C=C1CC(c2nc3c(C)cccc3[nH]2)N(C(=O)c2nc(C3CC3)sc2-c2cccc(C)c2)C1,GYBHCJAOGHYZST-UHFFFAOYSA-N,0,antagonist,1.0,9.0
CHEMBL5973993,Cc1nc(C(=O)N2CCC[C@@H](C)[C@H]2CNc2ccc(Cl)cn2)c(-c2ccc(F)cc2)s1,RQFJEZZFXLTNSI-AUUYWEPGSA-N,0,antagonist,1.0,5.82
CHEMBL5974008,COc1ccccc1-c1noc([C@@H]2CCCN2C(=O)c2cc(Cl)ccc2-n2nccn2)n1,IIGZAHPQTRDILW-SFHVURJKSA-N,0,antagonist,1.0,6.87
CHEMBL5974080,C=C1C[C@@H](c2nc3ccc(Cl)c(C)c3[nH]2)N(C(=O)c2nc(C)sc2-c2cccc(OC)c2)C1,TZAQHYIVSIBZMW-FQEVSTJZSA-N,0,antagonist,1.0,9.3
CHEMBL5974233,COc1ncccc1-c1cc([C@@H]2CCCN2C(=O)c2cc(C)ccc2-n2nccn2)on1,MHTCZZUOEDKSAU-FQEVSTJZSA-N,0,antagonist,1.0,7.52
CHEMBL5974254,Cc1ccc(CC(C(O)CC#N)n2c(=N)n(C(C)c3ccc(C)cc3)c3cccnc32)cc1,UIZJPHUNRVBOFJ-UHFFFAOYSA-N,1,agonist,1.0,6.0
CHEMBL5974418,COc1ccccc1-c1sc(C)nc1C(=O)N1CC[C@H](C)[C@H]1c1nc2c(Cl)cccc2[nH]1,XSNXFFHCKFHWDR-ZSEKCTLFSA-N,0,antagonist,1.0,5.56
CHEMBL5974422,Cc1ccc(-c2ccccc2)c(C(=O)N2CC[C@H](C)[C@H]2c2nc3c(C)c(Cl)ccc3[nH]2)c1F,IRHPPLSFVLVHBZ-LMKMVOKYSA-N,0,antagonist,1.0,6.24
CHEMBL5974473,Cc1nc(C(=O)N2CCCC2c2nc3cc(Br)ccc3[nH]2)c(-c2cccc(Cl)c2)s1,ZOHVQZZYRHOZNR-UHFFFAOYSA-N,0,antagonist,1.0,6.34
CHEMBL5974508,CCN(CCc1nc(C(C)(C)O)c(C)o1)C(=O)c1sccc1-n1nccn1,AKTPIYONVZNLGA-UHFFFAOYSA-N,0,antagonist,1.0,6.36
CHEMBL5974559,COC[C@H](Cc1ccc(C)cc1)n1c(=N)n(Cc2nc3cc(Cl)ccc3s2)c2ccccc21,CYDWXKMUNOZJIT-FQEVSTJZSA-N,1,agonist,1.0,6.0
CHEMBL5974640,Cc1nc(C(=O)N2CC[C@H](C)[C@H]2c2nc3c(C)c(Cl)ccc3[nH]2)c(-c2cc(F)cc(F)c2)s1,FDXRERSZBCJENM-MQJDWESPSA-N,0,antagonist,1.0,6.6
CHEMBL5974647,COC(=O)C(NC(=O)CCN(CC(F)F)C(=O)c1ccccc1-n1nccn1)C(C)=O,PCTYSOAVNWMYAD-UHFFFAOYSA-N,0,antagonist,1.0,7.17
CHEMBL5974660,C=C1C[C@@H](c2nc3cc(SC)ccc3[nH]2)N(C(=O)c2nc(C)sc2-c2ccc(C)c(C)c2)C1,XJHUXYZRPRBTGY-QFIPXVFZSA-N,0,antagonist,1.0,8.7
CHEMBL5974813,Cc1ccc(C(=O)N2CCC[C@H]2c2cc(-c3cccc(Cl)c3C)n[nH]2)c(-n2nccn2)c1,NQXSCTLCMWKQOS-QFIPXVFZSA-N,0,antagonist,1.0,7.24
CHEMBL5974843,C=C1C[C@@H](c2nc3ccc(Cl)c(C)c3[nH]2)N(C(=O)c2nc(C)sc2-c2ccc(OC)nc2)C1,XYLRNNCVRQSSFY-SFHVURJKSA-N,0,antagonist,1.0,8.52
CHEMBL5974859,C=C1CC(c2nc3cccc(SC)c3[nH]2)N(C(=O)c2cc(C)sc2-c2ccc(C)c(C)c2)C1,JVZPIDIYRSKRCP-UHFFFAOYSA-N,0,antagonist,1.0,8.22
CHEMBL5974865,CCS(=O)(=O)N[C@H]1CCCN(C(=O)OC)[C@H]1CO[C@H]1CC[C@@H](c2ccccc2)CC1,HTSFJNJMVOKEJD-WOZUAGRISA-N,1,agonist,1.0,7.68
CHEMBL5974942,Cc1oc(N2CC3CN(C(=O)c4ccccc4-n4cccn4)CC3C2)nc1C(C)(C)O,LRCUKRPBDJODPL-UHFFFAOYSA-N,0,antagonist,1.0,7.14
CHEMBL5974989,CC(=O)N1CCC[C@H](NS(C)(=O)=O)[C@@H]1CO[C@H]1CC[C@@H](c2cc(F)cc(F)c2F)CC1,IEIMTYAUSWJDBQ-ZXUOCUECSA-N,1,agonist,1.0,7.77
CHEMBL5975296,C[C@@H]1CC[C@@H](Sc2cc(C#N)ccn2)CN1C(=O)c1ccccc1-c1ccccc1,MVLJMQQXIGILAK-WIYYLYMNSA-N,0,antagonist,1.0,7.78
CHEMBL5975572,COc1c(Cl)cccc1-c1nc([C@@H]2CCCN2C(=O)c2cc(Cl)ccc2-n2nccn2)no1,MNDDUDYFBNUSMN-SFHVURJKSA-N,0,antagonist,1.0,7.77
CHEMBL5975638,CCN(CCN(C)c1nc(Cl)cc(N(C)C)n1)C(=O)c1ccccc1-n1nccn1,UFKACZUVRSPVOK-UHFFFAOYSA-N,0,antagonist,1.0,7.74
CHEMBL5975766,CCNC(=O)N1CCC[C@H](NS(C)(=O)=O)[C@@H]1CO[C@H]1CC[C@@H](c2cccc(C#N)c2)CC1,WPIIYWVCJCYHGP-FKVLARQCSA-N,1,agonist,1.0,7.06
CHEMBL5975784,C[C@@H]1CC[C@@H](Oc2nccn3cc(C#N)nc23)CN1C(=O)c1ccccc1-n1nccn1,RLQHPNKBRKRVBY-NVXWUHKLSA-N,0,antagonist,1.0,7.05
CHEMBL5975872,C[C@@H]1CC[C@@H](Nc2cc(C#N)ccn2)CN1C(=O)c1ccccc1-n1ncnn1,KDFLXCUYOVVNCG-GDBMZVCRSA-N,0,antagonist,1.0,8.05
CHEMBL5975940,CCN(CCN(C)c1cc(C#N)ccn1)C(=O)c1cc(F)ccc1-n1nccn1,SBMSLYQANOITJJ-UHFFFAOYSA-N,0,antagonist,1.0,7.61
CHEMBL5976006,COC[C@H](Cc1ccc(C)cc1)n1c(=N)n(Cc2ccc(C)cc2)c2ccc(C(F)(F)F)cc21,BXKPSLJLMSEBBA-QHCPKHFHSA-N,1,agonist,1.0,6.0
CHEMBL5976221,Cc1ccc(-c2ccccc2)c(C(=O)N2CCC[C@@]2(C)c2nc3cc(OC(F)(F)F)ccc3[nH]2)c1,ZYTJMFQVNVHMRD-SANMLTNESA-N,0,antagonist,1.0,6.76
CHEMBL5976363,Cc1cccc2[nH]c([C@]3(C)CCCN3C(=O)c3ccccc3-n3nccn3)nc12,OOZAMDZTWMIVJW-QFIPXVFZSA-N,0,antagonist,1.0,7.37
CHEMBL5976405,COC(=O)N1CCC[C@H](NS(C)(=O)=O)[C@@H]1COC1CCN(c2ccccc2C(F)(F)F)CC1,SOZNCKAJYMTJTQ-HKUYNNGSSA-N,1,agonist,1.0,5.42
CHEMBL5976505,Cc1nc(C(=O)N2CC(F)CCC2CNc2ccc(C(F)(F)F)cn2)c(-c2ccccc2)s1,GJDYBOVHDFWUGD-UHFFFAOYSA-N,0,antagonist,1.0,7.44
CHEMBL5976755,COC(=O)c1c(C)ccnc1S[C@@H]1CC[C@@H](C)N(C(=O)c2ccccc2-n2nccn2)C1,RAWZGQSZMNYZNK-IAGOWNOFSA-N,0,antagonist,1.0,7.65
CHEMBL5976756,COC(=O)c1c(OC)ccnc1O[C@@H]1CC[C@@H](C)N(C(=O)c2ccc(F)cc2-n2nccn2)C1,YTEOVDFIBCSYSS-GDBMZVCRSA-N,0,antagonist,1.0,6.12
CHEMBL5976886,CCc1cnc(-c2noc([C@@H]3CCCN3C(=O)c3cc(C)ccc3-n3nccn3)n2)cc1C,YQVPFZRQOQBAJE-NRFANRHFSA-N,0,antagonist,1.0,6.57
CHEMBL5976983,CC(=O)N1CCC[C@H](NS(C)(=O)=O)[C@@H]1CO[C@H]1CC[C@@H](c2ccccc2C)CC1,QOVFZDUJXUASHY-MXNKGDRCSA-N,1,agonist,1.0,7.54
CHEMBL5977122,COC(=O)N1CCC[C@H](NS(C)(=O)=O)[C@@H]1CO[C@H]1C[C@@H](c2ccccc2)C1,FFHUCLXXGNGWAV-MHORFTMASA-N,1,agonist,1.0,5.62
CHEMBL5977138,CCOC(=O)c1c(OC)ccnc1O[C@@H]1CC[C@@H](C)N(C(=O)c2ccccc2-n2nccn2)C1,RWRVFLSRESHXQZ-IAGOWNOFSA-N,0,antagonist,1.0,7.71
CHEMBL5977160,C[C@@H]1C[C@@H](Nc2cc(OCC(F)F)ccn2)CN1C(=O)c1ccccc1-n1cnnn1,UMTDKDBTLQRVLZ-ZIAGYGMSSA-N,0,antagonist,1.0,6.43
CHEMBL5977269,COC(=O)c1cc(O[C@@H]2CC[C@@H](C)N(Cc3ccccc3-n3nccn3)C2)ncc1Br,VVSGOAQUVKVPIV-NVXWUHKLSA-N,0,antagonist,1.0,7.22
CHEMBL5977329,COc1ccc(-n2nccn2)c(C(=O)N2CCC[C@H]2c2nc(-c3ccccc3Cl)no2)c1,HOXGNDARVMEEAA-IBGZPJMESA-N,0,antagonist,1.0,6.83
CHEMBL5977537,Cc1ccc(-n2cc(C)cn2)c(C(=O)N2CCC[C@@H](C)[C@H]2CNc2ccc(C(F)(F)F)cn2)c1,OIOSLKQRWPKHHK-XMSQKQJNSA-N,0,antagonist,1.0,6.85
CHEMBL5977546,Cc1ccc(-c2ccc(C(F)(F)F)cc2)c(C(=O)N2CCC[C@@]2(C)c2nc3cc(C(F)(F)F)c(Cl)cc3[nH]2)c1,NONHWPDPZWTBNG-SANMLTNESA-N,0,antagonist,1.0,6.27
CHEMBL5977596,CCNC(=O)N1CCC[C@H](NS(C)(=O)=O)[C@@H]1CO[C@H]1CC[C@@H](c2cnn(C)c2)CC1,IWGJJEYHVHCZQT-NQYYFHDYSA-N,1,agonist,1.0,6.62
CHEMBL5977759,Cc1ccc(-c2ccc(C(F)(F)F)cn2)c(C(=O)N2CCC[C@@H](C)[C@H]2CNc2ccc(Cl)cn2)c1,FPVULEDUFZGDIV-UZUQRXQVSA-N,0,antagonist,1.0,5.301029995663981
CHEMBL5977871,Cc1ccc(NC[C@@H]2[C@H](C)CCCN2C(=O)c2cc(C)ccc2-c2ccccn2)nc1,FQWWSILNSMMOBB-HYBUGGRVSA-N,0,antagonist,1.0,5.698970004336019
CHEMBL5977928,Cc1ccc(-n2nccn2)c(C(=O)N2CCC[C@@H](C)[C@H]2CNc2nc(C(F)(F)F)cs2)c1,MPFRTOANWDWLDZ-RHSMWYFYSA-N,0,antagonist,1.0,5.301029995663981
CHEMBL5978014,CC1(C)CCC(C(=O)N2CCC[C@H](NS(C)(=O)=O)[C@@H]2COC2CCN(c3ncccn3)CC2)CC1,WNNVBKZFFHPYEO-VXKWHMMOSA-N,1,agonist,1.0,5.44
CHEMBL5978168,Cc1oc(N2CC3CN(C(=O)c4cccnc4OCC(F)F)CC3C2)nc1C(C)(C)O,NYCPAXFSGYNGCZ-UHFFFAOYSA-N,0,antagonist,1.0,6.51
CHEMBL5978264,CCN(CCN(C)c1cc(C#N)ccn1)C(=O)c1ccccc1-n1cc(C)nn1,IITRBDGDOXBUGH-UHFFFAOYSA-N,0,antagonist,1.0,6.47
CHEMBL5978590,Cc1ccc(CC(CNC(=O)Cn2cccc2)n2c(=N)n(Cc3ccc(C)cc3)c3ccccc32)cc1,JSFUNJYTIITISQ-UHFFFAOYSA-N,1,agonist,1.0,5.3
CHEMBL5978712,COC(=O)N1[C@H](C)C[C@H](NS(=O)(=O)N(C)C)[C@@H]1COC1CCC2(c3ccc(C#N)cc3)CC2C1,ZPVRYZHJUFEEKQ-QZCRXJPXSA-N,0,antagonist,1.0,6.56
CHEMBL5978775,Cc1nc(C(=O)N2C[C@@H](F)C[C@H]2c2nc3c(C)c(Cl)ccc3[nH]2)c(-c2ccccc2)s1,SEMOTBSBKOXCEV-YJBOKZPZSA-N,0,antagonist,1.0,7.38
CHEMBL5979062,CCOc1ncccc1C(=O)N(CC)CCN(C)c1nc(C)cc(C)n1,XDLMNJJRFWRSAN-UHFFFAOYSA-N,0,antagonist,1.0,7.17
CHEMBL5979167,Cc1ccc(CC(CNC(=O)c2cccnn2)n2c(=N)n(Cc3ccc(C)cc3)c3ccccc32)cc1,TZLCYFZMFJQKGP-UHFFFAOYSA-N,1,agonist,1.0,5.3
CHEMBL5979261,C[C@@H]1CC[C@@H](Oc2cccc3c2CCC[C@]3(C)O)CN1C(=O)c1ccccc1-n1nccn1,PDPFULKDBIIJNM-UDCNLSRBSA-N,0,antagonist,1.0,7.7
CHEMBL5979373,C=C1CN(C(=O)c2cc(C)ccc2-n2nccn2)C(C)(c2nc3cc(OC)ccc3[nH]2)C1,MJSOHXHPFGBFKM-UHFFFAOYSA-N,0,antagonist,1.0,7.92
CHEMBL5979472,COc1ccccc1-c1noc([C@@H]2CCCN2C(=O)c2cc(C)c(C)cc2-n2nccn2)n1,AOZWQYYEGGLQBY-IBGZPJMESA-N,0,antagonist,1.0,7.82
CHEMBL5979482,C[C@@H]1CC[C@@H](Oc2nccn3c(C(F)F)cnc23)CN1C(=O)c1ccsc1-n1nccn1,AFDAELLBWXUUIA-CHWSQXEVSA-N,0,antagonist,1.0,7.98
CHEMBL5979489,Cc1ccc(C)c(-c2nc([C@@H]3CCCN3C(=O)c3ccc(C)cc3-n3nccn3)no2)c1,JHNHHPVZHOFWGP-FQEVSTJZSA-N,0,antagonist,1.0,8.0
CHEMBL5979550,Cc1nc(C(=O)N2C[C@H](F)C[C@H]2c2nc3c(C)cccc3[nH]2)c(-c2ccccc2)s1,LIHQBVPBOMOTFN-AEFFLSMTSA-N,0,antagonist,1.0,7.21
CHEMBL5979931,Cc1noc(-c2cccc(F)c2C(=O)N2C[C@H](Oc3nccc4c3C(=O)OC4(C)C)CC[C@H]2C)n1,BPKIUODYYLSSCS-UKRRQHHQSA-N,0,antagonist,1.0,6.99
CHEMBL5979975,Cc1ccc(-n2nccn2)c(C(=O)N2CCC[C@H]2c2nnc(-c3ccccc3C)o2)c1,ZTJKGEAMDIHXHD-FQEVSTJZSA-N,0,antagonist,1.0,6.98
CHEMBL5980207,C[C@@H]1CC[C@@H](Oc2nccn3c(C(F)F)cnc23)CN1C(=O)c1ccccc1-c1ncccn1,ZQZHNLCVEUFXGD-HZPDHXFCSA-N,0,antagonist,1.0,7.62
CHEMBL5980223,CCc1ccc(-c2sc(C)nc2C(=O)N2CCC[C@H]2c2nc3cccc(SC)c3[nH]2)cc1,ZBHWTBYZUJXGJA-IBGZPJMESA-N,0,antagonist,1.0,7.51
CHEMBL5980298,COC(=O)c1c(C#N)ccnc1O[C@@H]1CC[C@@H](C)N(C(=O)c2ccc(F)cc2-n2nccn2)C1,AAGLVRULWDBRBK-RHSMWYFYSA-N,0,antagonist,1.0,7.66
CHEMBL5980324,Cc1ccc(-n2nccn2)c(C(=O)N2CCC[C@@]2(C)c2nc3c(C)c(Cl)ccc3[nH]2)n1,SBLKQHKKTLFVDU-QFIPXVFZSA-N,0,antagonist,1.0,7.82
CHEMBL5980474,CC(=O)N1CCC[C@H](NS(C)(=O)=O)[C@@H]1CO[C@H]1CC[C@@H](c2ccccc2Cl)CC1,ZMQPOZIUFUGYIW-JWWGGVBKSA-N,1,agonist,1.0,7.57
CHEMBL5980593,C[C@@H]1CC[C@@H](Oc2nccc3c2COC3=O)CN1C(=O)c1ccccc1C1(C#N)CC1,YOYHOMQHRBFXIN-HZPDHXFCSA-N,0,antagonist,1.0,7.92
CHEMBL5981128,COc1ccc(NC[C@@H]2[C@H](C)CCCN2C(=O)c2cc(C)ccc2-n2nccn2)nc1,DDIJLMRKHNYNEO-DYESRHJHSA-N,0,antagonist,1.0,5.301029995663981
CHEMBL5981222,O=C(N[C@H]1CCC[C@@H]1Nc1nc2ccccc2o1)c1ccccc1-n1nccn1,BYPDPBCQZDTPSH-HOTGVXAUSA-N,0,antagonist,1.0,5.0
CHEMBL5981310,Cc1cc2nc([C@]3(C)CCCN3C(=O)c3ccccc3-c3cccc(F)c3)[nH]c2cc1C,ISVQHKDAABXWCI-MHZLTWQESA-N,0,antagonist,1.0,7.55
CHEMBL5981313,CSc1ccc2[nH]c([C@@H]3CCCN3C(=O)c3ccccc3-n3cccn3)nc2c1,FFXNWTQBSXEVPF-FQEVSTJZSA-N,0,antagonist,1.0,7.0
CHEMBL5981427,COc1ccccc1-c1noc([C@@H]2CCCN2C(=O)c2ccc(C)cc2-n2nccn2)n1,FATVOMIRRIFOQN-SFHVURJKSA-N,0,antagonist,1.0,6.62
CHEMBL5981525,C=C1C[C@@H](c2nc3cc(C(C)(C)C)ccc3[nH]2)N(C(=O)c2cc(C)ccc2-n2nccn2)C1,PKXRGEAMPIYIFY-QHCPKHFHSA-N,0,antagonist,1.0,8.7
CHEMBL5981533,C[C@@H]1CC[C@@H](Oc2cccc3c2CCC[C@@]3(C)O)CN1C(=O)c1ccccc1-n1nccn1,PDPFULKDBIIJNM-LJKQEARRSA-N,0,antagonist,1.0,6.91
CHEMBL5981566,COc1ccc(-n2nccn2)c(C(=O)N2C[C@H](OC)C[C@H]2c2nc3ccc(Cl)c(C)c3[nH]2)c1,GOVDVCACXWVVDU-QRWLVFNGSA-N,0,antagonist,1.0,9.0
CHEMBL5981741,Cc1nc(C(=O)N2CCCC2c2nc3c(C)c(Cl)ccc3[nH]2)c(-c2cccc(Cl)c2)s1,DETIUHJSOPMRKK-UHFFFAOYSA-N,0,antagonist,1.0,8.0
CHEMBL5981774,Cc1c(Cl)cccc1-c1noc([C@@H]2CCCN2C(=O)c2ccccc2-c2ncco2)n1,DXUJRFSLVWXJAM-IBGZPJMESA-N,0,antagonist,1.0,7.43
CHEMBL5981803,CSc1ccc(COC[C@@H](Cc2ccc(C)cc2)n2c(=N)n(Cc3ccc(C)cc3)c3ccccc32)cc1,IUOKDERFLWCBTC-GDLZYMKVSA-N,1,agonist,1.0,6.0
CHEMBL5981874,COc1cc2nc([C@]3(C)CCCN3C(=O)c3nc(C)ccc3-n3cccn3)[nH]c2cc1OC,SLHLUKGBOXVPPE-DEOSSOPVSA-N,0,antagonist,1.0,6.98
CHEMBL5981879,COc1cc2nc([C@]3(C)CCCN3C(=O)c3cc(C)ccc3-n3cccn3)[nH]c2cc1OC,XWYOWTGUVQJLBN-VWLOTQADSA-N,0,antagonist,1.0,7.82
CHEMBL5981958,C[C@@H]1CC[C@@H](c2ncc(C(C)(C)O)s2)CN1C(=O)c1ccccc1-n1nccn1,MFXDQNYSVOUGOX-HUUCEWRRSA-N,0,antagonist,1.0,7.17
CHEMBL5982002,Cc1ccc(-n2nccn2)c(C(=O)N2CCC[C@H]2c2nnc(-c3cccc(Cl)c3C)o2)c1,VWZLKTHNERNQKO-FQEVSTJZSA-N,0,antagonist,1.0,7.68
CHEMBL5982012,COC(=O)c1ccnc(O[C@@H]2CC[C@@H](C)N(C(=O)c3ccccc3-n3nccn3)C2)c1Cl,PMVGXKCLTREHLI-HUUCEWRRSA-N,0,antagonist,1.0,7.96
CHEMBL5982077,C[C@@H]1CC(F)(F)CN(C(=O)c2cn(C)nc2-c2ccccn2)C1CNc1cnc(C(F)(F)F)cn1,KEESQCVSNJVXLU-JBZHPUCOSA-N,0,antagonist,1.0,5.301029995663981
CHEMBL5982082,C[C@@H]1CC[C@@H](Oc2nccn3c(C(F)F)cnc23)CN1C(=O)c1ccc(F)cc1-n1nccn1,IQHJBOGYYVAOMD-UKRRQHHQSA-N,0,antagonist,1.0,7.8
CHEMBL5982152,COc1cccc(-c2ccccc2C(=O)N2CCC[C@@]2(C)c2nc3cc(C)c(C)cc3[nH]2)c1,VVHOKQDJINEWKI-NDEPHWFRSA-N,0,antagonist,1.0,7.27
CHEMBL5982163,C[C@@H]1CC[C@@H](Oc2nccn3c(C(F)F)cnc23)CN1C(=O)c1cccnc1OCC(F)F,JAIIJXWGZMDYNZ-CHWSQXEVSA-N,0,antagonist,1.0,7.5
CHEMBL5982176,Cc1cc(C(=O)N2CCC[C@@]2(C)c2nc3c(C)cccc3[nH]2)c(-n2nccn2)cc1C,QIHOXAKNGBYYPI-DEOSSOPVSA-N,0,antagonist,1.0,7.75
CHEMBL5982221,CS(=O)(=O)N[C@H]1CCCN[C@H]1CO[C@H]1CC[C@@H](c2ccccc2C(F)(F)F)CC1,KSRKXJHLVAZXQW-QXGSTGNESA-N,1,agonist,1.0,5.92
CHEMBL5982263,Cc1ccc(-n2nccn2)c(C(=O)N2CCC[C@H]2c2nc(-c3ccc(C)c(C)n3)no2)c1,QQSVLSOWXOBBFV-FQEVSTJZSA-N,0,antagonist,1.0,6.44
CHEMBL5982349,COc1cccc(-c2sc(C)nc2C(=O)N2CCC[C@@]2(C)c2nc3cc(OC(F)(F)F)ccc3[nH]2)c1,DNKHPDSXRMDYOJ-DEOSSOPVSA-N,0,antagonist,1.0,6.87
CHEMBL5982426,C[C@@H]1CC[C@@H](Oc2nccn3c(C(F)(F)F)cnc23)CN1C(=O)c1ccsc1-n1nccn1,YXSCINZYKDOOTA-CHWSQXEVSA-N,0,antagonist,1.0,7.69
CHEMBL5982428,COC[C@H](Cc1ccc(C)cc1)n1c(=N)n(Cc2ccc(Cl)c(Cl)c2)c2ccccc21,JLOQHRAAFPKSRN-FQEVSTJZSA-N,1,agonist,1.0,5.3
CHEMBL5982437,Cc1ccc(-c2cccc(C)c2C)c(C(=O)N2CCC[C@@]2(C)c2nc3cc(C(F)(F)F)c(Cl)cc3[nH]2)c1,IMXLNKLDXANFCS-NDEPHWFRSA-N,0,antagonist,1.0,6.41
CHEMBL5982474,Cc1ccc(-c2ccc(C)cc2C(=O)N2CCC[C@@]2(C)c2nc3cc(C)c(C)cc3[nH]2)cc1,GTVJYKUJZOGFAI-LJAQVGFWSA-N,0,antagonist,1.0,7.57
CHEMBL5982500,Cc1ccc(CC(CNC(=O)CO)n2c(=N)n(C(C)c3ccc(C)cc3)c3ccccc32)cc1,VPHZDMLRKNMGQK-UHFFFAOYSA-N,1,agonist,1.0,6.0
CHEMBL5982548,C[C@@H]1CC(F)(F)CN(C(=O)c2nc(C(F)(F)F)ccc2-n2nccn2)C1CNc1ccc(C(F)(F)F)cn1,NPVCPCWYHFRHJG-KEKZHRQWSA-N,0,antagonist,1.0,5.43
CHEMBL5982596,CS(=O)(=O)N[C@H]1CCCN(C(=O)CO)[C@H]1CO[C@H]1CC[C@@H](c2c(F)ccc(F)c2F)CC1,HRZYQXMNBPZWBV-DACLVMHWSA-N,1,agonist,1.0,8.6
CHEMBL5982602,Cc1cccc(-c2sc(C)nc2C(=O)N2CCC[C@@]2(C)c2nc3c(F)c(F)ccc3[nH]2)c1,QNFGBHOABLCVGZ-DEOSSOPVSA-N,0,antagonist,1.0,7.57
CHEMBL5982679,CC[C@@](C)(O)c1nc(C2CC[C@@H](C)N(C(=O)c3ccsc3-n3nccn3)C2)oc1C,AFWTWXQYFDNUSZ-YZJSNBHJSA-N,0,antagonist,1.0,7.8100000000000005
CHEMBL5982701,Cc1oc(C[C@H]2CCCCN2C(=O)c2ccccc2N2CCCC2)nc1C(C)(C)O,QXJRLBZSCCDMPT-GOSISDBHSA-N,0,antagonist,1.0,7.29
CHEMBL5982728,Cc1nc(C(=O)N2CCC[C@@H](C)[C@H]2CNc2nc3cc(Cl)ccc3o2)c(-c2ccc(F)cc2)s1,CDQLBCDCGGHTKS-JLTOFOAXSA-N,0,antagonist,1.0,5.3979400086720375
CHEMBL5982817,C[C@@H]1CC[C@@H](c2noc(C(C)(C)O)n2)CN1C(=O)c1ccsc1-c1ncccn1,WURMKHDYJDVCJK-CHWSQXEVSA-N,0,antagonist,1.0,7.21
CHEMBL5982867,C[C@@H]1CC[C@@H](c2cc([C@@H](O)C(F)(F)F)no2)CN1C(=O)c1ccccc1-n1nccn1,IXJVJHDHSDULCH-SNUQEOBHSA-N,0,antagonist,1.0,7.96
CHEMBL5982903,CSc1cccc2nc([C@@H]3CCCN3C(=O)c3c(F)cccc3-n3nccn3)[nH]c12,RJAFEVRSJGTCNJ-INIZCTEOSA-N,0,antagonist,1.0,7.62
CHEMBL5982997,Cc1ccc(-c2cnn(C)c2)c(C(=O)N2CCC[C@@H](C)[C@H]2CNc2ncccc2C)c1,LDXOPLSEHAJAJY-WZONZLPQSA-N,0,antagonist,1.0,5.92
CHEMBL5983008,Cc1nc(-c2nccc(F)c2C(=O)N2C[C@H](Oc3nccc4c3C(=O)OC4(C)C)CC[C@H]2C)no1,CWIXSWQVHLLLJN-TZMCWYRMSA-N,0,antagonist,1.0,7.19
CHEMBL5983010,COc1ccc2nc([C@@H]3CCCN3C(=O)c3nc(C)sc3-c3ccc(Br)cc3)[nH]c2c1,MGZRVDRTWXIIFM-IBGZPJMESA-N,0,antagonist,1.0,6.82
CHEMBL5983119,O=C(O)c1ccnc(N2CC[C@@H]3CCN(C(=O)c4ccccc4-n4nccn4)C[C@@H]32)c1,MVQKGKWQZHXFOM-KXBFYZLASA-N,0,antagonist,1.0,5.58
CHEMBL5983170,Cc1ccc(CC(C(=O)N2CC3(COC3)C2)n2c(=N)n(Cc3ccc(C)cc3)c3ccccc32)cc1,BXOFFXKARJKOEQ-UHFFFAOYSA-N,1,agonist,1.0,5.82
CHEMBL5983329,COC(=O)N1[C@H](C)C[C@H](NS(=O)(=O)N(C)C)[C@@H]1CO[C@H]1CC[C@@H](c2cc(F)ccc2F)CC1,VEHGMXBIILSEFX-QOGIMEQTSA-N,0,antagonist,1.0,9.33
CHEMBL5983350,CS(=O)(=O)N[C@H]1CCCN(C(=O)[C@@H]2CCOC2)[C@H]1CO[C@H]1CC[C@@H](c2ccccc2)CC1,HVGLNIHLBTZQEY-VROINQGHSA-N,1,agonist,1.0,7.52
CHEMBL5983458,CSc1cccc2nc([C@@H]3CCCN3C(=O)c3nc(C4CC4)sc3-c3ccc(C)cc3)[nH]c12,SFAGJJKDFXHLIE-IBGZPJMESA-N,0,antagonist,1.0,8.1
CHEMBL5983468,Cc1ccc(-c2ncccn2)c(C(=O)N2CC[C@H](C)[C@H]2c2nc3cc(Cl)c(C)cc3[nH]2)c1,SYKZZUXOGPRYNL-NYHFZMIOSA-N,0,antagonist,1.0,6.52
CHEMBL5983474,COc1cccnc1C(=O)N[C@H]1CCC[C@@H]1Nc1nc2ccc(F)cc2s1,ZWKYVGREYBVNPI-STQMWFEESA-N,0,antagonist,1.0,5.0
CHEMBL5983521,C=C1C[C@@H](c2nc3cc(C(C)(C)C)ccc3[nH]2)N(C(=O)c2nc(C)ccc2-n2nccn2)C1,WZWQZVPBFWNPJY-NRFANRHFSA-N,0,antagonist,1.0,7.82
CHEMBL5983605,C=C1C[C@@H](c2nc3cc(C(C)(C)C)ccc3[nH]2)N(C(=O)c2ccccc2-n2cccn2)C1,PQPHXSLJUIKWAJ-QHCPKHFHSA-N,0,antagonist,1.0,7.17
CHEMBL5983979,Cc1ccc(-n2nccn2)c(C(=O)NC2CCCC2Cc2ccc3ccccc3n2)c1,ZHXUEUNSASSKLN-UHFFFAOYSA-N,0,antagonist,1.0,5.07
CHEMBL5984572,CSc1cccc2nc([C@@H]3CCCN3C(=O)c3cnc(C)nc3-c3ccc(Br)c(Cl)c3)[nH]c12,TZVRPQFYZBQRPK-IBGZPJMESA-N,0,antagonist,1.0,7.85
CHEMBL5984604,COc1ccc(C(=O)N2C[C@H](Sc3cc(C#N)ccn3)CC[C@H]2C)c(-n2nccn2)c1,WKSRHPMFGLRUIP-CRAIPNDOSA-N,0,antagonist,1.0,6.65
CHEMBL5984643,C[C@@H]1CC[C@@H](Nc2nccc3ncn(C)c23)CN1C(=O)c1ccccc1-n1nccn1,FYCCCWUZAAKUEB-HZPDHXFCSA-N,0,antagonist,1.0,7.02
CHEMBL5984657,C[C@@H]1CCCN(C(=O)c2cc(F)ccc2-n2nccn2)[C@@H]1CNc1ccc(Cl)cn1,QHODWDZXMZACCH-AUUYWEPGSA-N,0,antagonist,1.0,5.301029995663981
CHEMBL5984787,Cc1c(Cl)ccc2c1nc([C@]1(C)CCCN1C(=O)c1ccccc1-n1nccn1)n2C,FDUYQPMXRKBPIM-QHCPKHFHSA-N,0,antagonist,1.0,8.1
CHEMBL5984935,Cc1ccc(-n2cccn2)c(C(=O)N2CCC[C@@]2(C)c2nc3cc(C(F)(F)F)c(Cl)cc3[nH]2)n1,CBLYKKFVYZQXBE-QFIPXVFZSA-N,0,antagonist,1.0,7.09
CHEMBL5985021,CCc1ccccc1C(=O)N1C[C@H](Oc2nccc(C#N)c2C)CC[C@H]1C,GJFQXGOCDZYROX-DNVCBOLYSA-N,0,antagonist,1.0,7.97
CHEMBL5985325,C[C@@H]1CC[C@@H](c2cc(C(C)(C)O)no2)CN1C(=O)c1nccnc1-n1cccn1,SXJMRFVAGBGIHB-ZIAGYGMSSA-N,0,antagonist,1.0,6.1
CHEMBL5985386,CCN(CCN(C)c1cc(C#N)ccn1)C(=O)c1cc(C)ccc1-n1nccn1,SBOGUZKHMKODTO-UHFFFAOYSA-N,0,antagonist,1.0,7.79
CHEMBL5985456,C[C@@H]1CCC(c2nc(Br)co2)CN1C(=O)c1ccccc1-n1nccn1,QWOBEGJEJBZDKM-PZORYLMUSA-N,0,antagonist,1.0,6.86
CHEMBL5985544,CCOc1ncccc1-c1noc([C@@H]2CCCN2C(=O)c2ccc(C)cc2-n2nccn2)n1,RNKHDMIFBGJSRQ-SFHVURJKSA-N,0,antagonist,1.0,7.43
CHEMBL5985578,Cc1oc(N2CC3CN(C(=O)c4ncccc4-n4nccn4)CC3C2)nc1C(C)(C)O,JKOKHACZNAWKCH-UHFFFAOYSA-N,0,antagonist,1.0,7.08
CHEMBL5985584,C=C1C[C@@H](c2nc3ccc(OC)cc3[nH]2)N(C(=O)c2cc(C)ccc2-n2cccn2)C1,ORPFJJWFLSSMQY-QFIPXVFZSA-N,0,antagonist,1.0,7.64
CHEMBL5985782,CO[C@@H]1C[C@@H](c2nc3c(C)cccc3[nH]2)N(C(=O)c2nc(C)sc2-c2cccc(Cl)c2)C1,YTAFXZOJDKCAFY-MJGOQNOKSA-N,0,antagonist,1.0,8.3
CHEMBL5985880,COc1cc2nc([C@]3(C)CCCN3C(=O)c3ccccc3-c3ccc(C)cc3)[nH]c2cc1OC,TUYUAKMDZIGCET-NDEPHWFRSA-N,0,antagonist,1.0,6.78
CHEMBL5985882,COc1ccccc1[C@H]1CC[C@@H](OC[C@H]2[C@@H](NS(C)(=O)=O)CCCN2C(C)=O)CC1,OAOMXVGVNLTKRL-YHELAOLJSA-N,1,agonist,1.0,7.58
CHEMBL5985902,Cc1nc(C(=O)N2CC(O)CCC2CNC(=O)c2cccc3cccnc23)c(-c2cccc(F)c2)s1,LPVNPTPPUWEVKR-UHFFFAOYSA-N,0,antagonist,1.0,7.12
CHEMBL5986313,COc1cccc(OC)c1C(=O)N[C@@H]1C[C@@H](O)C[C@@H]1Nc1nc2ccc(Cl)cc2s1,DGDTUWXUBWTJNQ-YUELXQCFSA-N,0,antagonist,1.0,6.89
CHEMBL5986361,Cc1ccc(-c2cccnc2)c(C(=O)N2CCC[C@@H](C)[C@H]2CNc2ccc(Cl)cn2)n1,XUNFIPFXMFJLQJ-IIBYNOLFSA-N,0,antagonist,1.0,5.301029995663981
CHEMBL5986382,Cc1nc(C(=O)N2CCCC2c2nc3c(Cl)cc(C(F)(F)F)cc3[nH]2)c(-c2ccccc2)s1,FEHVATLZYJWVCZ-UHFFFAOYSA-N,0,antagonist,1.0,7.14
CHEMBL5986407,C[C@@H]1CC[C@@H](Oc2nccn3c(C(F)(F)F)cnc23)CN1C(=O)c1ccccc1-n1ncnn1,MTTWBUAOCWCXGN-ZIAGYGMSSA-N,0,antagonist,1.0,7.72
CHEMBL5986466,Cc1ccc(-n2nccn2)c(C(=O)N2CCC[C@H]2c2nnc(-c3cccc(Cl)c3C)[nH]2)c1,QRFOYOCARWBVAU-FQEVSTJZSA-N,0,antagonist,1.0,7.54
CHEMBL5986472,C[C@@]1(c2nc3cc(C(F)(F)F)ccc3[nH]2)CCCN1C(=O)c1cc(Cl)ccc1-n1nccn1,UNMLRSSPKDXIGH-NRFANRHFSA-N,0,antagonist,1.0,7.23
CHEMBL5986648,CCOc1ncccc1-c1nnc([C@@H]2CCCN2C(=O)c2cc(OC)c(Cl)cc2-n2nccn2)[nH]1,QPSRSPZUAGXOPN-KRWDZBQOSA-N,0,antagonist,1.0,7.96
CHEMBL5986660,Cc1ncc(N2CC[C@@H]3CCN(C(=O)c4ccccc4-n4nccn4)C[C@@H]32)nc1C,FAUDXENHKUFDSI-PXNSSMCTSA-N,0,antagonist,1.0,6.02
CHEMBL5986674,CC(C)OC(=O)N1CCC[C@H](NS(C)(=O)=O)[C@@H]1CO[C@H]1CC[C@@]2(c3ncc(F)cn3)C[C@H]2C1,QCRDMKASXVPSHD-FLAFYDAQSA-N,0,antagonist,1.0,9.02
CHEMBL5986715,COc1cc(C(=O)N2CCC[C@H]2c2noc(-c3cc(C)ccc3OC)n2)c(-n2nccn2)cc1C,SGSJJQIHTRVECV-IBGZPJMESA-N,0,antagonist,1.0,8.52
CHEMBL5986787,C=C1C[C@@H](c2nc3cc(C)c(C)cc3[nH]2)N(C(=O)c2ccccc2-n2nccn2)C1,DLVLLKYWAYBERE-NRFANRHFSA-N,0,antagonist,1.0,8.3
CHEMBL5986918,COC(=O)N1[C@@H]2CCC[C@@H]2[C@H](NS(C)(=O)=O)[C@@H]1COC1CCC2(c3ncccn3)CC2C1,VJZOCPGPAJZCSN-ZBMUHPOASA-N,0,antagonist,1.0,7.65
CHEMBL5987001,COc1ccc(-c2ccccc2F)c(C(=O)N2CCC[C@@]2(C)c2nc3c(C)c(Cl)ccc3[nH]2)c1F,RMFYNBCLUKCAII-MHZLTWQESA-N,0,antagonist,1.0,7.68
CHEMBL5987004,Cc1ccc(-c2sc(N(C)C)nc2C(=O)N2CC[C@H](C)[C@H]2c2nc3c(Cl)cccc3[nH]2)cc1C,MPGPDRPDYBLHHF-NYHFZMIOSA-N,0,antagonist,1.0,6.41
CHEMBL5987019,Cc1oc(N2CC3CN(C(=O)c4ccccc4OC(F)(F)F)CC3C2)nc1C(C)(C)O,DMGJNFZLUUHQFL-UHFFFAOYSA-N,0,antagonist,1.0,6.22
CHEMBL5987134,CS(=O)(=O)N[C@H]1CCCN(C(=O)CC(F)(F)F)[C@H]1CO[C@H]1CC[C@@H](c2ccccc2)CC1,RWCKRWRHNFVBMQ-YRPNKDGESA-N,1,agonist,1.0,7.89
CHEMBL5987169,Cc1ccc(-c2ncccn2)c(C(=O)N2CC[C@H](C)[C@H]2c2nc3cc(Cl)cc(C)c3[nH]2)c1,UFOSJOUWGCIBKV-NYHFZMIOSA-N,0,antagonist,1.0,6.16
CHEMBL5987302,COCC(Cc1ccc(C)cc1)n1c(=N)n(C(C)c2ccc(Cl)nc2)c2cccnc21,VLTVXPINUKSPQN-UHFFFAOYSA-N,1,agonist,1.0,6.0
CHEMBL5987336,Cc1c(Cl)cccc1-c1noc([C@@H]2CCCN2C(=O)c2cccc(F)c2-n2nccn2)n1,QRXACVYUVUAZCK-SFHVURJKSA-N,0,antagonist,1.0,7.08
CHEMBL5987415,C=C1C[C@@H](c2nc3c(C)c(C)ccc3[nH]2)N(C(=O)c2nc(C)sc2-c2ccc(C)c(C)c2)C1,ZGXURSBUSGZSFT-QFIPXVFZSA-N,0,antagonist,1.0,9.0
CHEMBL5987490,COC(=O)c1c(OC)ccnc1O[C@@H]1CC[C@@H](C)N(C(=O)c2cccc(C)c2-n2nccn2)C1,QREUTNQVYAMQMW-IAGOWNOFSA-N,0,antagonist,1.0,7.42
CHEMBL5987584,Cc1oc(N2CC3CN(C(=O)c4ccccc4OCC(F)(F)F)CC3C2)nc1C(C)(C)O,IQFHPOIGEZQEKT-UHFFFAOYSA-N,0,antagonist,1.0,6.78
CHEMBL5987731,C[C@@H]1CC(F)(F)CN(C(=O)c2nn(C)cc2-c2ncccn2)C1CNc1ccc(C(F)(F)F)cn1,ASTCAPRXAGRXKW-JBZHPUCOSA-N,0,antagonist,1.0,5.301029995663981
CHEMBL5987851,Cc1ccc(-n2nccn2)c(C(=O)N2CCC[C@H]2c2noc(-c3cccc(C)c3C)n2)c1,LYGHSSIGYGGLMZ-NRFANRHFSA-N,0,antagonist,1.0,7.82
CHEMBL5987873,COc1cccc(-c2sc(C)nc2C(=O)N2CCC[C@@]2(C)c2nc3c(C)c(C)c(Br)cc3[nH]2)c1,IFJJSOARPDDDJB-SANMLTNESA-N,0,antagonist,1.0,8.22
CHEMBL5988083,C[C@@H]1CCCN(C(=O)c2ccc(F)cc2-n2nccn2)[C@@H]1CNc1ccc(C(F)(F)F)cn1,NMVMHYYUBADCCG-AUUYWEPGSA-N,0,antagonist,1.0,5.301029995663981
CHEMBL5988138,O=C(N[C@H]1CCC[C@@H]1Nc1nc2cc(Cl)ccc2s1)c1ccccc1-n1nccn1,XRCGVDTUCHXOPF-HOTGVXAUSA-N,0,antagonist,1.0,5.27
CHEMBL5988166,CCNC(=O)N1CCC[C@H](NS(C)(=O)=O)[C@@H]1COC1CCC(OC)CC1,GMXBDPYWNHUGTK-CKUJCDMFSA-N,1,agonist,1.0,5.58
CHEMBL5988205,Cc1nc(C(=O)N2CC[C@H](C)[C@H]2c2nc3cc(C(F)(F)F)ccc3[nH]2)c(-c2ccc(F)cc2)s1,OTTDILGYLKXDGN-YUNKPMOVSA-N,0,antagonist,1.0,5.36
CHEMBL5988270,COc1ccc(-c2ccc(C)cc2C(=O)N2CCC[C@@]2(C)c2nc3cc(C(F)(F)F)c(Cl)cc3[nH]2)cc1,CCZFQNOIIRTIBE-MHZLTWQESA-N,0,antagonist,1.0,7.31
CHEMBL5988278,Cc1ccc(-c2ccccn2)c(C(=O)N2CCC[C@@H](C)[C@H]2CNc2ccc(C(F)(F)F)nn2)n1,XFEKODPLXBOLIO-DNVCBOLYSA-N,0,antagonist,1.0,5.301029995663981
CHEMBL5988316,Cc1c(C#N)ccnc1O[C@@H]1CC[C@@H](C)N(C(=O)c2cn(C)nc2-c2ccccc2)C1,XTTCJDFJLPMFDW-OXQOHEQNSA-N,0,antagonist,1.0,7.470000000000001
CHEMBL5988358,C=C1C[C@@H](c2nc3cc(Cl)c(C(F)(F)F)cc3[nH]2)N(C(=O)c2ccccc2-n2nccn2)C1,JWEDXYQRVXFQOM-IBGZPJMESA-N,0,antagonist,1.0,8.0
CHEMBL5988579,COc1c(F)cccc1-c1noc([C@@H]2CCCN2C(=O)c2ccc(Cl)cc2-n2nccn2)n1,QYHPIHQZYLRNIG-KRWDZBQOSA-N,0,antagonist,1.0,8.0
CHEMBL5988595,CCCN(CCN(C)c1cc(C#N)ccn1)C(=O)c1ccccc1-n1nccn1,CNLOYQDEQPXFIR-UHFFFAOYSA-N,0,antagonist,1.0,7.92
CHEMBL5988664,COC[C@H](Cc1ccc(C)cc1)n1c(=N)n([C@@H](C)c2ccccc2)c2ccccc21,FBPUDPUNTYUCAK-REWPJTCUSA-N,1,agonist,1.0,5.3
CHEMBL5988797,COC(=O)c1cccc2[nH]c([C@@H]3[C@@H](C)CCN3C(=O)c3nc(C)sc3-c3cccc(Cl)c3)nc12,RJMSGCLXLQOAFX-ZSEKCTLFSA-N,0,antagonist,1.0,5.31
CHEMBL5988821,Cc1cccc(-c2oc(C)nc2C(=O)N2CCC[C@H]2c2nc(-c3cccc(Cl)c3C)no2)c1,KOCCUYGCMPSXDT-FQEVSTJZSA-N,0,antagonist,1.0,7.04
CHEMBL5988911,C=C1CC(c2nc3cc4ccccc4cc3[nH]2)N(C(=O)c2cc(C)sc2-c2ccc(C)c(C)c2)C1,VHGULSOWINCVBM-UHFFFAOYSA-N,0,antagonist,1.0,7.38
CHEMBL5988929,COc1ccc(CN([C@H]2C[C@@H](C)N(C(=O)OCc3ccccc3)[C@H]2COc2ccc(C(C)C)cc2)S(C)(=O)=O)cc1,VKCNGAHOKFTRMZ-GTTXMTDLSA-N,0,antagonist,1.0,7.82
CHEMBL5988941,C[C@@H]1CC[C@@H](Nc2nccc3c2ncn3C)CN1C(=O)c1ccccc1-n1nccn1,MQJIHEABNJLSAF-HZPDHXFCSA-N,0,antagonist,1.0,7.42
CHEMBL5989000,Cc1nc(C(=O)N2CC[C@H](C)[C@H]2c2nc3c(F)cccc3[nH]2)c(-c2cccc(Cl)c2)s1,RBQATKBBNQFBRZ-YUNKPMOVSA-N,0,antagonist,1.0,5.53
CHEMBL5989232,C=C1C[C@@H](c2nc3cc(C)c(C)cc3[nH]2)N(C(=O)c2cc(C)ccc2-n2nccn2)C1,ARBCVUWIJBHLRE-QFIPXVFZSA-N,0,antagonist,1.0,8.4
CHEMBL5989315,Cc1c(Cl)ccc2[nH]c([C@]3(C)CCCN3C(=O)c3c(F)cccc3-c3ccccc3)nc12,WXGMYXDRWXHPPZ-SANMLTNESA-N,0,antagonist,1.0,7.36
CHEMBL5989324,Cc1cc2nc([C@]3(C)CCCN3C(=O)c3cc(F)ccc3-n3nccn3)[nH]c2cc1C,HJTFCRBGAWTZHF-QHCPKHFHSA-N,0,antagonist,1.0,7.27
CHEMBL5989411,CCOc1ncccc1-c1noc([C@@H]2CCCN2C(=O)c2ccccc2-n2nccn2)n1,QTNHBXHXZBQJHF-SFHVURJKSA-N,0,antagonist,1.0,7.0
CHEMBL5989470,C=C1CC(c2nc3cc(Cl)c(C(F)(F)F)cc3[nH]2)N(C(=O)c2cc(C)sc2-c2ccc(C)c(C)c2)C1,ZTAVKFHMSOWRCW-UHFFFAOYSA-N,0,antagonist,1.0,6.68
CHEMBL5989521,Cc1cc(C)c2nc(C3CCCN3C(=O)c3nc(C)sc3-c3ccccc3)[nH]c2c1,PJCUVMSXYIPLOH-UHFFFAOYSA-N,0,antagonist,1.0,7.66
CHEMBL5989572,CC(C)[C@H]1CC[C@@H](OC[C@H]2[C@@H](NS(C)(=O)=O)CCCN2C(=O)COc2ccn(C)n2)CC1,XKQUXJRYSKIYAC-YRPNKDGESA-N,1,agonist,1.0,6.08
CHEMBL5989661,C[C@@H]1CC(F)(F)CN(C(=O)c2cc(C#N)ccc2-c2ccc(F)cc2)C1CNc1ncc(Cl)cn1,IZZRBFYRQSSHJR-JGHKVMFLSA-N,0,antagonist,1.0,5.301029995663981
CHEMBL5989681,COc1c(C#N)ccnc1O[C@@H]1CC[C@@H](C)N(C(=O)c2cccc(C)c2-n2nccn2)C1,GEOIUXUDTWHWHP-SJLPKXTDSA-N,0,antagonist,1.0,8.6
CHEMBL5989720,COc1ccc(-n2nccn2)c(C(=O)N2CCC[C@H]2c2nc3cccc(SC)c3[nH]2)c1F,QQFXTVOWWSECQV-HNNXBMFYSA-N,0,antagonist,1.0,7.24
CHEMBL5989836,Cc1ccc(CC(CO)n2c(=N)n(C(c3ccc(C)cc3)C3CC3)c3ccccc32)cc1,IWCWSBBKCWKDBL-UHFFFAOYSA-N,1,agonist,1.0,5.5600000000000005
CHEMBL5990055,CC(=O)N1CCC[C@H](NS(C)(=O)=O)[C@@H]1CO[C@H]1CC[C@@H](c2ncccn2)CC1,VHXFCBDDKCFOJW-MHORFTMASA-N,1,agonist,1.0,5.15
CHEMBL5990090,C[C@@]1(c2nc3cc(Cl)c(C(F)(F)F)cc3[nH]2)CCCN1C(=O)c1nc(-c2ccccc2F)sc1-c1ccc(F)cc1,PIWZVORIQCRZPS-NDEPHWFRSA-N,0,antagonist,1.0,6.27
CHEMBL5990211,C=C1C[C@@H](c2nc3ccc(OC)cc3[nH]2)N(C(=O)c2cc(Cl)ccc2-n2nccn2)C1,QELOKFYTJKRCOA-FQEVSTJZSA-N,0,antagonist,1.0,8.4
CHEMBL5990244,Cc1c(Cl)cccc1-c1noc([C@@H]2CCCN2C(=O)c2ccccc2-c2ccccc2)n1,OGPTYJIINPGXJR-QHCPKHFHSA-N,0,antagonist,1.0,7.51
CHEMBL5990374,C[C@@H]1CC[C@@H](Oc2cc(OCC(F)(F)F)ccn2)CN1C(=O)c1ccccc1-n1ncnn1,SSBIWSQHJHIUKM-GDBMZVCRSA-N,0,antagonist,1.0,7.42
CHEMBL5990395,Cc1ccc(CC(CNC(=O)c2ccco2)n2c(=N)n(Cc3ccc(C)cc3)c3ccccc32)cc1,POLWWJJFLLDETQ-UHFFFAOYSA-N,1,agonist,1.0,5.3
CHEMBL5990454,COc1ccc(-c2cn(C)nc2C(=O)N2CC(F)(F)C[C@@H](C)C2CNc2cnc(C(F)(F)F)cn2)cc1,BZYRMGPJRHIWFZ-IKJXHCRLSA-N,0,antagonist,1.0,5.301029995663981
CHEMBL5990640,N#Cc1ccnc(N2CC[C@@H]3CCN(C(=O)c4ccccc4N4CCCC4)C[C@@H]32)c1,KKOUZMDNRNCLIY-UGKGYDQZSA-N,0,antagonist,1.0,7.0
CHEMBL5990723,Cc1cc(C(=O)N2CCC[C@H]2c2noc(-c3cccc(C)c3C)n2)c(-n2nccn2)cc1C,ZFLFJAHHMRXRRR-NRFANRHFSA-N,0,antagonist,1.0,8.4
CHEMBL5990843,CCOc1ccccc1C(=O)N(CC)CCN(C)c1cccc(C(C)(C)O)n1,VLVIANIHYWAKNB-UHFFFAOYSA-N,0,antagonist,1.0,6.81
CHEMBL5990933,Cc1ccc(-c2ccnn2C)c(C(=O)N2CCC[C@@H](C)[C@H]2CNc2ccc(F)cn2)c1,ANVDBNYPYGFLDF-VGOFRKELSA-N,0,antagonist,1.0,5.301029995663981
CHEMBL5990949,COCc1ccccc1C(=O)N1C[C@H](c2cc(C(C)(C)O)no2)CC[C@H]1C,CRDRJZMUMCTTCO-HUUCEWRRSA-N,0,antagonist,1.0,5.95
CHEMBL5990973,Cc1nc(C(=O)N2CCC[C@@H](C)[C@H]2CNc2ncccc2C(F)(F)F)c(-c2ccc(F)cc2)s1,ILZSYNUVFURJGH-AUUYWEPGSA-N,0,antagonist,1.0,5.0
CHEMBL5991063,COc1cc2nc([C@]3(C)CCCN3C(=O)c3cc(C)ccc3-n3nccn3)[nH]c2cc1OC,XSNFSFXKMQPCNT-DEOSSOPVSA-N,0,antagonist,1.0,7.75
CHEMBL5991139,Cc1ccc(-n2ccc(C)n2)c(C(=O)N2CCC[C@@H](C)[C@H]2CNc2ccc(C#N)cn2)c1,FRGAPXCPMZPRKS-WZONZLPQSA-N,0,antagonist,1.0,5.301029995663981
CHEMBL5991549,CCOC(=O)C(NC(=O)[C@@H]1CC[C@@H](C)N(C(=O)c2ccccc2-n2nccn2)C1)C(C)=O,GTVQJTINXJKBKM-YVEJMYDXSA-N,0,antagonist,1.0,7.74
CHEMBL5991660,Cc1ccc(-n2nccn2)c(C(=O)N2CCC[C@H]2c2nc(-c3ccc4c(c3)OCO4)no2)c1,FAEPJVFFNYALKX-SFHVURJKSA-N,0,antagonist,1.0,7.045
CHEMBL5991718,COc1cc(C(=O)N2CCC[C@H]2c2nc(-c3ccccc3OC(F)F)no2)c(-n2nccn2)cc1C,DXCJSSMKWSUPJG-KRWDZBQOSA-N,0,antagonist,1.0,8.3
CHEMBL5991731,Cc1ccc(-n2nccn2)c(C(=O)NC2CCCC2Cc2cnc3ccccc3n2)c1,AERPGOZLUPBGBA-UHFFFAOYSA-N,0,antagonist,1.0,5.38
CHEMBL5991800,Cc1ccc(-c2ccccc2)c(C(=O)N2CCC[C@@]2(C)c2nc3c(C)c(Cl)ccc3[nH]2)c1,VNEMVCXDERLURH-MHZLTWQESA-N,0,antagonist,1.0,7.92
CHEMBL5991803,COc1cc2nc([C@]3(C)CCCN3C(=O)c3nc(C)sc3-c3ccc(Cl)cc3)[nH]c2cc1OC,RRUWLBHGELLTTJ-VWLOTQADSA-N,0,antagonist,1.0,7.01
CHEMBL5991884,CC(C)OC(=O)N1[C@H](C)C[C@H](NS(C)(=O)=O)[C@@H]1CO[C@H]1CC[C@@]2(c3ncc(F)cn3)C[C@H]2C1,HQUUAUMVXBPSDA-YQRBJHIPSA-N,0,antagonist,1.0,8.47
CHEMBL5992028,Cc1c(Cl)ccc2[nH]c([C@]3(C)CCCN3C(=O)c3cc(F)ccc3-c3ccccc3)nc12,VRVGBSOOJBRLAI-SANMLTNESA-N,0,antagonist,1.0,7.44
CHEMBL5992106,Cc1ccc(-n2nccn2)c(C(=O)N2CCC[C@H]2c2ncn(-c3ccccc3)n2)c1,DPJNNAKPGUYLIP-FQEVSTJZSA-N,0,antagonist,1.0,6.44
CHEMBL5992191,CCN(CCn1nc(C)c(C(C)(C)O)n1)C(=O)c1ccccc1C1CC1,IDPKUQQJJDAQJU-UHFFFAOYSA-N,0,antagonist,1.0,7.89
CHEMBL5992220,COc1cc(C(=O)N2CCC[C@H]2c2nc(-c3ccccc3OC(F)(F)F)no2)c(-n2cccn2)cc1C,WDDLEGYJQLYTLS-SFHVURJKSA-N,0,antagonist,1.0,7.85
CHEMBL5992440,CS(=O)(=O)N[C@H]1CCCN(C(=O)[C@@H]2C[C@@H]2F)[C@H]1COC1CCN(c2ccccc2F)CC1,RZJOCKDDAFARFG-SAJDGTNDSA-N,1,agonist,1.0,5.8
CHEMBL5992459,Cc1ccc(CC(C(=O)N2CCOCC2)n2c(=N)n(C(C)c3ccc(C)cc3)c3ccccc32)cc1,SQOIKTZFVDRVIU-UHFFFAOYSA-N,1,agonist,1.0,5.3
CHEMBL5992561,COC(=O)N1[C@H](C)C[C@H](NS(C)(=O)=O)[C@@H]1COC1CCC2(c3ncc(F)c(OC)n3)CC2C1,BHGBOSXVHDKJFB-VLGBOWENSA-N,0,antagonist,1.0,7.29
CHEMBL5992588,C[C@@H]1CC[C@@H](Oc2cccc3c2CC[C@@H]3O)CN1C(=O)c1ccccc1-n1nccn1,AVHBBFQHHMXHGS-YVHKJVDXSA-N,0,antagonist,1.0,7.6
CHEMBL5992596,COc1cccc(O[C@@H]2CC[C@@H](CO)N(C(=O)c3ccccc3-n3nccn3)C2)c1C(=O)O,AUGFQSAHRKCKOE-JKSUJKDBSA-N,0,antagonist,1.0,6.7
CHEMBL5992702,Cc1nc(C(=O)N2CC(F)(F)C[C@@H](C)C2CNc2ncc(C(F)(F)F)cn2)c(-c2ccccc2)o1,BZJMSGQPBTVAOB-FWJOYPJLSA-N,0,antagonist,1.0,5.301029995663981
CHEMBL5992844,C=C1C[C@@H](c2nc3cc(OC)ccc3[nH]2)N(C(=O)c2c(F)cccc2-n2nccn2)C1,DEIRGISQSYVPIK-IBGZPJMESA-N,0,antagonist,1.0,7.21
CHEMBL5992849,C[C@@H]1CC(F)(F)CN(C(=O)c2nn(C)cc2-c2ncc(F)cn2)[C@@H]1COc1ncc(C(F)(F)F)cc1F,ZZWFIXLIQGILET-BDJLRTHQSA-N,0,antagonist,1.0,5.301029995663981
CHEMBL5992997,CSc1ccc2nc([C@@H]3CCCN3C(=O)c3nccnc3-c3cc(C)cc(F)c3)[nH]c2c1,ZYVZIIXUTPMZRW-FQEVSTJZSA-N,0,antagonist,1.0,6.96
CHEMBL5993065,COc1cc(C(=O)N2CCC[C@@]2(C)c2nc3cc(C(F)(F)F)ccc3[nH]2)c(-n2nccn2)cc1OC,DXCCIHIVOCDNCI-QHCPKHFHSA-N,0,antagonist,1.0,6.88
CHEMBL5993068,C[C@@H]1CC[C@@H](c2noc(C(C)(C)O)n2)CN1C(=O)c1ccc(F)cc1-n1nccn1,DYYAETXCQAHRDA-CHWSQXEVSA-N,0,antagonist,1.0,7.36
CHEMBL5993074,C[C@@H]1CC[C@@H](Oc2nccn3c(Cl)cnc23)CN1C(=O)c1ccccc1-n1nccn1,VBEOVUYQUUYKGO-HUUCEWRRSA-N,0,antagonist,1.0,7.9799999999999995
CHEMBL5993145,Cc1nc(C(=O)N2CC[C@H](C)[C@H]2c2nc3cc(F)ccc3[nH]2)c(-c2cccc(Cl)c2)s1,IVHGJUDWMSGLHT-YUNKPMOVSA-N,0,antagonist,1.0,5.61
CHEMBL5993401,Cc1oc(C[C@H]2CCCCN2C(=O)c2ccccc2OCC(F)(F)F)nc1C(C)(C)O,RODLIAONBDFGAP-OAHLLOKOSA-N,0,antagonist,1.0,7.0
CHEMBL5993437,Cc1ccc(C(=O)N2CCC[C@@]2(C)c2nnc(-c3ccccc3OC(F)(F)F)[nH]2)c(-c2ccccc2)c1,LDBFMBPUWQRKER-MHZLTWQESA-N,0,antagonist,1.0,7.19
CHEMBL5993731,CCOc1c(F)cccc1-c1noc([C@@H]2CCCN2C(=O)c2ccc(C)cc2-n2nccn2)n1,QUMNHSLYCANEIS-IBGZPJMESA-N,0,antagonist,1.0,7.43
CHEMBL5993752,CCOc1ccnc(O[C@@H]2CC[C@@H](C)N(C(=O)c3ccsc3-c3ncccn3)C2)c1,SECXUNCFVQIWHB-NVXWUHKLSA-N,0,antagonist,1.0,7.58
CHEMBL5993842,C[C@@]1(c2nc3cc(C(F)(F)F)ccc3[nH]2)CCCN1C(=O)c1ccccc1-n1nccn1,GIHOVVXWCXWDOL-NRFANRHFSA-N,0,antagonist,1.0,6.46
CHEMBL5993985,COc1cccc(-c2nnc([C@@H]3CCCN3C(=O)c3cc(C)ccc3-n3nccn3)[nH]2)c1,ZEJDUBCOCCVLKA-FQEVSTJZSA-N,0,antagonist,1.0,6.74
CHEMBL5994027,COc1ccc(NC(=O)[C@@H]2CCCN2C(=O)c2cc(C)ccc2-n2nccn2)c(N)c1,LOBRQAJIMHKKSD-FQEVSTJZSA-N,0,antagonist,1.0,6.97
CHEMBL5994217,CCN(CCN(C)c1cccc(C(C)(C)O)n1)C(=O)c1ccccc1OCC(F)(F)F,IUMWZNCXRYLEQW-UHFFFAOYSA-N,0,antagonist,1.0,6.49
CHEMBL5994245,O=C(NCC1CCC(F)(F)CN1C(=O)c1ccccc1-c1ccccc1)c1cccc2cccnc12,VGFZJFYRKGSKGE-UHFFFAOYSA-N,0,antagonist,1.0,8.7
CHEMBL5994354,Cc1cc2[nH]c([C@@H]3[C@@H](C)CCN3C(=O)c3c(-n4nccn4)ccc(C)c3F)nc2cc1Cl,DUXJDJUOXIYMEC-ZSEKCTLFSA-N,0,antagonist,1.0,6.2
CHEMBL5994380,Cc1nc(C(=O)N2CCCC2c2nc3cc(F)c(Br)cc3[nH]2)c(-c2cccc(Cl)c2)s1,MPVNXBNPDLMVAF-UHFFFAOYSA-N,0,antagonist,1.0,6.54
CHEMBL5994416,COC(=O)c1c(OC)cccc1O[C@@H]1CC[C@@H](C)N(C(=O)c2ccccc2-c2ncccn2)C1,YWOYASQIABQMBZ-QZTJIDSGSA-N,0,antagonist,1.0,7.46
CHEMBL5994481,COc1ccc2nc([C@@H]3CCCN3C(=O)c3nc(C)sc3-c3cccc(Cl)c3Cl)[nH]c2c1,NSTXIYYXGQYSCJ-SFHVURJKSA-N,0,antagonist,1.0,7.12
CHEMBL5994550,CO[C@@H]1CN(c2ncc(F)cn2)CC[C@@H]1[C@@H]1C[C@H]2CC[C@@H](C1)N2[C@@H](C(N)=O)C(C)C,JSWRKGMZUZOKEL-SNHWRCJTSA-N,1,agonist,1.0,8.51
CHEMBL5994597,Cc1c(Cl)cccc1-c1noc([C@@H]2CCCN2C(=O)c2ccccc2-n2nccn2)n1,WGNVKGARGFBADT-IBGZPJMESA-N,0,antagonist,1.0,7.55
CHEMBL5994618,Cc1ccc(C(=O)N2CCC[C@@]2(C)c2nc3cc(OC(F)(F)F)ccc3[nH]2)c(-n2nccn2)c1,KTYWFAVNRDNONI-QFIPXVFZSA-N,0,antagonist,1.0,7.04
CHEMBL5994650,Cc1ccc(CC(CNC(=O)Cc2ccccn2)n2c(=N)n(C(c3ccc(C)cc3)C3CC3)c3ccccc32)cc1,JJILNIVYFUVSLA-UHFFFAOYSA-N,1,agonist,1.0,5.3
CHEMBL5994706,Cc1oc(C[C@H]2CCCCN2C(=O)c2ccccc2-n2ncnn2)nc1C(C)(C)O,ZNQHXMMYNAEIGI-OAHLLOKOSA-N,0,antagonist,1.0,6.82
CHEMBL5994759,CCN(CCN(C)c1cc(C#N)ccn1)C(=O)c1ccccc1COC,SOKNUDMZILLEAR-UHFFFAOYSA-N,0,antagonist,1.0,6.16
CHEMBL5994871,C=CCN(CCc1nc(C(=O)O)c(C)o1)C(=O)c1ccccc1-n1nccn1,WEFRCBSUOQYZHU-UHFFFAOYSA-N,0,antagonist,1.0,7.72
CHEMBL5994883,O=C(c1cc(C(F)(F)F)ccc1-n1nccn1)N1CCC[C@H]1c1nc(-c2ccccc2OC(F)(F)F)no1,RZUDBCZVGOMSRZ-KRWDZBQOSA-N,0,antagonist,1.0,6.54
CHEMBL5994891,COC(=O)N1[C@H](C)C[C@H](NS(=O)(=O)C(F)(F)F)[C@@H]1CO[C@H]1CC[C@@]2(c3ncc(F)cn3)C[C@H]2C1,OSLIIOHYFMQIQK-VDKZTXGMSA-N,0,antagonist,1.0,8.52
CHEMBL5994904,CCCc1ccccc1C(=O)N(CC)CCn1nc(C)c(C(C)(C)O)n1,MXDSXUGCTPNELS-UHFFFAOYSA-N,0,antagonist,1.0,7.5
CHEMBL5995062,CCOc1ccccc1-c1noc([C@@H]2CCCN2C(=O)c2cccc(C)c2-n2nccn2)n1,IJTKAOHKAKZYND-IBGZPJMESA-N,0,antagonist,1.0,6.84
CHEMBL5995067,C=C1C[C@@H](c2nc3cc(C)c(C)cc3[nH]2)N(C(=O)c2c(-n3nccn3)ccc(OC)c2F)C1,DPYRDMRHPOOKEG-IBGZPJMESA-N,0,antagonist,1.0,7.96
CHEMBL5995122,Cc1ccc(COC[C@@H](Cc2ccc(C)cc2)n2c(=N)n(Cc3ccc(C)cc3)c3ccccc32)cc1,OWKDGVYLTOSWOB-SSEXGKCCSA-N,1,agonist,1.0,6.0
CHEMBL5995165,COc1ccc(C(=O)N2C[C@H](Oc3cc(OC(C)C)ccn3)CC[C@H]2C)c(-n2nccn2)c1,NESDAUREAOYUGI-YLJYHZDGSA-N,0,antagonist,1.0,6.87
CHEMBL5995262,CCN(CCc1cccc(C(C)(C)O)n1)C(=O)c1ccccc1C1CC1(F)F,YSOUBSCTABQBDI-UHFFFAOYSA-N,0,antagonist,1.0,7.85
CHEMBL5995371,COc1cc2nc([C@]3(C)CCCN3C(=O)c3cc(C(F)(F)F)ccc3-n3nccn3)[nH]c2cc1OC,ALUNFUOPUIMWJW-QHCPKHFHSA-N,0,antagonist,1.0,7.66
CHEMBL5995380,CCN(CCn1nc(C)c(C(C)(C)O)n1)C(=O)c1ncccc1-n1nccn1,RLLZOEGMHAEOFW-UHFFFAOYSA-N,0,antagonist,1.0,6.75
CHEMBL5995516,Cc1c(-c2ncc(F)cn2)c(C(=O)N2CC(F)(F)C[C@@H](C)[C@H]2CNc2ncc(C(F)(F)F)cn2)nn1C,UYJOTSWJZIMNNQ-IAQYHMDHSA-N,0,antagonist,1.0,5.301029995663981
CHEMBL5995528,CCN(CCn1ncc(C(C)O)n1)C(=O)c1ccccc1-n1nccn1,MLYWKHNDYGSIGK-UHFFFAOYSA-N,0,antagonist,1.0,6.43
CHEMBL5995595,Cc1ccc(C(=O)N2CCC[C@H]2c2nc(-c3cccc(Cl)c3C)no2)c(-n2nccn2)c1,FMWKBJSUYHPPBB-IBGZPJMESA-N,0,antagonist,1.0,7.92
CHEMBL5995605,COc1ccc2[nH]c([C@@H]3CCCN3C(=O)c3cc(C)ccc3-n3cccn3)nc2c1,VLOOXXGKDWHGCX-NRFANRHFSA-N,0,antagonist,1.0,7.44
CHEMBL5995678,CS(=O)(=O)N[C@H]1CCCN(C(=O)C2CC2)[C@H]1CO[C@H]1CC[C@@H](c2c(F)cccc2F)CC1,GLSLEWCVKVGBHS-JHOJWFKBSA-N,1,agonist,1.0,9.36
CHEMBL5995721,Cc1ccc(-n2nccn2)c(C(=O)N2CCC[C@@]2(C)c2nc3cc(C(F)(F)F)ccc3[nH]2)c1,VGDLIWVHXXDXQV-QFIPXVFZSA-N,0,antagonist,1.0,7.09
CHEMBL5995770,COc1ccccc1-c1ccc(C)cc1C(=O)N1CCC[C@@]1(C)c1nc2cc(C(F)(F)F)c(Cl)cc2[nH]1,ARCORKOUFDLLJJ-MHZLTWQESA-N,0,antagonist,1.0,6.8
CHEMBL5995937,C=C1C[C@@H](c2nc3cc(C(C)(C)C)ccc3[nH]2)N(C(=O)c2ccc(C)cc2-n2nccn2)C1,HXNPXGFIGJDACM-QHCPKHFHSA-N,0,antagonist,1.0,8.4
CHEMBL5996156,CCNC(=O)N1CCC[C@H](NS(C)(=O)=O)[C@@H]1CO[C@H]1CC[C@@H](c2ccccc2OC(F)(F)F)CC1,QSGIODMFDBJOTO-HNJRGHQBSA-N,1,agonist,1.0,8.38
CHEMBL5996328,COc1ccc(-c2sc(C)nc2C(=O)N2CCC[C@@]2(C)c2nc3cc(OC)c(OC)cc3[nH]2)cn1,RRGDMYQGFYSBMA-VWLOTQADSA-N,0,antagonist,1.0,6.82
CHEMBL5996372,COc1cc2nc([C@]3(C)CCCN3C(=O)c3nc(C)ccc3-n3nccn3)[nH]c2cc1OC,ATCWRQXGKOKPRP-QHCPKHFHSA-N,0,antagonist,1.0,6.94
CHEMBL5996570,Cc1cc(C(=O)N2CCC[C@H]2c2nc(-c3ccccc3C(F)(F)F)no2)c(-n2nccn2)cc1C,NGHOTNWDFFRERR-IBGZPJMESA-N,0,antagonist,1.0,7.43
CHEMBL5997146,Cc1c(C#N)ccnc1O[C@@H]1CC[C@@H](C)N(C(=O)c2sccc2-c2ncccn2)C1,IGGMQLWKZGOINS-RHSMWYFYSA-N,0,antagonist,1.0,8.46
CHEMBL5997169,CCOc1c(F)cccc1-c1nc([C@@H]2CCCN2C(=O)c2cc(OC)c(C)cc2-n2nccn2)no1,SGCLCURYCKUVAD-IBGZPJMESA-N,0,antagonist,1.0,9.0
CHEMBL5997196,Cc1c(Cl)cccc1-c1nnc([C@]2(C)CCCN2C(=O)c2ccc(Cl)cc2-n2nccn2)[nH]1,QMWJYAWSGQKPEY-QHCPKHFHSA-N,0,antagonist,1.0,7.96
CHEMBL5997353,CSc1cccc2nc([C@@H]3CCCN3C(=O)c3cnc(C)nc3-c3ccc(C)c(C)c3)[nH]c12,KZGNSIZLRYQTAO-NRFANRHFSA-N,0,antagonist,1.0,7.64
CHEMBL5997439,CC(=O)N1CC(Cc2ccc(C)cc2)N2C(=N1)N(Cc1ccc(C)cc1)c1ccccc12,MDQABBMRQPBJFF-UHFFFAOYSA-N,1,agonist,1.0,5.3
CHEMBL5997601,N#Cc1ccnc(N2CC[C@@H]3CCN(C(=O)c4ccccc4OCC(F)F)C[C@@H]32)c1,DNUFHUXBYMRWHU-WMZOPIPTSA-N,0,antagonist,1.0,6.86
CHEMBL5997654,CCN(CCN(C)c1nc(C)cc(C)n1)C(=O)c1ccccc1-n1nccn1,YAXCPEJSTUTBSV-UHFFFAOYSA-N,0,antagonist,1.0,7.44
CHEMBL5997677,CC[C@](C)(O)c1nc([C@@H]2CC[C@@H](C)N(C(=O)c3ccccc3-n3nccn3)C2)oc1C,YEKZRPRJAPQZOC-YAEBDLLGSA-N,0,antagonist,1.0,7.5649999999999995
CHEMBL5997951,CCc1cnc2c(O[C@@H]3CC[C@@H](C)N(C(=O)c4ccccc4-n4nccn4)C3)nccn12,GFOVCMDAPSXOEU-SJLPKXTDSA-N,0,antagonist,1.0,7.54
CHEMBL5998059,C[C@@H]1CC[C@@H](c2ncc(C3CCC3)o2)CN1C(=O)c1ccccc1-n1nccn1,RVFLBWKCKGGYJM-NVXWUHKLSA-N,0,antagonist,1.0,7.8
CHEMBL5998078,CCOc1c(F)cccc1-c1nc([C@@H]2CCCN2C(=O)c2cc(C)ccc2-n2nccn2)no1,SDAUGRXYUNFKEF-FQEVSTJZSA-N,0,antagonist,1.0,8.7
CHEMBL5998153,CCOc1ncccc1-c1nc([C@@H]2CCCN2C(=O)c2cc(OC)c(C)cc2-n2nccn2)no1,QZJBWKPFJDTYKJ-SFHVURJKSA-N,0,antagonist,1.0,8.4
CHEMBL5998157,CCN(CCN(C)c1cccc(C(C)(C)O)n1)C(=O)c1ccccc1C1CC1(F)F,BHHGYLYAIGDHDQ-UHFFFAOYSA-N,0,antagonist,1.0,7.44
CHEMBL5998273,COc1ccc2[nH]c([C@@H]3[C@@H](C)CCN3C(=O)c3nc(C)sc3-c3cccc(Cl)c3)nc2c1,VEQGEAAKPDUZJF-ZSEKCTLFSA-N,0,antagonist,1.0,5.64
CHEMBL5998404,COC(=O)N1[C@H](C)C[C@H](NS(C)(=O)=O)[C@@H]1CO[C@H]1CC[C@@H](c2ccc(F)c(F)c2)CC1,SGZYDBOHQOYQDC-RXUQYVRZSA-N,0,antagonist,1.0,7.59
CHEMBL5998442,COC(=O)N1[C@H](C)C[C@H](NS(=O)(=O)CF)[C@@H]1CO[C@H]1CC[C@@H](c2ccccc2)CC1,HKPKACBJPISFGY-LGKHCZOZSA-N,0,antagonist,1.0,9.03
CHEMBL5998542,Cc1ccc(CC(CNC(=O)Cc2ccc(Cl)c(Cl)c2)n2c(=N)n(Cc3ccc(C)cc3)c3ccccc32)cc1,HIFWDFHOKMKRPG-UHFFFAOYSA-N,1,agonist,1.0,5.3
CHEMBL5998577,C[C@@H]1CC[C@@H](Sc2cc(C#N)ccn2)CN1C(=O)c1ccc(F)cc1-n1nccn1,JEMZFQBMCRIMIA-RHSMWYFYSA-N,0,antagonist,1.0,7.58
CHEMBL5998607,CCOc1ccccc1C(=O)N1C[C@H](Oc2cc(OC)ccn2)CC[C@H]1C,XATLKABOKHROMI-NVXWUHKLSA-N,0,antagonist,1.0,7.46
CHEMBL5998630,COc1cc2nc([C@]3(C)CCCN3C(=O)c3c(F)cccc3-n3nccn3)[nH]c2cc1OC,XQMMQDLTPAYETF-QHCPKHFHSA-N,0,antagonist,1.0,6.34
CHEMBL5998828,Cc1nc(C(=O)N2CCC[C@H]2c2nc3cc(Cl)c(C)cc3[nH]2)c(-c2ccccc2)s1,GUENCDINPQGRNS-IBGZPJMESA-N,0,antagonist,1.0,7.8
CHEMBL5998891,N#Cc1ccnc(N2CC[C@@H]3CCN(C(=O)c4cccnc4CC(F)(F)F)C[C@@H]32)c1,IYVSRGLCDCVERZ-YJBOKZPZSA-N,0,antagonist,1.0,5.67
CHEMBL5998947,Cc1ccc(-n2nccn2)c(C(=O)N2CCC[C@H]2c2nc(-c3ncccc3C)no2)c1,FOGLTHUDXZSPEY-SFHVURJKSA-N,0,antagonist,1.0,6.52
CHEMBL5999009,COC(=O)N1CCC[C@H](NS(C)(=O)=O)[C@@H]1CO[C@H]1CC[C@@H](c2ccccc2C(F)(F)F)CC1,SUPRYJDQUWCCTP-JSJNYSNDSA-N,1,agonist,1.0,7.82
CHEMBL5999151,CCc1cnc(NC[C@@H]2[C@H](CC)CCCN2C(=O)c2nc(C)sc2-c2ccc(F)cc2)nc1,SDKZGXUUHRVDAZ-WIYYLYMNSA-N,0,antagonist,1.0,5.0
CHEMBL5999179,Cc1ccc(-n2nccn2)c(C(=O)N2CCC[C@H]2c2noc(-c3cccc(Cl)c3C)n2)c1,TYCFKFVBDFJNLG-FQEVSTJZSA-N,0,antagonist,1.0,8.15
CHEMBL5999354,C[C@@H]1C[C@@H](Nc2cc(C(F)F)ccn2)CN1C(=O)c1ccsc1-n1nccn1,QZULYFACZDFUNE-DGCLKSJQSA-N,0,antagonist,1.0,7.17
CHEMBL5999384,Cc1c(Cl)ccc2[nH]c([C@]3(C)CCCN3C(=O)c3c(F)cccc3-c3ncccn3)nc12,IBTFIUNIXOVRNS-DEOSSOPVSA-N,0,antagonist,1.0,7.17
CHEMBL5999404,C[C@@H]1CC(F)(F)CN(C(=O)c2nn(C)cc2-c2ccccc2)C1CNc1cnc(C(F)(F)F)cn1,GVGRCXNSXNUMPB-XPCCGILXSA-N,0,antagonist,1.0,5.301029995663981
CHEMBL5999678,Cc1ccc(C(=O)N2CCC[C@@]2(C)c2nc3cc(C(F)(F)F)c(Cl)cc3[nH]2)c(-n2nccn2)c1,UFYOBMRLIYNTDM-QFIPXVFZSA-N,0,antagonist,1.0,7.55
CHEMBL5999729,Cc1cccc(-c2scnc2C(=O)N2CCC[C@H]2c2nnc(-c3ccccc3OC(F)(F)F)[nH]2)c1,HIDGHAHBKVDUHP-KRWDZBQOSA-N,0,antagonist,1.0,5.91
CHEMBL5999851,CSc1ccc2nc([C@@H]3CCCN3C(=O)c3c(C)cccc3-n3nccn3)[nH]c2c1,RRJQSPOXPXGJRM-IBGZPJMESA-N,0,antagonist,1.0,7.68
CHEMBL5999868,Cc1ccc(CC(F)Cn2c(=N)n(Cc3ccc(C)cc3)c3ccccc32)cc1,FSXCPWKHWVGSNW-UHFFFAOYSA-N,1,agonist,1.0,6.0
CHEMBL5999897,Cc1ccc(-n2ncc(C)n2)c(C(=O)N2CC(F)(F)C[C@@H](C)C2CNc2ncc(C(F)(F)F)cn2)c1,TXPVDJGHYREHPD-MJTSIZKDSA-N,0,antagonist,1.0,5.301029995663981
CHEMBL5999978,COc1c(F)cccc1-c1noc([C@@H]2CCCN2C(=O)c2ccccc2-n2nccn2)n1,XPCGYJYMBRVUIM-SFHVURJKSA-N,0,antagonist,1.0,7.6
CHEMBL6000107,Cc1ccc(-c2ccccc2F)c(C(=O)N2CCC[C@@]2(C)c2nc3cc(C(F)(F)F)c(Cl)cc3[nH]2)c1,XYCKHVGUGDRECK-SANMLTNESA-N,0,antagonist,1.0,7.4
CHEMBL6000131,Cc1ccc(C(=O)N2CCC[C@@]2(C)c2nc3cc(OC(F)(F)F)ccc3[nH]2)c(-c2ccccc2)c1,XDMMDSGPFNNXIO-SANMLTNESA-N,0,antagonist,1.0,6.4
CHEMBL6000245,COc1cccc(-c2nc(C)ncc2C(=O)N2CCC[C@H]2c2nc3ccc(SC)cc3[nH]2)c1,HLQQODKXSJTUAD-QFIPXVFZSA-N,0,antagonist,1.0,7.06
CHEMBL6000248,N#Cc1ccnc(O[C@@H]2CC[C@@H](CO)N(C(=O)c3ccccc3-n3nccn3)C2)c1,DLXDZTQMZFOGJV-DLBZAZTESA-N,0,antagonist,1.0,7.77
CHEMBL6000296,Cc1ccc(-n2nccn2)c(C(=O)N2CC[C@H](C)[C@H]2c2nc3c(C)cc(Cl)cc3[nH]2)c1F,PGKHFHUFVHNVEV-ZSEKCTLFSA-N,0,antagonist,1.0,6.01
CHEMBL6000489,C=C1CN(C(=O)c2nc(C)sc2-c2ccc(C)c(C)c2)C(C)(c2nc3cc(OC)ccc3[nH]2)C1,KTDJYGRPYOPHIY-UHFFFAOYSA-N,0,antagonist,1.0,7.12
CHEMBL6000544,Cc1ccc(-c2ccc(F)cc2)c(C(=O)N2CCC[C@@]2(C)c2nc3c(C)c(C)ccc3[nH]2)c1,MROXSAYMYARWLC-NDEPHWFRSA-N,0,antagonist,1.0,7.75
CHEMBL6000800,Cc1ccc(-c2ccc(F)cc2)c(C(=O)N2CCC[C@@]2(C)c2nc3cc(C)c(C)cc3n2C)c1,XUMUDHLYUYGOGN-LJAQVGFWSA-N,0,antagonist,1.0,7.19
CHEMBL6001089,C[C@@H]1CCCN(C(=O)c2cc(F)ccc2-n2nccn2)[C@@H]1CNc1ccc(C(F)(F)F)cn1,CNACQXVIJMRLGT-AUUYWEPGSA-N,0,antagonist,1.0,5.301029995663981
CHEMBL6001351,Cc1nc(C(=O)N2CCCC2c2nc3c4c(ccc3[nH]2)OCCO4)c(-c2cccc(Cl)c2)s1,WKEUSOBDJNYKLR-UHFFFAOYSA-N,0,antagonist,1.0,7.25
CHEMBL6001421,Cc1ccccc1C(=O)N[C@@H]1CCC[C@@H]1Nc1nc2ccc(F)cc2s1,MTWXNWRZOJPYAU-CVEARBPZSA-N,0,antagonist,1.0,5.4
CHEMBL6001474,C[C@@H]1CC[C@@H](c2nc(C(C)(C)O)cs2)CN1C(=O)c1ccsc1-n1nccn1,JAGZPDABOCYXRW-CHWSQXEVSA-N,0,antagonist,1.0,7.72
CHEMBL6001639,C[C@@H]1CC[C@@H](Sc2cc(C#N)ccn2)CN1C(=O)c1ccccc1-c1cnn(C)c1,SZNZDCDBKMQXOI-VQIMIIECSA-N,0,antagonist,1.0,7.52
CHEMBL6001705,CN(C)CC(=O)N1CCC[C@H](NS(C)(=O)=O)[C@@H]1CO[C@H]1CC[C@@H](c2ccccc2)CC1,MSYCBOFMQIYTNH-LRSLUSHPSA-N,1,agonist,1.0,6.0
CHEMBL6001762,COc1c(F)cccc1-c1noc([C@@H]2CCCN2C(=O)c2cc(Cl)ccc2-n2nccn2)n1,GEIMLFITDFJBMZ-SFHVURJKSA-N,0,antagonist,1.0,8.05
CHEMBL6001817,C=C1C[C@@H](c2nc3cc(OC)ccc3[nH]2)N(C(=O)c2cc(F)ccc2-n2nccn2)C1,VQMDDYLZVYKHML-FQEVSTJZSA-N,0,antagonist,1.0,7.54
CHEMBL6001836,Cc1ccc(-n2nccn2)c(C(=O)N2CCC[C@@]2(C)c2nc3cc(Br)ccc3[nH]2)c1,STSFXZAEYFJTLA-QFIPXVFZSA-N,0,antagonist,1.0,6.89
CHEMBL6001871,Cc1ccc(-n2nccn2)c(C(=O)N2CC(F)(F)C[C@@H](C)C2CNc2ncc(Cl)cn2)n1,CABHYVMAPNHWQA-ZGTOLYCTSA-N,0,antagonist,1.0,5.301029995663981
CHEMBL6001872,C[C@@H]1CC[C@@H](Oc2cc(OC(F)F)ccn2)CN1C(=O)c1ccccc1-n1nccn1,JEDFQJSABUAJCH-GDBMZVCRSA-N,0,antagonist,1.0,8.4
CHEMBL6001967,Cc1cccc(-c2oc(C)nc2C(=O)N2CCC[C@H]2c2nnc(-c3ccccc3OC(F)(F)F)[nH]2)c1,VYJBYKHPGKJOCX-SFHVURJKSA-N,0,antagonist,1.0,6.23
CHEMBL6001978,COc1cccnc1N[C@@H]1C[C@@H](C)N(C(=O)c2nccnc2-c2ccccn2)C1,SOVBWJNNVWQHIS-HUUCEWRRSA-N,0,antagonist,1.0,5.62
CHEMBL6002066,CC(=O)N1CCC[C@H](NS(=O)(=O)C(F)(F)F)[C@@H]1CO[C@H]1CC[C@@H](C(C)C)CC1,AHIZIALKGMAKQC-YVSFHVDLSA-N,1,agonist,1.0,6.18
CHEMBL6002142,C=C1C[C@@H](c2nc3cc(OC)ccc3[nH]2)N(C(=O)c2nc(C)sc2-c2cccc(F)c2)C1,KNGFPSUTROHZQU-FQEVSTJZSA-N,0,antagonist,1.0,7.64
CHEMBL6002152,COc1cccc(-c2sc(C)nc2C(=O)N2CC(F)(F)C[C@@H](C)C2CNc2cnc(C(F)(F)F)cn2)n1,BMWVJZUSLDSVAQ-KEKZHRQWSA-N,0,antagonist,1.0,5.301029995663981
CHEMBL6002161,Cc1nc(C(=O)N2CC[C@H](C)[C@H]2c2nc3c(C(F)(F)F)cccc3[nH]2)c(-c2ccc(Cl)cc2)s1,MEDCREROABOMSW-YUNKPMOVSA-N,0,antagonist,1.0,6.75
CHEMBL6002356,COC(=O)c1c(C#N)ccnc1O[C@@H]1CC[C@@H](C)N(C(=O)c2cc(F)ccc2-c2noc(C)n2)C1,SIYFCWHXKYLKEQ-CXAGYDPISA-N,0,antagonist,1.0,7.78
CHEMBL6002432,COc1c(C#N)ccnc1N(C)[C@@H]1CC[C@@H](C)N(C(=O)c2ccsc2-c2ncccn2)C1,NYLYNDNAWJSEIZ-NVXWUHKLSA-N,0,antagonist,1.0,7.47
CHEMBL6002459,Cc1ccc(CC(CNC(=O)Cc2cccc(N)c2)n2c(=N)n(Cc3ccc(C)cc3)c3ccccc32)cc1,TWWXWLCNWJPCFD-UHFFFAOYSA-N,1,agonist,1.0,5.3
CHEMBL6002473,CCN1CC[C@@H]2CCN(C(=O)c3ccccc3-n3nccn3)C[C@@H]21,NMDFHQNGOTYKGJ-PBHICJAKSA-N,0,antagonist,1.0,7.16
CHEMBL6002805,C[C@@H]1CC[C@@H](Oc2cc(C3(O)CCC3)ccn2)CN1C(=O)c1ccccc1-n1nccn1,DHWGTIKEMRCORM-IEBWSBKVSA-N,0,antagonist,1.0,7.39
CHEMBL6002858,COc1ccccc1-c1ccc(C)cc1C(=O)N1CCC[C@@]1(C)c1nc2cc(C)c(C)cc2[nH]1,TVAWIZQHHZDXHY-LJAQVGFWSA-N,0,antagonist,1.0,6.75
CHEMBL6002956,CCN(CCc1cncc(C(C)(C)O)n1)C(=O)c1ccccc1-n1nccn1,DMWZKTFBJXFDHX-UHFFFAOYSA-N,0,antagonist,1.0,7.17
CHEMBL6003025,Cc1ccc(-c2ncccn2)c(C(=O)N2CCC[C@@]2(C)c2nc3cccc(C)c3[nH]2)c1,JVXZGXZUTRSGGA-VWLOTQADSA-N,0,antagonist,1.0,7.51
CHEMBL6003176,C[C@@H]1CC[C@@H](c2cc(C(C)(C)O)no2)CN1C(=O)c1cc(F)ccc1-n1nccn1,IFWAODBMWPPKNN-ZIAGYGMSSA-N,0,antagonist,1.0,6.67
CHEMBL6003214,Cc1ccc(-n2nccn2)c(C(=O)N2CCC[C@@H](C)[C@H]2CNc2ncc(Cl)cc2F)c1,GWUBJSOBJGIGBO-FOIQADDNSA-N,0,antagonist,1.0,5.301029995663981
CHEMBL6003316,Cc1ccc(COC[C@H](Cc2ccc(C)cc2)n2c(=N)n(Cc3ccc(C)cc3)c3ccccc32)cc1,OWKDGVYLTOSWOB-PMERELPUSA-N,1,agonist,1.0,6.0
CHEMBL6003336,CC(C)OC(=O)N1[C@H](C)C[C@H](NS(C)(=O)=O)[C@@H]1CO[C@@H]1CC[C@]2(c3ncc(Cl)cn3)C[C@@H]2C1,LTHCIGMBXLRKPA-DWJALSQXSA-N,0,antagonist,1.0,7.71
CHEMBL6003346,Cc1ccc(-c2cncs2)c(C(=O)N2CCC[C@@H](C)[C@H]2CNc2ccc(C(F)(F)F)cn2)c1,GZVCTONBAFBSPO-OXQOHEQNSA-N,0,antagonist,1.0,5.3979400086720375
CHEMBL6003372,Cc1ccc(-c2ncccn2)c(C(=O)N2CCC[C@@H](C)[C@H]2CNc2nc3ccccc3o2)c1,CMHXDZPNJZYWHC-XMSQKQJNSA-N,0,antagonist,1.0,6.58
CHEMBL6003384,Cc1nc(C(=O)N2CC[C@H](C)[C@H]2c2nc3c(Cl)cccc3[nH]2)c(-c2ccc(F)c(F)c2)s1,NGMSRQWXQZZCQQ-YBTHPKLGSA-N,0,antagonist,1.0,5.62
CHEMBL6003390,COC(C)(C)c1nc([C@@H]2CC[C@@H](C)N(C(=O)c3ccccc3-n3nccn3)C2)no1,FVZFYDRHSOIRFS-HUUCEWRRSA-N,0,antagonist,1.0,7.01
CHEMBL6003509,Cc1ccc(-n2nccn2)c(C(=O)N2CCC[C@@]2(C)c2nc3c(C)c(C)ccc3[nH]2)c1,LEGFFCFGSFQDHY-DEOSSOPVSA-N,0,antagonist,1.0,7.72
CHEMBL6003548,C[C@@H]1C[C@H](NS(C)(=O)=O)[C@H](CO[C@H]2CC[C@@]3(c4ncc(F)cn4)C[C@H]3C2)N1C(=O)OCCC(F)F,NRCUODWESJJWDY-QYWYSCOZSA-N,0,antagonist,1.0,8.85
CHEMBL6003578,CC(=O)N1CCC[C@H](NS(C)(=O)=O)[C@@H]1CO[C@H]1CC[C@@H](c2ccc(F)cc2)CC1,CPGLETCLXVKBDJ-NRDMVMEKSA-N,1,agonist,1.0,6.38
CHEMBL6003596,CCN(CCN(C)c1nc(C)cc(C)n1)C(=O)c1nccnc1-n1cccn1,MBQGJUMSGSVXIS-UHFFFAOYSA-N,0,antagonist,1.0,7.73
CHEMBL6003643,CCS(=O)(=O)N[C@H]1C[C@@H](C(F)F)N(C(=O)OC)[C@H]1COC1CCC2(c3ncc(F)cn3)CC2C1,BOQKVQJYSUERGN-ISCQOCCKSA-N,0,antagonist,1.0,8.92
CHEMBL6003825,Cc1cc(C#N)cc(S[C@@H]2CC[C@@H](C)N(C(=O)c3ccccc3-n3nccn3)C2)n1,HTURJXLHMOEAAX-SJLPKXTDSA-N,0,antagonist,1.0,7.08
CHEMBL6003903,COCc1nc(C2CC[C@@H](C)N(C(=O)c3ccccc3-n3nccn3)C2)oc1-c1ccccc1,XQSRAYPXPUZBJP-QSVWIEALSA-N,0,antagonist,1.0,6.46
CHEMBL6004219,CO[C@H]1CN(C(=O)c2cc(C)ccc2-n2cccn2)C(C)(c2nc3c(C)c(Cl)ccc3[nH]2)C1,IRVBQUVNVDYHKL-SMFUYQKNSA-N,0,antagonist,1.0,7.7
CHEMBL6004259,Cc1ccc(-c2cccnn2)c(C(=O)N2CCC[C@@H](C)[C@H]2CNc2ncc(C(F)(F)F)cn2)c1,CFOAGYOQMAJOKH-IIBYNOLFSA-N,0,antagonist,1.0,5.301029995663981
CHEMBL6004299,Cc1ccc(-c2cccc(F)c2)c(C(=O)N2CCC[C@@]2(C)c2nc3cc(C)c(C)cc3n2CCF)c1,YBMJRJSPVBHBIV-PMERELPUSA-N,0,antagonist,1.0,7.7
CHEMBL6004384,CCN(CCN(C)c1cccc(C(C)(C)O)n1)C(=O)c1ccccc1C1CC1,JORIDSPEJHMTAF-UHFFFAOYSA-N,0,antagonist,1.0,7.27
CHEMBL6004485,O=C(N[C@H]1CCC[C@@H]1Nc1nc2ccc(F)cc2s1)c1ncccc1-n1nccn1,QVYRXKGNJCFOKV-KBPBESRZSA-N,0,antagonist,1.0,5.0
CHEMBL6004549,C=C1C[C@@H](c2nc3cc(C(C)(C)C)ccc3[nH]2)N(C(=O)c2cc(C)c(C)cc2-n2nccn2)C1,FLQJJNFFBYVWBI-DEOSSOPVSA-N,0,antagonist,1.0,8.52
CHEMBL6004562,COc1ccnc(-c2ccc(C)cc2C(=O)N2CCC[C@@H](C)[C@H]2CNc2ccc(C(F)(F)F)cn2)n1,HKCVHCDKDFQEJF-DYESRHJHSA-N,0,antagonist,1.0,5.3979400086720375
CHEMBL6004788,COc1cccc2nc([C@@H]3CCCN3C(=O)c3nc(C)sc3-c3cccc(Cl)c3)[nH]c12,URWCYOFMLJYDCT-KRWDZBQOSA-N,0,antagonist,1.0,7.27
CHEMBL6004828,CCN(CCN(C)c1nc(C)cc(C)n1)C(=O)c1ccccc1N1CCCC1,PPLHYKMQZGWEHE-UHFFFAOYSA-N,0,antagonist,1.0,7.73
CHEMBL6004861,CCN(CCN(C)c1cc(C#N)ccn1)C(=O)c1ccccc1-n1cccn1,MRANDQUATGNFQM-UHFFFAOYSA-N,0,antagonist,1.0,7.3
CHEMBL6004927,Cc1nc(C(=O)N2CCCC2c2nc3cc(C(F)(F)F)ccc3[nH]2)c(-c2ccccc2)s1,MTWHHWIYJXFGKL-UHFFFAOYSA-N,0,antagonist,1.0,6.54
CHEMBL6005028,CCOC(=O)c1c(CC)ccnc1O[C@@H]1CC[C@@H](C)N(C(=O)c2ccccc2-n2nccn2)C1,CLQHEGORCBFMTK-IEBWSBKVSA-N,0,antagonist,1.0,7.39
CHEMBL6005031,CCN(CCN(C)c1nc(C)cc(C)n1)C(=O)c1ncccc1-c1ccccc1,NHAFCQONVFABDQ-UHFFFAOYSA-N,0,antagonist,1.0,7.9
CHEMBL6005091,Cc1ccc(C(=O)N2CC[C@H](C)[C@H]2c2nc3c(C)c(Cl)ccc3[nH]2)c(-c2ccccn2)c1,UWBYFPSFGLWODS-FYSMJZIKSA-N,0,antagonist,1.0,6.84
CHEMBL6005103,C[C@@H]1CC[C@@H](Oc2nccc3c2C(=O)OC3(C)C)CN1C(=O)c1c(F)cccc1-n1nccn1,XANYTJDTUQHRGD-HUUCEWRRSA-N,0,antagonist,1.0,7.625
CHEMBL6005151,CCOc1cccc(C(=O)N(CC)CCN(C)c2cc(C#N)ccn2)c1OC,CUAXZEXWMKJYAP-UHFFFAOYSA-N,0,antagonist,1.0,5.0
CHEMBL6005195,C[C@@H]1CC[C@@H](Oc2cccc(C(C)(O)C3CC3)c2)CN1C(=O)c1ccccc1-n1nccn1,QVDOFUSVXQTAMI-DKGZZPCESA-N,0,antagonist,1.0,7.44
CHEMBL6005225,Cc1ccc(-n2nccn2)c(C(=O)N2CCC[C@H]2c2nc(-c3ccc(C)c(C)c3)no2)c1,LDDNOOJOLFTAOG-NRFANRHFSA-N,0,antagonist,1.0,7.8
CHEMBL6005285,COc1cc(C(=O)N2CCC[C@H]2c2noc(-c3cccc(C)c3C)n2)c(-n2nccn2)cc1Cl,UPCSQQLORDJECH-IBGZPJMESA-N,0,antagonist,1.0,8.7
CHEMBL6005286,COC(C)(C)C(Cc1ccc(C)cc1)n1c(=N)n(C(c2ccc(C)cc2)C2CC2)c2ccccc21,RPKQPPJJGFQKDY-UHFFFAOYSA-N,1,agonist,1.0,6.0
CHEMBL6005300,CO[C@H]1CN(C(=O)c2cc(OC(F)(F)F)ccc2-n2nccn2)C(C)(c2nc3c(C)c(Cl)ccc3[nH]2)C1,JKAQEFIPJYJNQX-NKTHEXPSSA-N,0,antagonist,1.0,7.36
CHEMBL6005321,Cc1nc(C(=O)N2CC[C@H](C)[C@H]2c2nc3cc(C(F)(F)F)ccc3[nH]2)c(-c2ccc(Br)cc2)s1,JAQGOGOCUAMXQY-YUNKPMOVSA-N,0,antagonist,1.0,5.67
CHEMBL6005372,CCN(CCc1nccc(C(C)(C)O)n1)C(=O)c1ccccc1-n1nccn1,JEKGZRYYOZUMJY-UHFFFAOYSA-N,0,antagonist,1.0,7.24
CHEMBL6005542,C[C@@H]1CC[C@@H](c2cnn(C3CCOC3)c2)CN1C(=O)c1ccccc1-n1nccn1,JXVFKKPYTPKRLI-QNZPCDNOSA-N,0,antagonist,1.0,6.22
CHEMBL6005598,CCOC(=O)N1CC(NC(=O)c2c(OC)cccc2OC)C(Nc2nc3ccc(Cl)cc3s2)C1,NGLZZMSTAJBSNI-UHFFFAOYSA-N,0,antagonist,1.0,6.21
CHEMBL6005606,Cc1ccc(-c2cccnc2)c(C(=O)N2CCC[C@@H](C)[C@H]2CNc2ncc(C(F)(F)F)cn2)n1,PUHWKALPFTWQID-FOIQADDNSA-N,0,antagonist,1.0,5.301029995663981
CHEMBL6005656,COc1ccc(-c2sc(C)nc2C(=O)N2CC[C@H](C)[C@H]2c2nc3c(C(F)(F)F)cccc3[nH]2)cc1,OLGPONWRXCYWQO-ZSEKCTLFSA-N,0,antagonist,1.0,6.67
CHEMBL6005677,COC[C@H](Cc1ccc(C)cc1)n1c(=N)n(Cc2ccc(C)cc2)c2cc(Cl)c(Cl)cc21,PJNQYDAJSKHJQB-NRFANRHFSA-N,1,agonist,1.0,6.0
CHEMBL6005693,Cc1cc(C(=O)N2CCC[C@@]2(C)c2nc3c(C)c(Cl)ccc3[nH]2)c(-c2ccccc2)cn1,NKZMXRDIESRCEW-SANMLTNESA-N,0,antagonist,1.0,7.19
CHEMBL6005704,CCOc1c(F)cccc1-c1noc([C@@H]2CCCN2C(=O)c2cc(OC)c(Cl)cc2-n2nccn2)n1,XPAFAIBIIHHQBR-SFHVURJKSA-N,0,antagonist,1.0,8.15
CHEMBL6005819,COc1cc(C(=O)N2CCC[C@H]2c2nc(-c3cccc(Cl)c3C)no2)c(-n2nccn2)cc1C,OQKNBRCSHWHRMT-IBGZPJMESA-N,0,antagonist,1.0,8.7
CHEMBL6005831,COC(=O)c1ccnc(O[C@@H]2CC[C@@H](C)N(C(=O)c3ccccc3-n3nccn3)C2)c1F,LZLYXFISYCWTSC-HUUCEWRRSA-N,0,antagonist,1.0,7.6
CHEMBL6006170,CCOc1ncccc1-c1nc([C@@H]2CCCN2C(=O)c2cc(C)c(C)cc2-n2nccn2)no1,SXDFZCLHFGCOFB-IBGZPJMESA-N,0,antagonist,1.0,9.3
CHEMBL6006405,C=C1CC(c2nc3c(C)cc(C)cc3[nH]2)N(C(=O)c2cc(C)sc2-c2ccc(C)c(C)c2)C1,UCYBAXWWBPSWIL-UHFFFAOYSA-N,0,antagonist,1.0,8.4
CHEMBL6006483,Cc1ccc(-n2nccn2)c(C(=O)N2CCC[C@H]2c2cc(-c3ccccc3OC(F)(F)F)no2)c1,WLGKPVICVODJNZ-FQEVSTJZSA-N,0,antagonist,1.0,8.0
CHEMBL6006510,O=C(N[C@H]1CCC[C@@H]1Nc1nc2ccc(F)cc2s1)c1ncccc1OC(F)(F)F,ZAOXKKUGQHHIBI-RYUDHWBXSA-N,0,antagonist,1.0,5.44
CHEMBL6006555,Cc1ccc(-n2nccn2)c(C(=O)N2CCC[C@H]2c2nc(-c3cccnc3Cl)no2)c1,VJYJPTZOKUNTGS-KRWDZBQOSA-N,0,antagonist,1.0,7.48
CHEMBL6006685,C[C@@H]1CC[C@@H](Sc2cc(C#N)ccn2)CN1C(=O)c1cccc(F)c1-n1nccn1,KGZRFTBTXFEUDK-GDBMZVCRSA-N,0,antagonist,1.0,7.68
CHEMBL6006849,C[C@@H]1CC[C@@H](Oc2nccc3c2COC3=O)CN1C(=O)c1ccsc1-n1nccn1,YZPJPJMNOLOLIJ-CHWSQXEVSA-N,0,antagonist,1.0,7.8
CHEMBL6006890,COc1c(C#N)ccnc1O[C@@H]1CC[C@@H](C)N(C(=O)c2ccsc2-n2nccn2)C1,UHZGZSVLPKTUAR-UKRRQHHQSA-N,0,antagonist,1.0,8.1
CHEMBL6007106,C[C@@H]1CC[C@@H](c2cc(C(C)(C)O)on2)CN1C(=O)c1ccccc1C1(C#N)CC1,FCDLBGIPKWCXLZ-HZPDHXFCSA-N,0,antagonist,1.0,6.98
CHEMBL6007164,C[C@@H]1C[C@@H](Nc2ccc(F)cn2)CN1C(=O)c1ccccc1-n1nccn1,YJSZQAMLFZUYHU-UKRRQHHQSA-N,0,antagonist,1.0,6.76
CHEMBL6007704,Cc1c(C#N)ccnc1O[C@@H]1CC[C@@H](C)N(C(=O)c2nscc2-n2nccn2)C1,RUBXMSGZDSRZLG-IUODEOHRSA-N,0,antagonist,1.0,7.61
CHEMBL6007778,CS(=O)(=O)N[C@H]1CCCN(C(=O)C2CC2)[C@H]1COC1CCN(c2ncccn2)CC1,DTFJIRXDIAQFEB-ROUUACIJSA-N,1,agonist,1.0,7.52
CHEMBL6007779,C=C1C[C@@H](c2nc3cccc(C)c3[nH]2)N(C(=O)c2nc(C)sc2-c2ccc(Br)cc2)C1,LFKISXXTSDLWIK-IBGZPJMESA-N,0,antagonist,1.0,8.4
CHEMBL6007897,CO[C@@H]1C[C@@H](c2nc3ccc(Cl)c(C)c3[nH]2)N(C(=O)c2ccc(C)cc2-n2nccn2)C1,GHMQNTLYTUGDHC-QRWLVFNGSA-N,0,antagonist,1.0,8.4
CHEMBL6008025,Cc1ccc(-n2nccn2)c(C(=O)N2CCC[C@H]2c2nc(-c3nccnc3Cl)no2)c1,LAORYNTWMGJQIN-HNNXBMFYSA-N,0,antagonist,1.0,6.44
CHEMBL6008064,C[C@@H]1CC[C@@H](c2noc(C(C)(C)O)n2)CN1C(=O)c1cscc1-c1ncccn1,BYDIMRDQQPBULG-CHWSQXEVSA-N,0,antagonist,1.0,7.12
CHEMBL6008090,CO[C@@H]1C[C@@H](c2nc3ccc(Cl)c(C)c3[nH]2)N(C(=O)c2c(C)cccc2-n2nccn2)C1,HDVXWRGMXYXHTH-BEFAXECRSA-N,0,antagonist,1.0,7.64
CHEMBL6008098,COc1nc(NCC2[C@@H](C)CC(F)(F)CN2C(=O)c2nn(C)cc2-c2ccccn2)ncc1C(F)(F)F,SLTQWNJXAADIJL-CWQZNGJJSA-N,0,antagonist,1.0,5.301029995663981
CHEMBL6008136,Cc1ccc(-n2nccn2)c(C(=O)N2CCC[C@H]2c2nc(-c3cccc(C)c3Cl)no2)c1,HMSHNWRVNFMPDS-IBGZPJMESA-N,0,antagonist,1.0,8.1
CHEMBL6008331,Cc1oc(N2CC3CN(C(=O)c4ncccc4-c4ccccc4)CC3C2)nc1C(C)(C)O,KGGYCMXOMZBSJH-UHFFFAOYSA-N,0,antagonist,1.0,6.23
CHEMBL6008378,COc1cccc(OC)c1C(=O)NC1COCC1Nc1nc2ccc(F)cc2s1,AGIGBBGIUJGDRX-UHFFFAOYSA-N,0,antagonist,1.0,5.0
CHEMBL6008420,C/C=C/C(=O)NCC(Cc1ccc(C)cc1)n1c(=N)n(Cc2ccc(C)cc2)c2ccccc21,WWLPMMMTFPKEAT-OGXIKSGNSA-N,1,agonist,1.0,6.0
CHEMBL6008583,C[C@@H]1CC[C@@H](c2nc(C(C)(C)O)cs2)CN1C(=O)c1ccccc1C1(C#N)CC1,KDDTZXSTSPBVLS-HZPDHXFCSA-N,0,antagonist,1.0,7.82
CHEMBL6008742,CS(=O)(=O)N[C@H]1CCCN(C(=O)C2(O)CC2)[C@H]1CO[C@H]1CC[C@@H](c2ccccc2)CC1,DBPFAISXQWCVPV-WOZUAGRISA-N,1,agonist,1.0,7.35
CHEMBL6008774,C=C1C[C@@H](c2nc3cc(OC)ccc3[nH]2)N(C(=O)c2nc(C)sc2-c2cccc(C(F)(F)F)c2)C1,QCRDPLYRZJGEIH-FQEVSTJZSA-N,0,antagonist,1.0,7.51
CHEMBL6008787,Cc1cc2[nH]c([C@@H]3[C@@H](C)CCN3C(=O)c3c(-c4cccnc4)ccc(C)c3F)nc2cc1Cl,QTNOVKFXFOATAH-OWJWWREXSA-N,0,antagonist,1.0,5.59
CHEMBL6008860,COC(=O)c1nc(N2CC[C@@H]3CCN(C(=O)c4ccccc4-n4nccn4)C[C@@H]32)sc1C,VVWMIWUAWBAKLQ-YJBOKZPZSA-N,0,antagonist,1.0,5.87
CHEMBL6008969,COc1cc(C(=O)N2CCC[C@H]2c2nnc(-c3cccc(Cl)c3OC)[nH]2)c(-n2nccn2)cc1Cl,QUQQYPYIPBBWEY-KRWDZBQOSA-N,0,antagonist,1.0,9.0
CHEMBL6008976,CS(=O)(=O)CC(=O)N1CCC[C@H](NS(C)(=O)=O)[C@@H]1CO[C@H]1CC[C@@H](c2ccccc2)CC1,QOAOPIQJPNCYCI-WOZUAGRISA-N,1,agonist,1.0,6.62
CHEMBL6009046,CC(C)OC(=O)N1CCC[C@H](NS(C)(=O)=O)[C@@H]1COC1CCN(c2ncccn2)CC1,XLSQMUNQTBWMNI-ROUUACIJSA-N,1,agonist,1.0,8.09
CHEMBL6009096,COc1ccccc1-c1nnc([C@@H]2CCCN2C(=O)c2cc(C)ccc2-n2nccn2)[nH]1,OPODZHORDYECHR-IBGZPJMESA-N,0,antagonist,1.0,6.91
CHEMBL6009210,C[C@@H]1CC[C@@H](c2nsc(C(C)(C)O)n2)CN1C(=O)c1ccccc1-n1ncnn1,OTAALEBMKTYWLX-CHWSQXEVSA-N,0,antagonist,1.0,6.47
CHEMBL6009341,Cc1ccc(C[C@@H](COC(=O)C2CC2)n2c(=N)n(C(c3ccc(C)cc3)C3CC3)c3ccccc32)cc1,JHTVBUCVVFPNCA-CEBUJLNPSA-N,1,agonist,1.0,5.3
CHEMBL6009356,COc1cc2nc([C@@H]3[C@@H](C)CCN3C(=O)c3nc(C)sc3-c3cc(F)cc(F)c3)[nH]c2cc1OC,QXKAILWURPAHCV-YTEVENLXSA-N,0,antagonist,1.0,5.97
CHEMBL6009373,O=C(N[C@H]1CC(F)(F)C[C@H]1Nc1nc2ccc(F)cc2s1)c1ccccc1-n1nccn1,QTDPFBMGEYUINW-JKSUJKDBSA-N,0,antagonist,1.0,6.2
CHEMBL6009472,Cc1ccc(-n2nccn2)c(C(=O)N2CCC[C@@]2(C)c2nc3c(C)c(C)c(Br)cc3[nH]2)c1,MCOBUUIPLMSSOE-DEOSSOPVSA-N,0,antagonist,1.0,9.0
CHEMBL6009554,COc1cc(C(=O)N2CCC[C@H]2c2cc(-c3ccccc3OC(F)(F)F)on2)c(-n2nccn2)cc1C,FEPSIKBJFYIGIT-IBGZPJMESA-N,0,antagonist,1.0,7.89
CHEMBL6009562,Cc1cccc(-c2sc(C)nc2C(=O)N2CC[C@H](C)[C@H]2c2nc3c(Cl)cccc3[nH]2)c1,YMXUVOVOEYJPGQ-QKKBWIMNSA-N,0,antagonist,1.0,6.21
CHEMBL6009737,Cc1nc(C(=O)N2CCC[C@@]2(C)c2nc3cc(OC(F)(F)F)ccc3[nH]2)c(-c2ccccc2C)s1,SXFORXFRTWPISY-DEOSSOPVSA-N,0,antagonist,1.0,5.95
CHEMBL6009744,COc1ccc2c3c1O[C@H]1[C@H](N(C)Cc4ccccc4)CC[C@@]4(O)[C@@H](C2)N(S(=O)(=O)c2ccccc2)CC[C@]314,UXQCQGNJAIBOHX-GTNYJXRMSA-N,0,antagonist,1.0,5.0
CHEMBL6009759,Cc1noc(-c2ccccc2C(=O)N2CCC[C@H]2c2nc(-c3cccc(Cl)c3C)no2)n1,OYGKTAKLDQAVEI-IBGZPJMESA-N,0,antagonist,1.0,6.75
CHEMBL6009780,COc1ccc(C(=O)N2CC[C@H]3CCN(c4cc(C#N)ccn4)[C@H]3C2)c(C2CC2)n1,KDBJXYVBIKLNCL-LPHOPBHVSA-N,0,antagonist,1.0,6.01
CHEMBL6009874,C[C@@H]1CC[C@@H](Oc2nccc3c2C(=O)OC3(C)C)CN1C(=O)c1ccc(Cl)cc1-n1nccn1,CLVIJHBKDRRMHE-GDBMZVCRSA-N,0,antagonist,1.0,7.27
CHEMBL6009878,COc1cc2nc([C@@H]3[C@@H](C)CCN3C(=O)c3ccccc3-c3ccc(C)cc3)[nH]c2cc1OC,PPRICUOOSYRJNP-QYBDOPJKSA-N,0,antagonist,1.0,5.66
CHEMBL6009915,Cc1cccc2[nH]c([C@]3(C)CCCN3C(=O)c3cc(Cl)ccc3-n3nccn3)nc12,QWPMZCFRGUXICY-QFIPXVFZSA-N,0,antagonist,1.0,6.94
CHEMBL6010050,Cc1ccc(-c2ncccn2)c(C(=O)N2CCC[C@@]2(C)c2nc3c(C)c(Cl)ccc3[nH]2)c1,ZXEWKIMFKPFZMU-VWLOTQADSA-N,0,antagonist,1.0,8.4
CHEMBL6010152,Cc1cc(C(=O)N2CCC[C@@]2(C)c2nc3cc(C(F)(F)F)ccc3[nH]2)c(-n2nccn2)cc1C,YRVNCTCKYNIFSU-QHCPKHFHSA-N,0,antagonist,1.0,7.89
CHEMBL6010164,Cc1ccc(CC(CO)n2c(=N)n(C(C)c3ccc(C)cc3)c3cccnc32)cc1,OFRAQJZXXLENFX-UHFFFAOYSA-N,1,agonist,1.0,6.0
CHEMBL6010425,Cc1nc(C(=O)N2CCCC2c2nc3cc(Cl)c(C)cc3[nH]2)c(-c2cccc(Cl)c2)s1,RRSPAIYQVQFMIB-UHFFFAOYSA-N,0,antagonist,1.0,7.3
CHEMBL6010451,Cc1ccc(-n2nccn2)c(C(=O)N2CCC[C@H]2c2nc(-c3c(C)cncc3C)no2)c1,NIBMIPNISQEZQX-IBGZPJMESA-N,0,antagonist,1.0,5.97
CHEMBL6010480,C=C1CC(c2nc3cc(Cl)c(C(F)(F)F)cc3[nH]2)N(C(=O)c2nc(C3CC3)sc2-c2cccc(C)c2)C1,FTACSUVYOHEEMV-UHFFFAOYSA-N,0,antagonist,1.0,8.0
CHEMBL6010507,Cc1ccc(-n2nccn2)c(C(=O)N2C[C@H](F)C[C@H]2c2nc3c(C)c(Cl)ccc3[nH]2)c1,BHKUHYOMYDNXGE-KUHUBIRLSA-N,0,antagonist,1.0,7.92
CHEMBL6010535,COc1c(C#N)ccnc1O[C@@H]1CC[C@@H](C)N(C(=O)c2c(F)cccc2-n2nccn2)C1,PXCNTBWOKAIOGQ-GDBMZVCRSA-N,0,antagonist,1.0,8.559999999999999
CHEMBL6010551,Cc1nc(C(=O)N2CC[C@H](C)[C@H]2c2nc3cc(C(F)(F)F)ccc3[nH]2)c(-c2ccc(C)c(C)c2)s1,HBSKMUVHZAPPQG-FPTDNZKUSA-N,0,antagonist,1.0,6.2
CHEMBL6010681,O=C(c1cccs1)N1CCC[C@H]1c1nc(-c2cccc(Cl)c2)no1,PFVHJRXWVNVUQZ-ZDUSSCGKSA-N,0,antagonist,1.0,5.14
CHEMBL6010783,Cc1ccc(C(=O)N2CCC[C@H]2c2noc(-c3cccc(F)c3C)n2)c(-n2nccn2)c1,CXZXWKINGRPWER-IBGZPJMESA-N,0,antagonist,1.0,7.85
CHEMBL6010808,CCOc1c(F)cccc1-c1noc([C@@H]2CCCN2C(=O)c2cc(OC)c(C)cc2-n2nccn2)n1,LYLJJUAAANDBTD-IBGZPJMESA-N,0,antagonist,1.0,8.3
CHEMBL6010856,Cc1cc2nc([C@]3(C)CCCN3C(=O)c3cc(Cl)ccc3-n3nccn3)[nH]c2cc1C,GWQRTNQWCSOTSN-QHCPKHFHSA-N,0,antagonist,1.0,7.64
CHEMBL6010933,Cc1ccc(-c2cncnc2)c(C(=O)N2CCC[C@@H](C)[C@H]2CNc2ccc(C(F)(F)F)cn2)c1,WEMBDXLNYKPGAQ-VGOFRKELSA-N,0,antagonist,1.0,5.0
CHEMBL6010940,COc1c(C#N)ccnc1N[C@@H]1CC[C@@H](C)N(C(=O)c2ccsc2-c2ncccn2)C1,NCPASCJQPRTNKQ-GDBMZVCRSA-N,0,antagonist,1.0,7.33
CHEMBL6011283,Cc1ccc(CC(CNC(=O)Cc2ccc(N)cc2)n2c(=N)n(Cc3ccc(C)cc3)c3ccccc32)cc1,IYXPJFYETOUCMP-UHFFFAOYSA-N,1,agonist,1.0,5.3
CHEMBL6011327,COC(=O)c1c(OC)ccnc1O[C@@H]1CC[C@@H](C)N(C(=O)c2cccc(F)c2-c2ncccn2)C1,IRPHYIAMNHJXNM-HZPDHXFCSA-N,0,antagonist,1.0,6.93
CHEMBL6011462,Cc1ccc(NC[C@@H]2[C@H](C)CCCN2C(=O)c2cc(C)ccc2-c2cnn(C)c2)nc1,CHIULFAHBAWYRK-AUSIDOKSSA-N,0,antagonist,1.0,5.301029995663981
CHEMBL6011527,COc1c(F)cccc1-c1noc([C@@H]2CCCN2C(=O)c2ccc(C)cc2-n2nccn2)n1,PDSSKMTYJLVBBS-SFHVURJKSA-N,0,antagonist,1.0,7.96
CHEMBL6011546,O=C(N[C@@H]1CCC[C@@H]1Nc1nc2ccncc2s1)c1ccccc1-n1nccn1,VZLPWQGTTAILDV-CABCVRRESA-N,0,antagonist,1.0,5.0
CHEMBL6011725,Cc1ccc(-n2nccn2)c(C(=O)N2CC[C@H](C)[C@H]2c2nc3c(C)c(Cl)ccc3[nH]2)c1F,XWVOVQAMOXFSHM-ZSEKCTLFSA-N,0,antagonist,1.0,6.4
CHEMBL6011882,CCN(CCN(C)c1nccc(C#N)n1)C(=O)c1ccccc1-n1nccn1,KXPCQEUMAYDWRJ-UHFFFAOYSA-N,0,antagonist,1.0,6.61
CHEMBL6012131,CCOc1ncccc1-c1noc([C@@H]2CCCN2C(=O)c2cc(C)ccc2-n2nccn2)n1,HNDFUSHHJCZIBK-IBGZPJMESA-N,0,antagonist,1.0,8.15
CHEMBL6012172,Cc1ccc(-n2nccn2)c(C(=O)N2CCC[C@@]2(C)c2nc3c(C(F)(F)F)cccc3[nH]2)c1,QVINISRBQKHIBL-QFIPXVFZSA-N,0,antagonist,1.0,7.12
CHEMBL6012354,C=C1C[C@@H](c2nc3cc(Cl)c(C(F)(F)F)cc3[nH]2)N(C(=O)c2cc(OC)c(OC)cc2-n2nccn2)C1,BCVPTQVZVGOGIH-IBGZPJMESA-N,0,antagonist,1.0,8.22
CHEMBL6012564,COc1ccc(-c2sc(C)nc2C(=O)N2C[C@H](OC)C[C@H]2c2nc3ccc(Cl)c(C)c3[nH]2)cc1,PRRYQDOHJUDXJF-XLIONFOSSA-N,0,antagonist,1.0,8.1
CHEMBL6012859,CCn1c([C@]2(C)CCCN2C(=O)c2nc(C)sc2-c2ccccc2)nc2c(C)c(Cl)ccc21,WKXGFOWQJLVKST-SANMLTNESA-N,0,antagonist,1.0,8.4
CHEMBL6012875,COc1cc(C(=O)N2CCC[C@H]2c2nc(-c3cccc(F)c3OC)no2)c(-n2nccn2)cc1C,LIQZDMACERNNNO-SFHVURJKSA-N,0,antagonist,1.0,8.7
CHEMBL6012877,CSc1cccc2nc([C@@H]3CCCN3C(=O)c3c(C)cccc3-n3nccn3)[nH]c12,QZFZYEFZWPDLSB-KRWDZBQOSA-N,0,antagonist,1.0,7.7
CHEMBL6012914,C[C@@H]1C[C@H](NS(C)(=O)=O)[C@H](CO[C@H]2CC[C@@]3(c4ncc(F)cn4)C[C@H]3C2)N1C(=O)OCC(F)C1CCC1,BJQARFVIXQNDQP-QGHJLJIJSA-N,0,antagonist,1.0,8.22
CHEMBL6012927,C[C@@]1(c2nc3cc(C(F)(F)F)ccc3[nH]2)CCCN1C(=O)c1cc(-c2cccnc2)ccc1-c1ccccc1,MNFSRFCQJOCZES-PMERELPUSA-N,0,antagonist,1.0,7.5
CHEMBL6013096,C[C@@H]1CC[C@@H](c2nc(C(C)(C)O)cs2)CN1C(=O)c1cscc1-n1nccn1,YMKNBTVIYQUEHN-CHWSQXEVSA-N,0,antagonist,1.0,7.8
CHEMBL6013161,Cc1nc(C(=O)N2C[C@H](F)C[C@H]2c2nc3c(C)cccc3[nH]2)c(-c2cccc(Cl)c2)s1,WAQLGFJYQJXXHE-AEFFLSMTSA-N,0,antagonist,1.0,7.75
CHEMBL6013239,COc1c(C#N)ccnc1N(C)[C@@H]1CC[C@@H](C)N(C(=O)c2ccsc2-n2nccn2)C1,AQKKMLNUJUHZEA-GDBMZVCRSA-N,0,antagonist,1.0,7.41
CHEMBL6013242,COC(=O)N1[C@H](C)C[C@H](NS(C)(=O)=O)[C@@H]1CO[C@@H]1CC[C@@]2(c3nccs3)C[C@H]2C1,PSILLWALVSIKCZ-UNWBBBDLSA-N,0,antagonist,1.0,7.29
CHEMBL6013436,Cc1ccc(-c2nc(C)sc2C(=O)N2CC[C@H](C)[C@H]2c2nc3cc(C)c(C)cc3[nH]2)cc1,MARGZNYZJKEULD-WNSKOXEYSA-N,0,antagonist,1.0,6.74
CHEMBL6013482,COc1cc(C(=O)N2CCC[C@H]2c2noc(-c3cc(C)ccc3C)n2)c(-n2nccn2)cc1C,WYKNCJASXYZRBP-FQEVSTJZSA-N,0,antagonist,1.0,9.0
CHEMBL6013577,Cc1nc(C(=O)N2CC(F)(F)C[C@@H](C)C2CNc2ncc(C(F)(F)F)cn2)c(-c2ccc(F)cc2)o1,LBDJWLIFTRUVKP-MTATWXBHSA-N,0,antagonist,1.0,5.301029995663981
CHEMBL6013626,O=C(c1ccccc1-n1nccn1)N1CC[C@H]2CCN(c3nccn4nccc34)[C@H]2C1,PGPNQOYIURQHEE-JXFKEZNVSA-N,0,antagonist,1.0,5.7
CHEMBL6013631,Cc1ccc(CC(COC(=O)C2CN(C(=O)OC(C)(C)C)C2)n2c(=N)n(Cc3ccc(C)cc3)c3ccccc32)cc1,GHCORTBMEMQXCD-UHFFFAOYSA-N,1,agonist,1.0,6.0
CHEMBL6013669,CCN(CCc1nc(C(C)(C)O)c(C)o1)C(=O)c1ccc(F)cc1-n1nccn1,DRBDZNVQBNDGQQ-UHFFFAOYSA-N,0,antagonist,1.0,7.32
CHEMBL6013714,Cc1c(C#N)ccnc1O[C@@H]1CC[C@@H](C)N(C(=O)c2cc(F)ccc2-c2ccccn2)C1,CJFLSOPPFDGIDZ-OXQOHEQNSA-N,0,antagonist,1.0,8.184999999999999
CHEMBL6013829,Cc1cc(C)cc(-c2nnc([C@@H]3CCCN3C(=O)c3cc(C)ccc3-n3nccn3)o2)c1,JQHABKORPATLBV-NRFANRHFSA-N,0,antagonist,1.0,6.49
CHEMBL6013845,C[C@@]1(c2nc3cc(C(F)(F)F)c(Cl)cc3[nH]2)CCCN1C(=O)c1c(F)cccc1-n1nccn1,LYWZLIQLNTXTCV-NRFANRHFSA-N,0,antagonist,1.0,7.35
CHEMBL6014135,COc1ccc(-n2nccn2)c(C(=O)N2CCC[C@@]2(C)c2nc3cc(C)c(C)cc3[nH]2)c1,KEUMWEXJBAZPAZ-DEOSSOPVSA-N,0,antagonist,1.0,7.7
CHEMBL6014195,C=C1C[C@@H](c2nc3cc(Cl)c(C(F)(F)F)cc3[nH]2)N(C(=O)c2cc(C)c(C)cc2-n2nccn2)C1,JATRWMMRGOEDHU-NRFANRHFSA-N,0,antagonist,1.0,8.7
CHEMBL6014200,C=CCN(c1cc(C#N)ccn1)[C@@H]1CC[C@@H](C)N(C(=O)c2ccccc2-n2nccn2)C1,RCMAIVUXPZBMPP-UYAOXDASSA-N,0,antagonist,1.0,7.64
CHEMBL6014388,CCN(CCc1ccc(C)c(C(C)(C)O)n1)C(=O)c1ccccc1-n1nccn1,YVSZUSJHGOSESG-UHFFFAOYSA-N,0,antagonist,1.0,8.22
CHEMBL6014416,Cc1ccc(-c2nnn(C)n2)c(C(=O)N2CC(F)(F)C[C@@H](C)C2CNc2ncc(C(F)(F)F)cn2)c1,MOXMWLUIULLBGM-FWJOYPJLSA-N,0,antagonist,1.0,5.301029995663981
CHEMBL6014431,Cc1nc(C(=O)N2CCCC(C)(C)C2CNc2ncc(C(F)(F)F)cn2)c(-c2ccc(F)cc2)s1,VSWRFUIHMUFEJQ-UHFFFAOYSA-N,0,antagonist,1.0,5.58
CHEMBL6014448,Cc1ccc(-n2nccn2)c(C(=O)N2CCC[C@H]2c2nc(-c3cn(C)c4ccccc34)no2)c1,ZITUKKHGVQJWGU-QFIPXVFZSA-N,0,antagonist,1.0,8.4
CHEMBL6014452,CSc1ccc2nc([C@@H]3CCCN3C(=O)c3cncnc3-c3ccc(Br)c(C)c3)[nH]c2c1,ZEASBNJWOSZLKN-NRFANRHFSA-N,0,antagonist,1.0,7.1
CHEMBL6014473,CC(OC(=O)N1CCC[C@H](NS(=O)(=O)C2CC2)[C@@H]1COC1CCN(c2ncccn2)CC1)C(F)(F)F,VVVKNZDUXPGDTB-IROOXBOJSA-N,1,agonist,1.0,6.41
CHEMBL6014534,CCN(CCN(C)c1cccc(C(C)(C)O)n1)C(=O)c1ccccc1OC(F)(F)F,BVIPNAJTTULRTM-UHFFFAOYSA-N,0,antagonist,1.0,7.13
CHEMBL6014557,COc1cccc2nc([C@@H]3CCCN3C(=O)c3cc(C)ccc3-n3nccn3)[nH]c12,XKVBESXDOTURKM-SFHVURJKSA-N,0,antagonist,1.0,7.52
CHEMBL6014668,Cc1nc(C(=O)N2CCCC2c2nc3c(Cl)cc(C(F)(F)F)cc3[nH]2)c(-c2cccc(Cl)c2)s1,VQMNNBZMCWRSFI-UHFFFAOYSA-N,0,antagonist,1.0,6.98
CHEMBL6014757,Cc1nc(C(=O)N2CC[C@H](C)[C@H]2c2nc3c(C(C)C)cccc3[nH]2)c(-c2cccc(Cl)c2)s1,CILYBMUJEDXLPI-WNSKOXEYSA-N,0,antagonist,1.0,6.36
CHEMBL6014857,Cc1ccc(-n2nccn2)c(C(=O)N2CCC(F)(F)C[C@H]2CNc2ccc(Cl)cn2)c1,ZPQPWDHQHSWVPY-INIZCTEOSA-N,0,antagonist,1.0,5.301029995663981
CHEMBL6014885,CCNC(=O)N1CCC[C@H](NS(C)(=O)=O)[C@@H]1CO[C@H]1CC[C@@H](c2ccccc2C(F)(F)F)CC1,AIRJWVAELPFTGG-JWWGGVBKSA-N,1,agonist,1.0,9.235
CHEMBL6014935,COc1ccnc(O[C@@H]2CC[C@@H](C)N(C(=O)c3c(F)cccc3-n3nccn3)C2)c1,PVXJZNKHROWFQX-GDBMZVCRSA-N,0,antagonist,1.0,7.57
CHEMBL6014984,COc1c(F)cccc1-c1nnc([C@@H]2CCCN2C(=O)c2ccc(C)cc2-n2nccn2)[nH]1,WIQWLOKMFRRCCR-SFHVURJKSA-N,0,antagonist,1.0,7.82
CHEMBL6015031,Cc1nc(C(=O)N2CC[C@H](C)[C@H]2c2nc3c(CO)cccc3[nH]2)c(-c2cccc(Cl)c2)s1,FLWHQIWSJMUHII-ZSEKCTLFSA-N,0,antagonist,1.0,5.78
CHEMBL6015066,CCN(CCc1cccc(C(C)(C)O)n1)C(=O)c1cccnc1-c1ccccc1,SQQLXTXBZXUJAQ-UHFFFAOYSA-N,0,antagonist,1.0,6.99
CHEMBL6015067,COc1cc(C)cc(-c2nc([C@@H]3CCCN3C(=O)c3cc(Cl)ccc3-n3nccn3)no2)c1,NVJRIZJWOJFZRM-FQEVSTJZSA-N,0,antagonist,1.0,7.31
CHEMBL6015089,COc1ccc(-n2nccn2)c(C(=O)N2CCC[C@H]2c2nc(-c3cccc(F)c3OC)no2)c1,WYRXYORDVZVURM-IBGZPJMESA-N,0,antagonist,1.0,7.92
CHEMBL6015161,CSc1ccc2nc([C@@H]3CCCN3C(=O)c3cnc(C)nc3-c3ccc(Br)c(Cl)c3)[nH]c2c1,KIZGIMPAXLDJCB-NRFANRHFSA-N,0,antagonist,1.0,7.62
CHEMBL6015190,Cc1ccc(-c2ncccn2)c(C(=O)N2CC(F)(F)C[C@@H](C)C2CNc2ccc(C(F)(F)F)cn2)n1,ZOEJEBXLQQZNCM-IKJXHCRLSA-N,0,antagonist,1.0,5.301029995663981
CHEMBL6015304,COc1ccc(C)nc1C(=O)N[C@H]1CCC[C@@H]1Nc1nc2ccc(F)cc2s1,CNLWZWSMSVBPFS-KBPBESRZSA-N,0,antagonist,1.0,5.0
CHEMBL6015540,O=C(NC[C@@H]1C[C@H](F)CN1C(=O)c1ccccc1-c1ccccc1)c1cccc2cccnc12,QTPNZRYZZTWQMZ-VXKWHMMOSA-N,0,antagonist,1.0,7.4
CHEMBL6015556,Cc1oc(N2CC3CN(C(=O)c4cccnc4CC(F)(F)F)CC3C2)nc1C(C)(C)O,BIEPYJOZGLXRLJ-UHFFFAOYSA-N,0,antagonist,1.0,7.34
CHEMBL6015604,O=C(N[C@H]1CCC[C@@H]1Nc1nc2ccc(F)cc2s1)c1ccccc1-n1nccn1,KHDQZHGRYVKYDA-HOTGVXAUSA-N,0,antagonist,1.0,6.58
CHEMBL6015692,Cc1cccc(NC[C@@H]2[C@H](C)CCCN2C(=O)c2nc(C)sc2-c2ccc(F)cc2)n1,JDJXIYFKTPJOKW-FOIQADDNSA-N,0,antagonist,1.0,5.85
CHEMBL6015833,Cc1ccc(-n2nccn2)c(C(=O)N2CCC[C@@]2(C)c2nc3cc(C(F)(F)F)c(Cl)cc3[nH]2)c1F,PFZCJMHTXHMVCO-QFIPXVFZSA-N,0,antagonist,1.0,7.7
CHEMBL6016062,C=C1C[C@@H](c2nc3ccc(Cl)c(C)c3[nH]2)N(C(=O)c2nc(C)sc2-c2ccc(F)cc2)C1,OIJKAYYFBFCTLI-IBGZPJMESA-N,0,antagonist,1.0,8.4
CHEMBL6016129,C[C@@H]1CC[C@@H](c2nc(C(C)(C)O)no2)CN1C(=O)c1ccccc1-n1nccn1,ZZIOWVMIBRYTLX-ZIAGYGMSSA-N,0,antagonist,1.0,7.12
CHEMBL6016196,C[C@@]1(c2nc3cc(C(F)(F)F)ccc3[nH]2)CCCN1C(=O)c1cc(Br)ccc1-c1ccccc1,URIHGJROOMIUNL-VWLOTQADSA-N,0,antagonist,1.0,9.0
CHEMBL6016205,O=C(c1cc(F)ccc1-n1nccn1)N1CCC[C@H]1c1nc(-c2ccccc2OC(F)(F)F)no1,OBCPFDJZBDNOEC-KRWDZBQOSA-N,0,antagonist,1.0,7.37
CHEMBL6016254,Cc1ccnc(-c2sc(C)nc2C(=O)N2CC(F)(F)C[C@@H](C)C2CNc2cnc(C(F)(F)F)cn2)c1,XTLRNTNAVMZEJP-JBZHPUCOSA-N,0,antagonist,1.0,5.301029995663981
CHEMBL6016517,Cc1ccc(-c2cccc(C)n2)c(C(=O)N2CCC[C@@H](C)[C@H]2CNc2ccc(C(F)(F)F)cn2)c1,WDRMYSCJKBOVSW-HOYKHHGWSA-N,0,antagonist,1.0,5.72
CHEMBL6016550,Cc1ccc(-n2nccn2)c(C(=O)N2CCC[C@H]2c2nc(-c3ccccc3C)no2)c1,JLEZJDNALDAHLQ-FQEVSTJZSA-N,0,antagonist,1.0,7.8
CHEMBL6016615,COc1ccc(F)c(-c2noc([C@@H]3CCCN3C(=O)c3cc(C)ccc3-n3nccn3)n2)c1F,PRZRVBWJPMOIRH-KRWDZBQOSA-N,0,antagonist,1.0,6.79
CHEMBL6016651,Cc1ccc(Cn2c(=N)n([C@H](CO)[C@@H](F)c3ccccc3)c3ccccc32)cc1,YTJPPMRNWYUSDB-PKTZIBPZSA-N,1,agonist,1.0,6.0
CHEMBL6016669,C=C1C[C@@H](c2nc3cc(OC)ccc3[nH]2)N(C(=O)c2nc(C)sc2-c2cc(F)cc(F)c2)C1,BPXGDAOTPWVQQR-FQEVSTJZSA-N,0,antagonist,1.0,7.35
CHEMBL6016676,Cc1nc(C(=O)N2CC[C@H](C)[C@H]2c2nc3c(C)c(Cl)ccc3[nH]2)c(-c2cccc(Cl)c2)s1,CNZCWXXEJIVJJI-QKVFXAPYSA-N,0,antagonist,1.0,6.88
CHEMBL6016679,O=C(c1cccc(F)c1-c1ccn[nH]1)N1CCC[C@H]1c1nc(-c2ccccc2OC(F)F)no1,FTTCYDLKYUKCFT-KRWDZBQOSA-N,0,antagonist,1.0,7.85
CHEMBL6016731,Cc1cn2ccnc(O[C@@H]3CC[C@@H](C)N(C(=O)c4cccnc4OCC(F)F)C3)c2n1,JZRBAXXJGDJYKQ-HUUCEWRRSA-N,0,antagonist,1.0,7.38
CHEMBL6016914,CC(=O)N1CCC[C@H](NS(=O)(=O)N(C)C)[C@@H]1CO[C@H]1CC[C@@H](C(C)C)CC1,NRIJBKMMFMMNMU-RDGPPVDQSA-N,1,agonist,1.0,7.2
CHEMBL6016963,Cc1ccc(-n2ccc(C)n2)c(C(=O)N2CCC[C@@H](C)[C@H]2CNc2ccc(C(F)(F)F)cn2)c1,MZHLVUVPAFKQLO-VGOFRKELSA-N,0,antagonist,1.0,5.75
CHEMBL6017072,CCN(CCc1nc(C(C)(C)O)c(C)o1)C(=O)c1ccccc1C1CC1,KVXBXNIFOZPETL-UHFFFAOYSA-N,0,antagonist,1.0,6.41
CHEMBL6017334,Cc1c(C#N)ccnc1O[C@@H]1CC[C@@H](C)N(C(=O)c2ccccc2-c2ncco2)C1,SVMJETVPBLNJGP-CRAIPNDOSA-N,0,antagonist,1.0,8.645
CHEMBL6017361,CCCc1ccccc1C(=O)N(CC)CCc1cccc(C(C)(C)O)n1,WZDDDEKXWGVLAE-UHFFFAOYSA-N,0,antagonist,1.0,6.98
CHEMBL6017435,Cc1cccc(-c2ccc(C)cc2C(=O)N2CCC[C@@]2(C)c2nc3cc(C)c(C)cc3[nH]2)c1,GGTXICXOTGNXER-LJAQVGFWSA-N,0,antagonist,1.0,7.96
CHEMBL6017497,Cc1cccc(-c2ccc(C)cc2C(=O)N2CCC[C@@]2(C)c2nc3cc(C(F)(F)F)ccc3[nH]2)c1,ZPWJGTZDVXXUBW-MHZLTWQESA-N,0,antagonist,1.0,7.21
CHEMBL6017753,CCOc1ncccc1-c1noc([C@@H]2CCCN2C(=O)c2ccc(C(F)(F)F)cc2-n2nccn2)n1,KGCGHWRINJIHEH-KRWDZBQOSA-N,0,antagonist,1.0,6.92
CHEMBL6017774,Cc1oc(C[C@H]2CCCCN2C(=O)c2nccnc2-c2ccccn2)nc1C(C)(C)O,LBMNBYJPXZBVBT-MRXNPFEDSA-N,0,antagonist,1.0,6.25
CHEMBL6017797,C[C@@H]1CC[C@@H](c2nsc(C(C)(C)O)n2)CN1C(=O)c1ccccc1OC(F)F,WDVWIICLSVLDGM-VXGBXAGGSA-N,0,antagonist,1.0,6.61
CHEMBL6018120,C[C@@H]1CC[C@@H](Sc2cc(C#N)ccn2)CN1C(=O)c1cc(Br)ccc1-n1nccn1,AAEBOBIGGHDTCH-RHSMWYFYSA-N,0,antagonist,1.0,7.83
CHEMBL6018145,O=C(c1cc(OC(F)(F)F)ccc1-n1nccn1)N1CCC[C@H]1c1nc(-c2ccccc2OC(F)(F)F)no1,HJLCXHJNBBBTPJ-KRWDZBQOSA-N,0,antagonist,1.0,6.47
CHEMBL6018232,C=C1C[C@@H](c2nc3cc(OC)ccc3[nH]2)N(C(=O)c2nc(C)sc2-c2ccc(Cl)cc2)C1,YEIBMVQZGZOUHI-FQEVSTJZSA-N,0,antagonist,1.0,7.72
CHEMBL6018309,C[C@@H]1CC[C@@H](Oc2nccn3ccnc23)CN1C(=O)c1ccccc1-n1ncnn1,WXSGZTXZZJEIKZ-HUUCEWRRSA-N,0,antagonist,1.0,7.56
CHEMBL6018351,CC(C)OC(=O)N1[C@H](C)C[C@H](NS(=O)(=O)N(C)C)[C@@H]1CO[C@@H]1CC[C@]2(c3ncc(F)cn3)C[C@@H]2C1,DIESGYCEZIBJID-MJAAQLKLSA-N,0,antagonist,1.0,8.8
CHEMBL6018355,Cc1ccc(C(=O)N2CCC[C@@]2(C)c2nc3cc(OC(F)(F)F)ccc3[nH]2)c(-c2ccccn2)c1,BGCVCDXDLBAJDW-VWLOTQADSA-N,0,antagonist,1.0,6.63
CHEMBL6018832,CCN(CCN(C)c1nc(C)cc(C)n1)C(=O)c1cccnc1-c1ccccc1,SHGGFVGQUGZZDM-UHFFFAOYSA-N,0,antagonist,1.0,7.58
CHEMBL6018876,CNC1CCC(CNC(=O)c2cccc3cccnc23)N(C(=O)c2ccccc2-c2ccccc2)C1,SILMITZNSAZHEU-UHFFFAOYSA-N,0,antagonist,1.0,6.22
CHEMBL6019078,Cc1ccc(-c2ccccn2)c(C(=O)N2CCC[C@@H](C)[C@H]2CNc2ccc(F)cn2)c1,IXSPJLXVFOXKFM-WZONZLPQSA-N,0,antagonist,1.0,5.62
CHEMBL6019079,Cc1nc(C(=O)N2CCC[C@@H](C)[C@H]2CNc2cccc3cccnc23)c(-c2ccc(F)cc2)s1,LJNMFCVMGWSOPJ-UZUQRXQVSA-N,0,antagonist,1.0,5.301029995663981
CHEMBL6019083,C=C1C[C@@H](c2nc3cc(C)c(C)cc3[nH]2)N(C(=O)c2c(C)cccc2-n2nccn2)C1,YPVNQWNPWXKEMQ-NRFANRHFSA-N,0,antagonist,1.0,8.22
CHEMBL6019254,COc1cc2nc([C@@H]3[C@@H](C)CCN3C(=O)c3nc(C)sc3-c3ccc(C(F)(F)F)cc3)[nH]c2cc1OC,LJONLIZPONZRBL-XMHCIUCPSA-N,0,antagonist,1.0,5.38
CHEMBL6019292,Cc1ccc(-c2cnn(C)c2)c(C(=O)N2CCC[C@H](C)[C@H]2CNc2ccc(C(F)(F)F)cn2)c1,XHXUTIQEYCEZLE-HTAPYJJXSA-N,0,antagonist,1.0,5.6
CHEMBL6019325,CC(F)COC(=O)N1[C@H](C)C[C@H](NS(C)(=O)=O)[C@@H]1CO[C@H]1CC[C@@]2(c3ncc(F)cn3)C[C@H]2C1,CSNAEHGMRXLIIT-PEXDUEPUSA-N,0,antagonist,1.0,8.7
CHEMBL6019376,Cc1ccc(-c2ccccc2F)c(C(=O)N2CCC[C@@]2(C)c2nc3cc(C)c(C)cc3n2CC2CC2)c1,RSIMNJBBBVSQIY-YTTGMZPUSA-N,0,antagonist,1.0,6.77
CHEMBL6019547,C[C@@H]1CC(F)(F)CN(C(=O)c2cc(F)ccc2-c2nnn(C)n2)[C@@H]1CNc1ncc(C(F)(F)F)cn1,SPUPQKDGDRHJNM-BDJLRTHQSA-N,0,antagonist,1.0,5.301029995663981
CHEMBL6019570,C[C@@H]1CCCN(C(=O)c2cc(F)ccc2-c2ncccn2)[C@@H]1CNc1ncc(C(F)(F)F)cn1,SCESJOPTFMLSAI-AUUYWEPGSA-N,0,antagonist,1.0,5.301029995663981
CHEMBL6019610,Cc1ccc(-c2ccc(C)cc2C(=O)N2CCC[C@@]2(C)c2nc3cc(C(F)(F)F)ccc3[nH]2)cc1,CIANNZBNOKOVOX-MHZLTWQESA-N,0,antagonist,1.0,7.06
CHEMBL6019635,COc1cccc(F)c1-c1noc([C@@H]2CCCN2C(=O)c2cc(C)ccc2-n2nccn2)n1,UUEJCGHZEWUZDQ-SFHVURJKSA-N,0,antagonist,1.0,7.24
CHEMBL6019726,CC(=O)N(c1cc(C#N)ccn1)[C@@H]1CC[C@@H](C)N(C(=O)c2ccccc2-n2nccn2)C1,RGJDOWXDEVFFCO-VQIMIIECSA-N,0,antagonist,1.0,5.75
CHEMBL6019727,COc1ccnc(O[C@@H]2CC[C@@H](CO)N(C(=O)c3ccccc3-n3nccn3)C2)c1,WMGHBIXSXYHPHX-DOTOQJQBSA-N,0,antagonist,1.0,7.17
CHEMBL6019738,Cc1ccc(C(=O)N2CCC[C@H]2c2cc(-c3ccccc3OC(F)(F)F)n[nH]2)c(-n2nccn2)c1,KIUQWOGZYCLVFN-FQEVSTJZSA-N,0,antagonist,1.0,7.09
CHEMBL6019771,CN(C(=O)c1ccccc1Cl)[C@H]1CCC[C@@H]1Nc1nc2ccc(F)cc2s1,MKJVCXIPNLEKDC-RDJZCZTQSA-N,0,antagonist,1.0,5.62
CHEMBL6019835,CCNC(=O)N1CCC[C@H](NS(C)(=O)=O)[C@@H]1CO[C@H]1C[C@@H](c2ccc(C)cc2)C1,RWTAHMTXMXHXMM-YRPNKDGESA-N,1,agonist,1.0,6.82
CHEMBL6019920,Cc1ccc(-c2sc(C)nc2C(=O)N2CC[C@H](C)[C@H]2c2nc3c(Cl)cccc3[nH]2)cc1,AYOFMEJHHMHPGP-QKKBWIMNSA-N,0,antagonist,1.0,6.23
CHEMBL6019954,Cc1nc(C(=O)N2CCC[C@@H](C)[C@H]2CNc2ccnc(Cl)n2)c(-c2ccc(F)cc2)s1,XFEYGGDAAUEMDY-CXAGYDPISA-N,0,antagonist,1.0,5.0
CHEMBL6020150,CO[C@H]1CN(C(=O)c2nc(C)sc2-c2cccc(Cl)c2)[C@](C)(c2nc3c(C)c(Cl)ccc3[nH]2)C1,BWIVUNXAJXPBFO-NSYGIPOTSA-N,0,antagonist,1.0,8.4
CHEMBL6020234,Cc1ccc(-n2nccn2)c(C(=O)N2CCC[C@H]2c2nnc(-c3ccccc3)[nH]2)c1,KFIYDNWKXIKUOX-IBGZPJMESA-N,0,antagonist,1.0,6.68
CHEMBL6020253,Cc1cc(C)nc(-c2noc([C@@H]3CCCN3C(=O)c3cc(C)ccc3-n3nccn3)n2)c1,IIQMAHPOOXGOAO-FQEVSTJZSA-N,0,antagonist,1.0,6.09
CHEMBL6020338,CC(=O)N1CCC[C@H](NS(=O)(=O)C2CC2)[C@@H]1CO[C@H]1CC[C@@H](c2ccccc2)CC1,VNLWAUUOEOKWNM-MQFRRQCYSA-N,1,agonist,1.0,7.29
CHEMBL6020391,Cc1ccc(CC(CNC(=O)CO)n2c(=N)n([C@@H](C)c3ccc(C)cc3)c3ccccc32)cc1,VPHZDMLRKNMGQK-XEGCMXMBSA-N,1,agonist,1.0,6.0
CHEMBL6020394,COc1ccc(-n2nccn2)c(C(=O)N2CCC[C@H]2c2nc3ccc(SC)cc3[nH]2)c1,WKRVZQZEZOQODG-FQEVSTJZSA-N,0,antagonist,1.0,7.96
CHEMBL6020415,CC(C)OC(=O)N1CCC[C@H](NS(C)(=O)=O)[C@@H]1CO[C@@H]1CCN(c2ncccn2)[C@H](C)C1,JFFDDFDQEROSLJ-YRXWBPOGSA-N,1,agonist,1.0,7.66
CHEMBL6020529,C[C@@H]1CC[C@@H](c2cc([C@@H](O)C(F)(F)F)no2)CN1C(=O)c1ccccc1-n1ncnn1,XXUYQYODNGKFQF-PSTGCABASA-N,0,antagonist,1.0,6.45
CHEMBL6020567,Cc1nc(C(=O)N2CC[C@H](C)[C@H]2c2nc3cc(C)c(C)cc3[nH]2)c(-c2ccc(F)cc2)s1,HFVBVYUFLNJLFO-XMHCIUCPSA-N,0,antagonist,1.0,5.63
CHEMBL6020696,C=C1C[C@@H](c2nc3c(C)c(Cl)ccc3[nH]2)N(C(=O)c2cc(C)ccc2-n2nccn2)C1,XWMUMMVILIGXDD-FQEVSTJZSA-N,0,antagonist,1.0,8.7
CHEMBL6020732,Cc1ccc(-c2nc(C(=O)N3CCC[C@@]3(C)c3nc4c(C)c(Cl)ccc4[nH]3)c(-c3ccc(F)cc3)s2)cc1,BPRZIUSVKPCMJS-PMERELPUSA-N,0,antagonist,1.0,5.69
CHEMBL6020831,C[C@@H]1CC[C@@H](Oc2nccn3ccnc23)CN1C(=O)c1ccccc1CS(C)(=O)=O,SLCJVPQKKOFDDF-NVXWUHKLSA-N,0,antagonist,1.0,7.390000000000001
CHEMBL6020859,Cc1nc(C(=O)N2CCC[C@H]2c2nc(-c3cccc(Cl)c3C)no2)c(-c2ccc(F)cc2)s1,PMTJFWIEUVEKMF-IBGZPJMESA-N,0,antagonist,1.0,7.1
CHEMBL6020886,COc1cccc(OC)c1C(=O)N[C@H]1CCC[C@@H]1Nc1nc2cc(F)ccc2s1,FAKZQZIQWUJFJP-KBPBESRZSA-N,0,antagonist,1.0,5.0
CHEMBL6020986,Cc1c(C#N)ccnc1O[C@@H]1CC[C@@H](C)N(C(=O)c2ccccc2-c2cnn(C)c2)C1,NNVQAVMIHOZBSD-OXQOHEQNSA-N,0,antagonist,1.0,8.26
CHEMBL6021016,CN(C(=O)c1ccccc1-n1nccn1)[C@H]1CCC[C@@H]1Nc1nc2ccc(F)cc2s1,PGYQLCUKNOYWCZ-LPHOPBHVSA-N,0,antagonist,1.0,6.19
CHEMBL6021019,CCN(CCc1ccc(C(C)(C)O)cn1)C(=O)c1cccnc1-n1cccn1,QOWNHYKKPPXHHH-UHFFFAOYSA-N,0,antagonist,1.0,6.6
CHEMBL6021023,C[C@@H]1CCCN(C(=O)c2c(-n3nccn3)ccc(F)c2F)[C@@H]1CNc1ccc(C(F)(F)F)cn1,OIRHLGBHOQKBJU-CXAGYDPISA-N,0,antagonist,1.0,5.301029995663981
CHEMBL6021351,CCNC(=O)N1CCC[C@H](NS(C)(=O)=O)[C@@H]1CO[C@H]1C[C@H](Oc2ccccc2)C1,HLMWGMVFQXZIKR-VJANTYMQSA-N,1,agonist,1.0,5.48
CHEMBL6021366,Cc1ccc(-n2nccn2)c(C(=O)N2CCC[C@@]2(C)c2nc3c(Br)cc(F)cc3[nH]2)c1,NBHIWTNDQZKTIO-QFIPXVFZSA-N,0,antagonist,1.0,7.09
CHEMBL6021646,Cc1nc(C(=O)N2CC[C@H](C)[C@H]2c2nc3cc(C(F)(F)F)ccc3[nH]2)c(-c2ccc(F)c(F)c2)s1,HMBPQFHIKQLMRR-YBTHPKLGSA-N,0,antagonist,1.0,5.43
CHEMBL6021825,Cc1ccc(C[C@@H](CO)n2c(=N)n(Cc3ccc(C)cc3)c3cc(C(F)(F)F)ccc32)cc1,CCGGAVBEQMSYGZ-QFIPXVFZSA-N,1,agonist,1.0,6.0
CHEMBL6021970,O=C(N[C@H]1CCC[C@@H]1Nc1nc2ccc(F)cc2s1)c1cc(Cl)ccc1-n1cccn1,LUKIFANWWBHIGF-IRXDYDNUSA-N,0,antagonist,1.0,5.68
CHEMBL6021985,Cc1cc2[nH]c([C@@H]3[C@@H](C)CCN3C(=O)c3cc(C(F)(F)F)ccc3-c3ccccc3)nc2cc1Cl,LVZMTOJNOKBWLU-OWJWWREXSA-N,0,antagonist,1.0,5.87
CHEMBL6022059,Cc1ccc(-c2ncccn2)c(C(=O)N2CCC[C@@]2(C)c2nc3ccc(F)c(F)c3[nH]2)c1,PBUNGIHOGWABQE-DEOSSOPVSA-N,0,antagonist,1.0,6.4
CHEMBL6022130,C=C1CC(c2nc3c(C)c(C)ccc3[nH]2)N(C(=O)c2cc(C)sc2-c2ccc(C)c(C)c2)C1,UHZXDUKWSARABK-UHFFFAOYSA-N,0,antagonist,1.0,8.05
CHEMBL6022163,COc1cccc2[nH]c([C@@H]3[C@@H](C)CCN3C(=O)c3cc(C)ccc3-n3nccn3)nc12,RPHPRSUZYJFVIH-BTYIYWSLSA-N,0,antagonist,1.0,6.11
CHEMBL6022206,C[C@@]1(c2nc3cc(Cl)c(C(F)(F)F)cc3[nH]2)CCCN1C(=O)c1nc(-c2cccc(F)c2)sc1-c1ccc(F)cc1,TWFIAPLBNCNWBR-NDEPHWFRSA-N,0,antagonist,1.0,5.67
CHEMBL6022261,C[C@@H]1C[C@H](NS(C)(=O)=O)[C@H](CO[C@H]2CC[C@@]3(c4ncc(F)cn4)C[C@H]3C2)N1C(=O)OCCF,QGOQEOMPAFKKBJ-USHYOUQZSA-N,0,antagonist,1.0,8.77
CHEMBL6022273,COc1ccc(-n2nccn2)c(C(=O)N2CCC[C@@]2(C)c2nc3cc(C(F)(F)F)c(Cl)cc3[nH]2)c1F,OWARWAJXMCLOJC-QFIPXVFZSA-N,0,antagonist,1.0,7.37
CHEMBL6022321,C=C1C[C@@H](c2nc3c(C)cc(C)cc3[nH]2)N(C(=O)c2cc(C)ccc2-n2nccn2)C1,OTGTVXFMBPITGZ-NRFANRHFSA-N,0,antagonist,1.0,8.4
CHEMBL6022734,Cc1nc(C(=O)N2CC(F)(F)C[C@@H](C)C2CNc2ncc(C(F)(F)F)cn2)c(-c2cccc(F)c2)s1,FRHYTTJIKDHDRQ-MTATWXBHSA-N,0,antagonist,1.0,5.95
CHEMBL6022765,Cc1nc(C(=O)N2CCC[C@H]2c2nc3cc(Cl)ccc3[nH]2)c(-c2cccc(Cl)c2)s1,LUERQCUTYHGMCP-SFHVURJKSA-N,0,antagonist,1.0,6.61
CHEMBL6022769,O=C(c1ccc(C(F)(F)F)cc1-n1nccn1)N1CCC[C@H]1c1nc(-c2ccccc2OC(F)(F)F)no1,LHAZCHUQDYJEOU-INIZCTEOSA-N,0,antagonist,1.0,6.94
CHEMBL6022959,CN(CCN(Cc1ccccc1)C(=O)c1ccccc1-n1nccn1)c1cc(C#N)ccn1,RIGOBPYALIWDKJ-UHFFFAOYSA-N,0,antagonist,1.0,6.95
CHEMBL6022996,CC(=O)C(=O)N1CCC[C@H](NS(C)(=O)=O)[C@@H]1CO[C@H]1CC[C@@H](c2ccccc2)CC1,JNQZWVLAFNCMQS-WOZUAGRISA-N,1,agonist,1.0,6.72
CHEMBL6023067,Cc1ccc(-n2nccn2)c(C(=O)N2CCC[C@H]2c2nc(-c3ccccc3C3CC3)no2)c1,KLYDQFHKQVGPQO-QFIPXVFZSA-N,0,antagonist,1.0,7.57
CHEMBL6023072,COc1ccc(CN[C@H]2C[C@@H](C)N(C(=O)OCC(F)F)[C@H]2CO[C@H]2CC[C@@H](c3ccccc3)CC2)cc1,SOJKVUHOSUARSL-WCBOWUMYSA-N,0,antagonist,1.0,9.3
CHEMBL6023117,Cc1ccc(C(CO)n2c(=N)n(Cc3cc(C)cc(C)c3)c3ccccc32)cc1,VDZSFJYQVCCUPQ-UHFFFAOYSA-N,1,agonist,1.0,6.0
CHEMBL6023164,CC(O)c1nc([C@@H]2CC[C@@H](C)N(C(=O)c3ccccc3-n3nccn3)C2)oc1-c1ccccc1,HZAOXNHINMURKD-IMBCPYESSA-N,0,antagonist,1.0,7.005
CHEMBL6023244,COC(=O)N1[C@H](C)C[C@H](NS(=O)(=O)CF)[C@@H]1COC1CCC(c2cccc(F)c2)CC1,LRAHPGMJZHIKIO-DHJHJEEPSA-N,0,antagonist,1.0,8.85
CHEMBL6023329,CC(C)(O)c1coc(N2CC[C@@H]3CCN(C(=O)c4ccccc4-n4nccn4)C[C@@H]32)n1,XLDUFQNVNJWVNG-YJBOKZPZSA-N,0,antagonist,1.0,6.47
CHEMBL6023423,COC(=O)N1[C@H](C)C[C@H](NS(=O)(=O)CF)[C@@H]1COC1CCC2(c3ncc(Cl)c(OC)n3)CC2C1,INNAJELAJMGZGU-VLGBOWENSA-N,0,antagonist,1.0,8.0
CHEMBL6023426,C[C@@H]1CC[C@@H](Oc2nccn3nccc23)CN1C(=O)c1ccsc1-n1nccn1,ANAAXMVFQHWNOX-ZIAGYGMSSA-N,0,antagonist,1.0,8.01
CHEMBL6023534,Cc1oc(N2CC3CN(C(=O)c4nccnc4N4CCCC4)CC3C2)nc1C(C)(C)O,QAGISZSFDYCUSZ-UHFFFAOYSA-N,0,antagonist,1.0,6.6
CHEMBL6023588,Cc1ccc(-n2cccn2)c(C(=O)N2CCC[C@@H](C)[C@H]2CNc2ccc(C(F)(F)F)nn2)c1,BUFJQKGAQYUTDE-VQIMIIECSA-N,0,antagonist,1.0,5.301029995663981
CHEMBL6023961,Cc1c(Cl)ccc2[nH]c([C@]3(C)CCCN3C(=O)c3nc(-c4ccccc4F)sc3-c3ccc(F)cc3)nc12,UZOPRRHLLVNIAE-LJAQVGFWSA-N,0,antagonist,1.0,6.58
CHEMBL6024313,CCN(CCn1nc(C)c(C(C)(C)O)n1)C(=O)c1cccnc1-c1ccccc1,QDMZFAMMARBVGD-UHFFFAOYSA-N,0,antagonist,1.0,7.48
CHEMBL6024394,C[C@@H]1CC[C@@H](c2cc(C(C)(C)O)no2)CN1C(=O)c1nccnc1-c1ccccn1,VKVXENOTEIHFKG-HUUCEWRRSA-N,0,antagonist,1.0,5.85
CHEMBL6024432,NC(=O)c1ccc(N2CC[C@@H]3CCN(C(=O)c4ccccc4-n4nccn4)C[C@@H]32)nc1,UXQPMUBDHSCZEA-KXBFYZLASA-N,0,antagonist,1.0,6.25
CHEMBL6024489,CS(=O)(=O)N[C@H]1CCCN(C(=O)C2CCOCC2)[C@H]1CO[C@H]1CC[C@@H](c2ccccc2)CC1,MIKDPDSKLVVTQD-IGABQKFOSA-N,1,agonist,1.0,8.06
CHEMBL6024539,COc1cc(C(=O)N2CCC[C@H]2c2nnc(-c3ccccc3OC(F)(F)F)[nH]2)c(-n2nccn2)cc1Cl,ITWIBXFRJRYAIY-INIZCTEOSA-N,0,antagonist,1.0,8.52
CHEMBL6024766,Cc1ccc(-n2nccn2)c(C(=O)N2CCC[C@@H](C)[C@H]2CNc2ncc3ccccc3n2)c1,RDGFBGVMGHBXGW-WZONZLPQSA-N,0,antagonist,1.0,5.7
CHEMBL6025001,C[C@@H]1CC[C@@H](Oc2cccc(C(C)(C)O)c2)CN1C(=O)c1ccccc1-n1nccn1,QZNKQAYRHRQDOQ-YLJYHZDGSA-N,0,antagonist,1.0,7.5
CHEMBL6025032,CNS(=O)(=O)N[C@H]1C[C@@H](C)N(C(=O)OCC(F)F)[C@H]1CO[C@H]1CC[C@@H](c2ccccc2)CC1,APBZEDMGNADQAQ-LGKHCZOZSA-N,0,antagonist,1.0,9.28
CHEMBL6025111,O=C(N[C@H]1CCC[C@@H]1Nc1nc2ccc(F)cc2s1)c1ccccc1F,ULMPAMUHOCQGKT-GJZGRUSLSA-N,0,antagonist,1.0,5.43
CHEMBL6025169,COC(=O)N1[C@@H]2CCC[C@@H]2[C@H](NS(=O)(=O)CF)[C@@H]1COC1CCC2(c3ncc(F)cn3)CC2C1,QZEVBLANEPALJX-KOXGWAMRSA-N,0,antagonist,1.0,8.85
CHEMBL6025221,C[C@@H]1CC[C@@H](Oc2cc(OCC(F)F)ccn2)CN1C(=O)c1ccccc1C1(C#N)CC1,MYTDUKXKEBTHDJ-SJLPKXTDSA-N,0,antagonist,1.0,7.62
CHEMBL6025232,Cc1ccc(-n2nccn2)c(C(=O)N2CCC[C@H]2c2nc3cccc(Cl)c3[nH]2)c1,VEDWHDKEAFEZES-SFHVURJKSA-N,0,antagonist,1.0,7.34
CHEMBL6025374,C[C@@H]1CC[C@@H](c2cnn(CC(C)(C)O)c2)CN1C(=O)c1ccccc1-n1nccn1,DZPZFABSSBVEKE-IAGOWNOFSA-N,0,antagonist,1.0,6.71
CHEMBL6025376,CC(C)C(=O)N1CCC[C@H](NS(C)(=O)=O)[C@@H]1COC1CCN(c2ccccc2F)CC1,ZZBLCZINLJHZDG-FPOVZHCZSA-N,1,agonist,1.0,5.77
CHEMBL6025515,Cc1ccc(CC(C(=O)N2CC(CO)(CCl)C2)n2c(=N)n(Cc3ccc(C)cc3)c3ccccc32)cc1,AUFLJLOFUSIAMN-UHFFFAOYSA-N,1,agonist,1.0,6.0
CHEMBL6025537,CCS(=O)(=O)NCC(Cc1ccc(C)cc1)n1c(=N)n(Cc2ccc(C)cc2)c2ccccc21,VEPVTOQHLJPUPY-UHFFFAOYSA-N,1,agonist,1.0,5.3
CHEMBL6025649,O=C(N[C@H]1CCC[C@@H]1Nc1nc2c(F)cc(F)cc2s1)c1ccccc1-n1nccn1,DPBMWJSAOZHFQQ-HOTGVXAUSA-N,0,antagonist,1.0,5.21
CHEMBL6025690,COc1ccc(-n2nccn2)c(C(=O)N2CC[C@H](C)[C@H]2c2nc3cc(C)c(C)cc3[nH]2)c1,NGVMELDKDAWMQT-FPTDNZKUSA-N,0,antagonist,1.0,7.24
CHEMBL6025696,Cc1c(C#N)ccnc1O[C@@H]1CC[C@@H](C)N(C(=O)c2ccc(F)cc2C2CC2)C1,KIMUJYISSAKXMN-AUUYWEPGSA-N,0,antagonist,1.0,8.190000000000001
CHEMBL6025782,COC(=O)N1CCC[C@H](NS(C)(=O)=O)[C@@H]1CO[C@H]1CC[C@@H](c2ccc(OC)cc2)CC1,SQPYKRUZIIEHQK-NRDMVMEKSA-N,1,agonist,1.0,6.54
CHEMBL6025898,CCOc1ccc(-c2ccc(C)cc2C(=O)N2CCC[C@@]2(C)c2nc3cc(C(F)(F)F)c(Cl)cc3[nH]2)cc1,RTWKENFMDMAEQA-NDEPHWFRSA-N,0,antagonist,1.0,6.6
CHEMBL6025921,Cc1nc(C(=O)N2CC[C@H](C)[C@H]2c2nc3cc(C(F)(F)F)ccc3[nH]2)c(-c2cc(F)cc(F)c2)s1,HFYNJWAYQAPCPL-YBTHPKLGSA-N,0,antagonist,1.0,5.5
CHEMBL6026125,COc1c(C#N)ccnc1O[C@@H]1CC[C@@H](C)N(C(=O)c2ccc(F)cc2-c2ncccn2)C1,JYPGGPSMRQCICK-CRAIPNDOSA-N,0,antagonist,1.0,8.315000000000001
CHEMBL6026270,COc1cccc(-c2ccc(C)cc2C(=O)N2CCC[C@@]2(C)c2nc3cc(C)c(C)cc3n2CC2CC2)c1,RYBVNICKNHPDEK-XIFFEERXSA-N,0,antagonist,1.0,6.76
CHEMBL6026883,Cc1cc(C)c2nc(C3CCCN3C(=O)c3nc(C)sc3-c3cccc(Cl)c3)[nH]c2c1,XRGADJRSFBQWLA-UHFFFAOYSA-N,0,antagonist,1.0,7.77
CHEMBL6027126,C=C1C[C@@H](c2nc3ccccc3[nH]2)N(C(=O)c2nc(C)sc2-c2cccc(Cl)c2)C1,IKXKSHOLRREPSM-IBGZPJMESA-N,0,antagonist,1.0,7.21
CHEMBL6027143,Cc1cccc(C)c1C(=O)N[C@H]1CCC[C@@H]1Nc1nc2ccc(F)cc2s1,HOBDRVUKIDLNEF-HOTGVXAUSA-N,0,antagonist,1.0,5.0
CHEMBL6027317,C[C@@H]1C[C@@H](Nc2cc(C(F)F)ccn2)CN1C(=O)c1cscc1-n1nccn1,ZJSKRIMINZOBOT-DGCLKSJQSA-N,0,antagonist,1.0,6.99
CHEMBL6027326,CCc1ccccc1[C@H]1CC[C@@H](OC[C@H]2[C@@H](NS(C)(=O)=O)CCCN2C(C)=O)CC1,HCNCPJPEOMCLGO-MQFRRQCYSA-N,1,agonist,1.0,7.5
CHEMBL6027354,COCCn1c([C@]2(C)CCCN2C(=O)c2cc(C)ccc2-n2nccn2)nc2cc(OC)c(OC)cc21,HZVGNXLQYIOJRS-MHZLTWQESA-N,0,antagonist,1.0,7.11
CHEMBL6027416,O=C1OCc2c1ccnc2N1CC[C@@H]2CCN(C(=O)c3ccccc3-n3nccn3)C[C@@H]21,XKASFOVWLANXFU-YWZLYKJASA-N,0,antagonist,1.0,6.0
CHEMBL6027438,COC1CN(C(=O)C(Cc2ccc(C)cc2)n2c(=N)n(Cc3ccc(C)cc3)c3ccccc32)C1,OQZWSJUOCNTYCN-UHFFFAOYSA-N,1,agonist,1.0,6.0
CHEMBL6027558,C=C1C[C@@H](c2nc3ccc(Cl)c(C)c3[nH]2)N(C(=O)c2cc(Cl)ccc2-n2nccn2)C1,WMSOKWMKDYBMFL-IBGZPJMESA-N,0,antagonist,1.0,9.0
CHEMBL6027622,Cc1c(C#N)ccnc1O[C@@H]1CC[C@@H](C)N(C(=O)c2ccc(OC(F)F)cc2-n2nccn2)C1,VJLXMFAKKYDGEW-RDTXWAMCSA-N,0,antagonist,1.0,7.335
CHEMBL6027758,Cc1cccc(-c2sc(C)nc2C(=O)N2CC[C@H](C)[C@H]2c2nc3c(C(F)(F)F)cccc3[nH]2)c1,MBMGUGOODPDLRY-QKKBWIMNSA-N,0,antagonist,1.0,6.51
CHEMBL6027947,CCc1ccccc1-c1coc([C@@H]2CC[C@@H](C)N(C(=O)c3ccccc3-n3nccn3)C2)n1,CQRVOQYQTMNUIT-UYAOXDASSA-N,0,antagonist,1.0,7.52
CHEMBL6028013,C[C@@]1(c2nc3c(F)c(F)ccc3[nH]2)CCCN1C(=O)c1cc(F)ccc1-n1nccn1,FAGFQFCRLWOYOW-NRFANRHFSA-N,0,antagonist,1.0,6.05
CHEMBL6028020,CCOc1ccccc1-c1noc([C@@H]2CCCN2C(=O)c2cccc(F)c2-c2ccn[nH]2)n1,SZPPVOKLJAHBNZ-IBGZPJMESA-N,0,antagonist,1.0,7.7
CHEMBL6028127,COc1ccc(-n2nccn2)c(C(=O)N2CCC[C@@]2(C)c2nc3c(C)cccc3[nH]2)c1,RKLZNOXRSXQGAQ-QHCPKHFHSA-N,0,antagonist,1.0,7.48
CHEMBL6028131,C[C@@H]1CC[C@@H](c2cnn(C3CC3)c2)CN1C(=O)c1ccccc1-n1nccn1,SNVRTWFRCYDCBG-HZPDHXFCSA-N,0,antagonist,1.0,7.25
CHEMBL6028176,Cc1oc(N2CC3CN(C(=O)c4ccccc4C4CC4(F)F)CC3C2)nc1C(C)(C)O,SJNMKVCSBNBZGI-UHFFFAOYSA-N,0,antagonist,1.0,7.66
CHEMBL6028198,Cc1oc([C@@H]2CC[C@@H](C)N(C(=O)c3ccccc3OC(C)C)C2)nc1C(C)(C)O,HLHBARGVPRUBNN-NVXWUHKLSA-N,0,antagonist,1.0,7.69
CHEMBL6028242,COc1ccccc1-c1noc([C@@H]2CCCN2C(=O)c2cc(C)ccc2-n2nccn2)n1,NQEPTESAYGYEQQ-IBGZPJMESA-N,0,antagonist,1.0,7.43
CHEMBL6028300,COC(=O)c1c(I)ccnc1S[C@@H]1CC[C@@H](C)N(C(=O)c2ccccc2-n2nccn2)C1,BMDNWMWUDQMCBG-HUUCEWRRSA-N,0,antagonist,1.0,7.63
CHEMBL6028332,C[C@@H]1CC[C@@H](Oc2nccn3c(C(F)F)cnc23)CN1C(=O)c1ccccc1-n1ncnn1,GQGYSGKNILVDGT-ZIAGYGMSSA-N,0,antagonist,1.0,8.02
CHEMBL6028668,CC(=O)CNC(=O)[C@@H]1CC[C@@H](C)N(C(=O)c2cc(C)ccc2-n2nccn2)C1,LLEJUSSWVMVKSX-GDBMZVCRSA-N,0,antagonist,1.0,6.36
CHEMBL6028684,Cc1nc(C(=O)N2CCC[C@@H](C)[C@H]2CNC(=O)c2cccc3occc23)c(-c2ccc(F)cc2)s1,MMZJCOGZVWFSAF-OPAMFIHVSA-N,0,antagonist,1.0,7.32
CHEMBL6028749,Cc1c(C#N)ccnc1O[C@@H]1CC[C@@H](C)N(C(=O)c2ccsc2-c2ncccn2)C1,RTWGBTNAHXBWJA-RHSMWYFYSA-N,0,antagonist,1.0,8.38
CHEMBL6028822,C[C@H](O)C(=O)N1CCC[C@H](NS(C)(=O)=O)[C@@H]1CO[C@H]1CC[C@@H](c2ccccc2)CC1,FNPSNYLEKYTSEJ-RQUKQETFSA-N,1,agonist,1.0,7.64
CHEMBL6029039,Cc1cccc(C(=O)N2C[C@H](Sc3cc(C#N)ccn3)CC[C@H]2C)c1-n1nccn1,LKPJJOVMLHCMBQ-SJLPKXTDSA-N,0,antagonist,1.0,7.84
CHEMBL6029146,COc1cccc(-c2noc([C@@H]3CCCN3C(=O)c3cc(C)ccc3-n3nccn3)n2)c1Cl,CAWRMDXPILLJIW-SFHVURJKSA-N,0,antagonist,1.0,7.28
CHEMBL6029166,CCS(=O)(=O)N[C@H]1C[C@@H](C(F)F)N(C(=O)OC(C)C)[C@H]1CO[C@H]1CC[C@@]2(c3ncc(F)cn3)C[C@H]2C1,MEQPJTLPIWHPPA-XLVWDJGUSA-N,0,antagonist,1.0,9.0
CHEMBL6029168,Cc1nc(C(=O)N2CC[C@H](C)[C@H]2c2nc3c(C)cc(Cl)cc3[nH]2)c(-c2ccc(F)cc2)s1,MYRVFLCZPBNRHL-QKVFXAPYSA-N,0,antagonist,1.0,5.984999999999999
CHEMBL6029198,C=C1C[C@@H](c2nc3cc(C(C)(C)C)ccc3[nH]2)N(C(=O)c2nc(C)ccc2-n2cccn2)C1,KSFOLIGTKWKSFK-QFIPXVFZSA-N,0,antagonist,1.0,7.19
CHEMBL6029232,O=C(N[C@H]1CC(F)(F)C[C@H]1Nc1nc2ccc(Cl)cc2s1)c1ccccc1-n1nccn1,FYPMYKYIDBARGL-JKSUJKDBSA-N,0,antagonist,1.0,5.45
CHEMBL6029301,CSc1cccc2nc([C@@H]3CCCN3C(=O)c3cncnc3-c3cccc(C)c3)[nH]c12,HMNFIRZAYPGZOY-IBGZPJMESA-N,0,antagonist,1.0,6.96
CHEMBL6029351,CO[C@@H]1C[C@@H](c2nc3ccc(Cl)c(C)c3[nH]2)N(C(=O)c2c(-n3nccn3)ccc(C)c2F)C1,OHDRBNXNNCSTBA-KDOFPFPSSA-N,0,antagonist,1.0,8.15
CHEMBL6029397,Cc1c(C#N)ccnc1O[C@@H]1CC[C@@H](C)N(C(=O)c2cnccc2-n2nccn2)C1,LFHDDVGXZWSWCN-RHSMWYFYSA-N,0,antagonist,1.0,7.675
CHEMBL6029507,C[C@@H]1CC[C@@H](Sc2ncccc2C(=O)O)CN1C(=O)c1ccccc1-n1nccn1,WMPFJHITNNDYDR-HUUCEWRRSA-N,0,antagonist,1.0,6.91
CHEMBL6029599,Cc1ccc(C(=O)N2CCC[C@@]2(C)c2nc3c(F)c(F)ccc3[nH]2)c(-n2nccn2)c1,YJIJGNIVTXUULB-QFIPXVFZSA-N,0,antagonist,1.0,6.03
CHEMBL6029679,Cc1cc(C(=O)N2CCC[C@H]2c2noc(-c3cccc(Cl)c3C)n2)c(-n2nccn2)cc1C,GSZLOBRWCYPYOC-FQEVSTJZSA-N,0,antagonist,1.0,9.0
CHEMBL6029724,Cc1cccc(-c2ocnc2C(=O)N2CCC[C@H]2c2nnc(-c3ccccc3OC(F)(F)F)[nH]2)c1,ONGQFBFRXVPMAX-KRWDZBQOSA-N,0,antagonist,1.0,5.5
CHEMBL6029935,Cc1nc(-c2ccccc2)c(C(=O)N2CC(F)(F)CCC2CNC(=O)c2cccc3cccnc23)s1,KQXAPLULDRCBLD-UHFFFAOYSA-N,0,antagonist,1.0,8.3
CHEMBL6030014,C[C@@]1(c2nc3cc(F)c(Br)cc3[nH]2)CCCN1C(=O)c1cc(F)ccc1-n1nccn1,RXWDVNJQNAVRSQ-NRFANRHFSA-N,0,antagonist,1.0,6.4
CHEMBL6030039,Cc1nc(C(=O)N2CCCC2c2nc3cc(F)c(Br)cc3[nH]2)c(-c2ccccc2)s1,AKLYYXYEOZHUHO-UHFFFAOYSA-N,0,antagonist,1.0,6.56
CHEMBL6030074,Cc1ccc(-n2nccn2)c(C(=O)N2CCC[C@H]2c2cc(-c3cccnc3OC(C)C)no2)c1,OWMSTXQEOQHFNT-QFIPXVFZSA-N,0,antagonist,1.0,6.54
CHEMBL6030075,C=C1C[C@@H](c2nc3cccc(C)c3[nH]2)N(C(=O)c2cc(OC)ccc2-n2nccn2)C1,VIGULHTZAIBLNK-FQEVSTJZSA-N,0,antagonist,1.0,7.85
CHEMBL6030181,COC(=O)c1c(C#N)ccnc1O[C@@H]1CC[C@@H](C)N(C(=O)c2c(C)cccc2-n2nccn2)C1,ZQFSBIXAOAXYTA-SJLPKXTDSA-N,0,antagonist,1.0,7.77
CHEMBL6030243,Cc1c(C#N)ccnc1O[C@@H]1CC[C@@H](C)N(C(=O)c2ccccc2Oc2ccccc2)C1,QIAYNTZWXBSCFT-XMSQKQJNSA-N,0,antagonist,1.0,7.99
CHEMBL6030270,Cc1cc(C)c(-n2nccn2)c(C(=O)N2CCC[C@H]2c2nc(-c3ccccc3OC(F)(F)F)no2)c1,SXKBBAYXXRENQD-SFHVURJKSA-N,0,antagonist,1.0,7.46
CHEMBL6030302,COc1cccc(-n2nccn2)c1C(=O)N1C[C@H](Sc2cc(C#N)ccn2)CC[C@H]1C,UFKFQUPLVWLDJA-NVXWUHKLSA-N,0,antagonist,1.0,7.29
CHEMBL6030493,CCN(CCc1cccc(C(C)(C)O)n1)C(=O)c1ccccc1-n1ncnn1,GJAUEFFVKXINOH-UHFFFAOYSA-N,0,antagonist,1.0,6.84
CHEMBL6030644,C=C1C[C@@H](c2nc3cc(OC)ccc3[nH]2)N(C(=O)c2nc(C)sc2-c2ccccc2Cl)C1,VPCDCFYLBPXNFH-FQEVSTJZSA-N,0,antagonist,1.0,7.18
CHEMBL6030792,Cc1nccnc1C(=O)N1CC[C@H]2CCN(c3cc(C#N)ccn3)[C@H]2C1,MGHHMHAZZSWZHT-HOTGVXAUSA-N,0,antagonist,1.0,6.48
CHEMBL6031315,COC(=O)N1[C@H](C)C[C@H](NS(C)(=O)=O)[C@@H]1COC1CCC2(c3ncc(OC(F)F)c(C)n3)CC2C1,QHRCKQQPGLKJNV-PONVVCCMSA-N,0,antagonist,1.0,6.59
CHEMBL6031340,C[C@@H]1CCCN(C(=O)c2c(-n3nccn3)ccc(F)c2F)[C@@H]1CNc1ncc(C(F)(F)F)cn1,VREVCPBFCGTIGW-MLGOLLRUSA-N,0,antagonist,1.0,5.301029995663981
CHEMBL6031752,COc1ccc(CC(CO)n2c(=N)n(Cc3ccc(C)cc3)c3ccccc32)cn1,SLXSHHWGEWVNFS-UHFFFAOYSA-N,1,agonist,1.0,6.0
CHEMBL6031765,COC(=O)N1[C@H](C)C[C@H](NS(=O)(=O)N(C)C)[C@@H]1COC1CCC2(c3ncccn3)CC2C1,AMJLPIKYQOFNQO-SCIXHCAUSA-N,0,antagonist,1.0,8.68
CHEMBL6031796,COc1cccc(OC)c1C(=O)N[C@H]1CCC[C@@H]1Nc1nc2ccccc2o1,IJGRYJUBVUCTIR-KBPBESRZSA-N,0,antagonist,1.0,5.0
CHEMBL6032317,CCN(CCN(C)c1nccc(C(C)(C)O)n1)C(=O)c1nccnc1-n1cccn1,OUEBMPOZKNJOMP-UHFFFAOYSA-N,0,antagonist,1.0,7.27
CHEMBL6032347,COc1ccc(C(=O)N2C[C@H](Oc3nccc(C#N)c3C)CC[C@H]2C)c(-c2cnn(C)c2)n1,AYADWDCCSKTRJG-DNVCBOLYSA-N,0,antagonist,1.0,6.77
CHEMBL6032377,COc1cccc(-c2nc([C@@H]3CCCN3C(=O)c3ccc(C)cc3-n3nccn3)no2)c1C,FQZZQUSAPJZWEX-IBGZPJMESA-N,0,antagonist,1.0,6.8
CHEMBL6032480,C[C@@H]1CC[C@@H](Oc2cc(OCC(F)F)ccn2)CN1C(=O)c1ccc(F)cc1-c1ncccn1,OHLOBXOCXKVNBB-CRAIPNDOSA-N,0,antagonist,1.0,7.2
CHEMBL6032536,Cc1cc(Cl)cc2[nH]c([C@@H]3[C@@H](C)CCN3C(=O)c3ccccc3-n3nccn3)nc12,SXIGUDRSURDTOY-RBZFPXEDSA-N,0,antagonist,1.0,6.74
CHEMBL6032594,Cc1ccc(-n2nccn2)c(C(=O)N2CCC[C@@H](C)[C@H]2CNc2nnc(C(F)(F)F)s2)c1,VMQJZOOCIGLSKY-CZUORRHYSA-N,0,antagonist,1.0,5.301029995663981
CHEMBL6032604,Cc1nc(C(=O)N2CCC[C@@H](C(F)(F)F)[C@H]2CNc2ccc(C(F)(F)F)cn2)c(-c2ccccc2)s1,YFBCVCHBTLLJNL-QZTJIDSGSA-N,0,antagonist,1.0,6.34
CHEMBL6032753,Cc1ccc(CC(C2=NCC(CO)O2)n2c(=N)n(Cc3ccc(C)cc3)c3ccccc32)cc1,FQFVUFZZYSVWJM-UHFFFAOYSA-N,1,agonist,1.0,5.3
CHEMBL6033008,O=C(N[C@H]1CCC[C@@H]1Nc1nc2ccc(F)cc2o1)c1ncccc1OC(F)F,XAAVMVUBZCOXHB-RYUDHWBXSA-N,0,antagonist,1.0,5.0
CHEMBL6033036,Cc1ccc(C(=O)N2CC[C@H](C)[C@H]2c2nc3cc(Cl)c(C)cc3[nH]2)c(-c2ccccn2)c1,LBFKZBXOXQSKDO-FYSMJZIKSA-N,0,antagonist,1.0,6.97
CHEMBL6033153,COc1cc(C(=O)N2CCC[C@H]2c2nc(-c3cccc(F)c3OC)no2)c(-n2nccn2)cc1Cl,CIYPBPJMLYOKQS-KRWDZBQOSA-N,0,antagonist,1.0,9.0
CHEMBL6033221,CSc1c(C#N)ccnc1O[C@@H]1CC[C@@H](C)N(C(=O)c2ccccc2-n2nccn2)C1,MZINFDWCWSMITK-NVXWUHKLSA-N,0,antagonist,1.0,9.11
CHEMBL6033319,C=C1C[C@@H](c2nc3ccc(Cl)c(C)c3[nH]2)N(C(=O)c2nc(C)sc2-c2cccc(Br)c2)C1,JMGVQWNUFFUFRB-IBGZPJMESA-N,0,antagonist,1.0,9.15
CHEMBL6033386,Cc1ccc(-c2ncccn2)c(C(=O)N2CCC[C@@H](C)[C@H]2CNc2nc3cc(F)ccc3o2)c1,SVWKECQFVLIUDL-VGOFRKELSA-N,0,antagonist,1.0,6.85
CHEMBL6033420,CS(=O)(=O)N[C@H]1CCCN(C(=O)C2CC2)[C@H]1CO[C@H]1C[C@@H](c2ccccc2)C1,SRZDBVVMGMAKOL-YRPNKDGESA-N,1,agonist,1.0,6.52
CHEMBL6033518,O=C(N[C@H]1CCC[C@@H]1Nc1nc2ccc(F)cc2s1)c1c(F)cccc1Cl,IYWOTCIYMKWXSE-KBPBESRZSA-N,0,antagonist,1.0,5.0
CHEMBL6033592,COc1ccc2nc([C@@H]3CCCN3C(=O)c3cc(C#N)ccc3-n3nccn3)[nH]c2c1,PJOAEEJOPNAJAV-FQEVSTJZSA-N,0,antagonist,1.0,7.64
CHEMBL6033696,O=C(c1cc(Cl)ccc1-n1nccn1)N1CCC[C@H]1c1nnc(-c2ccccc2OC(F)(F)F)[nH]1,CDBWFZQMIMVHRM-KRWDZBQOSA-N,0,antagonist,1.0,8.3
CHEMBL6033774,C[C@@H]1CC[C@@H](c2cc(C(C)(C)O)on2)CN1C(=O)c1cc(Cl)ccc1-n1nccn1,PAEQVNGCFWZPAY-ZIAGYGMSSA-N,0,antagonist,1.0,5.85
CHEMBL6033932,Cc1ccc(-n2nccn2)c(C(=O)N2CCC[C@H]2c2cc(-c3ccccc3)on2)c1,WHFQIPFBRFYCKU-NRFANRHFSA-N,0,antagonist,1.0,7.29
CHEMBL6033983,C[C@@H]1CCCN(C(=O)c2cc(Cl)ccc2-c2ncccn2)[C@@H]1CNc1ncc(C(F)(F)F)cn1,XDBPBLRBJQELMH-AUUYWEPGSA-N,0,antagonist,1.0,5.55
CHEMBL6034210,Cc1cc(C(=O)N2CCC[C@@]2(C)c2nc3c(C)c(Cl)ccc3[nH]2)c(-n2nccn2)cn1,LCCNOSUOLSDBSU-QFIPXVFZSA-N,0,antagonist,1.0,6.52
CHEMBL6034232,Cc1ccc(-n2nccn2)c(C(=O)N2CC(F)(F)C[C@@H](C)C2CNc2ccc(C(F)(F)F)cn2)n1,CKPOSTUVEBPAKJ-FWJOYPJLSA-N,0,antagonist,1.0,5.301029995663981
CHEMBL6034272,COC(=O)c1c(C#N)ccnc1O[C@@H]1CC[C@@H](C)N(C(=O)c2c(F)cccc2-n2nccn2)C1,SUZKBNQWQOAXKV-GDBMZVCRSA-N,0,antagonist,1.0,7.62
CHEMBL6034319,CCN(CCN(C)c1nc(C)cc(C)n1)C(=O)c1cccc(C2CC2)c1,CIUODAJHLKNPDZ-UHFFFAOYSA-N,0,antagonist,1.0,7.58
CHEMBL6034341,CCN(CCN(C)c1nc(C)cc(C)n1)C(=O)c1cccnc1-n1cccn1,UBMCISCOTUHCMN-UHFFFAOYSA-N,0,antagonist,1.0,7.89
CHEMBL6034370,Cc1oc(C[C@H]2CCCCN2C(=O)c2ccccc2C2CCC2)nc1C(C)(C)O,SFKXNWYRIXQHBR-GOSISDBHSA-N,0,antagonist,1.0,6.94
CHEMBL6034508,C=C1C[C@@H](c2nc3cc(C(C)(C)C)ccc3[nH]2)N(C(=O)c2cc(F)ccc2-n2nccn2)C1,PYJNVMZDALNWIQ-QFIPXVFZSA-N,0,antagonist,1.0,8.1
CHEMBL6034546,CN(C)S(=O)(=O)N[C@H]1CCCN(C(=O)C2CC2)[C@H]1CO[C@H]1CC[C@@H](c2ccccc2)CC1,PCRLCJKQYKUKAH-MALNDZBISA-N,1,agonist,1.0,8.66
CHEMBL6034550,COc1ccc(C)cc1-c1nc([C@@H]2CCCN2C(=O)c2cc(C)ccc2-n2nccn2)no1,IACRDAAFUXHBCC-FQEVSTJZSA-N,0,antagonist,1.0,8.05
CHEMBL6034558,Cc1ccc(-n2nccn2)c(C(=O)N2CCC[C@@]2(C)c2nc3cc(F)c(Br)cc3[nH]2)c1F,CMOWYCBMGGAOQC-QFIPXVFZSA-N,0,antagonist,1.0,6.39
CHEMBL6034696,C=C1C[C@@H](c2nc3cccc(C)c3[nH]2)N(C(=O)c2nc(C)ccc2-n2nccn2)C1,SXIJDVGGCLAGHN-SFHVURJKSA-N,0,antagonist,1.0,8.05
CHEMBL6034815,CCOc1ccnc(O[C@@H]2CC[C@@H](C)N(C(=O)c3ccccc3-n3nccn3)C2)c1,BSXZUYJRQHGPOC-SJLPKXTDSA-N,0,antagonist,1.0,7.69
CHEMBL6034824,C[C@@H]1CC[C@@H](c2noc(C(C)(C)O)n2)CN1C(=O)c1ccccc1-c1ncccn1,FXLUJEAGIYTLSP-HUUCEWRRSA-N,0,antagonist,1.0,7.2
CHEMBL6034870,CCN(CCN(CC)c1nc(C)cc(C)n1)C(=O)c1ccccc1-n1nccn1,VACXGDAMAVWGEM-UHFFFAOYSA-N,0,antagonist,1.0,7.44
CHEMBL6035076,Cc1ccc(-c2ccccc2)c(C(=O)N2CC(F)(F)C[C@@H](C)C2CNc2ncc(Cl)cn2)n1,VKLVANHTRUOLQX-IWPPFLRJSA-N,0,antagonist,1.0,5.301029995663981
CHEMBL6035188,C[C@@H]1OC(=O)c2c1ccnc2N(C)[C@@H]1CC[C@@H](C)N(C(=O)c2ccccc2-n2nccn2)C1,QLFJRMDPVABIGY-IXDOHACOSA-N,0,antagonist,1.0,7.55
CHEMBL6035290,C[C@@H]1CCCN(C(=O)c2cccc(F)c2-n2nccn2)[C@@H]1CNc1ccc(C(F)(F)F)cn1,CSFKQHYLUJBRPC-RDTXWAMCSA-N,0,antagonist,1.0,5.301029995663981
CHEMBL6035450,Cc1ccc(-n2ncc(C)n2)c(C(=O)N2CCC[C@@H](C)[C@H]2CNc2nnc(C(F)(F)F)s2)c1,VVGRATQGRFCDNT-CXAGYDPISA-N,0,antagonist,1.0,5.301029995663981
CHEMBL6035535,COC(=O)c1c(C#N)ccnc1O[C@@H]1CC[C@@H](C)N(C(=O)c2ccccc2C2CCC2)C1,KPLRCAPJIDYLAU-VQIMIIECSA-N,0,antagonist,1.0,7.71
CHEMBL6035582,C[C@@H]1CC[C@@H](c2csc(C(C)(C)O)n2)CN1C(=O)c1ccccc1-n1ncnn1,QAPWSJDRFHXNGN-ZIAGYGMSSA-N,0,antagonist,1.0,7.82
CHEMBL6035730,Cc1ccc(CC(CNC(=O)[C@@H](C)O)n2c(=N)n(Cc3ccc(C)cc3)c3ccccc32)cc1,PWJPLFZXYZBYSM-CILPGNKCSA-N,1,agonist,1.0,5.3
CHEMBL6035762,C[C@@]1(c2nc3cc(F)c(Br)cc3[nH]2)CCCN1C(=O)c1c(F)cccc1-n1nccn1,CIQJYTZEEOXVTI-NRFANRHFSA-N,0,antagonist,1.0,6.52
CHEMBL6035817,C=C1C[C@@H](c2nc3cccc(C)c3[nH]2)N(C(=O)c2nc(C)sc2-c2cccc(Br)c2)C1,CEFUBZHXLUSJPE-IBGZPJMESA-N,0,antagonist,1.0,9.1
CHEMBL6035854,Cc1ccc(-n2nccn2)c(C(=O)N2CCC[C@H]2c2cc(-c3ccccc3)no2)c1,DJVYLKIVBOLWGF-NRFANRHFSA-N,0,antagonist,1.0,6.88
CHEMBL6035966,Cc1ccc(-n2nccn2)c(C(=O)N2CCC[C@@H](C)[C@H]2CNc2ncc(C#N)cc2F)c1,HMWCLKDXLYUSTH-IIBYNOLFSA-N,0,antagonist,1.0,5.301029995663981
CHEMBL6036043,C[C@@H]1CC[C@@H](c2nc(C(C)(C)O)cs2)CN1C(=O)c1cscc1-c1ncccn1,QSKWSYYPOFFOFD-ZIAGYGMSSA-N,0,antagonist,1.0,7.6
CHEMBL6036056,CCOc1ncccc1-c1noc([C@@H]2CCCN2C(=O)c2cc(OC)c(C)cc2-c2ncccn2)n1,PAHRATIJXNTTMH-FQEVSTJZSA-N,0,antagonist,1.0,7.38
CHEMBL6036069,O=C(OCC(F)(F)F)N1CCC[C@H](NS(=O)(=O)C2CC2)[C@@H]1COC1CCN(c2ncccn2)CC1,XUTDZCBPBXGAEP-ROUUACIJSA-N,1,agonist,1.0,6.68
CHEMBL6036165,CCOc1ccccc1C(=O)N(CC)CCn1nc(C)c(C(C)(C)O)n1,WKINADFTFGJOKD-UHFFFAOYSA-N,0,antagonist,1.0,7.57
CHEMBL6036200,Cc1ccc(-n2cccn2)c(C(=O)N2CCC[C@@]2(C)c2nc3cc(C)c(C)cc3[nH]2)c1,GBCOTPFASSOFOZ-VWLOTQADSA-N,0,antagonist,1.0,7.08
CHEMBL6036225,COC(=O)c1c(SC)ccnc1O[C@@H]1CC[C@@H](C)N(C(=O)c2cc(F)ccc2-c2ncccn2)C1,SBCJMQXFDIVYQJ-NVXWUHKLSA-N,0,antagonist,1.0,7.14
CHEMBL6036237,C[C@@H]1CC(F)(F)CN(C(=O)c2cnn(C)c2-c2ccccn2)C1CNc1ncc(C(F)(F)F)cn1,HWWMFYKJKSPBQG-FWJOYPJLSA-N,0,antagonist,1.0,5.301029995663981
CHEMBL6036358,Cc1cc2[nH]c([C@@H]3[C@@H](C)CCN3C(=O)c3cc(F)ccc3-c3ccccn3)nc2cc1Cl,OPTMSJDOCVBIAL-PSLXWICFSA-N,0,antagonist,1.0,6.28
CHEMBL6036394,Cc1ccc(-c2ncccn2)c(C(=O)N2CCC[C@@]2(C)c2nc3cc(C(F)(F)F)c(Cl)cc3[nH]2)c1,WVPBMKQMORLKAZ-DEOSSOPVSA-N,0,antagonist,1.0,8.1
CHEMBL6036653,Cc1c(C#N)ccnc1O[C@@H]1CC[C@@H](C)N(C(=O)c2cn(C)nc2-c2nccs2)C1,DVUXIVIJYPWXJJ-CZUORRHYSA-N,0,antagonist,1.0,7.404999999999999
CHEMBL6037016,CC[C@H]1C[C@@H](NS(C)(=O)=O)[C@@H](CO[C@H]2CC[C@@H](c3ccccc3)CC2)N1C(=O)OC,UWQDBURYEPPPII-WRTQPQOASA-N,0,antagonist,1.0,5.13
CHEMBL6037122,COC[C@H](Cc1ccc(C)cc1)n1c(=N)n(Cc2ccc(C)cc2)c2c(C)cccc21,CWIBJOMJXVVVFY-DEOSSOPVSA-N,1,agonist,1.0,5.3
CHEMBL6037138,CCN(CCN(C)c1nc(C)cc(C)n1)C(=O)c1ccccc1OCC(F)F,VERXBTJKXAFEKY-UHFFFAOYSA-N,0,antagonist,1.0,8.04
CHEMBL6037147,C[C@@H]1CC[C@@H](Oc2cc(OCC(F)F)ccn2)CN1C(=O)c1c(F)cccc1-n1nccn1,UFABGEFXBHFAQB-GDBMZVCRSA-N,0,antagonist,1.0,7.25
CHEMBL6037174,Cc1ccc(-n2ccc(C)n2)c(C(=O)N2CCC[C@@H](C)[C@H]2CNc2ccc(C(F)(F)F)nn2)c1,ZJJGGJYYZRBGGN-OXQOHEQNSA-N,0,antagonist,1.0,5.301029995663981
CHEMBL6037254,Cc1ccc(-c2ccccc2C(=O)N2CCC[C@@]2(C)c2nc3cc(C)c(C)cc3[nH]2)cc1,PAWGTRMUYMKAMJ-NDEPHWFRSA-N,0,antagonist,1.0,7.28
CHEMBL6037306,Cc1ccc(-n2nccn2)c(C(=O)N2CCC[C@H]2c2nnc(-c3ccccc3OC(F)(F)F)s2)c1,AMQGXRRLIGPBTR-SFHVURJKSA-N,0,antagonist,1.0,6.95
CHEMBL6037349,C=C1CC(c2nc3c(Br)cccc3[nH]2)N(C(=O)c2nc(C3CC3)sc2-c2cccc(C)c2)C1,SUUDDUCMECPZLW-UHFFFAOYSA-N,0,antagonist,1.0,8.52
CHEMBL6037358,Cc1ccc(C(=O)N2CCC[C@@]2(C)c2nnc(-c3ccccc3OC(F)(F)F)[nH]2)c(-n2nccn2)c1,LAJWGRQNRJIZAP-QHCPKHFHSA-N,0,antagonist,1.0,7.7
CHEMBL6037395,Cc1ccc(-c2ccc(C)cc2C(=O)N2CCC[C@@]2(C)c2nc3cc(C)c(C)cc3n2C)cc1,RZNCXGFZWQJORF-PMERELPUSA-N,0,antagonist,1.0,7.7
CHEMBL6037400,Cc1ccc(-n2nccn2)c(C(=O)N2CCC[C@@H](C)[C@H]2CNc2cccc(C)n2)c1,FSNRUXQFZZRKHI-DYESRHJHSA-N,0,antagonist,1.0,5.3979400086720375
CHEMBL6037429,Cc1nc(C(=O)N2CCC[C@@]2(C)c2nc3c(F)c(F)ccc3[nH]2)c(-c2ccccc2)s1,SRIQMAPLMIOZHF-QHCPKHFHSA-N,0,antagonist,1.0,6.93
CHEMBL6037443,Cc1cccc(C(=O)N2C[C@H](Oc3nccc4c3C(=O)OC4(C)C)CC[C@H]2C)c1-n1nccn1,FRMFWOVLFDCSKO-IAGOWNOFSA-N,0,antagonist,1.0,7.37
CHEMBL6037471,C[C@@H]1CC[C@@H](Oc2nccn3ccnc23)CN1C(=O)c1ccc(F)cc1-n1nccn1,JBJGVHVMWXILCB-GDBMZVCRSA-N,0,antagonist,1.0,7.85
CHEMBL6037502,Cc1ccc(-c2ncco2)c(C(=O)N2CCC[C@H]2c2nc(-c3cccc(Cl)c3C)no2)c1,RGPJTJSFVNOMPE-FQEVSTJZSA-N,0,antagonist,1.0,8.1
CHEMBL6037579,Cc1ccc(-c2ccccn2)c(C(=O)N2CCC[C@H]2c2nc(-c3ccccc3OC(F)F)no2)c1,YFGHKUFHITWOKA-NRFANRHFSA-N,0,antagonist,1.0,7.57
CHEMBL6037763,Cc1ccc(-n2nccn2)c(C(=O)N2CCC[C@H]2c2nc(-c3ccccc3OC(F)F)no2)c1,NZXVXTQNTGPZSS-SFHVURJKSA-N,0,antagonist,1.0,8.05
CHEMBL6038144,COC(=O)N1[C@H](C)C[C@H](NS(C)(=O)=O)[C@@H]1CO[C@H]1CC[C@@]2(c3ncc(Cl)cn3)C[C@H]2C1,BXXQKIRGQQUJQA-ZDLSHRKJSA-N,0,antagonist,1.0,8.55
CHEMBL6038146,Cc1ccc(-c2sccc2C(=O)N2CC[C@H](C)[C@H]2c2nc3c(Cl)cccc3[nH]2)cc1C,PYSPVSXASXGIRN-NYHFZMIOSA-N,0,antagonist,1.0,7.72
CHEMBL6038524,C[C@@H]1CC(F)(F)CN(C(=O)c2nn(C)cc2-c2ccc(F)cc2)C1CNc1cnc(C(F)(F)F)cn1,OSXPIHRJVJPYLT-FWJOYPJLSA-N,0,antagonist,1.0,5.301029995663981
CHEMBL6038646,Cc1ccc(-c2ccccn2)c(C(=O)N2CCC[C@@H](C)[C@H]2CNc2ncc(C#N)cn2)c1,DIOAJPZXKSVEOF-WZONZLPQSA-N,0,antagonist,1.0,5.301029995663981
CHEMBL6038734,COCc1ccccc1-c1noc([C@@H]2CCCN2C(=O)c2cc(C)ccc2-n2nccn2)n1,YRVOVIRWOCPRBZ-NRFANRHFSA-N,0,antagonist,1.0,7.85
CHEMBL6038743,CCc1c(C#N)ccnc1O[C@@H]1CC[C@@H](C)N(C(=O)c2ccccc2-n2nccn2)C1,ZRRPTFZCRHHEAA-SJLPKXTDSA-N,0,antagonist,1.0,9.05
CHEMBL6038755,Cc1ccc(-c2ccccn2)c(C(=O)N2CCC[C@@H](C)[C@H]2CNc2nnc(C(F)(F)F)s2)c1,MBXXWRKSWWCYFA-DNVCBOLYSA-N,0,antagonist,1.0,5.301029995663981
CHEMBL6038815,O=C(N[C@@H]1CC(F)(F)C[C@@H]1Nc1nc2ccc(Cl)cc2s1)c1ccccc1-n1nccn1,FYPMYKYIDBARGL-CVEARBPZSA-N,0,antagonist,1.0,6.36
CHEMBL6038891,CC(=O)N1CCC[C@H](NS(C)(=O)=O)[C@@H]1CO[C@H]1CC[C@@H](c2ccccc2C(F)F)CC1,AYZCPSZIRGAGRW-JWWGGVBKSA-N,1,agonist,1.0,7.02
CHEMBL6038910,CSc1cccc2nc([C@@H]3CCCN3C(=O)c3nc(C4CC4)sc3-c3ccccc3)[nH]c12,WKZGTCAKQUKKCC-SFHVURJKSA-N,0,antagonist,1.0,7.68
CHEMBL6039047,Cc1nc(C(=O)N2CCCC2c2nc3cc(C(F)(F)F)c(Cl)cc3[nH]2)c(-c2ccccc2)s1,VXKUPARUVUBAQK-UHFFFAOYSA-N,0,antagonist,1.0,7.48
CHEMBL6039107,C=C1C[C@@H](c2nc3cc(C)c(C)cc3[nH]2)N(C(=O)c2nc(C)ccc2-n2nccn2)C1,AFRHJTNPBOUZNM-FQEVSTJZSA-N,0,antagonist,1.0,7.89
CHEMBL6039170,Cc1nc(C(=O)N2CCCC2c2nc3c4c(ccc3[nH]2)OCCO4)c(-c2ccccc2)s1,GJRWYPWVUORWFX-UHFFFAOYSA-N,0,antagonist,1.0,7.34
CHEMBL6039216,CCOc1c(F)cccc1-c1nc([C@@H]2CCCN2C(=O)c2cc(OC)c(Cl)cc2-n2nccn2)no1,MYWPKJICHKTMDN-SFHVURJKSA-N,0,antagonist,1.0,8.7
CHEMBL6039305,Cc1ccc(-c2ncccn2)c(C(=O)N2CCC[C@@]2(C)c2nc3cc(F)c(Br)cc3[nH]2)c1,GAKMDUDMVGELOF-DEOSSOPVSA-N,0,antagonist,1.0,7.01
CHEMBL6039342,C[C@@H]1CC(F)(F)CN(C(=O)c2cn(C)nc2-c2ccccc2)C1CNc1ncc(C(F)(F)F)cn1,LXVMESAPXNIPAB-IKJXHCRLSA-N,0,antagonist,1.0,5.301029995663981
CHEMBL6039359,Cc1ccc(-c2cccc(F)c2)c(C(=O)N2CCC[C@@]2(C)c2nc3c(C)c(C)ccc3[nH]2)c1,VLUXTCAIDBDMPI-NDEPHWFRSA-N,0,antagonist,1.0,8.4
CHEMBL6039411,Cc1c(C#N)ccnc1O[C@@H]1CC[C@@H](C)N(C(=O)c2ccc(CO)cc2-c2ccccc2)C1,CKANEDRINVEXGR-WZONZLPQSA-N,0,antagonist,1.0,7.96
CHEMBL6039527,C[C@@H]1CCCN(C(=O)c2cc(C#N)ccc2-n2nccn2)[C@@H]1CNc1ncc(C(F)(F)F)cn1,ASJLBZRMIFYLQQ-AUUYWEPGSA-N,0,antagonist,1.0,5.301029995663981
CHEMBL6039613,Cc1nc(C(=O)N2CC(NCCO)CCC2CNC(=O)c2cccc3cccnc23)c(-c2cccc(F)c2)s1,UDAXLZISFGUGMW-UHFFFAOYSA-N,0,antagonist,1.0,5.92
CHEMBL6039615,CC1(Nc2ncc(C(F)(F)F)cn2)CCCC1NC(=O)c1ncccc1-n1nccn1,LRELHAFAYGELLF-UHFFFAOYSA-N,0,antagonist,1.0,5.0
CHEMBL6039650,Cc1ccc(-c2sc(C)nc2C(=O)N2CC(F)(F)C[C@@H](C)C2CNc2cnc(C(F)(F)F)cn2)nc1,IUISVXBOIJCNJF-JBZHPUCOSA-N,0,antagonist,1.0,5.301029995663981
CHEMBL6039760,CO[C@H]1C[C@@H](c2nc3c(C)cccc3[nH]2)N(C(=O)c2nc(C)sc2-c2ccccc2)C1,OPQYIHNPNRVKLM-HKUYNNGSSA-N,0,antagonist,1.0,6.59
CHEMBL6039771,C[C@@H]1C[C@H](NS(C)(=O)=O)[C@H](CO[C@H]2CC[C@@]3(c4ncc(F)cn4)C[C@H]3C2)N1C(=O)OCC1CC(F)C1,KSXWWUIPMBYCDN-KSBUWLFCSA-N,0,antagonist,1.0,8.96
CHEMBL6039804,Cc1cccc(-c2cn(C)nc2C(=O)N2CC(F)(F)C[C@@H](C)C2CNc2cnc(C(F)(F)F)cn2)n1,DSIYGNHFVBKYPE-FWJOYPJLSA-N,0,antagonist,1.0,5.301029995663981
CHEMBL6039911,Cc1ccc(-n2nccn2)c(C(=O)N[C@@H]2CCC[C@@H]2Nc2cnc3ccccc3n2)c1,GYTNAVCPRBXIHQ-VQTJNVASSA-N,0,antagonist,1.0,5.29
CHEMBL6039951,Cc1ccc(-n2nccn2)c(C(=O)N2CCC[C@H]2c2cc(-c3ccccc3)n[nH]2)c1,POVKFGAWGFSYAM-QFIPXVFZSA-N,0,antagonist,1.0,6.65
CHEMBL6039972,Cc1ccc(-c2ncccn2)c(C(=O)N2CC[C@H](C)[C@H]2c2nc3cc(C)c(C)cc3[nH]2)c1,AYMUVQYQCNHTBI-HJPURHCSSA-N,0,antagonist,1.0,5.65
CHEMBL6040027,COC[C@@H]1C[C@H](NS(C)(=O)=O)[C@H](CO[C@H]2CC[C@@]3(c4ncc(F)cn4)C[C@H]3C2)N1C(=O)OC,LFTLLGUKWLVGFS-IYQTWMPRSA-N,0,antagonist,1.0,8.01
CHEMBL6040074,CC(C)n1cc([C@@H]2CC[C@@H](C)N(C(=O)c3ccccc3-n3nccn3)C2)cn1,YPHBSRAIIWSAER-IAGOWNOFSA-N,0,antagonist,1.0,7.47
CHEMBL6040287,Cc1ccc(-c2cccc(C(F)(F)F)c2)c(C(=O)N2CCC[C@@]2(C)c2nc3cc(C(F)(F)F)ccc3[nH]2)c1,GBNNDEXNKIXAKY-SANMLTNESA-N,0,antagonist,1.0,6.99
CHEMBL6040382,Cc1oc([C@@H]2CC[C@@H](C)N(C(=O)c3ccccc3OC(F)(F)F)C2)nc1C(C)(C)O,KISVEEILCCPEIS-TZMCWYRMSA-N,0,antagonist,1.0,7.85
CHEMBL6040525,C[C@@H]1CC[C@@H](c2csc(C(C)(C)O)n2)CN1C(=O)c1ccccc1C1(C#N)CC1,CPVDJFKMVPOBEZ-HZPDHXFCSA-N,0,antagonist,1.0,7.89
CHEMBL6040599,CCN(CCN(C)c1cc(C#N)ccn1)C(=O)c1ccccc1OC(F)(F)F,KPYXHCOPWPRIJT-UHFFFAOYSA-N,0,antagonist,1.0,7.24
CHEMBL6040676,COc1ccc(-c2cn(C)nc2C(=O)N2CC(F)(F)C[C@@H](C)C2CNc2ccc(C(F)(F)F)cn2)cc1,BKUZWOSERQDQAH-IWPPFLRJSA-N,0,antagonist,1.0,6.77
CHEMBL6040717,COC(=O)N1CCC[C@H](NS(C)(=O)=O)[C@@H]1CO[C@H]1CC[C@@H](c2cccc(F)c2F)CC1,JREDPNDILVRUBV-QXGSTGNESA-N,1,agonist,1.0,8.47
CHEMBL6040766,CCN(CCN(C)c1cc(C#N)ccn1)C(=O)c1cccc2[nH]c(=O)oc12,HFVDFVJHWCQQRC-UHFFFAOYSA-N,0,antagonist,1.0,5.0
CHEMBL6040825,COC[C@H](Cc1ccc(C)cc1)n1c(=N)n(Cc2ccc(F)c(Br)c2)c2ccccc21,MPLLHTXYQCUASB-FQEVSTJZSA-N,1,agonist,1.0,6.0
CHEMBL6040898,CSc1cccc2nc([C@@H]3CCCN3C(=O)c3cncnc3-c3cc(Cl)cc(Cl)c3)[nH]c12,XHCXDOFHOCEXRV-SFHVURJKSA-N,0,antagonist,1.0,6.75
CHEMBL6040914,Cc1ccc(-n2nccn2)c(C(=O)N2CCC[C@H]2c2nc(-c3cccc(Cl)c3C)no2)n1,JUAOSPCBYRWFOE-SFHVURJKSA-N,0,antagonist,1.0,7.17
CHEMBL6041019,Cc1ccc(C(=O)N2C[C@H](Oc3nccc(C#N)c3C)CC[C@H]2C)c(-n2nccn2)c1,SZIRKIRQUWTKGD-VQIMIIECSA-N,0,antagonist,1.0,8.59
CHEMBL6041052,COC(=O)N1[C@H](C)C[C@H](NS(=O)(=O)CF)[C@@H]1CO[C@H]1CC[C@@]2(c3ncc(Cl)c(OC)n3)C[C@H]2C1,INNAJELAJMGZGU-ILHYGTRKSA-N,0,antagonist,1.0,8.23
CHEMBL6041150,Cc1nc(C(=O)N2CC(F)CCC2CNC(=O)c2cccc3cccnc23)c(-c2ccccc2)s1,BSPIQLLFYKKPND-UHFFFAOYSA-N,0,antagonist,1.0,8.1
CHEMBL6041227,Cc1nc(C(=O)N2CC(F)(F)C[C@@H](C)C2CNc2ccc(C(F)(F)F)cn2)c(-c2ccc(F)cc2)s1,KFCCACGNKNBFQZ-YJJYDOSJSA-N,0,antagonist,1.0,5.301029995663981
CHEMBL6041308,Cc1nc(C(=O)N2CCCC2c2nc3c(C)c(C)ccc3[nH]2)c(-c2ccccc2)s1,HMLJRFOZFRUQGA-UHFFFAOYSA-N,0,antagonist,1.0,7.58
CHEMBL6041323,CSc1cccc2nc([C@@H]3CCCN3C(=O)c3nc(C)sc3-c3ccc(Br)cc3)[nH]c12,DQGWQJYLINXYQR-KRWDZBQOSA-N,0,antagonist,1.0,7.32
CHEMBL6041403,Cc1ccc(-c2sc(C)nc2C(=O)N2CC(F)(F)C[C@@H](C)C2CNc2ccc(C(F)(F)F)cn2)cc1,NGDHSYMWTYERNG-NYRJJRHWSA-N,0,antagonist,1.0,5.301029995663981
CHEMBL6041459,CCOc1ccnc(O[C@@H]2CC[C@@H](C)N(C(=O)c3ccccc3-n3ncnn3)C2)c1,BAGRQLSLJGYRJT-NVXWUHKLSA-N,0,antagonist,1.0,7.45
CHEMBL6041849,COc1cc(C(=O)N2CCC[C@H]2c2noc(-c3cccc(C)c3C)n2)c(-n2nccn2)cc1C,UOSSAVXHFVDLHG-FQEVSTJZSA-N,0,antagonist,1.0,8.7
CHEMBL6041850,Cc1c(Cl)ccc2[nH]c([C@]3(C)CCCN3C(=O)c3nc(-c4ccccc4)sc3-c3ccc(F)cc3)nc12,WCWAERCDCJXAOR-LJAQVGFWSA-N,0,antagonist,1.0,6.81
CHEMBL6041900,C[C@@H]1CC[C@@H](c2cnn(C3CCC3)c2)CN1C(=O)c1ccccc1-n1nccn1,RIYNNEBEVKBSIG-IAGOWNOFSA-N,0,antagonist,1.0,7.31
CHEMBL6041962,COc1cc2nc([C@]3(C)CCCN3C(=O)c3cc(C)c(C)cc3-n3nccn3)[nH]c2cc1OC,IWAIPAUQLIXWMD-VWLOTQADSA-N,0,antagonist,1.0,7.8
CHEMBL6042276,COC(=O)N1[C@H](C(F)F)C[C@H](NS(=O)(=O)CF)[C@@H]1CO[C@H]1CC[C@@]2(c3ncc(Cl)cn3)C[C@H]2C1,HYYXDFHFRMATCV-SXXJFXBLSA-N,0,antagonist,1.0,8.96
CHEMBL6042383,COc1cccnc1NC[C@@H]1[C@H](C)CCCN1C(=O)c1cc(C)ccc1-n1nccn1,YQMANKIZJQTUNF-YLJYHZDGSA-N,0,antagonist,1.0,5.301029995663981
CHEMBL6042418,Cc1ccc(C(=O)N2CCC[C@@]2(C)c2nc3cc(F)c(Br)cc3[nH]2)c(-n2nccn2)c1,ITOBHWBVSLHWKH-QFIPXVFZSA-N,0,antagonist,1.0,7.24
CHEMBL6042455,Cc1oc(N2CC3CN(C(=O)c4nccnc4-n4cccn4)CC3C2)nc1C(C)(C)O,AABVUXFFHVGZGI-UHFFFAOYSA-N,0,antagonist,1.0,6.95
CHEMBL6042490,COc1ccc(-c2ccccc2C(=O)N2CCC[C@@]2(C)c2nc3c(C)c(C)ccc3[nH]2)cc1,RZJZCQWBCSXNRD-NDEPHWFRSA-N,0,antagonist,1.0,7.54
CHEMBL6042503,C[C@@H]1CC(F)(F)CN(C(=O)c2nn(C)cc2-c2ccc(Cl)cc2)C1CNc1ncc(C(F)(F)F)cn1,YGDVJUOMRIEVTJ-YJJYDOSJSA-N,0,antagonist,1.0,5.33
CHEMBL6042660,C[C@@H]1CC[C@@H](c2cc(C(C)(C)O)no2)CN1C(=O)c1ccccc1C1CC1(F)F,BFWJJTJZXMESQY-LJNCCCJHSA-N,0,antagonist,1.0,7.28
CHEMBL6042668,C[C@@H]1CC[C@@H](c2nc(CCF)c(-c3ccccc3)o2)CN1C(=O)c1ccccc1-n1nccn1,JXYURZLKKKSRCG-UYAOXDASSA-N,0,antagonist,1.0,7.21
CHEMBL6042812,C=C1C[C@@H](c2nc3cccc(C)c3[nH]2)N(C(=O)c2cc(Cl)ccc2-n2nccn2)C1,RHKAPTDLQJUNIQ-IBGZPJMESA-N,0,antagonist,1.0,7.5
CHEMBL6042887,O=C1C[C@@H](CNC(=O)c2cccc3cccnc23)N(C(=O)c2ccccc2-c2ccccc2)C1,KECRXHHEZOOQQI-NRFANRHFSA-N,0,antagonist,1.0,6.16
CHEMBL6042970,COc1ncccc1-c1noc([C@@H]2CCCN2C(=O)c2cc(C)ccc2-n2nccn2)n1,ZKYZADCMNNZJCR-SFHVURJKSA-N,0,antagonist,1.0,7.13
CHEMBL6043005,CCN(CCN(C)c1nccc(C(C)(C)O)n1)C(=O)c1ccccc1OC(F)F,LIWRAEIDMGUICE-UHFFFAOYSA-N,0,antagonist,1.0,7.31
CHEMBL6043144,COc1cc(C(=O)N2CCC[C@@]2(C)c2nc3cc(OC)c(OC)cc3[nH]2)c(-n2nccn2)cc1OC,OPHGAJCCBUGMNX-VWLOTQADSA-N,0,antagonist,1.0,7.07
CHEMBL6043369,Cc1c(C#N)ccnc1O[C@@H]1CC[C@@H](C)N(C(=O)c2ccc(Cl)cc2-n2nccn2)C1,NFULGWICVGSYDP-RDTXWAMCSA-N,0,antagonist,1.0,8.66
CHEMBL6043379,CC(=O)O[C@H]1C[C@@H](CNC(=O)c2cccc3cccnc23)N(C(=O)c2ccccc2-c2ccccc2)C1,UNSBHHWFPLXPNB-ZEQRLZLVSA-N,0,antagonist,1.0,7.4
CHEMBL6043485,Cc1ccnc(N[C@@H]2C[C@@H](C)N(C(=O)c3ccccc3-n3nccn3)C2)c1,IJOLARQVKPDHKW-HZPDHXFCSA-N,0,antagonist,1.0,7.12
CHEMBL6043627,Cc1oc(C2CC[C@@H](C)N(C(=O)c3ccsc3-n3nccn3)C2)nc1C(C)(C)O,BHIFEFHLXMRKJX-PUODRLBUSA-N,0,antagonist,1.0,7.97
CHEMBL6043632,Cn1ccc([C@H]2CC[C@@H](OC[C@@H]3NCCC[C@@H]3NS(C)(=O)=O)CC2)n1,FXBJLWHIBGLHJQ-FSDCSDTHSA-N,1,agonist,1.0,6.23
CHEMBL6043642,C[C@@H]1CC(F)(F)CN(C(=O)c2cc(Cl)ccc2-c2ncccn2)C1CNc1ncc(Cl)cn1,CMMFPYVUFCWXRN-YJJYDOSJSA-N,0,antagonist,1.0,5.301029995663981
CHEMBL6043645,CS(=O)(=O)N[C@H]1CCCN(C(=O)C2CC2)[C@H]1CO[C@H]1CC[C@@H](C)CC1,PUFBPHNOFHKYHN-ORQFMDKSSA-N,1,agonist,1.0,7.0
CHEMBL6043688,O=C(N[C@H]1CCC[C@@H]1Nc1nc2cc(F)ccc2s1)c1ccccc1-n1nccn1,QOKFERXTHYZAHW-HOTGVXAUSA-N,0,antagonist,1.0,5.07
CHEMBL6043870,C[C@@H]1CC[C@@H](Nc2nccc3c2C(=O)OC3(C)C)CN1C(=O)c1ccsc1-c1ncccn1,CUKFNLYMAZFPLD-HUUCEWRRSA-N,0,antagonist,1.0,7.55
CHEMBL6043903,COc1cccc(-c2sc(C)nc2C(=O)N2CCC[C@H]2c2nc3cccc(SC)c3[nH]2)c1,UXQVMIROINZUOC-SFHVURJKSA-N,0,antagonist,1.0,8.05
CHEMBL6043938,Cc1nc(C(=O)N2CCCC2c2nc3c(F)cccc3[nH]2)c(-c2cccc(Cl)c2)s1,CXYHKRGLIODVNC-UHFFFAOYSA-N,0,antagonist,1.0,6.11
CHEMBL6044100,CCN(CCc1nc(C(C)(C)O)c(C)o1)C(=O)c1ccccc1C1(C#N)CC1,YTHBZKIUFRLPPH-UHFFFAOYSA-N,0,antagonist,1.0,7.58
CHEMBL6044201,CC(=O)N1CCC[C@H](NS(C)(=O)=O)[C@@H]1CO[C@H]1CC[C@@H](c2c(C)cccc2C)CC1,UMUXIQOXSAUSGY-LRSLUSHPSA-N,1,agonist,1.0,5.66
CHEMBL6044208,CS(=O)(=O)N[C@H]1CCCN(C(=O)C2CC2)[C@H]1CO[C@H]1CC[C@@H](c2ccccc2F)CC1,BKTXDLQNYWMTTG-REIYTJMXSA-N,1,agonist,1.0,8.82
CHEMBL6044227,COC(=O)c1c(C#N)ccnc1O[C@@H]1CC[C@@H](C)N(C(=O)c2c(F)cccc2-c2ncccn2)C1,OHYMYLVQQRBIMN-NVXWUHKLSA-N,0,antagonist,1.0,7.48
CHEMBL6044229,COC(=O)CCOC[C@H](Cc1ccc(C)cc1)n1c(=N)n(Cc2ccc(C)cc2)c2ccccc21,QYUPWJNBZDRSND-VWLOTQADSA-N,1,agonist,1.0,5.3
CHEMBL6044233,C[C@@]1(c2nc3cc(F)c(Br)cc3[nH]2)CCCN1C(=O)c1cc(Cl)ccc1-n1nccn1,GRDDGUBBHILLCH-NRFANRHFSA-N,0,antagonist,1.0,7.21
CHEMBL6044245,Cc1nc(C(=O)N2CC(F)(F)C[C@@H](C)C2CNc2ncc(Cl)cn2)c(-c2ccc(F)cc2)s1,HBIPBZAOUBVOLS-MTATWXBHSA-N,0,antagonist,1.0,5.301029995663981
CHEMBL6044265,COc1cc2nc([C@]3(C)CCCN3C(=O)c3nc(C)sc3-c3ccc(F)cc3)[nH]c2cc1OC,NEYXTEBKQYEGMH-VWLOTQADSA-N,0,antagonist,1.0,7.14
CHEMBL6044417,Cc1oc(C[C@H]2CCCCN2C(=O)c2ccccc2C2CC2)nc1C(C)(C)O,SHTYAXFPQWVPRN-QGZVFWFLSA-N,0,antagonist,1.0,7.77
CHEMBL6044457,C[C@@H]1CC[C@@H](Oc2nccn3ccnc23)CN1C(=O)c1nccnc1-c1ccccn1,KQUNVDFGWZXXKJ-HZPDHXFCSA-N,0,antagonist,1.0,7.23
CHEMBL6044494,Cc1ccc(-c2ccccc2C(=O)N2CC[C@H](C)[C@H]2c2nc3cc(Cl)c(C)cc3[nH]2)cc1,FVSDPGVQXOJCRW-GKVSMKOHSA-N,0,antagonist,1.0,6.1
CHEMBL6044619,C[C@@]1(c2nc(-c3ccccc3)no2)CCCN1C(=O)c1ncsc1-c1cccc(Cl)c1,MYFCCXPQGHBVSK-QHCPKHFHSA-N,0,antagonist,1.0,5.55
CHEMBL6044624,Cc1oc([C@@H]2CC[C@@H](C)N(C(=O)c3cscc3-c3ncccn3)C2)nc1C(C)(C)O,PPMCYMXARLPKAZ-UKRRQHHQSA-N,0,antagonist,1.0,7.25
CHEMBL6044631,C[C@@H]1CC[C@@H](c2cc(C(C)(C)O)sn2)CN1C(=O)c1ccccc1-n1ncnn1,VRMRTHCKXNXHQE-ZIAGYGMSSA-N,0,antagonist,1.0,7.2
CHEMBL6044674,Cc1ccc(CC(CNC(=O)Cc2ccccn2)n2c(=N)n(C(C)c3ccc(C)cc3)c3ccccc32)cc1,NDOTWZDLTSHSBT-UHFFFAOYSA-N,1,agonist,1.0,5.3
CHEMBL6044788,C[C@@H]1CC[C@@H](Oc2ccnc3ocnc23)CN1C(=O)c1ccccc1-n1nccn1,MDTDILUTVOTHRE-HUUCEWRRSA-N,0,antagonist,1.0,7.79
CHEMBL6044826,Cc1cn2ccnc(O[C@@H]3CC[C@@H](C)N(C(=O)c4ccsc4-c4ncccn4)C3)c2n1,OYHCTRXCMGAVDK-HZPDHXFCSA-N,0,antagonist,1.0,7.43
CHEMBL6044846,Cc1nc(C(=O)N2CCC[C@H]2c2nc3cc(Cl)c(C(F)(F)F)cc3[nH]2)c(-c2ccccc2)s1,VXKUPARUVUBAQK-SFHVURJKSA-N,0,antagonist,1.0,7.64
CHEMBL6044930,CO[C@H]1CN(C(=O)c2cc(F)ccc2-n2nccn2)C(C)(c2nc3c(C)c(Cl)ccc3[nH]2)C1,ZIFGMOLIBCAVCD-NKTHEXPSSA-N,0,antagonist,1.0,7.89
CHEMBL6044976,CCOC(=O)c1cc([C@@H]2CC[C@@H](C)N(C(=O)c3ccccc3-n3nccn3)C2)on1,SNIPUMQDPPPVGR-HUUCEWRRSA-N,0,antagonist,1.0,7.52
CHEMBL6045033,CC(C)n1cc([C@@H]2CC[C@@H](C)N(C(=O)c3cscc3-n3nccn3)C2)cn1,QTUCYHFWJOWQIN-HUUCEWRRSA-N,0,antagonist,1.0,6.37
CHEMBL6045035,CCN(CCN(C)c1cc(C#N)ccn1)C(=O)c1ccccc1-c1ncc[nH]1,UOKDVYMWGWCUBY-UHFFFAOYSA-N,0,antagonist,1.0,5.79
CHEMBL6045085,COc1ccc2nc([C@@H]3CCCN3C(=O)c3ccccc3-c3ccc(C)c(C)c3)[nH]c2c1,AHUOSCJPKJIMFN-VWLOTQADSA-N,0,antagonist,1.0,7.66
CHEMBL6045141,CC(=O)N1CCC[C@H](NS(=O)(=O)C2CC2)[C@@H]1CO[C@H]1CC[C@@H](C(C)C)CC1,MVEAGSKWKBYCCV-HNJRGHQBSA-N,1,agonist,1.0,7.08
CHEMBL6045307,C#Cc1c(OC)ccnc1N[C@@H]1C[C@@H](C)N(C(=O)c2ccccc2-n2nccn2)C1,QUWKFNBAVKKCTP-HZPDHXFCSA-N,0,antagonist,1.0,6.78
CHEMBL6045331,CCOC(=O)C(NC(=O)[C@@H]1CC[C@@H](C)N(C(=O)c2ccccc2-n2nccn2)C1)C(O)(O)C(F)(F)F,ZTWIEFDVQIHPNO-LJNCCCJHSA-N,0,antagonist,1.0,7.38
CHEMBL6045336,CC(=O)N1CCC[C@H](NS(C)(=O)=O)[C@@H]1CO[C@H]1CC[C@@H](c2cccc(C(F)(F)F)c2)CC1,DTSYXLCOQUYBHZ-CZGNIMDHSA-N,1,agonist,1.0,6.15
CHEMBL6045366,Cc1nc(C(=O)N2CC[C@H](C)[C@H]2c2nc3c(Cl)cccc3[nH]2)c(-c2ccc(F)cc2)s1,DWFFWKQSEIXJCZ-YUNKPMOVSA-N,0,antagonist,1.0,5.36
CHEMBL6045425,Cc1ccc(-n2nccn2)c(C(=O)N2CCC[C@H]2c2noc(-c3ccccc3OC(F)(F)F)n2)c1,WTIYRLUBVOWDQN-SFHVURJKSA-N,0,antagonist,1.0,8.4
CHEMBL6045545,C#Cc1cc(N2CC[C@@H]3CCN(C(=O)c4ccccc4-n4nccn4)C[C@@H]32)ncc1F,XLDYKEXNDCGLPH-UWJYYQICSA-N,0,antagonist,1.0,5.33
CHEMBL6045558,CCc1ccccc1-c1noc([C@@H]2CCCN2C(=O)c2cc(C)ccc2-n2nccn2)n1,JOJYKUAAFKCDAP-NRFANRHFSA-N,0,antagonist,1.0,7.96
CHEMBL6045794,CCOc1ncccc1-c1noc([C@@H]2CCCN2C(=O)c2ccc(C)c(C)c2-n2nccn2)n1,QXNVWZYQXAXGPN-IBGZPJMESA-N,0,antagonist,1.0,6.87
CHEMBL6045821,Cc1ccc(CC(CNC(=O)c2ccccn2)n2c(=N)n(Cc3ccc(C)cc3)c3ccccc32)cc1,NSHINQQTHYUCPI-UHFFFAOYSA-N,1,agonist,1.0,5.3
CHEMBL6045859,CSc1ccc2nc([C@@H]3CCCN3C(=O)c3nc(C)sc3-c3cccc(F)c3)[nH]c2c1,UMIQMJCEWICALV-IBGZPJMESA-N,0,antagonist,1.0,7.14
CHEMBL6046037,Cc1ccc(-n2nccn2)c(C(=O)N2CCC[C@@H](C)[C@H]2CNc2ncccc2C)c1,XKZJPVPVPDMFOL-DYESRHJHSA-N,0,antagonist,1.0,5.301029995663981
CHEMBL6046054,Cc1ccc(CC(CNC(=O)c2ccc3c(c2)NNN3)n2c(=N)n(Cc3ccc(C)cc3)c3ccccc32)cc1,WMXKWHXGQZZQGO-UHFFFAOYSA-N,1,agonist,1.0,5.3
CHEMBL6046151,COc1ccc2nc([C@@H]3CCCN3C(=O)c3cnc(C)nc3-c3ccc(Cl)c(Cl)c3)[nH]c2c1,SYZGHXVDDCVFOA-NRFANRHFSA-N,0,antagonist,1.0,6.96
CHEMBL6046244,Cc1ccc(CC(CNS(=O)(=O)C2CC2)n2c(=N)n(Cc3ccc(C)cc3)c3ccccc32)cc1,OXCCWGUSMLVKMS-UHFFFAOYSA-N,1,agonist,1.0,5.3
CHEMBL6046251,Cc1ccc(-n2nccn2)c(C(=O)N2CCC[C@@]2(C)c2nc3cc(C(F)(F)F)c(Cl)cc3[nH]2)n1,OCZZWUHZTQKADF-NRFANRHFSA-N,0,antagonist,1.0,7.52
CHEMBL6046426,COc1cc2nc([C@@H]3[C@@H](C)CCN3C(=O)c3cc(C)ccc3-c3ncccn3)[nH]c2cc1OC,OXMGSGSUHQLEPF-HJPURHCSSA-N,0,antagonist,1.0,7.16
CHEMBL6046444,CSc1cccc2nc([C@@H]3CCCN3C(=O)c3cc(C#N)ccc3-n3nccn3)[nH]c12,ZABUBUMIZCFPBH-SFHVURJKSA-N,0,antagonist,1.0,7.82
CHEMBL6046486,Cc1cc(F)cc(C(=O)N2CCC[C@H]2c2nc(-c3cccc(Cl)c3C)no2)c1-n1nccn1,BKYOIFQBPPLUCD-IBGZPJMESA-N,0,antagonist,1.0,6.6
CHEMBL6046610,Cc1c(Cl)ccc2[nH]c([C@@H]3[C@@H](C)CCN3C(=O)c3cc(Cl)ccc3-n3nccn3)nc12,LUOZKRPVGIKIME-YUNKPMOVSA-N,0,antagonist,1.0,7.19
CHEMBL6046652,Cc1ccc(CC(C(=O)N2CC(CO)C2)n2c(=N)n(C(C)c3ccc(C)cc3)c3ccccc32)cc1,DPBOYRHBLAIFFP-UHFFFAOYSA-N,1,agonist,1.0,5.82
CHEMBL6046703,C[C@@H]1CC[C@@H](c2nsc(C(C)(C)O)n2)CN1C(=O)c1cscc1-n1nccn1,NCYQEDRSFBNUSC-VXGBXAGGSA-N,0,antagonist,1.0,6.96
CHEMBL6046788,COc1cccc(-c2nccnc2C(=O)N2CCC[C@H]2c2nc(-c3cccc(Cl)c3C)no2)c1,UDNNIIMQSPQDAB-FQEVSTJZSA-N,0,antagonist,1.0,6.74
CHEMBL6046807,CC(C)c1nc([C@@H]2CC[C@@H](C)N(C(=O)c3ccccc3-n3nccn3)C2)no1,TZDYIXGRAKBVPX-HUUCEWRRSA-N,0,antagonist,1.0,7.55
CHEMBL6047024,COc1ccc(-n2nccn2)c(C(=O)N2CC[C@H](C)[C@H]2c2nc3cc(OC)c(OC)cc3[nH]2)c1,KZGAEZTZSNQHKN-FPTDNZKUSA-N,0,antagonist,1.0,7.01
CHEMBL6047200,COc1cccc(C#Cc2ccccc2C(=O)N2CC[C@H](C)[C@H]2c2nc3cc(Cl)c(C)cc3[nH]2)c1,QHOOFEYVMVIMAH-MYUZEXMDSA-N,0,antagonist,1.0,6.69
CHEMBL6047275,C[C@@H]1CC[C@@H](c2nc(C#N)c(N)o2)CN1C(=O)c1ccccc1-n1nccn1,HVLXGDARPOSIPH-CHWSQXEVSA-N,0,antagonist,1.0,7.23
CHEMBL6047286,CCOc1ncccc1-c1noc([C@@H]2CCCN2C(=O)c2cc(OC)ccc2-n2nccn2)n1,GTKBGYVEQYPMTQ-IBGZPJMESA-N,0,antagonist,1.0,7.8
CHEMBL6047350,Cc1cn2ccnc(O[C@@H]3CC[C@@H](C)N(C(=O)c4cscc4-c4ncccn4)C3)c2n1,XRRDRLMCAFXUSS-HZPDHXFCSA-N,0,antagonist,1.0,7.2
CHEMBL6047400,COc1cccc(OC)c1C(=O)N[C@H]1CCC[C@@H]1Nc1nc2ccccc2s1,PQSRJJBKNVQRDI-KBPBESRZSA-N,0,antagonist,1.0,5.0
CHEMBL6047433,C[C@@H]1CC[C@@H](Oc2nccn3c(CF)cnc23)CN1C(=O)c1ccccc1CS(C)(=O)=O,PFARSPDONWGHJD-CRAIPNDOSA-N,0,antagonist,1.0,7.2
CHEMBL6047484,CCN(CCN(C)c1nccc(C(C)(C)O)n1)C(=O)c1ncccc1-n1nccn1,UFGVWLQKOFBMJL-UHFFFAOYSA-N,0,antagonist,1.0,7.37
CHEMBL6047525,COc1cc(OC)nc(O[C@@H]2CC[C@@H](C)N(C(=O)c3ccccc3-n3nccn3)C2)c1,MQRFEOYYAKWIDK-HZPDHXFCSA-N,0,antagonist,1.0,7.15
CHEMBL6047639,Cc1cccnc1-c1cn(C)nc1C(=O)N1CC(F)(F)C[C@@H](C)C1CNc1ncc(C(F)(F)F)cn1,GLENNVJMJXKZHA-XPCCGILXSA-N,0,antagonist,1.0,5.301029995663981
CHEMBL6047745,CS(=O)(=O)N[C@H]1CCCN(C(=O)OCC(F)(F)F)[C@H]1COC1CCN(c2ncccn2)CC1,JKZPMOHVVITSLR-HOTGVXAUSA-N,1,agonist,1.0,7.085
CHEMBL6047870,COCCn1c([C@]2(C)CCCN2C(=O)c2cc(C)ccc2-c2ccc(C)cc2)nc2cc(C)c(C)cc21,ZUHCBZPZFOUAJF-YTTGMZPUSA-N,0,antagonist,1.0,6.97
CHEMBL6047876,C[C@@H]1CC(F)(F)CN(C(=O)c2nn(C)cc2-c2cccc(F)c2)C1CNc1ncc(C(F)(F)F)cn1,OOCMLZQOTUITAU-YJJYDOSJSA-N,0,antagonist,1.0,5.301029995663981
CHEMBL6048095,CCN(CCN(C)c1nc(C)cc(C)n1)C(=O)c1ccccc1-n1ncnn1,SSBPIQVLUCHSSH-UHFFFAOYSA-N,0,antagonist,1.0,8.06
CHEMBL6048165,COc1ccc2nc([C@@H]3CCCN3C(=O)c3cnc(C)nc3-c3ccc(C)c(C)c3)[nH]c2c1,YWRJJLQJSAZOLG-QHCPKHFHSA-N,0,antagonist,1.0,7.11
CHEMBL6048235,Cc1cccc(-c2cn(C)nc2C(=O)N2CC(F)(F)C[C@@H](C)C2CNc2ncc(C(F)(F)F)cn2)n1,GIZDAGBYCXJNIE-YJJYDOSJSA-N,0,antagonist,1.0,5.301029995663981
CHEMBL6048237,Cc1ccc(-n2nccn2)c(C(=O)N2CCC[C@@H](C)[C@H]2CNc2ncc3cc(Br)ccc3n2)c1,JQPRDDIADOXCIN-UZUQRXQVSA-N,0,antagonist,1.0,5.301029995663981
CHEMBL6048247,COC(=O)c1ccccc1C(=O)N1CC(c2nc(C(C)(C)O)c(C)o2)CC[C@H]1C,QGKQLDNQQNSWIM-AFYYWNPRSA-N,0,antagonist,1.0,7.64
CHEMBL6048348,C[C@@H]1CC[C@@H](Oc2nccn3c(C(F)(F)F)cnc23)CN1C(=O)c1cccnc1OCC(F)(F)F,BZZPWDXPTWVWTG-CHWSQXEVSA-N,0,antagonist,1.0,7.55
CHEMBL6048379,Cc1ccc(C(=O)N2CCC[C@@H](C)[C@H]2CNc2ccc(C(F)(F)F)cn2)c(-n2nccn2)c1,HNGVVNFIUVFIMF-OXQOHEQNSA-N,0,antagonist,1.0,5.36
CHEMBL6048389,Cc1nc(C(=O)N2CCCC2c2nc3c(C)c(C)ccc3[nH]2)c(-c2cccc(Cl)c2)s1,DPJMUOURGLSBHV-UHFFFAOYSA-N,0,antagonist,1.0,7.72
CHEMBL6048445,COC(=O)N1[C@H](C(F)F)C[C@H](NS(C)(=O)=O)[C@@H]1CO[C@H]1CC[C@@]2(c3ncc(F)cn3)C[C@H]2C1,ORTIBEBKYCYGKC-SXXJFXBLSA-N,0,antagonist,1.0,8.77
CHEMBL6048628,COC(=O)N1C(COC2CCC3(c4ncccn4)CC3C2)[C@@H](NS(C)(=O)=O)C[C@H]1C,QMZKWPGSNQEJBN-YIADRCPSSA-N,0,antagonist,1.0,7.79
CHEMBL6048864,Cc1ccc(-c2ncccn2)c(C(=O)N2CCC[C@H]2c2nc(-c3cccc(Cl)c3C)no2)c1,KWACSOLYZAQQDE-NRFANRHFSA-N,0,antagonist,1.0,7.54
CHEMBL6048903,Cc1nc(C(=O)N2CCCC2c2nc3c(C)cccc3[nH]2)c(-c2ccccc2)s1,IILYYQAVLGBPFX-UHFFFAOYSA-N,0,antagonist,1.0,7.16
CHEMBL6048953,CCOc1ccccc1C(=O)N1CC[C@H]2CCN(c3cc(C#N)ccn3)[C@H]2C1,HUBXSLHPIRUDMX-HKUYNNGSSA-N,0,antagonist,1.0,6.96
CHEMBL6048996,C=C1C[C@@H](c2nc3cc(C)c(C)cc3[nH]2)N(C(=O)c2cc(C)ccc2-n2cccn2)C1,YKKUEQJPYWSGKF-QHCPKHFHSA-N,0,antagonist,1.0,7.6
CHEMBL6049012,CCN(CCn1ncc(C(C)(C)O)n1)C(=O)c1ccccc1OC(C)C,BRXAOYSXTPEBDW-UHFFFAOYSA-N,0,antagonist,1.0,6.84
CHEMBL6049058,CCNC(=O)N1CCC[C@H](NS(C)(=O)=O)[C@@H]1CO[C@H]1CC[C@@H](c2ccccc2F)CC1,FBPIOTYCKPSWSK-JWWGGVBKSA-N,1,agonist,1.0,9.92
CHEMBL6049169,Cc1ccc(-n2nccn2)c(C(=O)N2CC[C@H](C)[C@H]2c2nc3c(C(C)C)cccc3[nH]2)c1,HLPZUZPVFLIJDJ-SBUREZEXSA-N,0,antagonist,1.0,6.12
CHEMBL6049199,C=C1C[C@@H](c2nc3cc(OC)ccc3[nH]2)N(C(=O)c2ccccc2-n2nccn2)C1,SLKDBHCQGPYVFB-FQEVSTJZSA-N,0,antagonist,1.0,7.77
CHEMBL6049548,Cc1nc(C(=O)N2C[C@H]3CCC[C@H]3C2CNc2ncc(C(F)(F)F)cn2)c(-c2ccc(F)cc2)s1,LAJSQFSKBDATIW-AOQMIGQVSA-N,0,antagonist,1.0,5.3
CHEMBL6049555,CCOc1ncccc1-c1noc([C@@H]2CCCN2C(=O)c2cc(C)c(C)cc2-n2nccn2)n1,BOQVDFTVLWLBKS-IBGZPJMESA-N,0,antagonist,1.0,8.52
CHEMBL6049724,C=C1C[C@@H](c2nc3cccc(SC)c3[nH]2)N(C(=O)c2cc(C)ccc2-n2nccn2)C1,GUWPZXCYVNNNKJ-IBGZPJMESA-N,0,antagonist,1.0,8.0
CHEMBL6049770,C[C@@H]1CC[C@@H](Oc2cc(OCC(F)F)ccn2)CN1C(=O)c1ccccc1-n1nccn1,PJJPRQDWGCCETP-NVXWUHKLSA-N,0,antagonist,1.0,7.92
CHEMBL6049779,COc1ccccc1-c1nnc([C@@H]2CCCN2C(=O)c2ccc(Cl)cc2-n2nccn2)[nH]1,IRCNQCYCHFKASB-KRWDZBQOSA-N,0,antagonist,1.0,7.51
CHEMBL6049823,O=C(c1ccccc1-n1nccn1)N1CCC[C@H]1c1nc(-c2ccccc2C(F)(F)F)no1,YOGBPDHNFOTJKI-SFHVURJKSA-N,0,antagonist,1.0,6.88
CHEMBL6049884,Cc1ccc(-n2nccn2)c(C(=O)N2CCC[C@H]2c2noc(-c3cccc(C(F)(F)F)n3)n2)c1,VNNBACQHCRWYBO-KRWDZBQOSA-N,0,antagonist,1.0,6.5
CHEMBL6049998,CS(=O)(=O)N[C@H]1CCCN(C(=O)C2CC2)[C@H]1COC1CCN(c2ccccc2F)CC1,OGXHWNUDSNQYLM-FPOVZHCZSA-N,1,agonist,1.0,6.14
CHEMBL6050085,COc1c(F)cccc1-c1nnc([C@@H]2CCCN2C(=O)c2cc(C)ccc2-n2nccn2)o1,UFGKKXPRMAIOKB-IBGZPJMESA-N,0,antagonist,1.0,6.63
CHEMBL6050152,Cc1c(Cl)ccc2[nH]c([C@@H]3[C@@H](C)CCN3C(=O)c3cc(C(F)(F)F)ccc3-c3ccccc3)nc12,XRVQPAYTTYKUCX-OWJWWREXSA-N,0,antagonist,1.0,5.84
CHEMBL6050209,Cc1ccc(-n2nccn2)c(C(=O)N2CCC[C@@H](C)[C@H]2CNc2ncccc2C(F)(F)F)c1,RIEJJXQDXNLZKX-OXQOHEQNSA-N,0,antagonist,1.0,5.75
CHEMBL6050304,Cc1nc(C(=O)N2CC[C@H](C)[C@H]2c2nc3c(C(F)(F)F)cccc3[nH]2)c(-c2cccc(Cl)c2)s1,GNDUVCYFKUIFPJ-YUNKPMOVSA-N,0,antagonist,1.0,6.38
CHEMBL6050344,Cc1ccc(-n2ccnn2)c(C(=O)N[C@H]2CCC[C@@H]2Nc2nc3ccc(F)cc3s2)c1,SYZGAARROSHZHI-IRXDYDNUSA-N,0,antagonist,1.0,5.0
CHEMBL6050394,Cc1ccc(-c2cccnc2)c(C(=O)N2CCC[C@@]2(C)c2nc3c(C)c(Cl)ccc3[nH]2)c1,AGAQFIOCCWWMOS-SANMLTNESA-N,0,antagonist,1.0,7.35
CHEMBL6050404,Cc1nc(C(=O)N2CCCC2c2nc3cc(C(F)(F)F)c(F)cc3[nH]2)c(-c2cccc(Cl)c2)s1,ZSWZXDDOCZTMNS-UHFFFAOYSA-N,0,antagonist,1.0,6.61
CHEMBL6050417,COc1cc(C(=O)N2CCC[C@H]2c2nnc(-c3cccc(Cl)c3OC)[nH]2)c(-n2nccn2)cc1C,PEKATTSYWBWHSV-SFHVURJKSA-N,0,antagonist,1.0,8.7
CHEMBL6050498,Cc1cccc(-c2sc(C)nc2C(=O)N2CC(F)(F)C[C@@H](C)C2CNc2cnc(C(F)(F)F)cn2)c1,ZJMBYCHFWFLKIM-XPCCGILXSA-N,0,antagonist,1.0,5.301029995663981
CHEMBL6050563,C[C@@H]1CC[C@@H](Oc2nccn3c(Br)cnc23)CN1C(=O)c1ccccc1-n1nccn1,HXEUUKAITDSZMK-HUUCEWRRSA-N,0,antagonist,1.0,7.88
CHEMBL6050712,C=C1C[C@@H](c2nc3cc(OC)ccc3[nH]2)N(C(=O)c2ccccc2-c2csc(C)n2)C1,JUOOETQIQXNRCN-QFIPXVFZSA-N,0,antagonist,1.0,7.12
CHEMBL6050819,COC[C@H](Cc1ccc(C)cc1)n1c(=N)n(Cc2ccc(C)cc2)c2cc(Br)ccc21,KUQNEZPIJPHHDF-QHCPKHFHSA-N,1,agonist,1.0,5.3
CHEMBL6050840,COc1c(F)cccc1-c1noc([C@@H]2CCCN2C(=O)c2ccc(C(F)(F)F)cc2-n2nccn2)n1,FETULTQYTLUDQW-KRWDZBQOSA-N,0,antagonist,1.0,7.37
CHEMBL6050852,C=C1CN(C(=O)c2cc(Cl)ccc2-n2nccn2)C(C)(c2nc3cc(OC)ccc3[nH]2)C1,YYLODTYQXHBVOO-UHFFFAOYSA-N,0,antagonist,1.0,7.68
CHEMBL6050853,Cc1c(C#N)ccnc1O[C@@H]1CC[C@@H](C)N(C(=O)c2cc(F)ccc2-n2nccn2)C1,FWTMUCLXOXROHO-RDTXWAMCSA-N,0,antagonist,1.0,8.59
CHEMBL6051051,CSc1cccc2nc([C@@H]3CCCN3C(=O)c3cnc(C)nc3-c3cccc(Cl)c3)[nH]c12,DYOVNQRKFGSZFM-IBGZPJMESA-N,0,antagonist,1.0,6.94
CHEMBL6051147,CC(C)[C@H]1CC[C@@H](OC[C@H]2[C@@H](NS(C)(=O)=O)CCCN2C(=O)CC(C)(C)O)CC1,IIOVXHYCZRDWPP-RDGPPVDQSA-N,1,agonist,1.0,6.25
CHEMBL6051158,C=C1C[C@@H](c2nc3cc(C)c(C)cc3[nH]2)N(C(=O)c2nc(C)sc2-c2ccc(C)c(C)c2)C1,JHHAXFCLUCKEST-QHCPKHFHSA-N,0,antagonist,1.0,9.0
CHEMBL6051210,CSc1ccc2[nH]c([C@@H]3CCCN3C(=O)c3cc(C)ccc3-n3cccn3)nc2c1,GVKIGOCNOPXQGV-NRFANRHFSA-N,0,antagonist,1.0,7.52
CHEMBL6051213,C[C@@H]1CC[C@@H](Oc2nccn3c(C(F)F)cnc23)CN1C(=O)c1nccnc1-n1cccn1,ZGPDWBJMVNXYPC-ZIAGYGMSSA-N,0,antagonist,1.0,7.21
CHEMBL6051367,Cc1ccc(-n2nccn2)c(C(=O)N2CC[C@H](C)[C@H]2c2nc3c(C)cc(C)cc3[nH]2)c1,AEVIXBKPFHDELL-AOMKIAJQSA-N,0,antagonist,1.0,6.53
CHEMBL6051427,Cc1nc(C(=O)N2CCC[C@H]2c2cc(-c3ccccc3)no2)c(-c2cccc(Cl)c2)s1,RMWCEDOFSYYLHV-FQEVSTJZSA-N,0,antagonist,1.0,6.14
CHEMBL6051445,Cc1ccc(-n2nccn2)c(C(=O)N2CCC[C@@H](C)[C@H]2CNc2ncc(F)cc2F)c1,MWUQVNQYLMESNL-FOIQADDNSA-N,0,antagonist,1.0,5.301029995663981
CHEMBL6051488,Cc1ccc(CC(C(=O)N2CCC2)n2c(=N)n(C(C)c3ccc(C)cc3)c3ccccc32)cc1,YQTWWYDWGIZHAH-UHFFFAOYSA-N,1,agonist,1.0,5.3
CHEMBL6051630,COc1cccc(-c2nc([C@@H]3CCCN3C(=O)c3ccc(Cl)cc3-n3nccn3)no2)c1C,KXZGIDUXQMEYDN-SFHVURJKSA-N,0,antagonist,1.0,7.0
CHEMBL6051665,C[C@@H]1CC[C@@H](c2csc(C(C)(C)O)n2)CN1C(=O)c1ccccc1-c1ncccn1,CQBGYUBELURGQT-HZPDHXFCSA-N,0,antagonist,1.0,6.99
CHEMBL6051682,CC(=O)N1CCC[C@H](NS(C)(=O)=O)[C@@H]1CO[C@H]1CC[C@@H](C2CCCCC2)CC1,BCYRFBVDWSSPJS-WOZUAGRISA-N,1,agonist,1.0,5.37
CHEMBL6051704,COc1cccc(OC)c1C(=O)NC1COCC1Nc1nc2ccc(Cl)cc2s1,VWEKNQAXJFBOQH-UHFFFAOYSA-N,0,antagonist,1.0,5.85
CHEMBL6051835,C[C@@H]1C[C@H](NS(C)(=O)=O)[C@H](CO[C@H]2CC[C@@]3(c4ncc(F)cn4)C[C@H]3C2)N1C(=O)OCC(C)(F)F,STSCCYNDAJJBRL-QYWYSCOZSA-N,0,antagonist,1.0,8.68
CHEMBL6051938,C[C@@H]1CC(F)(F)CN(C(=O)c2nn(C)cc2-c2ccccc2)[C@@H]1COc1ccc(C(F)(F)F)cn1,OJTULGBVWRQMTC-DNVCBOLYSA-N,0,antagonist,1.0,5.301029995663981
CHEMBL6052043,COc1ccccc1[C@H]1CC[C@@H](OC[C@H]2[C@@H](NS(C)(=O)=O)CCCN2C(=O)C2CC2)CC1,AGFAYTQJGDVPLE-TZEULACYSA-N,1,agonist,1.0,8.57
CHEMBL6052592,CCN(CCn1cc(C(C)(C)O)cn1)C(=O)c1ccccc1-n1nccn1,GTGCRJRMDMDURW-UHFFFAOYSA-N,0,antagonist,1.0,7.46
CHEMBL6052670,Cc1c(C#N)ccnc1O[C@@H]1CC[C@@H](C)N(C(=O)c2c(F)cccc2-n2nccn2)C1,MFYUANYIPPBDLX-RHSMWYFYSA-N,0,antagonist,1.0,8.76
CHEMBL6052786,Cc1ccc(-c2sc(C)nc2C(=O)N2CC(F)(F)C[C@@H](C)C2CNc2ncc(C(F)(F)F)cn2)cc1,KJHMCOUBPSQMOY-IKJXHCRLSA-N,0,antagonist,1.0,5.301029995663981
CHEMBL6052846,Cc1ccc(-c2cn(C)nc2C(=O)N2CC(F)(F)C[C@@H](C)C2CNc2cnc(C(F)(F)F)cn2)nc1,MKTDRAQHARKVMO-XPCCGILXSA-N,0,antagonist,1.0,5.301029995663981
CHEMBL6052884,C[C@@H]1CC[C@@H](c2noc(C(C)(C)O)n2)CN1C(=O)c1ccccc1-n1nccn1,PTUXZXMCZHDPBE-ZIAGYGMSSA-N,0,antagonist,1.0,7.72
CHEMBL6052889,C[C@@H]1CC[C@@H](c2noc([C@](C)(O)C(F)(F)F)n2)CN1C(=O)c1ccccc1-n1nccn1,KPGZOEVIQMVXEA-VPZZIHKRSA-N,0,antagonist,1.0,7.75
CHEMBL6053102,Cc1ccc(CC(CN(C)C(=O)CO)n2c(=N)n(C(C)c3ccc(C)cc3)c3ccccc32)cc1,KEKBTJYQFZRZKB-UHFFFAOYSA-N,1,agonist,1.0,5.82
CHEMBL6053220,Cc1c(C#N)ccnc1O[C@@H]1CC[C@@H](C)N(C(=O)c2ccccc2-c2nccs2)C1,ICHOHAILFUZAEE-CRAIPNDOSA-N,0,antagonist,1.0,9.05
CHEMBL6053265,C[C@@H]1CC[C@@H](Nc2nccn3nccc23)CN1C(=O)c1ccccc1-n1nccn1,MDPBVUIHWMLXCY-HZPDHXFCSA-N,0,antagonist,1.0,7.69
CHEMBL6053383,C[C@@H]1CC[C@@H](Oc2cc(C(C)(C)O)ccn2)CC1C(=O)c1ccccc1-n1nccn1,OFPDSOQKEFGGTK-PGBVBIMESA-N,0,antagonist,1.0,7.7
CHEMBL6053598,COc1ccc(-c2sc(C)nc2C(=O)N2CC[C@H](C)[C@H]2c2nc3cc(C(F)(F)F)ccc3[nH]2)cc1,KUAHZOFZPKHZLU-ZSEKCTLFSA-N,0,antagonist,1.0,5.56
CHEMBL6053682,Cc1oc(N2CC3CN(C(=O)c4ccccc4C4CCC4)CC3C2)nc1C(C)(C)O,XFCVHBDMAHGRFG-UHFFFAOYSA-N,0,antagonist,1.0,7.64
CHEMBL6053818,COC(=O)N1CCC[C@H](NS(=O)(=O)N(C)C)[C@@H]1CO[C@H]1CC[C@@H](c2ccccc2)CC1,INDCLYIGPLPNIG-WOZUAGRISA-N,1,agonist,1.0,8.51
CHEMBL6053927,C[C@@H]1CCCN(C(=O)c2nccc3ccccc23)[C@@H]1CNc1ncc(Cl)cn1,GNJMUDFHEQZVKO-RDTXWAMCSA-N,0,antagonist,1.0,5.301029995663981
CHEMBL6053936,CC(C)c1cn2ccnc(O[C@@H]3CC[C@@H](C)N(C(=O)c4ccccc4-n4nccn4)C3)c2n1,ZMVNWSDPVGIMBL-QZTJIDSGSA-N,0,antagonist,1.0,7.31
CHEMBL6054031,Cc1ccc(-n2cccn2)c(C(=O)N2CCC[C@@]2(C)c2nc3c(C)c(Cl)ccc3[nH]2)n1,ZKTDYXONFXIQFE-QHCPKHFHSA-N,0,antagonist,1.0,7.54
CHEMBL6054034,COc1cccc(-c2nc([C@@H]3CCCN3C(=O)c3cc(C)ccc3-n3nccn3)no2)c1C,HYNROYDTRQQKQI-FQEVSTJZSA-N,0,antagonist,1.0,7.52
CHEMBL6054076,Cc1nc(C(=O)N2CCCC2c2nc3cc(Cl)c(Cl)cc3[nH]2)c(-c2ccccc2)s1,SGQGODSHBGWUOI-UHFFFAOYSA-N,0,antagonist,1.0,7.11
CHEMBL6054214,CC(=O)N1CCC[C@H](NS(C)(=O)=O)[C@@H]1CO[C@H]1CC[C@@H](c2ccn(C)n2)CC1,KPLLJCXLUVAWAQ-NBMJBFSESA-N,1,agonist,1.0,5.8
CHEMBL6054227,CS(=O)(=O)N[C@H]1CCCN(C(=O)CO)[C@H]1CO[C@H]1CC[C@@H](c2ccccc2C(F)(F)F)CC1,DICSSPNUTKDXPR-JSJNYSNDSA-N,1,agonist,1.0,8.05
CHEMBL6054330,C[C@@H]1CC(F)(F)CN(C(=O)c2nn(C)cc2-c2ccncn2)[C@@H]1CNc1ncc(C(F)(F)F)cn1,MYIXRDGTFTVFJH-MLGOLLRUSA-N,0,antagonist,1.0,5.301029995663981
CHEMBL6054396,Cc1ccc(CC(CNC(=O)c2cccc(C)n2)n2c(=N)n(Cc3ccc(C)cc3)c3ccccc32)cc1,LUOWHSAKUFVMCX-UHFFFAOYSA-N,1,agonist,1.0,6.0
CHEMBL6054421,Cc1c(Cl)ccc2[nH]c([C@]3(C)CCCN3C(=O)c3ccccc3-n3cccn3)nc12,IGUAJOQMZQNGFY-QHCPKHFHSA-N,0,antagonist,1.0,7.12
CHEMBL6054423,Cc1ccc(-n2nccn2)c(C(=O)N2CCC[C@H]2c2nc(-c3ccnc(Cl)c3)no2)c1,KISREYHCVPGEIH-KRWDZBQOSA-N,0,antagonist,1.0,5.94
CHEMBL6054430,CC(C)[C@H]1CC[C@@H](OC[C@H]2[C@@H](NS(C)(=O)=O)CCCN2C(=O)Oc2ccccc2)CC1,HMWZHSIIIYBKOM-MXNKGDRCSA-N,1,agonist,1.0,5.96
CHEMBL6054481,Cc1ccc(C(=O)N2CC[C@H](C)[C@H]2c2nc3c(C)c(Cl)ccc3[nH]2)c(-n2nccn2)c1,XTIOBAAREREBIF-QKKBWIMNSA-N,0,antagonist,1.0,7.72
CHEMBL6054658,C[C@@H]1CC(F)(F)CN(C(=O)c2nn(C)cc2-c2ncccn2)[C@@H]1COc1ncc(C(F)(F)F)cc1F,IUQRWVNVSYRBFV-MLGOLLRUSA-N,0,antagonist,1.0,5.301029995663981
CHEMBL6054800,Cc1cc2nc([C@]3(C)CCCN3C(=O)c3ccccc3-c3ccc(F)cc3)[nH]c2cc1C,MQYVGNSLQPAFOQ-MHZLTWQESA-N,0,antagonist,1.0,7.01
CHEMBL6054875,CSc1ccc2nc([C@@H]3CCCN3C(=O)c3cnc(C)nc3-c3ccc(C)c(C)c3)[nH]c2c1,QYHBKIAEOCKXHX-QHCPKHFHSA-N,0,antagonist,1.0,8.0
CHEMBL6054896,Cc1ccc(-n2nccn2)c(C(=O)N2CCC[C@H]2c2nc(-c3cccc(F)c3C)no2)n1,NOJSXRSZMHLZAT-SFHVURJKSA-N,0,antagonist,1.0,6.84
CHEMBL6054904,CCOc1ccccc1-c1noc([C@@H]2CCCN2C(=O)c2cc(OC)c(C)cc2-n2nccn2)n1,LDRMAURZTZUDBO-IBGZPJMESA-N,0,antagonist,1.0,8.4
CHEMBL6054947,C[C@@H]1CC(F)(F)CN(C(=O)c2nn(C)cc2-c2cnccn2)[C@@H]1CNc1ncc(C(F)(F)F)cn1,OOAPZOAMKAMAOE-MLGOLLRUSA-N,0,antagonist,1.0,5.301029995663981
CHEMBL6055023,C=C1C[C@@H](c2nc3cc(C)c(C)cc3[nH]2)N(C(=O)c2cc(Cl)ccc2-n2nccn2)C1,NHEHKIBDSZAWQD-NRFANRHFSA-N,0,antagonist,1.0,8.4
CHEMBL6055030,Cc1ccc(-c2ccc(C#N)cc2)c(C(=O)N2CCC[C@@]2(C)c2nc3cc(C(F)(F)F)ccc3[nH]2)c1,ZXGFVCLHJLSSNQ-MHZLTWQESA-N,0,antagonist,1.0,6.69
CHEMBL6055227,Cc1nc(C(=O)N2CCCC2c2nc3cc(C(F)(F)F)c(F)cc3[nH]2)c(-c2ccccc2)s1,OUHXLRALUJLIIO-UHFFFAOYSA-N,0,antagonist,1.0,6.71
CHEMBL6055229,Cc1ccc(-n2nccn2)c(C(=O)N2CCC[C@H]2c2cc(-c3cccc(Cl)c3C)n[nH]2)c1,CYVXCEHWGDDIDB-QHCPKHFHSA-N,0,antagonist,1.0,7.28
CHEMBL6055262,COc1ccc2[nH]c([C@]3(C)CCCN3C(=O)c3cc(C)ccc3-n3nccn3)nc2c1,WOCNVKFXRLZKCA-QHCPKHFHSA-N,0,antagonist,1.0,7.34
CHEMBL6055299,CO[C@H]1CN(C(=O)c2c(-n3nccn3)ccc(C)c2F)C(C)(c2nc3c(C)c(Cl)ccc3[nH]2)C1,GISRWMARXJTKDS-GZAIGYLVSA-N,0,antagonist,1.0,6.33
CHEMBL6055452,COc1ccnc(NC[C@@H]2[C@H](C)CCCN2C(=O)c2nc(C)sc2-c2ccc(F)cc2)n1,TXGLTMLQAMLILJ-RDTXWAMCSA-N,0,antagonist,1.0,5.75
CHEMBL6055484,CCN(CCc1cccc(C(C)(C)O)n1)C(=O)c1ccccc1C1CC1,RDJOTRGCXPIJKE-UHFFFAOYSA-N,0,antagonist,1.0,7.37
CHEMBL6055531,Cc1ccc(-n2nccn2)c(C(=O)N2CCC[C@H]2c2nc3c([N+](=O)[O-])cccc3[nH]2)c1,GDVPIMRJYSCENM-SFHVURJKSA-N,0,antagonist,1.0,6.97
CHEMBL6055606,C=C1C[C@@H](c2nc3cc(OC)ccc3[nH]2)N(C(=O)c2nc(C3CC3)sc2-c2ccccc2)C1,XVEAOCPGIRMOIJ-NRFANRHFSA-N,0,antagonist,1.0,7.09
CHEMBL6055714,CCc1ccccc1-c1nc([C@@H]2CCCN2C(=O)c2ccc(Cl)cc2-n2nccn2)no1,KNKZHYJZNLJPTJ-IBGZPJMESA-N,0,antagonist,1.0,7.75
CHEMBL6055743,CSc1cccc2nc([C@@H]3CCCN3C(=O)c3nc(C)sc3-c3cccc(F)c3)[nH]c12,RLPJGRHMTOSUBD-KRWDZBQOSA-N,0,antagonist,1.0,6.83
CHEMBL6055773,C[C@@H]1CC(F)(F)CN(C(=O)c2nn(C)cc2-c2ncccc2F)C1CNc1ncc(C(F)(F)F)cn1,RBLSBRJQHZRUGN-ZGTOLYCTSA-N,0,antagonist,1.0,5.301029995663981
CHEMBL6055786,Cc1nc(-c2ccc(F)cc2C(=O)N2C[C@H](Oc3nccc4c3C(=O)OC4(C)C)CC[C@H]2C)no1,DLYAGYHOVNNPNA-CZUORRHYSA-N,0,antagonist,1.0,7.12
CHEMBL6055875,CC(C)[C@H]1CC[C@@H](OC[C@H]2[C@@H](NS(C)(=O)=O)CCCN2C(=O)C2CC(=O)C2)CC1,CNHUOAAIQKDLGA-LDTOTXGLSA-N,1,agonist,1.0,7.41
CHEMBL6055923,O=C(c1ccc(Cl)cc1-n1nccn1)N1CCC[C@H]1c1nnc(-c2ccccc2OC(F)(F)F)[nH]1,KTRGTFQBHRXXDQ-INIZCTEOSA-N,0,antagonist,1.0,8.52
CHEMBL6056002,COc1ccc2[nH]c(C3CCCN3C(=O)c3cc(C)ccc3-n3nccn3)nc2c1,UNGLNTQVFSBZDT-UHFFFAOYSA-N,0,antagonist,1.0,7.89
CHEMBL6056070,CC(C)n1cc([C@@H]2CC[C@@H](C)N(C(=O)c3ccsc3-c3ncccn3)C2)cn1,PZFTYBRKQKIGAH-HZPDHXFCSA-N,0,antagonist,1.0,6.81
CHEMBL6056104,CS(=O)(=O)N[C@H]1CCCN(C(=O)OCC(F)(F)F)[C@H]1CO[C@H]1CC[C@@H](c2cccc(F)c2)CC1,RYWRYCZGFHWMFZ-LDTOTXGLSA-N,1,agonist,1.0,6.96
CHEMBL6056158,C[C@@H]1CC[C@@H](Oc2cc(OCC(F)F)ccn2)CN1C(=O)c1ncccc1-c1ncccn1,AOUSVPJXAWSLEF-NVXWUHKLSA-N,0,antagonist,1.0,7.08
CHEMBL6056354,CCC(C)(O)c1cc([C@@H]2CC[C@@H](C)N(C(=O)c3ccccc3-n3nccn3)C2)on1,UTMQUUSZJLGJDB-AXJGWOQESA-N,0,antagonist,1.0,7.26
CHEMBL6056359,Cc1nc(C(=O)N2CCC[C@H]2c2nnc(-c3ccccc3OC(F)(F)F)[nH]2)c(-c2ccccc2)s1,BVDPXNURTIZZSS-KRWDZBQOSA-N,0,antagonist,1.0,6.94
CHEMBL6056430,C[C@@H]1CC[C@@H](c2cc(C(C)(O)C(F)(F)F)on2)CN1C(=O)c1ccccc1-n1nccn1,DVQKHGWUCNMHET-SYVYAKSWSA-N,0,antagonist,1.0,7.46
CHEMBL6056454,Cc1nc(-c2ccccc2)c(C(=O)N2CC(F)(F)C[C@@H](C)C2CNc2ncc(C(F)(F)F)cn2)s1,MZGQRISONQLWFA-FWJOYPJLSA-N,0,antagonist,1.0,5.301029995663981
CHEMBL6056536,CO[C@@H]1C[C@@H](c2nc3ccc(Cl)c(C)c3[nH]2)N(C(=O)c2cc(Cl)ccc2-n2nccn2)C1,OULMOZIVKGPEQO-KUHUBIRLSA-N,0,antagonist,1.0,8.3
CHEMBL6056657,CC(=O)N1CCC[C@H](NS(C)(=O)=O)[C@@H]1CO[C@H]1C[C@@H](c2ccccc2)C1,RNHMRWOREOILHW-RDGPPVDQSA-N,1,agonist,1.0,5.46
CHEMBL6056662,CCN(CCN(C)c1nc(C)cc(C)n1)C(=O)c1cccnc1OCC(F)F,ZAXQKFPMGTZSLN-UHFFFAOYSA-N,0,antagonist,1.0,7.39
CHEMBL6056782,COC(=O)c1c(OC)ccnc1O[C@@H]1CC[C@@H](C)N(C(=O)c2cccc(F)c2-c2noc(C)n2)C1,RXEXJQAQDGUCDP-UKRRQHHQSA-N,0,antagonist,1.0,7.5
CHEMBL6056890,COc1cc(C(=O)N2CCC[C@H]2c2nc(-c3cccc(Cl)c3C)no2)c(-n2cccn2)cc1C,LCFMWSWABLJLMB-FQEVSTJZSA-N,0,antagonist,1.0,8.1
CHEMBL6057018,COC(=O)c1ccc(N2CC[C@@H]3CCN(C(=O)c4ccccc4-n4nccn4)C[C@@H]32)nn1,NIYFASNEDNEXAH-KXBFYZLASA-N,0,antagonist,1.0,5.0
CHEMBL6057027,C[C@@H]1CC[C@@H](Oc2nccn3c(C(F)(F)F)cnc23)CN1C(=O)c1ccccc1C1(C#N)CC1,XGNBFZFFJLSWRR-HZPDHXFCSA-N,0,antagonist,1.0,7.89
CHEMBL6057151,Cc1ccc(-n2nccn2)c(C(=O)N2CCC[C@@H](C)[C@H]2CNc2ccc(C(F)(F)F)nn2)c1,IBWMCOCDXCSZPF-CRAIPNDOSA-N,0,antagonist,1.0,5.301029995663981
CHEMBL6057276,COc1cc(C(=O)N2CCC[C@H]2c2nc(-c3cccc(Cl)c3C)no2)c(-n2nccn2)cc1Cl,SGNPVWBMWUNMDF-SFHVURJKSA-N,0,antagonist,1.0,8.4
CHEMBL6057283,Cc1oc(N2CC3CN(C(=O)c4cccnc4-c4ccccc4)CC3C2)nc1C(C)(C)O,ANQJISZGMVOYQL-UHFFFAOYSA-N,0,antagonist,1.0,7.22
CHEMBL6057335,Cc1ccc(-c2sccc2C(=O)N2CC[C@H](C)[C@H]2c2nc3c(C(F)(F)F)cccc3[nH]2)cc1C,ZESPBMRBBZNENN-NYHFZMIOSA-N,0,antagonist,1.0,7.57
CHEMBL6057363,CCOC(=O)c1c(OCC)ccnc1O[C@@H]1CC[C@@H](C)N(C(=O)c2ccccc2-n2ncnn2)C1,BNGWKLDNKYDKDB-IAGOWNOFSA-N,0,antagonist,1.0,7.75
CHEMBL6057526,Cc1c(F)cccc1-c1noc([C@@H]2CCCN2C(=O)c2cc(C#N)ccc2-n2nccn2)n1,GQVOUUYUCGBNLU-FQEVSTJZSA-N,0,antagonist,1.0,6.53
CHEMBL6057621,COCCOCC(Cc1ccc(C)cc1)n1c(=N)n(C(C)c2ccc(C)cc2)c2cccnc21,FEOYYTJKRQXXMU-UHFFFAOYSA-N,1,agonist,1.0,5.65
CHEMBL6057646,COC(=O)N1CCC[C@H](NS(C)(=O)=O)[C@@H]1CO[C@H]1CC[C@@H](c2c(F)cccc2F)CC1,CQYZDBWPHUHEEI-QXGSTGNESA-N,1,agonist,1.0,8.6
CHEMBL6057653,O=C(NCC1CCC(O)CN1C(=O)c1ccccc1-c1ccccc1)c1cccc2cccnc12,HLZFNXPRACQSDC-UHFFFAOYSA-N,0,antagonist,1.0,7.85
CHEMBL6057686,O=C(NCC1CC[C@H](F)CN1C(=O)c1ccccc1-c1ccccc1)c1cccc2cccnc12,SVWRBCQUGLPUCX-NQCNTLBGSA-N,0,antagonist,1.0,8.52
CHEMBL6057731,C=C1C[C@@H](c2nc3c(C)c(C)ccc3[nH]2)N(C(=O)c2cc(C)ccc2-n2nccn2)C1,SNBCFSAYNNCLDS-NRFANRHFSA-N,0,antagonist,1.0,8.52
CHEMBL6057732,C[C@@H]1CC(OCc2ccccc2)[C@H](CO[C@H]2CC[C@@H](c3ccccc3)CC2)N1C(=O)OCc1ccccc1,CSFODKZDGDCITC-UMOXWISUSA-N,0,antagonist,1.0,8.5
CHEMBL6057780,Cc1cccc(-c2oc(C)nc2C(=O)N2CCC[C@H]2c2nc(-c3ccccc3OC(F)(F)F)no2)c1,CMODWPLSTXVRMZ-SFHVURJKSA-N,0,antagonist,1.0,7.21
CHEMBL6057829,Cc1nc(C(=O)N2CC(F)(F)C[C@@H](C)C2CNc2cnc(C(F)(F)F)cn2)c(-c2cc(F)ccn2)s1,BPBDCQWKNIRMRM-ZRKZCGFPSA-N,0,antagonist,1.0,5.301029995663981
CHEMBL6057846,O=C(N[C@H]1CCC[C@@H]1Nc1nc2ccc(F)cc2s1)c1ccccc1-c1ncccn1,MAEQVQKZNPVUAE-ROUUACIJSA-N,0,antagonist,1.0,5.48
CHEMBL6057931,C[C@@H]1CC[C@@H](c2nc(C3CC3)no2)CN1C(=O)c1ccccc1-n1nccn1,XBTKDHZZNOUBMP-UKRRQHHQSA-N,0,antagonist,1.0,6.46
CHEMBL6057952,CCc1cnc(NCC2[C@H](C)CC(F)(F)CN2C(=O)c2nn(C)cc2-c2ccccc2)nc1,KSBQYDCCFNGMIX-QRIPLOBPSA-N,0,antagonist,1.0,5.301029995663981
CHEMBL6057969,COc1c(C#N)ccnc1O[C@@H]1CC[C@@H](C)N(C(=O)c2c(F)cccc2-c2ncccn2)C1,MXWSBRAPDXPXGD-NVXWUHKLSA-N,0,antagonist,1.0,8.49
CHEMBL6058002,Cc1c(C#N)ccnc1O[C@@H]1CC[C@@H](C)N(C(=O)c2ccccc2-c2ncccn2)C1,ZCJKUBUQLMMFPI-VQIMIIECSA-N,0,antagonist,1.0,8.6
CHEMBL6058030,COCCOC[C@H](Cc1ccc(C)cc1)n1c(=N)n(C(c2ccc(C)cc2)C2CC2)c2ccccc21,ZVDQEOVLSGVDNF-CEBUJLNPSA-N,1,agonist,1.0,6.0
CHEMBL6058064,C[C@@H]1CC[C@@H](c2cc(C(C)(C)O)sn2)CN1C(=O)c1ccccc1-c1ncccn1,VHOHJOJHFZPBSX-HZPDHXFCSA-N,0,antagonist,1.0,7.37
CHEMBL6058136,Cc1c(C#N)ccnc1O[C@@H]1CC[C@@H](C)N(C(=O)c2cc(F)ncc2-c2cncs2)C1,OQYWTLSOGJZWJK-CZUORRHYSA-N,0,antagonist,1.0,7.790000000000001
CHEMBL6058190,COc1ccc(-n2nccn2)c(C(=O)N2CCC[C@H]2c2nc(-c3ccccc3OC)no2)c1,CGZGXVDYRNDCRP-IBGZPJMESA-N,0,antagonist,1.0,7.11
CHEMBL6058255,Cc1c(Cl)ccc2[nH]c([C@@H]3[C@@H](C)CCN3C(=O)c3cc(F)ccc3-c3ncccn3)nc12,MNFARHDBPGVJKH-ZSEKCTLFSA-N,0,antagonist,1.0,6.6
CHEMBL6058294,C[C@@H]1CC[C@@H](Oc2cccc3c2C(=O)OC3(C)C)CN1C(=O)c1ccccc1-n1nccn1,BJRBXFBPQJGIRR-IAGOWNOFSA-N,0,antagonist,1.0,6.77
CHEMBL6058385,C[C@@H]1CC[C@@H](c2noc(C(C)(C)O)n2)CN1C(=O)c1ccccc1OC(F)(F)F,NLYNKNHYNZVZME-VXGBXAGGSA-N,0,antagonist,1.0,7.07
CHEMBL6058388,Cc1c(Cl)cccc1-c1noc([C@@H]2CCCN2C(=O)c2cccc(F)c2-n2cccn2)n1,TZGHBODGYOXUMJ-IBGZPJMESA-N,0,antagonist,1.0,6.84
CHEMBL6058425,CN(CCN(CC(F)(F)F)C(=O)c1ccccc1-n1nccn1)c1cc(C#N)ccn1,MNLGJARFXAMQNM-UHFFFAOYSA-N,0,antagonist,1.0,6.95
CHEMBL6058536,Cc1c(C#N)ccnc1O[C@@H]1CC[C@@H](C)N(C(=O)c2cnc(Cl)cc2-n2nccn2)C1,XEUXQMJVQLFIES-CZUORRHYSA-N,0,antagonist,1.0,7.895
CHEMBL6058547,COc1cc(C)cc(-c2nc([C@@H]3CCCN3C(=O)c3cc(C)ccc3-n3nccn3)no2)c1,ZREZAWDRVGUTGE-NRFANRHFSA-N,0,antagonist,1.0,7.92
CHEMBL6058561,COC1CCC(CNC(=O)c2cccc3cccnc23)N(C(=O)c2nc(C)sc2-c2cccc(F)c2)C1,AJTIMWIUTAUCNS-UHFFFAOYSA-N,0,antagonist,1.0,7.6
CHEMBL6058582,Cc1ccc(-n2cccn2)c(C(=O)N2CCC[C@@]2(C)c2nc3cc(C(F)(F)F)ccc3[nH]2)n1,JMWMNHFOAOWAHL-QFIPXVFZSA-N,0,antagonist,1.0,6.07
CHEMBL6058634,Cc1c(C#N)ccnc1O[C@@H]1CC[C@@H](C)N(C(=O)c2ccsc2-c2cscn2)C1,XHUPNILXLGKFTI-CZUORRHYSA-N,0,antagonist,1.0,8.53
CHEMBL6058656,Cc1cc(C(=O)N2CC(F)(F)C[C@@H](C)C2CNc2ncc(C(F)(F)F)cn2)n(-c2ccccc2)n1,JQKZAXCODOUWOB-MJTSIZKDSA-N,0,antagonist,1.0,5.301029995663981
CHEMBL6058720,CS(=O)(=O)N[C@H]1CCCN(C(=O)C2CC2)[C@H]1COC1CCN(c2ccccc2)CC1,IUUVVEFANFBZPK-SFTDATJTSA-N,1,agonist,1.0,6.02
CHEMBL6058927,CCNC(=O)N1CCC[C@H](NS(C)(=O)=O)[C@@H]1CO[C@H]1CO[C@@H](c2ccccc2)OC1,SAEFTYLQZISMRU-CADBVGFASA-N,1,agonist,1.0,6.41
CHEMBL6058979,C[C@@H]1CC(F)(F)CN(C(=O)c2nn(C)cc2-c2ccccn2)[C@@H]1COc1ccc(C(F)(F)F)cn1,MAHMAHCSODIXSE-RDTXWAMCSA-N,0,antagonist,1.0,5.301029995663981
CHEMBL6058988,COC(=O)c1c(C#N)cccc1O[C@@H]1CC[C@@H](CO)N(C(=O)c2ccccc2-n2nccn2)C1,HQHHLPAQBPGYPZ-ZWKOTPCHSA-N,0,antagonist,1.0,7.31
CHEMBL6059050,O=C(c1ccoc1)N1CCC[C@H]1c1nc(-c2cccc(Cl)c2)no1,ZTUHLUUBHVTYJD-AWEZNQCLSA-N,0,antagonist,1.0,5.0
CHEMBL6059098,C=C1C[C@@H](c2nc3cc(Cl)c(C(F)(F)F)cc3[nH]2)N(C(=O)c2c(-n3nccn3)ccc(C)c2F)C1,NHPWYNHLVFIBNO-SFHVURJKSA-N,0,antagonist,1.0,8.4
CHEMBL6059196,COc1ccc(-n2nccn2)c(C(=O)N2C[C@H](OC)C[C@H]2c2nc3ccc(OC)cc3[nH]2)c1,HLQOROPPQGKJGZ-IERDGZPVSA-N,0,antagonist,1.0,7.4
CHEMBL6059482,C[C@@H]1CC[C@@H](Oc2cc(OC3CC3)ccn2)CN1C(=O)c1ccccc1-n1nccn1,LEJXFYNUYWDQDY-VQIMIIECSA-N,0,antagonist,1.0,7.82
CHEMBL6059513,COC(=O)c1c(C(C)C)ccnc1O[C@@H]1CC[C@@H](C)N(C(=O)c2ccccc2-n2nccn2)C1,GBUUDDYSUSKWBV-QZTJIDSGSA-N,0,antagonist,1.0,7.16
CHEMBL6059542,C[C@@H]1CCCN(C(=O)c2cc(F)ccc2-c2ncccn2)[C@@H]1CNc1ccc(Cl)cn1,GDIBHJFPOZOJID-FOIQADDNSA-N,0,antagonist,1.0,5.301029995663981
CHEMBL6059633,C[C@@H]1CC[C@@H](c2ncc(-c3ccccc3)o2)CN1C(=O)c1ccccc1-n1nccn1,MDSNTQQWLZVEPX-IEBWSBKVSA-N,0,antagonist,1.0,6.96
CHEMBL6059723,COc1ccc2c3c1O[C@H]1[C@H](N(C)C(=O)/C=C/c4ccoc4)CC[C@@]4(O)[C@@H](C2)N(S(=O)(=O)c2cccc5cccnc25)CC[C@]314,USRPPCLOXUQHLU-IENCPWCGSA-N,0,antagonist,1.0,5.0
CHEMBL6059741,COC(=O)N1[C@H](C(F)F)C[C@H](NS(=O)(=O)C(F)F)[C@@H]1CO[C@H]1CC[C@@]2(c3ncc(F)cn3)C[C@H]2C1,UJCVHPWURSEKRM-RVIYIAJVSA-N,0,antagonist,1.0,9.11
CHEMBL6059866,C[C@@H]1CC[C@@H](c2noc(C(C)(C)O)n2)CN1C(=O)c1ccccc1C1(C#N)CC1,ICBVGAKDTRMSFI-HUUCEWRRSA-N,0,antagonist,1.0,7.66
CHEMBL6059980,CC(C)OC(=O)N1[C@H](C)C[C@H](NS(=O)(=O)CF)[C@@H]1CO[C@@H]1CC[C@]2(c3ncc(Br)cn3)C[C@@H]2C1,WPBWHUPHTBZVAR-DWJALSQXSA-N,0,antagonist,1.0,7.46
CHEMBL6059999,Cc1oc([C@@H]2CC[C@@H](C)N(C(=O)c3ccsc3-c3ncccn3)C2)nc1C(C)(C)O,HXEKNXLXLNWRMT-UKRRQHHQSA-N,0,antagonist,1.0,7.38
CHEMBL6060002,C[C@@H]1CC[C@@H](Oc2cccc3c2CC[C@H]3O)CN1C(=O)c1ccccc1-n1nccn1,AVHBBFQHHMXHGS-DRSNIGMVSA-N,0,antagonist,1.0,6.62
CHEMBL6060054,Cc1ccc(-n2nccn2)c(C(=O)N2CCC[C@H](C)[C@H]2CNc2ccc(C(F)(F)F)cn2)c1,KTHFQWHOCBTIND-OXJNMPFZSA-N,0,antagonist,1.0,6.89
CHEMBL6060194,Cc1onc(-c2ccccc2Cl)c1C(=O)N1CCC[C@H]1c1nc(-c2cccc(Cl)c2C)no1,QFENBQLOONCRDS-IBGZPJMESA-N,0,antagonist,1.0,6.23
CHEMBL6060304,Cc1c(Br)cc2[nH]c([C@]3(C)CCCN3C(=O)c3ccccc3-c3ccccc3)nc2c1C,GCEGPCZEVRQING-MHZLTWQESA-N,0,antagonist,1.0,7.66
CHEMBL6060337,Cc1ccc(-c2ncccn2)c(C(=O)N2CC[C@H](C)[C@H]2c2nc3c(C)c(Cl)ccc3[nH]2)c1F,VURGNBMLEZMRSI-FPTDNZKUSA-N,0,antagonist,1.0,5.97
CHEMBL6060462,C[C@@H]1CCCN(C(=O)c2cc(C#N)ccc2-c2ncccn2)[C@@H]1CNc1ncc(C(F)(F)F)cn1,XQLMRBHDVDZUPQ-FOIQADDNSA-N,0,antagonist,1.0,5.301029995663981
CHEMBL6060658,Cc1nc(C(=O)N2CCCC2c2nc3c(C(F)(F)F)cccc3[nH]2)c(-c2ccccc2)s1,ISQGRYJZOODPRY-UHFFFAOYSA-N,0,antagonist,1.0,6.91
CHEMBL6060660,Cc1cc(Cl)cc2[nH]c([C@@H]3[C@@H](C)CCN3C(=O)c3cc(Cl)ccc3-n3nccn3)nc12,OPXBETVFJQNNKZ-YUNKPMOVSA-N,0,antagonist,1.0,6.74
CHEMBL6060669,COC(=O)c1c(OC)ccnc1O[C@@H]1CC[C@@H](C)N(C(=O)c2ccc(F)cc2-c2nc(C)no2)C1,CQODFGHCTYAVOC-CZUORRHYSA-N,0,antagonist,1.0,7.28
CHEMBL6060754,O=C(c1ccccc1-n1nccn1)N1CC[C@H]2CCN(c3ncnc4[nH]ccc34)[C@H]2C1,UZUGWSVIZLNZOC-KXBFYZLASA-N,0,antagonist,1.0,5.0
CHEMBL6060805,CCOc1ncccc1-c1noc([C@@H]2CCCN2C(=O)c2cc(C)ccc2-c2ncco2)n1,XDTWUYIFUWJHJO-IBGZPJMESA-N,0,antagonist,1.0,8.22
CHEMBL6060848,C[C@@H]1CC(F)(F)CN(C(=O)c2nn(C)cc2-c2ccc(F)cc2)C1CNc1ncc(C(F)(F)F)cn1,NHJQWWZIPGBESM-YJJYDOSJSA-N,0,antagonist,1.0,5.301029995663981
CHEMBL6061012,Cc1c(C#N)ccnc1O[C@@H]1CC[C@@H](C)N(C(=O)c2ncccc2-c2cscn2)C1,LJBXCMPAGDUDDJ-RHSMWYFYSA-N,0,antagonist,1.0,8.02
CHEMBL6061473,Cc1ccc(-c2cn(C)nc2C(=O)N2CC(F)(F)C[C@@H](C)C2CNc2cnc(C(F)(F)F)cn2)cc1,BFOZCELBANJKFW-NNJIEVJOSA-N,0,antagonist,1.0,5.301029995663981
CHEMBL6061615,CO[C@H]1C[C@@H](CNC(=O)c2cccc3cccnc23)N(C(=O)c2ccccc2-c2ccccc2)C1,LCUULBNNTBGAPD-GOTSBHOMSA-N,0,antagonist,1.0,7.6
CHEMBL6061823,COC(=O)N1[C@H](C)C[C@H](N(Cc2ccc(OC)cc2)S(C)(=O)=O)[C@@H]1COC1CCC2(c3ccccc3)CC2C1,OLWUCHHUQFHNTM-HKCBQSJVSA-N,0,antagonist,1.0,7.69
CHEMBL6061825,Cc1c(Cl)ccc2[nH]c([C@]3(C)CCCN3C(=O)c3cc(F)ccc3-n3nccn3)nc12,FXUGMHFFZBBRQC-QFIPXVFZSA-N,0,antagonist,1.0,7.92
CHEMBL6061898,Cc1nc(C(=O)N2CCC[C@H]2c2nnc(-c3ccccc3OC(F)(F)F)o2)c(-c2cccc(F)c2)s1,CQXDHNQICUYCME-KRWDZBQOSA-N,0,antagonist,1.0,7.35
CHEMBL6061908,CCNC(=O)N1CCC[C@H](NS(C)(=O)=O)[C@@H]1CO[C@H]1CC[C@@H](c2ccn(C)n2)CC1,FYRJKOQOUIHCPX-NBMJBFSESA-N,1,agonist,1.0,6.85
CHEMBL6061999,COc1ccc(-n2nccn2)c(C(=O)N2C[C@H](OC)C[C@H]2c2nc3ccc(Cl)c(C)c3n2C)c1,QCFKJASFTGCJAY-IERDGZPVSA-N,0,antagonist,1.0,6.79
CHEMBL6062081,CCN(CCc1nc(C(=O)N(C)OC)c(C)o1)C(=O)c1ccccc1-n1nccn1,RNKBQPJSTOLGKU-UHFFFAOYSA-N,0,antagonist,1.0,7.82
CHEMBL6062136,C[C@@H]1CC(F)(F)CN(C(=O)c2cc(Cl)ccc2-n2nccn2)C1CNc1ncc(C(F)(F)F)cn1,QWUNYDTVGCGRIP-MTATWXBHSA-N,0,antagonist,1.0,5.301029995663981
CHEMBL6062410,C[C@@H]1CC[C@@H](Oc2ccc3c(c2)[C@@](C)(O)CC3)CN1C(=O)c1ccccc1-n1nccn1,KMGDOUIRHLBSDF-CVBYOTHMSA-N,0,antagonist,1.0,6.79
CHEMBL6062897,Cc1ccc(-n2nccn2)c(C(=O)N2CCC[C@H]2c2ncc(-c3cccc(Cl)c3)[nH]2)c1,DMIYQCSNDNJOST-NRFANRHFSA-N,0,antagonist,1.0,6.99
CHEMBL6063021,Cc1nc(C(=O)N2CC(F)(F)C[C@H]2c2nc3c(C)cccc3[nH]2)c(-c2ccccc2)s1,AAMPWGKWKFWRDR-KRWDZBQOSA-N,0,antagonist,1.0,6.88
CHEMBL6063070,COc1c(C#N)ccnc1O[C@@H]1CC[C@@H](C)N(C(=O)c2ccccc2-n2nccn2)C1,WLPLZUGCBHROCZ-NVXWUHKLSA-N,0,antagonist,1.0,8.785
CHEMBL6063126,C[C@@H]1CC[C@@H](c2cc(C(C)(C)O)sn2)CN1C(=O)c1ccsc1-c1ncccn1,KYODEAJBALCMIQ-ZIAGYGMSSA-N,0,antagonist,1.0,7.43
CHEMBL6063145,Cc1c(Cl)cccc1-c1noc([C@@H]2CCCN2C(=O)c2cc(C(F)(F)F)ccc2-n2nccn2)n1,IXDWWQOYDDFAHJ-IBGZPJMESA-N,0,antagonist,1.0,6.71
CHEMBL6063446,Cc1ccc(-c2cnccc2C)c(C(=O)N2CCC[C@@H](C)[C@H]2CNc2ccc(C(F)(F)F)cn2)c1,WZQBTQKBXARIKC-NTKDMRAZSA-N,0,antagonist,1.0,5.3979400086720375
CHEMBL6063542,COc1ccc(C(=O)N2C[C@H](Oc3nccc(C#N)c3C)CC[C@H]2C)c(-c2cccnc2)n1,DEOVBPUOJPJHQP-OXQOHEQNSA-N,0,antagonist,1.0,7.9399999999999995
CHEMBL6063568,Cc1ccc(-c2cccc(F)c2)c(C(=O)N2CCC[C@@]2(C)c2nc3cc(C)c(C)cc3[nH]2)c1,UEFZDHYPRDHDRC-NDEPHWFRSA-N,0,antagonist,1.0,7.96
CHEMBL6063638,COc1c(F)cccc1-c1noc([C@@H]2CCCN2C(=O)c2cccc(Cl)c2-n2nccn2)n1,DXTUNADDIKGPCZ-KRWDZBQOSA-N,0,antagonist,1.0,6.32
CHEMBL6063644,COc1ccc(-c2cccc(F)c2)c(C(=O)N2CCC[C@@]2(C)c2nc3c(C)c(Cl)ccc3[nH]2)c1F,WDPBINQVAFUHBW-MHZLTWQESA-N,0,antagonist,1.0,7.75
CHEMBL6063687,C[C@@H]1CC[C@@H](Oc2nccn3c(F)cnc23)CN1C(=O)c1ccccc1-n1nccn1,FKIJOIAFJRXYNY-HUUCEWRRSA-N,0,antagonist,1.0,7.9
CHEMBL6063735,CSc1ccc2nc([C@@H]3CCCN3C(=O)c3nc(C)sc3-c3cccc(C(F)(F)F)c3)[nH]c2c1,ISRBQEWKZZNOTP-IBGZPJMESA-N,0,antagonist,1.0,6.96
CHEMBL6063738,Cc1ccc(-n2nccn2)c(C(=O)N2CCC[C@H]2c2nc(-c3cc(F)cc(F)c3)no2)c1,AXOLAWVKAUFMKL-IBGZPJMESA-N,0,antagonist,1.0,6.62
CHEMBL6063837,CSc1cccc2[nH]c([C@@H]3CCCN3C(=O)c3c(-n4nccn4)ccc(C)c3F)nc12,XTRYPPJYLFTXGP-INIZCTEOSA-N,0,antagonist,1.0,7.06
CHEMBL6063859,COC(=O)c1c(C2CC2)ccnc1O[C@@H]1CC[C@@H](C)N(C(=O)c2ccccc2-n2nccn2)C1,XYCSGJFINXFAAK-SJLPKXTDSA-N,0,antagonist,1.0,6.28
CHEMBL6063868,O=C(N[C@H]1CCC[C@@H]1Nc1nc2ccc(F)cc2s1)c1ccccc1-n1ccnc1,OBSXQTMWRBTGMX-IRXDYDNUSA-N,0,antagonist,1.0,5.0
CHEMBL6063902,COc1c(F)cccc1C(=O)NCC1CCCC(C)N1C(=O)c1nc(C)sc1-c1ccc(F)cc1,BJMYJAPKIHPIPW-UHFFFAOYSA-N,0,antagonist,1.0,6.43
CHEMBL6063945,C[C@@H]1CC[C@@H](Oc2nccc(C#N)c2C2CC2)CN1C(=O)c1ccccc1-n1nccn1,BTYVZVITBHYSBW-VQIMIIECSA-N,0,antagonist,1.0,8.809999999999999
CHEMBL6063946,C=C1C[C@@H](c2nc3cc(Cl)c(C(F)(F)F)cc3[nH]2)N(C(=O)c2cc(OC(F)(F)F)ccc2-n2nccn2)C1,OWPFXVUUAZEFTR-IBGZPJMESA-N,0,antagonist,1.0,6.99
CHEMBL6063980,Cc1ccc(-c2cccnc2)c(C(=O)N2CC[C@H](C)[C@H]2c2nc3c(C)c(Cl)ccc3[nH]2)c1,WFHRANYURCQTIW-FYSMJZIKSA-N,0,antagonist,1.0,5.36
CHEMBL6063995,Cc1ccc(-c2ncccn2)c(C(=O)N2CCC[C@@]2(C)c2nc3cc(Br)cc(C)c3[nH]2)c1,CXFXCNXDHHKIKS-VWLOTQADSA-N,0,antagonist,1.0,7.68
CHEMBL6064074,CCOC(=O)N1CCC[C@H](NS(C)(=O)=O)[C@@H]1COC1CCN(c2ccccc2F)CC1,BXIOLPZDHKEYBT-ICSRJNTNSA-N,1,agonist,1.0,5.68
CHEMBL6064147,Cc1ccc(-c2ccccc2)c(C(=O)N2CCC[C@H]2c2nc(-c3ccccc3OC(F)(F)F)no2)c1,JJLSTITYUOAKRB-QFIPXVFZSA-N,0,antagonist,1.0,8.05
CHEMBL6064195,Cc1cc(C(=O)N2CCC[C@@]2(C)c2nc3c(F)c(F)ccc3[nH]2)c(-n2nccn2)cc1C,KBTKPZZZMUFLKJ-QHCPKHFHSA-N,0,antagonist,1.0,7.08
CHEMBL6064196,C[C@@H]1CC(F)(F)CN(C(=O)c2cc(F)ccc2-c2ncccn2)C1CNc1ncc(C(F)(F)F)cn1,GCLUYVMHHVSYCM-YJJYDOSJSA-N,0,antagonist,1.0,5.301029995663981
CHEMBL6064284,Cc1ccc(-n2nccn2)c(C(=O)N2CC3CCCC3C2CNc2ccc(C(F)(F)F)cn2)c1,HDMRCFDSJOOFRM-UHFFFAOYSA-N,0,antagonist,1.0,5.85
CHEMBL6064373,Cc1ccc(-n2nccn2)c(C(=O)N2CCC[C@@]2(C)c2nc3c(C)cc(C)cc3[nH]2)c1,RFNUEZIKHIFYIQ-DEOSSOPVSA-N,0,antagonist,1.0,7.75
CHEMBL6064510,C[C@@H]1CC[C@@H](c2cc([C@@H](O)C(F)(F)F)no2)CN1C(=O)c1ccccc1C1(C#N)CC1,CFVAZBPUVLVBJL-PJIJBLCYSA-N,0,antagonist,1.0,7.57
CHEMBL6064538,COC[C@H](Cc1ccc(C)cc1)n1c(=N)n(Cc2ccc(F)c(Cl)c2)c2ccccc21,IMKCUSSKBFWMIB-FQEVSTJZSA-N,1,agonist,1.0,6.0
CHEMBL6064609,CO[C@H]1CN(C(=O)c2nc(C)sc2-c2ccccc2)C(C)(c2nc3c(C)cccc3[nH]2)C1,YKAQTQOSDXXGMZ-YDONVPIESA-N,0,antagonist,1.0,7.7
CHEMBL6064857,CCOc1ccccc1C(=O)N1C[C@H](c2cc(C(C)(C)O)on2)CC[C@H]1C,NNVRYMAVSLEJJV-HUUCEWRRSA-N,0,antagonist,1.0,5.92
CHEMBL6064881,Cc1nc(C(=O)N2CCC[C@H]2c2nc(-c3cccc(Cl)c3C)no2)c(-c2cccc(F)c2)s1,OOBYNFFJYIMREX-IBGZPJMESA-N,0,antagonist,1.0,6.96
CHEMBL6064883,O=C(c1cccc(Cl)c1-n1nccn1)N1CCC[C@H]1c1nc(-c2ccccc2OC(F)(F)F)no1,CTUDLPIJFWUKCK-INIZCTEOSA-N,0,antagonist,1.0,6.29
CHEMBL6065242,Cc1cc(C(=O)N2CCC[C@H]2c2nc(-c3cccc(F)c3C)no2)c(-n2nccn2)cc1C,XFRQAEZGKBUEPA-FQEVSTJZSA-N,0,antagonist,1.0,8.52
CHEMBL6065432,CCn1c([C@]2(C)CCCN2C(=O)c2cc(C)ccc2-c2ccccc2F)nc2cc(C)c(C)cc21,ZKBDDMOPGKHYRL-PMERELPUSA-N,0,antagonist,1.0,7.22
CHEMBL6065455,C[C@@H]1CC[C@@H](Oc2cc(OCC(F)F)ccn2)CN1C(=O)c1ccccc1-n1ncnn1,YIZRZQRHASXKNC-GDBMZVCRSA-N,0,antagonist,1.0,7.54
CHEMBL6065461,C[C@@H]1CC[C@@H](c2nsc(C(C)(C)O)n2)CN1C(=O)c1ccsc1-n1nccn1,NVSYRADIQHDSGG-VXGBXAGGSA-N,0,antagonist,1.0,7.06
CHEMBL6065485,C=C1C[C@@H](c2nc3cc(C)c(C)cc3[nH]2)N(C(=O)c2c(F)cccc2-n2nccn2)C1,ZYFAPCPVLVCAGT-FQEVSTJZSA-N,0,antagonist,1.0,8.15
CHEMBL6065540,CSc1cccc2nc([C@@H]3CCCN3C(=O)c3cncnc3-c3ccc(C)c(C)c3)[nH]c12,KJVXCGISSSJMBC-FQEVSTJZSA-N,0,antagonist,1.0,7.44
CHEMBL6065544,Cc1ccc(-n2nccn2)c(C(=O)N2CCC[C@H]2c2nnc(-c3ccccc3OC(F)(F)F)o2)c1,GHTFSARQBVAXHA-SFHVURJKSA-N,0,antagonist,1.0,6.93
CHEMBL6065547,COC(=O)N1[C@H](C)C[C@H](NS(=O)(=O)CF)[C@@H]1CO[C@H]1CC[C@@H](c2cccc(F)c2)CC1,LRAHPGMJZHIKIO-XEGUMIITSA-N,0,antagonist,1.0,9.34
CHEMBL6065566,COc1ccccc1-c1sc(C)nc1C(=O)N1CC[C@H](C)[C@H]1c1nc2c(C(F)(F)F)cccc2[nH]1,YYQXNSBUFFGYSX-ZSEKCTLFSA-N,0,antagonist,1.0,6.31
CHEMBL6065671,Cc1ccc(-n2nccn2)c(C(=O)N2CCC[C@@]2(C)c2nc3cc(C)c(C)cc3[nH]2)c1,XEPDCTVYWFLFSQ-DEOSSOPVSA-N,0,antagonist,1.0,7.8
CHEMBL6065711,Cc1cc(C)c(-n2nccn2)c(C(=O)N2CCC[C@H]2c2nc(-c3cccc(Cl)c3C)no2)c1,BAJYHTHIBJYXEG-FQEVSTJZSA-N,0,antagonist,1.0,7.62
CHEMBL6065747,CCOc1ccccc1-c1noc([C@@H]2CCCN2C(=O)c2cc(Cl)ccc2-n2nccn2)n1,CHNRUHKJLUIOKH-IBGZPJMESA-N,0,antagonist,1.0,8.1
CHEMBL6065854,C[C@@H]1C[C@@H](Nc2cc(OCC(F)F)ccn2)CN1C(=O)c1ccccc1C1(C#N)CC1,NYNWLNOPIWKERJ-HZPDHXFCSA-N,0,antagonist,1.0,7.19
CHEMBL6065896,Cc1ccc(-c2ccccc2C(=O)N2CCC[C@@]2(C)c2nc3c(C)c(C)ccc3[nH]2)cc1,YQLVZZNCZVPRTP-NDEPHWFRSA-N,0,antagonist,1.0,7.58
CHEMBL6065939,COc1cc(C(=O)N2CCC[C@H]2c2nc(-c3ccccc3C(F)(F)F)no2)c(-n2nccn2)cc1C,MMYJITCJETUVAA-SFHVURJKSA-N,0,antagonist,1.0,7.54
CHEMBL6065973,C=C1C[C@@H](c2nc3ccc(Cl)c(C)c3[nH]2)N(C(=O)c2cc(C(F)(F)F)ccc2-n2nccn2)C1,XEIFHAXDRZKPFR-IBGZPJMESA-N,0,antagonist,1.0,7.41
CHEMBL6065992,CCN(CCc1nc(C(C)(C)O)c(C)o1)C(=O)c1ccccc1-c1nc(C)no1,KTPJHLPQYKELRH-UHFFFAOYSA-N,0,antagonist,1.0,6.67
CHEMBL6133656,CC(C)N1CCN(c2cccc(Cl)c2NC(=O)N2CCC(C)(c3noc([C@@H]4C[C@@H]4F)n3)CC2)CC1,DXGHCUCZNOGMTC-MJGOQNOKSA-N,1,agonist,1.0,11.0
CHEMBL6133718,CC1(c2noc([C@@H]3C[C@@H]3F)n2)CCN(C(=O)Nc2c(C#N)cccc2-c2ccc(C3CCC3)nc2)CC1,QGBIQQYAEBPFGC-YADHBBJMSA-N,1,agonist,1.0,11.0
CHEMBL6142479,CC12CC(NC(=O)[C@@H](c3ccccc3)N(C(=O)Cc3cnnn3-c3ccccc3)C3CCCC3)(C1)C2,KIPZBODCEONOMZ-CSJMBUEXSA-N,1,agonist,1.0,7.51
CHEMBL6143944,Cc1ccc(-n2nccn2)c(C(=O)N2CCCN2Cc2nc3ccccc3o2)c1,CFJGBKHPUQNSML-UHFFFAOYSA-N,0,antagonist,1.0,7.92
CHEMBL6144111,Cc1ccc(-n2nccn2)c(C(=O)N2CCCN2Cc2ccc3nc(C)sc3c2)n1,OOGMJCKUDWDZKX-UHFFFAOYSA-N,0,antagonist,1.0,7.82
CHEMBL6144676,COc1ccc2[nH]c(CN3CCCN3C(=O)c3cc(C)ccc3-n3nccn3)nc2c1,KDYMIBOFKGLUHF-UHFFFAOYSA-N,0,antagonist,1.0,8.89
CHEMBL6145318,Cc1cccc(-n2ccc(CN3CCCN3C(=O)c3cc(C)ccc3-n3nccn3)n2)c1,AITOXEKMTDEKRM-UHFFFAOYSA-N,0,antagonist,1.0,8.08
CHEMBL6146555,Cc1ccc(-c2ncccn2)c(C(=O)N2CCCN2Cc2ccc3nc(C)sc3c2)c1,KFBSKMLBTFDJLC-UHFFFAOYSA-N,0,antagonist,1.0,8.13
CHEMBL6147134,Cn1ncc(CC(=O)N(C2CCCC2)C(C(=O)NC23CC(C)(C2)C3)C2CCCC2)c1-c1ccccc1,NJJNQWSJEUBGLD-UHFFFAOYSA-N,1,agonist,1.0,4.698970004336019
CHEMBL6147584,Cc1ccc(-n2nccn2)c(C(=O)N2CCCN2Cc2ccc3scnc3c2)c1,XIWUKSWPQRAIFQ-UHFFFAOYSA-N,0,antagonist,1.0,6.99
CHEMBL6147841,Cc1nc2ccc(CN3C[C@@H](C)CN3C(=O)c3cc(Cl)ccc3-n3nccn3)cc2s1,JYRBXZIDSLBFTL-CQSZACIVSA-N,0,antagonist,1.0,9.434775539310863
CHEMBL6149489,Cc1ccc(-n2nccn2)c(C(=O)N2CCCN2Cc2ccc3ncsc3c2)c1,CLANTDDVQQOCFC-UHFFFAOYSA-N,0,antagonist,1.0,6.52
CHEMBL6149775,Cc1ccc(-n2nccn2)c(C(=O)N2CCCN2Cc2ccc3snnc3c2)c1,QTTSAVQGEXOZRJ-UHFFFAOYSA-N,0,antagonist,1.0,6.52
CHEMBL6149831,CC(C)N1CCN(c2cccc(C#N)c2NC(=O)N2CCC(C)(c3noc([C@@H]4C[C@@H]4F)n3)CC2)CC1,YSUUEUBAZXPMBL-UXHICEINSA-N,1,agonist,1.0,11.0
CHEMBL6150209,CCc1ncc(-c2cccc(C#N)c2NC(=O)N2CCC(C)(c3noc([C@@H]4C[C@@H]4F)n3)CC2)cn1,QXCGXQDVGWRYDH-MOPGFXCFSA-N,1,agonist,1.0,11.0
CHEMBL6150641,Cn1ncc(CC(=O)N(C2CCCC2)C(C(=O)NC23CC(C)(C2)C3)c2cscn2)c1-c1ccccc1,MRDNMLNPOVZTJH-UHFFFAOYSA-N,1,agonist,1.0,7.82
CHEMBL6151110,Cc1ccc(-n2nccn2)c(C(=O)N2CCCN2Cc2ccn(-c3cccc(C4CC4)n3)n2)c1,HYCLHLJMRAFUOA-UHFFFAOYSA-N,0,antagonist,1.0,9.05
CHEMBL6151333,COc1ccc(-n2nccn2)c(C(=O)N2CCCN2Cc2ccc3nc(C)sc3c2)c1,UOYLNFVHPQWASH-UHFFFAOYSA-N,0,antagonist,1.0,8.1
CHEMBL6151433,Cc1ccc(-n2nccn2)c(C(=O)N2CCCN2Cc2cnc3ccccc3n2)c1,VNOFVTCTHILPML-UHFFFAOYSA-N,0,antagonist,1.0,7.19
CHEMBL6151629,COc1ccc(F)cc1C(C(=O)NC12CC(C)(C1)C2)N(C(=O)Cc1cnn(C)c1-c1ccccc1)C1CCCC1,BTAGCQFQIQTQTJ-UHFFFAOYSA-N,1,agonist,1.0,8.77
CHEMBL6152493,Cn1ncc(CC(=O)N(C2CCCC2)C(C(=O)NC23CC(C)(C2)C3)c2ccccn2)c1-c1ccccc1,MBIQMGLJDHQCBM-UHFFFAOYSA-N,1,agonist,1.0,7.68
CHEMBL6152576,Cc1nc2ccc(CN3CC(C)CN3C(=O)c3cc(Cl)ccc3-n3nccn3)cc2s1,JYRBXZIDSLBFTL-UHFFFAOYSA-N,0,antagonist,1.0,8.92
CHEMBL6152744,Cc1ccc(-n2nccn2)c(C(=O)N2CCCN2Cc2ccn(-c3ccccc3C)n2)c1,MNFCSGNNZSSKJS-UHFFFAOYSA-N,0,antagonist,1.0,6.96
CHEMBL6152751,CC[C@H](C)[C@H]1CN(c2nc3cc(Cl)ccc3o2)CCCN1C(=O)c1cc(C)ccc1-n1nccn1,CRLKYMWQHWKXAE-FDDCHVKYSA-N,0,antagonist,1.0,7.27
CHEMBL6153177,Cn1ncc(CC(=O)N(C2CCCC2)C(C(=O)NC23CC(C)(C2)C3)c2ccccc2)c1-c1c(F)cccc1F,JQNRKUMIRSWWGG-UHFFFAOYSA-N,1,agonist,1.0,7.62
CHEMBL6160036,Cc1ccc(-n2nccn2)c(C(=O)N2CCCN2Cc2ccc3nc(C)[nH]c3c2)c1,MHYUIFKZBXVKNH-UHFFFAOYSA-N,0,antagonist,1.0,7.68
CHEMBL6160371,Cc1ccc(-n2nccn2)c(C(=O)N2CCCN2Cc2ccc3c(c2)ncn3C)c1,MCFHOYZNJZWLPH-UHFFFAOYSA-N,0,antagonist,1.0,7.0
CHEMBL6160414,Cn1ncc(CC(=O)N(C2CCCC2)[C@@H](C(=O)NC23CC(C)(C2)C3)c2ccccc2)c1-n1nccn1,PRSUFQLITBMZLQ-OMXGPXTPSA-N,1,agonist,1.0,7.72
CHEMBL6160431,Cn1ncc(CC(=O)N(C(C(=O)NC23CC(C)(C2)C3)c2cccc(F)c2)C2(C)CC2)c1-c1ccccc1,PSNBARNEOMJHQN-UHFFFAOYSA-N,1,agonist,1.0,8.62
CHEMBL6160598,Cn1ncc(CC(=O)N(C2CCCC2)C(C(=O)NC23CC(C)(C2)C3)c2ccccc2)c1-c1ncccn1,IHCSFRFHSFUKJH-UHFFFAOYSA-N,1,agonist,1.0,7.35
CHEMBL6160702,COc1ccnc(N2CCC3(CCN(Cc4cn([11CH3])c5ccccc45)C(=O)C3)CC2)n1,CGBFQHSPZVVRDP-BJUDXGSMSA-N,0,antagonist,1.0,5.85
CHEMBL6160764,Cc1ccc(-n2nccn2)c(C(=O)N2CCCN2Cc2nc3ccccc3[nH]2)c1,IZDIKFXKOXGHPG-UHFFFAOYSA-N,0,antagonist,1.0,5.15
CHEMBL6161100,Cn1ncc(CC(=O)N(C2CC2)C(C(=O)NC23CC(C)(C2)C3)c2cccc(F)c2)c1-c1ccccc1,XPZPOZCKXMRRQM-UHFFFAOYSA-N,1,agonist,1.0,7.4
CHEMBL6161980,Cc1ccc(C)c(C(C(=O)NC23CC(C)(C2)C3)N(C(=O)Cc2cnn(C)c2-c2ccccc2)C2CCCC2)c1,LQJMTVWVCMUDSL-UHFFFAOYSA-N,1,agonist,1.0,8.72
CHEMBL6162411,CO[C@H]1C[C@@H](N(C(=O)Cc2cnn(C)c2-c2ccccc2)C(C(=O)NC23CC(C)(C2)C3)c2cccc(F)c2)C1,SNUIQUZFSNNPSX-HUVHKPEDSA-N,1,agonist,1.0,7.82
CHEMBL6163591,Cc1nc2ccc(CN3CCCN3C(=O)c3c(-n4nccn4)ccc(C)c3C)cc2s1,WAXDBALKGHRNSI-UHFFFAOYSA-N,0,antagonist,1.0,9.15
CHEMBL6163714,Cc1ccc(-n2nccn2)c(C(=O)N2CCCN2Cc2cn3cc(C)ccc3n2)c1,QWVVVMLHHMZQGJ-UHFFFAOYSA-N,0,antagonist,1.0,7.32
CHEMBL6164356,Cc1ccc(-n2nccn2)c(C(=O)N2CCCN2Cc2ccc3sc(C)nc3c2)c1,IGQAFZZMKHQWEW-UHFFFAOYSA-N,0,antagonist,1.0,7.89
CHEMBL6164447,CO[C@H]1C[C@H](N(C(=O)Cc2cnn(C)c2-c2ccccc2)C(C(=O)NC23CC(C)(C2)C3)c2cccc(F)c2)C1,SNUIQUZFSNNPSX-JOEMDENHSA-N,1,agonist,1.0,8.43
CHEMBL6164465,Cc1ccc(-n2ccc(CN3CCCN3C(=O)c3cc(C)ccc3-n3nccn3)n2)cc1,PYKQMUOCXAPRFU-UHFFFAOYSA-N,0,antagonist,1.0,7.23
CHEMBL6164486,CC(C)N1CCN(c2cccc(C(F)F)c2NC(=O)N2CCC(C)(c3noc([C@@H]4C[C@@H]4F)n3)CC2)CC1,ZJOCAZZLOHQONS-MOPGFXCFSA-N,1,agonist,1.0,11.0
CHEMBL6164783,COC(C)(C)CN(C(=O)Cc1cnn(C)c1-c1ccccc1)C(C(=O)NC12CC(C)(C1)C2)c1cccc(F)c1,ZNUPKDRCUUGFKI-UHFFFAOYSA-N,1,agonist,1.0,7.68
CHEMBL6164828,Cc1ccccc1C(C(=O)NC12CC(C)(C1)C2)N(C(=O)Cc1cnn(C)c1-c1ccccc1)C1CCCC1,HHHSLUFRMXMBKO-UHFFFAOYSA-N,1,agonist,1.0,9.0
CHEMBL6164879,Cc1nsc(CC(=O)N(C2CCCC2)[C@@H](C(=O)NC23CC(C)(C2)C3)c2ccccc2)c1-c1ccccc1,DMGQXFWNTFQOPZ-WHIWCKBPSA-N,1,agonist,1.0,9.52
CHEMBL6164954,Cn1ncc(CC(=O)N(C2CCCC2)[C@@H](C(=O)NC23CC(C)(C2)C3)c2ccccc2)c1-c1cccnc1,IMQHQARXDJNGSR-WWUHRCHBSA-N,1,agonist,1.0,7.46
CHEMBL6165886,Cc1ccc(-n2nccn2)c(C(=O)N2CCCN2Cc2ccn(-c3ccccn3)n2)c1,FVDWZMVGINUWHO-UHFFFAOYSA-N,0,antagonist,1.0,7.96
CHEMBL6166134,Cc1ccc(-n2nccn2)c(C(=O)N2CCCN(c3nc4cc(Cl)ccc4o3)C[C@@H]2C)c1,WSFZJZALHUICKW-INIZCTEOSA-N,0,antagonist,1.0,8.355
CHEMBL6166532,Cn1ncc(CC(=O)N(C2CCCC2)C(C(=O)NC23CC(C)(C2)C3)c2ccccc2C#N)c1-c1ccccc1,ISVXEIVAJNFOAK-UHFFFAOYSA-N,1,agonist,1.0,8.12
CHEMBL6166717,Cn1ncc(CC(=O)N(C2CCCC2)C(C(=O)NC23CC(C)(C2)C3)c2ccccc2)c1-c1coc(C2CC2)n1,DEEOIPUVSAFNFJ-UHFFFAOYSA-N,1,agonist,1.0,7.92
CHEMBL6167065,Cn1ncc(CC(=O)N(C(C(=O)NC23CC(C)(C2)C3)c2cccc(F)c2)C(C)(C)C)c1-c1ccccc1,SPRDMKRZQDWIFS-UHFFFAOYSA-N,1,agonist,1.0,8.05
CHEMBL6167369,Cn1ncc(CC(=O)N(C2CCCC2)C(C(=O)NC23CC(C)(C2)C3)c2cnccn2)c1-c1ccccc1,FGCWUSILKCIKMY-UHFFFAOYSA-N,1,agonist,1.0,7.18
CHEMBL6167627,Cc1nc2ccc(CN3C[C@H](C)CN3C(=O)c3cc(Cl)ccc3-n3nccn3)cc2s1,JYRBXZIDSLBFTL-AWEZNQCLSA-N,0,antagonist,1.0,7.62
CHEMBL6167673,CCc1cccc(-n2ccc(CN3CCCN3C(=O)c3cc(C)ccc3-n3nccn3)n2)n1,OZHAXYDBUUPZOG-UHFFFAOYSA-N,0,antagonist,1.0,8.89
CHEMBL6168246,Cn1nnc(-c2c(CC(=O)N(C3CCCC3)C(C(=O)NC34CC(C)(C3)C4)c3ccccc3)cnn2C)n1,GCJVWOKTKPETFI-UHFFFAOYSA-N,1,agonist,1.0,7.82
CHEMBL6168505,Cc1ccc(-n2nccn2)c(C(=O)N2CCCN2Cc2ccn(-c3cccc(C)n3)n2)c1,QUGVEUUHHSDXNR-UHFFFAOYSA-N,0,antagonist,1.0,8.41
CHEMBL6168640,Cn1nnc(-c2oncc2CC(=O)N(C2CC3(CC3)C2)[C@@H](C(=O)NC23CC(C)(C2)C3)c2cc(F)ccc2F)n1,YZRHQNXMUZBFOG-KYDWWNIQSA-N,1,agonist,1.0,8.6
CHEMBL6168906,Cn1ncc(CC(=O)N(C2CC3(CC3)C2)C(C(=O)NC23CC(C)(C2)C3)c2cccc(F)c2)c1-c1ccccc1,ADCRPASRTJKBFF-UHFFFAOYSA-N,1,agonist,1.0,9.1
CHEMBL6169688,CC(C)N(C(=O)Cc1cnn(C)c1-c1ccccc1)[C@@H](c1cn(C23CC(C)(C2)C3)nn1)c1cc(F)ccc1F,DEOSSVFBJKDTJX-AYMNYOFFSA-N,1,agonist,1.0,7.96
CHEMBL6170101,Cc1ccc(-n2nccn2)c(C(=O)N2CCCN2Cc2ccc3nc(C)sc3c2)c1,PEHUFHHZPWTSRG-UHFFFAOYSA-N,0,antagonist,1.0,8.7
CHEMBL6170302,Cc1nc2ccc(CN3CCC(C)N3C(=O)c3cc(Cl)ccc3-n3nccn3)cc2s1,GCWAKZRLBIHODG-UHFFFAOYSA-N,0,antagonist,1.0,6.65
CHEMBL6170458,CC1(c2noc([C@@H]3C[C@@H]3F)n2)CCN(C(=O)Nc2c(C#N)cccc2-c2ccc(C3CC3)nc2)CC1,KVBHCWUASWKQAI-RTWAWAEBSA-N,1,agonist,1.0,11.0
CHEMBL6170618,O=C(NC1CCCCC1)[C@@H](c1ccccc1)N(C[C@H]1CCCO1)C(=O)Cn1cncc1-c1ccccc1,JWOAUYVRSFRKNE-GGXMVOPNSA-N,1,agonist,1.0,6.53
CHEMBL6170683,CC12CC(NC(=O)[C@@H](c3ccccc3)N(C(=O)Cc3cnn(C(F)F)c3-c3ccccc3)C3CCCC3)(C1)C2,UHARBNSQZXQJIG-MRAVXTPNSA-N,1,agonist,1.0,8.0
CHEMBL6170769,Cn1ncc(CC(=O)N(C2CCCC2)C(C(=O)NC23CC(C)(C2)C3)c2cc(F)ccc2F)c1-c1ccccc1,IHJVXTQHQKSHQF-UHFFFAOYSA-N,1,agonist,1.0,9.7
CHEMBL6170848,Cc1ccc(-n2nccn2)c(C(=O)N2CCCN2Cc2nc3c(Cl)cccc3o2)c1,GDMUTBOGZHACKK-UHFFFAOYSA-N,0,antagonist,1.0,8.18
CHEMBL6171043,Cn1ncc(CC(=O)N(C(C(=O)NC23CC(C)(C2)C3)c2cccc(F)c2)C2(C)CCC2)c1-c1ccccc1,IKTVOFSWPPTDHQ-UHFFFAOYSA-N,1,agonist,1.0,9.0
CHEMBL6171124,CC12CC(NC(=O)[C@@H](c3ccccc3)N(C(=O)Cn3cnc(Cl)c3-c3ccccc3)C3CCCC3)(C1)C2,VVVTWEQEJVIGDC-YTJKGUGLSA-N,1,agonist,1.0,8.52
CHEMBL6171162,Cc1ccc(F)cc1C(C(=O)NC12CC(C)(C1)C2)N(C(=O)Cc1cnn(C)c1-c1ccccc1)C1CCCC1,QMPPDQYWCBLARH-UHFFFAOYSA-N,1,agonist,1.0,9.52
CHEMBL6171547,Cc1ccc(-n2nccn2)c(C(=O)N2CCCN2Cc2nc3cc(C)c(C)cc3[nH]2)c1,ICZLJFPZISGSCI-UHFFFAOYSA-N,0,antagonist,1.0,9.05
CHEMBL6171725,Cn1ncc(CC(=O)N(C[C@H]2CCCO2)C(C(=O)NC23CC(C)(C2)C3)c2cccc(F)c2)c1-c1ccccc1,BVBMIJOXTYCXSG-CMWXRPLHSA-N,1,agonist,1.0,8.47
CHEMBL6171740,Cc1nc2ccc(CN3CCCN3C(=O)c3ccccc3-c3ncccn3)cc2s1,SDOWCYJJUPJFRS-UHFFFAOYSA-N,0,antagonist,1.0,7.47
CHEMBL6171833,Cc1nc2ccc(CN3C(C)CCN3C(=O)c3cc(Cl)ccc3-n3nccn3)cc2s1,QXMGSPFQYPFZOH-UHFFFAOYSA-N,0,antagonist,1.0,7.96
CHEMBL6171945,CC(C)N(C(=O)Cc1cnn(C)c1-c1ccccc1)[C@@H](C(=O)NC12CC(C)(C1)C2)c1cc(F)ccc1F,OOFUSRCQQYUYMT-CSJMBUEXSA-N,1,agonist,1.0,8.6
CHEMBL6172205,Cn1ncc(CC(=O)N(C2CCCC2)C(C(=O)NC23CC(C)(C2)C3)c2ccccc2)c1-c1ccccn1,YNIAUKXWZLWGCV-UHFFFAOYSA-N,1,agonist,1.0,7.19
CHEMBL6172287,Cc1ncn(CC(=O)N(C2CCCC2)[C@@H](C(=O)NC23CC(C)(C2)C3)c2ccccc2)c1-c1ccccc1,RVRYWHWMONLUNF-WHIWCKBPSA-N,1,agonist,1.0,8.52
CHEMBL6172460,COc1cc2nc(CN3CCCN3C(=O)c3cc(C)ccc3-n3nccn3)[nH]c2cc1Cl,DQSBKYYHPPSULB-UHFFFAOYSA-N,0,antagonist,1.0,9.1
CHEMBL6172584,Cc1nc2ccc(CN3CCCN3C(=O)c3cc(F)ccc3-n3nccn3)cc2s1,JSFQHRPUQZKVEN-UHFFFAOYSA-N,0,antagonist,1.0,8.13
CHEMBL6172750,Cc1nc2ccc(CN3CCCN3C(=O)c3ccccc3-n3nccn3)cc2s1,SWJBFNAWLRQCDP-UHFFFAOYSA-N,0,antagonist,1.0,8.0
CHEMBL6172835,Cc1ccc(-n2nccn2)c(C(=O)N2CCCN2Cc2ccn(C3CCCCC3)n2)c1,KXPHIXYEJAQFQN-UHFFFAOYSA-N,0,antagonist,1.0,7.38
CHEMBL6173491,Cn1nnc(-c2c(CC(=O)N(C3CC4(CC4)C3)[C@@H](C(=O)NC34CC(C)(C3)C4)c3ccccc3Cl)cnn2C)n1,VISPMBIEPDUAHZ-JJKUMZFKSA-N,1,agonist,1.0,9.4
CHEMBL6173512,COc1cccc(-c2c(CC(=O)N(C3CCCC3)C(C(=O)NC34CC(C)(C3)C4)c3ccccc3)cnn2C)c1F,ONCKQUBOVIPKFS-UHFFFAOYSA-N,1,agonist,1.0,9.7
CHEMBL6173843,Cc1ccc(F)c(C(C(=O)NC23CC(C)(C2)C3)N(C(=O)Cc2cnn(C)c2-c2ccccc2)C2CCCC2)c1,JDTJTQCSWMJHNF-UHFFFAOYSA-N,1,agonist,1.0,8.57
CHEMBL6174165,COc1cccc(-c2c(CC(=O)N(C3CCCC3)C(C(=O)NC34CC(C)(C3)C4)c3ccccc3)cnn2C)c1,DJZRDKBRTCDKMO-UHFFFAOYSA-N,1,agonist,1.0,9.1
CHEMBL6174189,Cn1ncc(CC(=O)N(C2CCC2)C(C(=O)NC23CC(C)(C2)C3)c2cccc(F)c2)c1-c1ccccc1,LUAHBRXGHLTXQU-UHFFFAOYSA-N,1,agonist,1.0,8.15
CHEMBL6174780,Cc1ccc(-n2nccn2)c(C(=O)N2CCCN2Cc2ccc3nc(C)oc3c2)c1,ATHNNHFRBNSXFT-UHFFFAOYSA-N,0,antagonist,1.0,8.0
CHEMBL6174884,Cn1ncc(CC(=O)N(C2CCCC2)[C@@H](C(=O)NC23CC(C)(C2)C3)c2ccccc2)c1N1CCCCC1,VNVNCDTZKWFBAV-YTJKGUGLSA-N,1,agonist,1.0,7.5
CHEMBL6174949,Cn1ncc(CC(=O)N(C2CCCC2)[C@@H](C(=O)NC23CC(C)(C2)C3)c2ccccc2)c1-c1ccccc1,GAHNIRRCPXPLCL-WHIWCKBPSA-N,1,agonist,1.0,9.0
CHEMBL6174954,O=C(NC1CCCCC1)[C@@H](c1ccccc1)N(C[C@H]1CCCO1)C(=O)Cn1cnc2ccccc21,FAGSRMKAOASCPA-YIXXDRMTSA-N,1,agonist,1.0,5.95
CHEMBL6174990,CC(C)CN(C(=O)Cc1cnn(C)c1-c1ccccc1)C(C(=O)NC12CC(C)(C1)C2)c1cccc(F)c1,FVCARQZZOMGCHW-UHFFFAOYSA-N,1,agonist,1.0,8.15
CHEMBL6175046,Cc1nc2ccc(CN3CCCN3C(=O)c3cc(Cl)ccc3-n3nccn3)cc2s1,ALSUHNRRMDFCPI-UHFFFAOYSA-N,0,antagonist,1.0,9.033393743112327
CHEMBL6175295,O=C(NC1CCCCC1)C(c1ccccc1)N(CC1CCCO1)C(=O)Cn1cnc2ccccc21,FAGSRMKAOASCPA-UHFFFAOYSA-N,1,agonist,1.0,5.61
CHEMBL6175314,Cn1ncc(CC(=O)N(C(C(=O)NC23CC(C)(C2)C3)c2cccc(F)c2)C23CC(C)(C2)C3)c1-c1ccccc1,CSVVTLMZLPZEPM-UHFFFAOYSA-N,1,agonist,1.0,9.0
CHEMBL6175732,COc1ccc(C)cc1C(C(=O)NC12CC(C)(C1)C2)N(C(=O)Cc1cnn(C)c1-c1ccccc1)C1CCCC1,IPTSSARHBFJHMB-UHFFFAOYSA-N,1,agonist,1.0,8.46
CHEMBL6175763,CC(C)N(C(=O)Cc1cnn(C)c1-c1ccccc1)C(C(=O)NC12CC(C)(C1)C2)c1cccc(F)c1,ONDYNGJSVWKVPZ-UHFFFAOYSA-N,1,agonist,1.0,7.66
CHEMBL6175965,COC12CC(N(C(=O)Cc3cnn(C)c3-c3ccccc3)C(C(=O)NC34CC(C)(C3)C4)c3cccc(F)c3)(C1)C2,XRSCQBHDIBLSHI-UHFFFAOYSA-N,1,agonist,1.0,8.57
CHEMBL6176030,Cn1ncc(CC(=O)N(C2CCCC2)C(C(=O)NC23CC(C)(C2)C3)c2ccccc2)c1C1CCC1,KKJBXPAAVFHMKL-UHFFFAOYSA-N,1,agonist,1.0,8.05
CHEMBL6176064,Cn1ccc(-c2c(CC(=O)N(C3CCCC3)C(C(=O)NC34CC(C)(C3)C4)c3ccccc3)cnn2C)n1,NRNMCXRFDYQWFT-UHFFFAOYSA-N,1,agonist,1.0,7.51
CHEMBL6176391,Cn1ncc(CC(=O)N(C2CCCC2)C(C(=O)NC23CC(C)(C2)C3)c2ccccc2Cl)c1-c1ccccc1,BUSJTROTAGACIM-UHFFFAOYSA-N,1,agonist,1.0,9.0
CHEMBL6176706,CC12CC(NC(=O)[C@@H](c3ccccc3)N(C(=O)Cc3cnoc3-c3ccccc3)C3CCCC3)(C1)C2,WCIJDSGTZUIZDE-YTJKGUGLSA-N,1,agonist,1.0,7.58
CHEMBL6176942,Cn1ncc(CC(=O)N(C2CCCC2)C(C(=O)NC23CC(C)(C2)C3)c2ccccc2)c1-c1ccc(F)cc1F,XJQMZQFICFWCNG-UHFFFAOYSA-N,1,agonist,1.0,7.82
CHEMBL6177005,Cn1ncc(CC(=O)N(C2CCCC2)[C@@H](C(=O)NC23CC(C)(C2)C3)c2cccc(F)c2)c1-c1ccccc1,QALYAVBQOZWXJM-WHIWCKBPSA-N,1,agonist,1.0,8.48
CHEMBL6177048,Cc1ncn(CC(=O)N(C[C@H]2CCCO2)[C@@H](C(=O)NC2CCCCC2)c2ccccc2)c1-c1ccccc1,FEFUPMUMURYKBP-POURPWNDSA-N,1,agonist,1.0,7.72
CHEMBL6177175,Cn1ncc(CC(=O)N(C2CCCC2)C(C(=O)NC23CC(C)(C2)C3)c2cc(F)ncc2F)c1-c1ccccc1,XJSHPRUBDYVRJD-UHFFFAOYSA-N,1,agonist,1.0,7.89
CHEMBL6177443,Cn1ncc(CC(=O)N(CC2(O)CC2)C(C(=O)NC23CC(C)(C2)C3)c2cccc(F)c2)c1-c1ccccc1,APSDSIOSQYFJMN-UHFFFAOYSA-N,1,agonist,1.0,7.64
CHEMBL6195025,CCN(C(=O)c1cccc(F)c1-c1ncccn1)[C@@H](C)CNc1ncc(C(F)(F)F)cn1,MMHYOHYLSFWJJB-ZDUSSCGKSA-N,0,antagonist,1.0,7.025
CHEMBL6195027,CN(CC(C)(C)Nc1ncc(C(F)(F)F)cn1)C(=O)c1cccc(F)c1-n1nccn1,ODQDVAHMMNFXKP-UHFFFAOYSA-N,0,antagonist,1.0,5.045
